[20240124_13:17:16_346] # [T66240][APAVisionOblAdd][1323]Vision Obl merge: 62
[20240124_13:17:16_346] # [T66240][APAVisionOblAdd][1326]Receive Vision Obl CrossPointCoord: 0: -8021, 16219; 1: -3232, 16360
[20240124_13:17:16_347] # [T66240][APAVisionOblInfoDebugPrint][118]VisionOblInfo:
[20240124_13:17:16_347] # [T66241][APAVisionOblInfoDebugPrint][119]OblType: 0, bIsMerge 0, DetectCount 84
[20240124_13:17:16_347] # [T66241][APAVisionOblInfoDebugPrint][122]CrossPointCoord: 0: -8039, 16235; 1: -3239, 16388
[20240124_13:17:16_347] # [T66242][APAVisionOblInfoDebugPrint][125]OriginCrossPointCoord: 0: 8062, 3494; 1: 3274, 3661
[20240124_13:17:16_348] # [T66242][APAVisionOblInfoDebugPrint][126]VehCoordAndAng: 21, 12681, ang -0.005(-0.313)
[20240124_13:17:16_348] # [T66243][APAVisionOblInfoDebugPrint][127] 
[20240124_13:17:16_348] # [T66243][APAVisionOblAdd][1323]Visin Obl merge: 63
[20240124_13:17:16_348] # [T66243][APAVisionOblAdd][1326]Receive Vision Obl CrossPointCoord: 0: 2534, 16424; 1: 7565, 16660
[20240124_13:17:16_348] # [T66244][APAVisionOblInfoDebugPrint][118]VisionOblInfo:
[20240124_13:17:16_348] # [T66244][APAVisionOblInfoDebugPrint][119]OblType: 0, bIsMerge 0, DetectCount 79
[20240124_13:17:16_348] # [T66244][APAVisionOblInfoDebugPrint][122]CrossPointCoord: 0: 2544, 16445; 1: 7562, 16676
[20240124_13:17:16_349] # [T66245][APAVisionOblInfoDebugPrint][125]OriginCrossPointCoord: 0: -2493, 3757; 1: -7523, 4020
[20240124_13:17:16_349] # [T66245][APAVisionOblInfoDebugPrint][126]VehCoordAndAng: 21, 12681, ang -0.005(-0.313)
[20240124_13:17:16_349] # [T66246][APAVisionOblInfoDebugPrint][127] 
[20240124_13:17:16_349] # [T66246][VisionSlotAddValidCheck][893]Vision slot Length: 2231,2231, Depth 4790,4790
[20240124_13:17:16_349] # [T66247][VisionSlotAdd][1521]Added Vision Slot[0][3] Num 4 OriCoord: 0: 3274, 3661; 1: 8062, 3494; 2: 7984, 1264; 3: 3196, 1431
[20240124_13:17:16_349] # [T66247][VisionSlotAdd][1522]VehCoordAndAngle: 21, 12681, ang -0.005 (-0.313)
[20240124_13:17:16_350] # [T66248][VisionSlotAdd][1523]Current VehPos: 21, 12681, ang -0.005 (-0.313)
[20240124_13:17:16_350] # [T66248][VisionSlotAdd][1528]Convert Vision Slot[0][3] Coord: 0: -3232, 16360; 1: -8021, 16219; 2: -7955, 13989; 3: -3167, 14130
[20240124_13:17:16_350] # [T66249][VisionSlotAdd][1533]Old Vision Slot[0][3] Coord: 0: -3234, 16370; 1: -8037, 16226; 2: -7970, 13990; 3: -3167, 14133
[20240124_13:17:16_350] # [T66250][VisionSlotAddSlotWeightCal][1014]u32Weight: 9, CentreY: 2546.000, DisY: 1258.000, SlotAng: -1.998
[20240124_13:17:16_350] # [T66250][VisionSlotAdd][1576]New Vision Slot[0][3] Coord: 0: -3234, 16369; 1: -8037, 16226; 2: -7970, 13990; 3: -3167, 14133
[20240124_13:17:16_350] # [T66251][VisionSlotAdd][1600]vision slot [0][3], u32Weight: 9, Sum: 599, SlotAng: -178.292, CurSlotAng: -178.316
[20240124_13:17:16_351] # [T66252][VisionSlotAddValidCheck][893]Vision slot Length: 2384,2383, Depth 5036,5035
[20240124_13:17:16_352] # [T66252][VisionSlotAdd][1521]Added Vision Slot[1][1] Num 2 OriCoord: 0: -2493, 3757; 1: -7523, 4020; 2: -7647, 1640; 3: -2618, 1376
[20240124_13:17:16_353] # [T66253][VisionSlotAdd][1522]VehCoordAndAngle: 21, 12681, ang -0.005 (-0.313)
[20240124_13:17:16_353] # [T66253][VisionSlotAdd][1523]Current VehPos: 21, 12681, ang -0.005 (-0.313)
[20240124_13:17:16_354] # [T66254][VisionSlotAdd][1528]Convert Vision Slot[1][1] Coord: 0: 2534, 16424; 1: 7565, 16660; 2: 7676, 14279; 3: 2646, 14043
[20240124_13:17:16_354] # [T66254][VisionSlotAdd][1533]Old Vision Slot[1][1] Coord: 0: 2555, 16439; 1: 7584, 16664; 2: 7691, 14276; 3: 2662, 14051
[20240124_13:17:16_354] # [T66255][VisionSlotAddSlotWeightCal][1014]u32Weight: 9, CentreY: 2566.500, DisY: 1278.500, SlotAng: 177.001
[20240124_13:17:16_354] # [T66256][VisionSlotAdd][1576]New Vision Slot[1][1] Coord: 0: 2555, 16439; 1: 7584, 16664; 2: 7690, 14276; 3: 2662, 14051
[20240124_13:17:16_355] # [T66256][VisionSlotAdd][1600]vision slot [1][1], u32Weight: 9, Sum: 578, SlotAng: 2.559, CurSlotAng: 2.686
[20240124_13:17:16_355] # [T66324][VisionSlotAddValidCheck][893]Vision slot Length: 2239,2239, Depth 4839,4838
[20240124_13:17:16_355] # [T66324][VisionSlotAdd][1521]Added Vision Slot[0][3] Num 4 OriCoord: 0: 3279, 3660; 1: 8116, 3491; 2: 8037, 1253; 3: 3201, 1422
[20240124_13:17:16_355] # [T66325][VisionSlotAdd][1522]VehCoordAndAngle: 21, 12681, ang -0.005 (-0.313)
[20240124_13:17:16_356] # [T66325][VisionSlotAdd][1523]Current VehPos: 21, 12681, ang -0.005 (-0.313)
[20240124_13:17:16_357] # [T66325][VisionSlotAdd][1528]Convert Vision Slot[0][3] Coord: 0: -3237, 16359; 1: -8075, 16216; 2: -8008, 13978; 3: -3172, 14121
[20240124_13:17:16_357] # [T66326][VisionSlotAdd][1533]Old Vision Slot[0][3] Coord: 0: -3234, 16369; 1: -8037, 16226; 2: -7970, 13990; 3: -3167, 14133
[20240124_13:17:16_358] # [T66327][VisionSlotAddSlotWeightCal][1014]u32Weight: 9, CentreY: 2541.000, DisY: 1253.000, SlotAng: -2.001
[20240124_13:17:16_358] # [T66327][VisionSlotAdd][1576]New Vision Slot[0][3] Coord: 0: -3234, 16369; 1: -8037, 16226; 2: -7971, 13990; 3: -3167, 14133
[20240124_13:17:16_358] # [T66328][VisionSlotAdd][1600]vision slot [0][3], u32Weight: 9, Sum: 608, SlotAng: -178.292, CurSlotAng: -178.312
[20240124_13:17:16_358] # [T66329][VisionSlotAddValidCheck][893]Vision slot Length: 2409,2410, Depth 5112,5112
[20240124_13:17:16_358] # [T66329][VisionSlotAdd][1521]Added Vision Slot[1][1] Num 2 OriCoord: 0: -2523, 3823; 1: -7632, 4002; 2: -7716, 1593; 3: -2607, 1415
[20240124_13:17:16_359] # [T66330][VisionSlotAdd][1522]VehCoordAndAngle: 21, 12681, ang -0.005 (-0.313)
[20240124_13:17:16_359] # [T66330][VisionSlotAdd][1523]Current VehPos: 21, 12681, ang -0.005 (-0.313)
[20240124_13:17:16_359] # [T66331][VisionSlotAdd][1528]Convert Vision Slot[1][1] Coord: 0: 2564, 16490; 1: 7674, 16641; 2: 7745, 14232; 3: 2635, 14082
[20240124_13:17:16_359] # [T66331][VisionSlotAdd][1533]Old Vision Slot[1][1] Coord: 0: 2555, 16439; 1: 7584, 16664; 2: 7690, 14276; 3: 2662, 14051
[20240124_13:17:16_359] # [T66332][VisionSlotAddSlotWeightCal][1014]u32Weight: 8, CentreY: 2619.000, DisY: 1331.000, SlotAng: 177.999
[20240124_13:17:16_360] # [T66333][VisionSlotAdd][1576]New Vision Slot[1][1] Coord: 0: 2555, 16440; 1: 7585, 16663; 2: 7691, 14275; 3: 2661, 14052
[20240124_13:17:16_360] # [T66333][VisionSlotAdd][1600]vision slot [1][1], u32Weight: 8, Sum: 586, SlotAng: 2.546, CurSlotAng: 1.688
[20240124_13:17:16_360] # [T66334][APAVisionOblAdd][1323]Vision Obl merge: 62
[20240124_13:17:16_360] # [T66334][APAVisionOblAdd][1326]Receive Vision Obl CrossPointCoord: 0: -8075, 16216; 1: -3237, 16359
[20240124_13:17:16_360] # [T66335][APAVisionOblInfoDebugPrint][118]VisionOblInfo:
[20240124_13:17:16_361] # [T66335][APAVisionOblInfoDebugPrint][119]OblType: 0, bIsMerge 0, DetectCount 85
[20240124_13:17:16_361] # [T66336][APAVisionOblInfoDebugPrint][122]CrossPointCoord: 0: -8039, 16235; 1: -3239, 16388
[20240124_13:17:16_361] # [T66336][APAVisionOblInfoDebugPrint][125]OriginCrossPointCoord: 0: 8116, 3491; 1: 3279, 3660
[20240124_13:17:16_361] # [T66337][APAVisionOblInfoDebugPrint][126]VehCoordAndAng: 21, 12681, ang -0.005(-0.313)
[20240124_13:17:16_361] # [T66337][APAVisionOblInfoDebugPrint][127] 
[20240124_13:17:16_361] # [T66338][APAVisionOblAdd][1323]Vision Obl merge: 63
[20240124_13:17:16_361] # [T66338][APAVisionOblAdd][1326]Receive Vision Obl CrossPointCoord: 0: 2564, 16490; 1: 7674, 16641
[20240124_13:17:16_362] # [T66338][APAVisionOblInfoDebugPrint][118]VisionOblInfo:
[20240124_13:17:16_362] # [T66339][APAVisionOblInfoDebugPrint][119]OblType: 0, bIsMerge 0, DetectCount 80
[20240124_13:17:16_362] # [T66339][APAVisionOblInfoDebugPrint][122]CrossPointCoord: 0: 2545, 16446; 1: 7564, 16676
[20240124_13:17:16_362] # [T66340][APAVisionOblInfoDebugPrint][125]OriginCrossPointCoord: 0: -2523, 3823; 1: -7632, 4002
[20240124_13:17:16_362] # [T66340][APAVisionOblInfoDebugPrint][126]VehCoordAndAng: 21, 12681, ang -0.005(-0.313)
[20240124_13:17:16_362] # [T66341][APAVisionOblInfoDebugPrint][127] 
[20240124_13:17:16_362] # [T66405][APAVisionOblAdd][1323]Vision Obl merge: 62
[20240124_13:17:16_363] # [T66405][APAVisionOblAdd][1326]Receive Vision Obl CrossPointCoord: 0: -8027, 16212; 1: -3232, 16353
[20240124_13:17:16_363] # [T66405][APAVisionOblInfoDebugPrint][118]VisionOblInfo:
[20240124_13:17:16_363] # [T66406][APAVisionOblInfoDebugPrint][119]OblType: 0, bIsMerge 0, DetectCount 86
[20240124_13:17:16_363] # [T66406][APAVisionOblInfoDebugPrint][122]CrossPointCoord: 0: -8039, 16235; 1: -3239, 16388
[20240124_13:17:16_363] # [T66407][APAVisionOblInfoDebugPrint][125]OriginCrossPointCoord: 0: 8068, 3487; 1: 3274, 3654
[20240124_13:17:16_363] # [T66407][APAVisionOblInfoDebugPrint][126]VehCoordAndAng: 21, 12681, ang -0.005(-0.313)
[20240124_13:17:16_364] # [T66408][APAVisionOblInfoDebugPrint][127] 
[20240124_13:17:16_365] # [T66408][APAVisionOblAdd][1323]Vision Obl merge: 63
[20240124_13:17:16_365] # [T66408][APAVisionOblAdd][1326]Receive Vision Obl CrossPointCoord: 0: 2527, 16422; 1: 7602, 16661
[20240124_13:17:16_365] # [T66409][APAVisionOblInfoDebugPrint][118]VisionOblInfo:
[20240124_13:17:16_365] # [T66409][APAVisionOblInfoDebugPrint][119]OblType: 0, bIsMerge 0, DetectCount 81
[20240124_13:17:16_366] # [T66409][APAVisionOblInfoDebugPrint][122]CrossPointCoord: 0: 2544, 16446; 1: 7564, 16676
[20240124_13:17:16_366] # [T66410][APAVisionOblInfoDebugPrint][125]OriginCrossPointCoord: 0: -2486, 3755; 1: -7560, 4021
[20240124_13:17:16_366] # [T66411][APAVisionOblInfoDebugPrint][126]VehCoordAndAng: 21, 12681, ang -0.005(-0.313)
[20240124_13:17:16_366] # [T66411][APAVisionOblInfoDebugPrint][127] 
[20240124_13:17:16_366] # [T66411][VisionSlotAddValidCheck][893]Vision slot Length: 2231,2231, Depth 4796,4796
[20240124_13:17:16_366] # [T66412][VisionSlotAdd][1521]Added Vision Slot[0][3] Num 4 OriCoord: 0: 3274, 3654; 1: 8068, 3487; 2: 7990, 1257; 3: 3196, 1424
[20240124_13:17:16_367] # [T66412][VisionSlotAdd][1522]VehCoordAndAngle: 21, 12681, ang -0.005 (-0.313)
[20240124_13:17:16_367] # [T66413][VisionSlotAdd][1523]Current VehPos: 21, 12681, ang -0.005 (-0.313)
[20240124_13:17:16_367] # [T66413][VisionSlotAdd][1528]Convert Vision Slot[0][3] Coord: 0: -3232, 16353; 1: -8027, 16212; 2: -7961, 13982; 3: -3167, 14123
[20240124_13:17:16_368] # [T66414][VisionSlotAdd][1533]Old Vision Slot[0][3] Coord: 0: -3234, 16369; 1: -8037, 16226; 2: -7971, 13990; 3: -3167, 14133
[20240124_13:17:16_368] # [T66415][VisionSlotAddSlotWeightCal][1014]u32Weight: 9, CentreY: 2539.000, DisY: 1251.000, SlotAng: -1.995
[20240124_13:17:16_368] # [T66415][VisionSlotAdd][1576]New Vision Slot[0][3] Coord: 0: -3234, 16369; 1: -8037, 16226; 2: -7970, 13990; 3: -3167, 14133
[20240124_13:17:16_368] # [T66416][VisionSlotAdd][1600]vision slot [0][3], u32Weight: 9, Sum: 617, SlotAng: -178.293, CurSlotAng: -178.318
[20240124_13:17:16_368] # [T66417][VisionSlotAddValidCheck][893]Vision slot Length: 2388,2388, Depth 5080,5080
[20240124_13:17:16_369] # [T66417][VisionSlotAdd][1521]Added Vision Slot[1][1] Num 2 OriCoord: 0: -2486, 3755; 1: -7560, 4021; 2: -7685, 1636; 3: -2611, 1370
[20240124_13:17:16_369] # [T66418][VisionSlotAdd][1522]VehCoordAndAngle: 21, 12681, ang -0.005 (-0.313)
[20240124_13:17:16_369] # [T66418][VisionSlotAdd][1523]Current VehPos: 21, 12681, ang -0.005 (-0.313)
[20240124_13:17:16_369] # [T66419][VisionSlotAdd][1528]Convert Vision Slot[1][1] Coord: 0: 2527, 16422; 1: 7602, 16661; 2: 7714, 14275; 3: 2639, 14037
[20240124_13:17:16_369] # [T66419][VisionSlotAdd][1533]Old Vision Slot[1][1] Coord: 0: 2555, 16440; 1: 7585, 16663; 2: 7691, 14275; 3: 2661, 14052
[20240124_13:17:16_370] # [T66420][VisionSlotAddSlotWeightCal][1014]u32Weight: 9, CentreY: 2562.500, DisY: 1274.500, SlotAng: 176.999
[20240124_13:17:16_370] # [T66421][VisionSlotAdd][1576]New Vision Slot[1][1] Coord: 0: 2555, 16439; 1: 7585, 16663; 2: 7692, 14275; 3: 2661, 14051
[20240124_13:17:16_370] # [T66421][VisionSlotAdd][1600]vision slot [1][1], u32Weight: 9, Sum: 595, SlotAng: 2.549, CurSlotAng: 2.688
[20240124_13:17:16_370] #   66445-task_radar-118: RadarCaptureCnt is 330 
[20240124_13:17:16_370] # 
[20240124_13:17:16_370] # [T66484][VisionSlotAddValidCheck][893]Vision slot Length: 2231,2231, Depth 4796,4796
[20240124_13:17:16_370] # [T66484][VisionSlotAdd][1521]Added Vision Slot[0][3] Num 4 OriCoord: 0: 3271, 3659; 1: 8065, 3491; 2: 7987, 1261; 3: 3193, 1429
[20240124_13:17:16_371] # [T66485][VisionSlotAdd][1522]VehCoordAndAngle: 21, 12681, ang -0.005 (-0.313)
[20240124_13:17:16_371] # [T66485][VisionSlotAdd][1523]Current VehPos: 21, 12681, ang -0.005 (-0.313)
[20240124_13:17:16_371] # [T66485][VisionSlotAdd][1528]Convert Vision Slot[0][3] Coord: 0: -3229, 16358; 1: -8024, 16216; 2: -7958, 13986; 3: -3164, 14128
[20240124_13:17:16_371] # [T66486][VisionSlotAdd][1533]Old Vision Slot[0][3] Coord: 0: -3234, 16369; 1: -8037, 16226; 2: -7970, 13990; 3: -3167, 14133
[20240124_13:17:16_371] # [T66487][VisionSlotAddSlotWeightCal][1014]u32Weight: 9, CentreY: 2544.000, DisY: 1256.000, SlotAng: -2.007
[20240124_13:17:16_372] # [T66487][VisionSlotAdd][1576]New Vision Slot[0][3] Coord: 0: -3234, 16369; 1: -8037, 16226; 2: -7970, 13990; 3: -3167, 14133
[20240124_13:17:16_372] # [T66488][VisionSlotAdd][1600]vision slot [0][3], u32Weight: 9, Sum: 626, SlotAng: -178.293, CurSlotAng: -178.306
[20240124_13:17:16_372] # [T66489][VisionSlotAddValidCheck][893]Vision slot Length: 2401,2401, Depth 5043,5043
[20240124_13:17:16_373] # [T66489][VisionSlotAdd][1521]Added Vision Slot[1][1] Num 2 OriCoord: 0: -2480, 3764; 1: -7517, 4028; 2: -7643, 1630; 3: -2606, 1366
[20240124_13:17:16_374] # [T66490][VisionSlotAdd][1522]VehCoordAndAngle: 21, 12681, ang -0.005 (-0.313)
[20240124_13:17:16_374] # [T66490][VisionSlotAdd][1523]Current VehPos: 21, 12681, ang -0.005 (-0.313)
[20240124_13:17:16_374] # [T66491][VisionSlotAdd][1528]Convert Vision Slot[1][1] Coord: 0: 2521, 16431; 1: 7560, 16668; 2: 7672, 14269; 3: 2634, 14033
[20240124_13:17:16_374] # [T66492][VisionSlotAdd][1533]Old Vision Slot[1][1] Coord: 0: 2555, 16439; 1: 7585, 16663; 2: 7692, 14275; 3: 2661, 14051
[20240124_13:17:16_374] # [T66492][VisionSlotAddSlotWeightCal][1014]u32Weight: 9, CentreY: 2565.000, DisY: 1277.000, SlotAng: 177.000
[20240124_13:17:16_374] # [T66493][VisionSlotAdd][1576]New Vision Slot[1][1] Coord: 0: 2554, 16439; 1: 7585, 16663; 2: 7691, 14275; 3: 2661, 14051
[20240124_13:17:16_375] # [T66493][VisionSlotAdd][1600]vision slot [1][1], u32Weight: 9, Sum: 604, SlotAng: 2.551, CurSlotAng: 2.687
[20240124_13:17:16_375] # [T66494][APAVisionOblAdd][1323]Vision Obl merge: 62
[20240124_13:17:16_375] # [T66494][APAVisionOblAdd][1326]Receive Vision Obl CrossPointCoord: 0: -8024, 16216; 1: -3229, 16358
[20240124_13:17:16_375] # [T66495][APAVisionOblInfoDebugPrint][118]VisionOblInfo:
[20240124_13:17:16_375] # [T66495][APAVisionOblInfoDebugPrint][119]OblType: 0, bIsMerge 0, DetectCount 87
[20240124_13:17:16_375] # [T66496][APAVisionOblInfoDebugPrint][122]CrossPointCoord: 0: -8039, 16235; 1: -3239, 16387
[20240124_13:17:16_376] # [T66496][APAVisionOblInfoDebugPrint][125]OriginCrossPointCoord: 0: 8065, 3491; 1: 3271, 3659
[20240124_13:17:16_376] # [T66497][APAVisionOblInfoDebugPrint][126]VehCoordAndAng: 21, 12681, ang -0.005(-0.313)
[20240124_13:17:16_376] # [T66497][APAVisionOblInfoDebugPrint][127] 
[20240124_13:17:16_376] # [T66497][APAVisionOblAdd][1323]Vision Obl merge: 63
[20240124_13:17:16_376] # [T66498][APAVisionOblAdd][1326]Receive Vision Obl CrossPointCoord: 0: 2521, 16431; 1: 7560, 16668
[20240124_13:17:16_376] # [T66498][APAVisionOblInfoDebugPrint][118]VisionOblInfo:
[20240124_13:17:16_376] # [T66499][APAVisionOblInfoDebugPrint][119]OblType: 0, bIsMerge 0, DetectCount 82
[20240124_13:17:16_377] # [T66499][APAVisionOblInfoDebugPrint][122]CrossPointCoord: 0: 2544, 16445; 1: 7564, 16676
[20240124_13:17:16_377] # [T66500][APAVisionOblInfoDebugPrint][125]OriginCrossPointCoord: 0: -2480, 3764; 1: -7517, 4028
[20240124_13:17:16_377] # [T66500][APAVisionOblInfoDebugPrint][126]VehCoordAndAng: 21, 12681, ang -0.005(-0.313)
[20240124_13:17:16_377] # [T66501][APAVisionOblInfoDebugPrint][127] 
[20240124_13:17:16_377] # [T66514][CornerInfoMsg30ToPerceptionSend][862]CornerCoord: 0: 0, 0; 1: 0, 0; 2: 0, 0; 3: 0, 0
[20240124_13:17:16_377] # [T66514][CornerInfoMsg30ToPerceptionSend][864]VehLocation 0, Gear 0, OperatingState 2
[20240124_13:17:16_377] # [T66565][APAVisionOblAdd][1323]Vision Obl merge: 62
[20240124_13:17:16_378] # [T66565][APAVisionOblAdd][1326]Receive Vision Obl CrossPointCoord: 0: -8026, 16231; 1: -3225, 16373
[20240124_13:17:16_378] # [T66565][APAVisionOblInfoDebugPrint][118]VisionOblInfo:
[20240124_13:17:16_378] # [T66566][APAVisionOblInfoDebugPrint][119]OblType: 0, bIsMerge 0, DetectCount 88
[20240124_13:17:16_378] # [T66566][APAVisionOblInfoDebugPrint][122]CrossPointCoord: 0: -8039, 16235; 1: -3239, 16387
[20240124_13:17:16_378] # [T66567][APAVisionOblInfoDebugPrint][125]OriginCrossPointCoord: 0: 8067, 3506; 1: 3267, 3674
[20240124_13:17:16_378] # [T66567][APAVisionOblInfoDebugPrint][126]VehCoordAndAng: 21, 12681, ang -0.005(-0.313)
[20240124_13:17:16_379] # [T66568][APAVisionOblInfoDebugPrint][127] 
[20240124_13:17:16_379] # [T66568][APAVisionOblAdd][1323]Vision Obl merge: 63
[20240124_13:17:16_379] # [T66568][APAVisionOblAdd][1326]Receive Vision Obl CrossPointCoord: 0: 2521, 16411; 1: 7585, 16649
[20240124_13:17:16_379] # [T66569][APAVisionOblInfoDebugPrint][118]VisionOblInfo:
[20240124_13:17:16_379] # [T66569][APAVisionOblInfoDebugPrint][119]OblType: 0, bIsMerge 0, DetectCount 83
[20240124_13:17:16_380] # [T66570][APAVisionOblInfoDebugPrint][122]CrossPointCoord: 0: 2544, 16445; 1: 7564, 16675
[20240124_13:17:16_381] # [T66570][APAVisionOblInfoDebugPrint][125]OriginCrossPointCoord: 0: -2480, 3744; 1: -7543, 4009
[20240124_13:17:16_381] # [T66571][APAVisionOblInfoDebugPrint][126]VehCoordAndAng: 21, 12681, ang -0.005(-0.313)
[20240124_13:17:16_381] # [T66571][APAVisionOblInfoDebugPrint][127] 
[20240124_13:17:16_381] # [T66571][VisionSlotAddValidCheck][893]Vision slot Length: 2225,2224, Depth 4802,4803
[20240124_13:17:16_381] # [T66572][VisionSlotAdd][1521]Added Vision Slot[0][3] Num 4 OriCoord: 0: 3267, 3674; 1: 8067, 3506; 2: 7990, 1283; 3: 3189, 1450
[20240124_13:17:16_381] # [T66572][VisionSlotAdd][1522]VehCoordAndAngle: 21, 12681, ang -0.005 (-0.313)
[20240124_13:17:16_381] # [T66573][VisionSlotAdd][1523]Current VehPos: 21, 12681, ang -0.005 (-0.313)
[20240124_13:17:16_382] # [T66573][VisionSlotAdd][1528]Convert Vision Slot[0][3] Coord: 0: -3225, 16373; 1: -8026, 16231; 2: -7961, 14008; 3: -3159, 14149
[20240124_13:17:16_382] # [T66574][VisionSlotAdd][1533]Old Vision Slot[0][3] Coord: 0: -3234, 16369; 1: -8037, 16226; 2: -7970, 13990; 3: -3167, 14133
[20240124_13:17:16_382] # [T66575][VisionSlotAddSlotWeightCal][1014]u32Weight: 9, CentreY: 2562.000, DisY: 1274.000, SlotAng: -1.998
[20240124_13:17:16_382] # [T66575][VisionSlotAdd][1576]New Vision Slot[0][3] Coord: 0: -3234, 16369; 1: -8037, 16226; 2: -7970, 13990; 3: -3167, 14133
[20240124_13:17:16_382] # [T66576][VisionSlotAdd][1600]vision slot [0][3], u32Weight: 9, Sum: 635, SlotAng: -178.293, CurSlotAng: -178.315
[20240124_13:17:16_382] # [T66577][VisionSlotAddValidCheck][893]Vision slot Length: 2393,2392, Depth 5069,5070
[20240124_13:17:16_383] # [T66577][VisionSlotAdd][1521]Added Vision Slot[1][1] Num 2 OriCoord: 0: -2480, 3744; 1: -7543, 4009; 2: -7669, 1620; 3: -2605, 1354
[20240124_13:17:16_383] # [T66578][VisionSlotAdd][1522]VehCoordAndAngle: 21, 12681, ang -0.005 (-0.313)
[20240124_13:17:16_383] # [T66578][VisionSlotAdd][1523]Current VehPos: 21, 12681, ang -0.005 (-0.313)
[20240124_13:17:16_384] # [T66579][VisionSlotAdd][1528]Convert Vision Slot[1][1] Coord: 0: 2521, 16411; 1: 7585, 16649; 2: 7698, 14259; 3: 2633, 14021
[20240124_13:17:16_384] # [T66579][VisionSlotAdd][1533]Old Vision Slot[1][1] Coord: 0: 2554, 16439; 1: 7585, 16663; 2: 7691, 14275; 3: 2661, 14051
[20240124_13:17:16_384] # [T66580][VisionSlotAddSlotWeightCal][1014]u32Weight: 9, CentreY: 2549.000, DisY: 1261.000, SlotAng: 176.999
[20240124_13:17:16_384] # [T66581][VisionSlotAdd][1576]New Vision Slot[1][1] Coord: 0: 2554, 16439; 1: 7585, 16663; 2: 7691, 14275; 3: 2660, 14051
[20240124_13:17:16_384] # [T66581][VisionSlotAdd][1600]vision slot [1][1], u32Weight: 9, Sum: 613, SlotAng: 2.553, CurSlotAng: 2.688
[20240124_13:17:16_385] # [T66647][APAVisionOblAdd][1323]Vision Obl merge: 62
[20240124_13:17:16_385] # [T66647][APAVisionOblAdd][1326]Receive Vision Obl CrossPointCoord: 0: -7965, 16217; 1: -3233, 16357
[20240124_13:17:16_385] # [T66647][APAVisionOblInfoDebugPrint][118]VisionOblInfo:
[20240124_13:17:16_385] # [T66648][APAVisionOblInfoDebugPrint][119]OblType: 0, bIsMerge 0, DetectCount 89
[20240124_13:17:16_385] # [T66648][APAVisionOblInfoDebugPrint][122]CrossPointCoord: 0: -8038, 16234; 1: -3239, 16387
[20240124_13:17:16_385] # [T66649][APAVisionOblInfoDebugPrint][125]OriginCrossPointCoord: 0: 8006, 3492; 1: 3275, 3658
[20240124_13:17:16_386] # [T66649][APAVisionOblInfoDebugPrint][126]VehCoordAndAng: 21, 12681, ang -0.005(-0.313)
[20240124_13:17:16_386] # [T66650][APAVisionOblInfoDebugPrint][127] 
[20240124_13:17:16_386] # [T66650][APAVisionOblAdd][1323]Vision Obl merge: 63
[20240124_13:17:16_386] # [T66650][APAVisionOblAdd][1326]Receive Vision Obl CrossPointCoord: 0: 2588, 16432; 1: 7574, 16666
[20240124_13:17:16_386] # [T66651][APAVisionOblInfoDebugPrint][118]VisionOblInfo:
[20240124_13:17:16_386] # [T66651][APAVisionOblInfoDebugPrint][119]OblType: 0, bIsMerge 0, DetectCount 84
[20240124_13:17:16_387] # [T66652][APAVisionOblInfoDebugPrint][122]CrossPointCoord: 0: 2544, 16445; 1: 7564, 16675
[20240124_13:17:16_387] # [T66652][APAVisionOblInfoDebugPrint][125]OriginCrossPointCoord: 0: -2547, 3765; 1: -7531, 4026
[20240124_13:17:16_387] # [T66653][APAVisionOblInfoDebugPrint][126]VehCoordAndAng: 21, 12681, ang -0.005(-0.313)
[20240124_13:17:16_387] # [T66653][APAVisionOblInfoDebugPrint][127] 
[20240124_13:17:16_388] # [T66653][VisionSlotAddValidCheck][893]Vision slot Length: 2218,2217, Depth 4733,4733
[20240124_13:17:16_389] # [T66654][VisionSlotAdd][1521]Added Vision Slot[0][3] Num 4 OriCoord: 0: 3275, 3658; 1: 8006, 3492; 2: 7929, 1276; 3: 3198, 1441
[20240124_13:17:16_389] # [T66654][VisionSlotAdd][1522]VehCoordAndAngle: 21, 12681, ang -0.005 (-0.313)
[20240124_13:17:16_389] # [T66655][VisionSlotAdd][1523]Current VehPos: 21, 12681, ang -0.005 (-0.313)
[20240124_13:17:16_389] # [T66655][VisionSlotAdd][1528]Convert Vision Slot[0][3] Coord: 0: -3233, 16357; 1: -7965, 16217; 2: -7900, 14000; 3: -3168, 14140
[20240124_13:17:16_389] # [T66656][VisionSlotAdd][1533]Old Vision Slot[0][3] Coord: 0: -3234, 16369; 1: -8037, 16226; 2: -7970, 13990; 3: -3167, 14133
[20240124_13:17:16_390] # [T66657][VisionSlotAddSlotWeightCal][1014]u32Weight: 9, CentreY: 2549.500, DisY: 1261.500, SlotAng: -2.004
[20240124_13:17:16_390] # [T66657][VisionSlotAdd][1576]New Vision Slot[0][3] Coord: 0: -3234, 16369; 1: -8036, 16226; 2: -7969, 13990; 3: -3167, 14133
[20240124_13:17:16_390] # [T66658][VisionSlotAdd][1600]vision slot [0][3], u32Weight: 9, Sum: 644, SlotAng: -178.293, CurSlotAng: -178.310
[20240124_13:17:16_390] # [T66659][VisionSlotAddValidCheck][893]Vision slot Length: 2387,2386, Depth 4990,4991
[20240124_13:17:16_390] # [T66659][VisionSlotAdd][1521]Added Vision Slot[1][1] Num 2 OriCoord: 0: -2547, 3765; 1: -7531, 4026; 2: -7656, 1643; 3: -2671, 1381
[20240124_13:17:16_390] # [T66660][VisionSlotAdd][1522]VehCoordAndAngle: 21, 12681, ang -0.005 (-0.313)
[20240124_13:17:16_391] # [T66660][VisionSlotAdd][1523]Current VehPos: 21, 12681, ang -0.005 (-0.313)
[20240124_13:17:16_391] # [T66661][VisionSlotAdd][1528]Convert Vision Slot[1][1] Coord: 0: 2588, 16432; 1: 7574, 16666; 2: 7685, 14282; 3: 2699, 14047
[20240124_13:17:16_391] # [T66661][VisionSlotAdd][1533]Old Vision Slot[1][1] Coord: 0: 2554, 16439; 1: 7585, 16663; 2: 7691, 14275; 3: 2660, 14051
[20240124_13:17:16_391] # [T66662][VisionSlotAddSlotWeightCal][1014]u32Weight: 8, CentreY: 2573.000, DisY: 1285.000, SlotAng: 176.997
[20240124_13:17:16_391] # [T66663][VisionSlotAdd][1576]New Vision Slot[1][1] Coord: 0: 2554, 16439; 1: 7585, 16663; 2: 7691, 14275; 3: 2661, 14051
[20240124_13:17:16_392] # [T66663][VisionSlotAdd][1600]vision slot [1][1], u32Weight: 8, Sum: 621, SlotAng: 2.554, CurSlotAng: 2.690
[20240124_13:17:16_392] # [T66727][APAVisionOblAdd][1323]Vision Obl merge: 62
[20240124_13:17:16_392] # [T66727][APAVisionOblAdd][1326]Receive Vision Obl CrossPointCoord: 0: -8018, 16205; 1: -3222, 16346
[20240124_13:17:16_392] # [T66727][APAVisionOblInfoDebugPrint][118]VisionOblInfo:
[20240124_13:17:16_392] # [T66728][APAVisionOblInfoDebugPrint][119]OblType: 0, bIsMerge 0, DetectCount 90
[20240124_13:17:16_392] # [T66728][APAVisionOblInfoDebugPrint][122]CrossPointCoord: 0: -8038, 16234; 1: -3239, 16386
[20240124_13:17:16_393] # [T66729][APAVisionOblInfoDebugPrint][125]OriginCrossPointCoord: 0: 8059, 3480; 1: 3264, 3647
[20240124_13:17:16_393] # [T66729][APAVisionOblInfoDebugPrint][126]VehCoordAndAng: 21, 12681, ang -0.005(-0.313)
[20240124_13:17:16_393] # [T66730][APAVisionOblInfoDebugPrint][127] 
[20240124_13:17:16_393] # [T66730][APAVisionOblAdd][1323]Vision Obl merge: 63
[20240124_13:17:16_393] # [T66730][APAVisionOblAdd][1326]Receive Vision Obl CrossPointCoord: 0: 2572, 16452; 1: 7595, 16688
[20240124_13:17:16_393] # [T66731][APAVisionOblInfoDebugPrint][118]VisionOblInfo:
[20240124_13:17:16_393] # [T66731][APAVisionOblInfoDebugPrint][119]OblType: 0, bIsMerge 0, DetectCount 85
[20240124_13:17:16_394] # [T66732][APAVisionOblInfoDebugPrint][122]CrossPointCoord: 0: 2545, 16445; 1: 7565, 16675
[20240124_13:17:16_394] # [T66732][APAVisionOblInfoDebugPrint][125]OriginCrossPointCoord: 0: -2531, 3785; 1: -7552, 4048
[20240124_13:17:16_394] # [T66733][APAVisionOblInfoDebugPrint][126]VehCoordAndAng: 21, 12681, ang -0.005(-0.313)
[20240124_13:17:16_394] # [T66733][APAVisionOblInfoDebugPrint][127] 
[20240124_13:17:16_394] # [T66733][VisionSlotAddValidCheck][893]Vision slot Length: 2226,2227, Depth 4797,4798
[20240124_13:17:16_394] # [T66734][VisionSlotAdd][1521]Added Vision Slot[0][3] Num 4 OriCoord: 0: 3264, 3647; 1: 8059, 3480; 2: 7982, 1254; 3: 3186, 1422
[20240124_13:17:16_395] # [T66734][VisionSlotAdd][1522]VehCoordAndAngle: 21, 12681, ang -0.005 (-0.313)
[20240124_13:17:16_395] # [T66735][VisionSlotAdd][1523]Current VehPos: 21, 12681, ang -0.005 (-0.313)
[20240124_13:17:16_396] # [T66735][VisionSlotAdd][1528]Convert Vision Slot[0][3] Coord: 0: -3222, 16346; 1: -8018, 16205; 2: -7953, 13979; 3: -3157, 14121
[20240124_13:17:16_396] # [T66736][VisionSlotAdd][1533]Old Vision Slot[0][3] Coord: 0: -3234, 16369; 1: -8036, 16226; 2: -7969, 13990; 3: -3167, 14133
[20240124_13:17:16_396] # [T66737][VisionSlotAddSlotWeightCal][1014]u32Weight: 9, CentreY: 2534.500, DisY: 1246.500, SlotAng: -2.000
[20240124_13:17:16_397] # [T66737][VisionSlotAdd][1576]New Vision Slot[0][3] Coord: 0: -3234, 16369; 1: -8036, 16225; 2: -7969, 13990; 3: -3167, 14133
[20240124_13:17:16_397] # [T66738][VisionSlotAdd][1600]vision slot [0][3], u32Weight: 9, Sum: 653, SlotAng: -178.294, CurSlotAng: -178.313
[20240124_13:17:16_397] # [T66739][VisionSlotAddValidCheck][893]Vision slot Length: 2424,2424, Depth 5027,5027
[20240124_13:17:16_397] # [T66739][VisionSlotAdd][1521]Added Vision Slot[1][1] Num 2 OriCoord: 0: -2531, 3785; 1: -7552, 4048; 2: -7679, 1627; 3: -2658, 1364
[20240124_13:17:16_400] # [T66740][VisionSlotAdd][1522]VehCoordAndAngle: 21, 12681, ang -0.005 (-0.313)
[20240124_13:17:16_400] # [T66740][VisionSlotAdd][1523]Current VehPos: 21, 12681, ang -0.005 (-0.313)
[20240124_13:17:16_400] # [T66741][VisionSlotAdd][1528]Convert Vision Slot[1][1] Coord: 0: 2572, 16452; 1: 7595, 16688; 2: 7708, 14266; 3: 2686, 14031
[20240124_13:17:16_401] # [T66741][VisionSlotAdd][1533]Old Vision Slot[1][1] Coord: 0: 2554, 16439; 1: 7585, 16663; 2: 7691, 14275; 3: 2661, 14051
[20240124_13:17:16_401] # [T66742][VisionSlotAddSlotWeightCal][1014]u32Weight: 8, CentreY: 2574.500, DisY: 1286.500, SlotAng: 177.002
[20240124_13:17:16_401] # [T66743][VisionSlotAdd][1576]New Vision Slot[1][1] Coord: 0: 2554, 16439; 1: 7585, 16664; 2: 7691, 14275; 3: 2661, 14050
[20240124_13:17:16_401] # [T66743][VisionSlotAdd][1600]vision slot [1][1], u32Weight: 8, Sum: 629, SlotAng: 2.556, CurSlotAng: 2.685
[20240124_13:17:16_401] # [T66808][APAVisionOblAdd][1323]Vision Obl merge: 62
[20240124_13:17:16_401] # [T66808][APAVisionOblAdd][1326]Receive Vision Obl CrossPointCoord: 0: -8025, 16214; 1: -3234, 16355
[20240124_13:17:16_402] # [T66809][APAVisionOblInfoDebugPrint][118]VisionOblInfo:
[20240124_13:17:16_402] # [T66809][APAVisionOblInfoDebugPrint][119]OblType: 0, bIsMerge 0, DetectCount 91
[20240124_13:17:16_402] # [T66809][APAVisionOblInfoDebugPrint][122]CrossPointCoord: 0: -8038, 16234; 1: -3239, 16386
[20240124_13:17:16_402] # [T66810][APAVisionOblInfoDebugPrint][125]OriginCrossPointCoord: 0: 8066, 3489; 1: 3276, 3656
[20240124_13:17:16_402] # [T66810][APAVisionOblInfoDebugPrint][126]VehCoordAndAng: 21, 12681, ang -0.005(-0.313)
[20240124_13:17:16_402] # [T66811][APAVisionOblInfoDebugPrint][127] 
[20240124_13:17:16_402] # [T66811][APAVisionOblAdd][1323]Vision Obl merge: 63
[20240124_13:17:16_402] # [T66811][APAVisionOblAdd][1326]Receive Vision Obl CrossPointCoord: 0: 2597, 16467; 1: 7583, 16614
[20240124_13:17:16_403] # [T66812][APAVisionOblInfoDebugPrint][118]VisionOblInfo:
[20240124_13:17:16_403] # [T66812][APAVisionOblInfoDebugPrint][119]OblType: 0, bIsMerge 0, DetectCount 86
[20240124_13:17:16_403] # [T66813][APAVisionOblInfoDebugPrint][122]CrossPointCoord: 0: 2545, 16445; 1: 7565, 16675
[20240124_13:17:16_403] # [T66813][APAVisionOblInfoDebugPrint][125]OriginCrossPointCoord: 0: -2556, 3800; 1: -7541, 3974
[20240124_13:17:16_403] # [T66814][APAVisionOblInfoDebugPrint][126]VehCoordAndAng: 21, 12681, ang -0.005(-0.313)
[20240124_13:17:16_403] # [T66814][APAVisionOblInfoDebugPrint][127] 
[20240124_13:17:16_403] # [T66814][VisionSlotAddValidCheck][893]Vision slot Length: 2233,2233, Depth 4792,4792
[20240124_13:17:16_403] # [T66815][VisionSlotAdd][1521]Added Vision Slot[0][3] Num 4 OriCoord: 0: 3276, 3656; 1: 8066, 3489; 2: 7988, 1257; 3: 3198, 1424
[20240124_13:17:16_403] # [T66816][VisionSlotAdd][1522]VehCoordAndAngle: 21, 12681, ang -0.005 (-0.313)
[20240124_13:17:16_403] # [T66816][VisionSlotAdd][1523]Current VehPos: 21, 12681, ang -0.005 (-0.313)
[20240124_13:17:16_404] # [T66816][VisionSlotAdd][1528]Convert Vision Slot[0][3] Coord: 0: -3234, 16355; 1: -8025, 16214; 2: -7959, 13982; 3: -3169, 14123
[20240124_13:17:16_404] # [T66817][VisionSlotAdd][1533]Old Vision Slot[0][3] Coord: 0: -3234, 16369; 1: -8036, 16225; 2: -7969, 13990; 3: -3167, 14133
[20240124_13:17:16_404] # [T66818][VisionSlotAddSlotWeightCal][1014]u32Weight: 9, CentreY: 2540.000, DisY: 1252.000, SlotAng: -1.997
[20240124_13:17:16_404] # [T66818][VisionSlotAdd][1576]New Vision Slot[0][3] Coord: 0: -3234, 16368; 1: -8035, 16225; 2: -7969, 13990; 3: -3167, 14133
[20240124_13:17:16_406] # [T66819][VisionSlotAdd][1600]vision slot [0][3], u32Weight: 9, Sum: 662, SlotAng: -178.294, CurSlotAng: -178.317
[20240124_13:17:16_406] # [T66820][VisionSlotAddValidCheck][893]Vision slot Length: 2384,2384, Depth 4988,4988
[20240124_13:17:16_406] # [T66820][VisionSlotAdd][1521]Added Vision Slot[1][1] Num 2 OriCoord: 0: -2556, 3800; 1: -7541, 3974; 2: -7624, 1591; 3: -2639, 1417
[20240124_13:17:16_406] # [T66821][VisionSlotAdd][1522]VehCoordAndAngle: 21, 12681, ang -0.005 (-0.313)
[20240124_13:17:16_406] # [T66821][ViionSlotAdd][1523]Current VehPos: 21, 12681, ang -0.005 (-0.313)
[20240124_13:17:16_407] # [T66822][VisionSlotAdd][1528]Convert Vision Slot[1][1] Coord: 0: 2597, 16467; 1: 7583, 16614; 2: 7653, 14230; 3: 2667, 14084
[20240124_13:17:16_407] # [T66822][VisionSlotAdd][1533]Old Vision Slot[1][1] Coord: 0: 2554, 16439; 1: 7585, 16664; 2: 7691, 14275; 3: 2661, 14050
[20240124_13:17:16_407] # [T66823][VisionSlotAddSlotWeightCal][1014]u32Weight: 8, CentreY: 2608.500, DisY: 1320.500, SlotAng: 178.001
[20240124_13:17:16_407] # [T66824][VisionSlotAdd][1576]New Vision Slot[1][1] Coord: 0: 2555, 16439; 1: 7585, 16663; 2: 7691, 14274; 3: 2661, 14051
[20240124_13:17:16_407] # [T66824][VisionSlotAdd][1600]vision slot [1][1], u32Weight: 8, Sum: 637, SlotAng: 2.545, CurSlotAng: 1.686
[20240124_13:17:16_408] # [T66888][APAVisionOblAdd][1323]Vision Obl merge: 62
[20240124_13:17:16_408] # [T66888][APAVisionOblAdd][1326]Receive Vision Obl CrossPointCoord: 0: -8065, 16209; 1: -3241, 16352
[20240124_13:17:16_408] # [T66888][APAVisionOblInfoDebugPrint][118]VisionOblInfo:
[20240124_13:17:16_408] # [T66889][APAVisionOblInfoDebugPrint][119]OblType: 0, bIsMerge 0, DetectCount 92
[20240124_13:17:16_408] # [T66889][APAVisionOblInfoDebugPrint][122]CrossPointCoord: 0: -8038, 16234; 1: -3239, 16386
[20240124_13:17:16_408] # [T66890][APAVisionOblInfoDebugPrint][25]OriginCrossPointCoord: 0: 8106, 3484; 1: 3283, 3653
[20240124_13:17:16_408] # [T66890][APAVisionOblInfoDebugPrint][126]VehCoordAndAng: 21, 12681, ang -0.005(-0.313)
[20240124_13:17:16_408] # [T66891][APAVisionOblInfoDebugPrint][127] 
[20240124_13:17:16_409] # [T66891][APAVisionOblAdd][1323]Vision Obl merge: 63
[20240124_13:17:16_409] # [T66891][APAVisionOblAdd][1326]Receive Vision Obl CrossPointCoord: 0: 2585, 16420; 1: 7594, 16655
[20240124_13:17:16_409] # [T66892][APAVisionOblInfoDebugPrint][118]VisionOblInfo:
[20240124_13:17:16_409] # [T66892][APAVisionOblInfoDebugPrint][119]OblType: 0, bIsMerge 0, DetectCount 87
[20240124_13:17:16_409] # [T66892][APAVisionOblInfoDebugPrint][122]CrossPointCoord: 0: 2546, 16445; 1: 7565, 16674
[20240124_13:17:16_409] # [T66893][APAVisionOblInfoDebugPrint][125]OriginCrossPointCoord: 0: -2544, 3753; 1: -7552, 4015
[20240124_13:17:16_409] # [T66893][APAVisionOblInfoDebugPrint][126]VehCoordAndAng: 21, 12681, ang -0.005(-0.313)
[20240124_13:17:16_410] # [T66894][APAVisionOblInfoDebugPrint][127] 
[20240124_13:17:16_410] # [T66894][VisionSlotAddValidCheck][893]Vision slot Length: 2246,2245, Depth 4825,4826
[20240124_13:17:16_410] # [T66895][VisionSlotAdd][1521]Added Vision Slot[0][3] Num 4 OriCoord: 0: 3283, 3653; 1: 8106, 3484; 2: 8028, 1240; 3: 3204, 1408
[20240124_13:17:16_410] # [T66895][VisionSlotAdd][1522]VehCoordAndAngle: 21, 12681, ang -0.005 (-0.313)
[20240124_13:17:16_410] # [T66896][VisionSlotAdd][1523]Current VehPos: 21, 12681, ang -0.005 (-0.313)
[20240124_13:17:16_410] # [T66896][VisionSlotAdd][1528]Convert Vision Slot[0][3] Coord: 0: -3241, 16352; 1: -8065, 16209; 2: -8000, 13965; 3: -3175, 14107
[20240124_13:17:16_411] # [T66897][VisionSlotAdd][1533]Old Vision Slot[0][3] Coord: 0: -3234, 16368; 1: -8035, 16225; 2: -7969, 13990; 3: -3167, 14133
[20240124_13:17:16_411] # [T66898][VisionSlotAddSlotWeightCal][1014]u32Weight: 9, CentreY: 2530.500, DisY: 1242.500, SlotAng: -2.001
[20240124_13:17:16_411] # [T66898][VisionSlotAdd][1576]New Vision Slot[0][3] Coord: 0: -3234, 16368; 1: -8036, 16225; 2: -7969, 13989; 3: -3167, 14132
[20240124_13:17:16_411] # [T66899][VisionSlotAdd][1600]vision slot [0][3], u32Weight: 9, Sum: 671, SlotAng: -178.294, CurSlotAng: -178.313
[20240124_13:17:16_411] # [T66900][VisionSlotAddValidCheck][893]Vision slot Length: 2382,2382, Depth 5014,5014
[20240124_13:17:16_411] # [T66900][VisionSlotAdd][1521]Added Vision Slot[1][1] Num 2 OriCoord: 0: -2544, 3753; 1: -7552, 4015; 2: -7677, 1636; 3: -2669, 1374
[20240124_13:17:16_412] # [T66901][VisionSlotAdd][1522]VehCoordAndAngle: 21, 12681, ang -0.005 (-0.313)
[20240124_13:17:16_413] # [T66901][VisionSlotAdd][1523]Current VehPos: 21, 12681, ang -0.005 (-0.313)
[20240124_13:17:16_413] # [T66902][VisionSlotAdd][1528]Convert Vision Slot[1][1] Coord: 0: 2585, 16420; 1: 7594, 16655; 2: 7706, 14275; 3: 2697, 14041
[20240124_13:17:16_413] # [T66902][VisionSlotAdd][1533]Old Vision Slot[1][1] Coord: 0: 2555, 16439; 1: 7585, 16663; 2: 7691, 14274; 3: 2661, 14051
[20240124_13:17:16_413] # [T66903][VisionSlotAddSlotWeightCal][1014]u32Weight: 9, CentreY: 2563.500, DisY: 1275.500, SlotAng: 177.005
[20240124_13:17:16_413] # [T66904][VisionSlotAdd][1576]New Vision Slot[1][1] Coord: 0: 2555, 16439; 1: 7585, 16663; 2: 7691, 14274; 3: 2662, 14051
[20240124_13:17:16_414] # [T66904][VisionSlotAdd][1600]vision slot [1][1], u32Weight: 9, Sum: 646, SlotAng: 2.547, CurSlotAng: 2.681
[20240124_13:17:16_414] #   66943-task_radar-118: RadarCaptureCnt is 330 
[20240124_13:17:16_414] # 
[20240124_13:17:16_414] # [T66970][APAVisionOblAdd][1323]Vision Obl merge: 63
[20240124_13:17:16_414] # [T66970][APAVisionOblAdd][1326]Receive Vision Obl CrossPointCoord: 0: 2528, 16433; 1: 7580, 16671
[20240124_13:17:16_414] # [T66970][APAVisionOblInfoDebugPrint][118]VisionOblInfo:
[20240124_13:17:16_414] # [T66971][APAVisionOblInfoDebugPrint][119]OblType: 0, bIsMerge 0, DetectCount 88
[20240124_13:17:16_416] # [T66971][APAVisionOblInfoDebugPrint][122]CrossPointCoord: 0: 2546, 16445; 1: 7565, 16674
[20240124_13:17:16_416] # [T66972][APAVisionOblInfoDebugPrint][125]OriginCrossPointCoord: 0: -2487, 3766; 1: -7537, 4031
[20240124_13:17:16_416] # [T66972][APAVisionOblInfoDebugPrint][126]VehCoordAndAng: 21, 12681, ang -0.005(-0.313)
[20240124_13:17:16_416] # [T66973][APAVisionOblInfoDebugPrint][127] 
[20240124_13:17:16_416] # [T66973][APAVisionOblAdd][1323]Vision Obl merge: 62
[20240124_13:17:16_417] # [T66973][APAVisionOblAdd][1326]Receive Vision Obl CrossPointCoord: 0: -8048, 16212; 1: -3244, 16354
[20240124_13:17:16_417] # [T66974][APAVisionOblInfoDebugPrint][118]VisionOblInfo:
[20240124_13:17:16_417] # [T66974][APAVisionOblInfoDebugPrint][119]OblType: 0, bIsMerge 0, DetectCount 93
[20240124_13:17:16_417] # [T66974][APAVisionOblInfoDebugPrint][122]CrossPointCoord: 0: -8038, 16233; 1: -3239, 16385
[20240124_13:17:16_417] # [T66975][APAVisionOblInfoDebugPrint][125]OriginCrossPointCoord: 0: 8089, 3487; 1: 3286, 3655
[20240124_13:17:16_417] # [T66975][APAVisionOblInfoDebugPrint][126]VehCoordAndAng: 21, 12681, ang -0.005(-0.313)
[20240124_13:17:16_417] # [T66976][APAVisionOblInfoDebugPrint][127] 
[20240124_13:17:16_418] # [T66976][VisionSlotAddValidCheck][893]Vision slot Length: 2405,2405, Depth 5056,5056
[20240124_13:17:16_418] # [T66977][VisionSlotAdd][1521]Added Vision Slot[1][1] Num 2 OriCoord: 0: -2487, 3766; 1: -7537, 4031; 2: -7663, 1629; 3: -2613, 1364
[20240124_13:17:16_418] # [T66977][VisionSlotAdd][1522]VehCoordAndAngle: 21, 12681, ang -0.005 (-0.313)
[20240124_13:17:16_418] # [T66978][VisionSlotAdd][1523]Current VehPos: 21, 12681, ang -0.005 (-0.313)
[20240124_13:17:16_418] # [T66978][VisionSlotAdd][1528]Convert Vision Slot[1][1] Coord: 0: 2528, 16433; 1: 7580, 16671; 2: 7692, 14268; 3: 2641, 14031
[20240124_13:17:16_418] # [T66979][VisionSlotAdd][1533]Old Vision Slot[1][1] Coord: 0: 2555, 16439; 1: 7585, 16663; 2: 7691, 14274; 3: 2662, 14051
[20240124_13:17:16_419] # [T66980][VisionSlotAddSlotWeightCal][1014]u32Weight: 9, CentreY: 2565.000, DisY: 1277.000, SlotAng: 176.996
[20240124_13:17:16_419] # [T66980][VisionSlotAdd][1576]New Vision Slot[1][1] Coord: 0: 2555, 16439; 1: 7585, 16663; 2: 7691, 14274; 3: 2661, 14050
[20240124_13:17:16_419] # [T66981][VisionSlotAdd][1600]vision slot [1][1], u32Weight: 9, Sum: 655, SlotAng: 2.549, CurSlotAng: 2.690
[20240124_13:17:16_419] # [T66982][VisionSlotAddValidCheck][893]Vision slot Length: 2247,2247, Depth 4805,4806
[20240124_13:17:16_419] # [T66982][VisionSlotAdd][1521]Added Vision Slot[0][3] Num 4 OriCoord: 0: 3286, 3655; 1: 8089, 3487; 2: 8011, 1241; 3: 3207, 1409
[20240124_13:17:16_419] # [T66983][VisionSlotAdd][1522]VehCoordAndAngle: 21, 12681, ang -0.005 (-0.313)
[20240124_13:17:16_420] # [T66983][VisionSlotAdd][1523]Current VehPos: 21, 12681, ang -0.005 (-0.313)
[20240124_13:17:16_420] # [T66984][VisionSlotAdd][1528]Convert Vision Slot[0][3] Coord: 0: -3244, 16354; 1: -8048, 16212; 2: -7982, 13966; 3: -3178, 14108
[20240124_13:17:16_421] # [T66984][VisionSlotAdd][1533]Old Vision Slot[0][3] Coord: 0: -3234, 16368; 1: -8036, 16225; 2: -7969, 13989; 3: -3167, 14132
[20240124_13:17:16_421] # [T66985][VisionSlotAddSlotWeightCal][1014]u32Weight: 9, CentreY: 2532.000, DisY: 1244.000, SlotAng: -2.003
[20240124_13:17:16_421] # [T66986][VisionSlotAdd][1576]New Vision Slot[0][3] Coord: 0: -3234, 16368; 1: -8036, 16225; 2: -7969, 13989; 3: -3167, 14132
[20240124_13:17:16_422] # [T66986][VisionSlotAdd][1600]vision slot [0][3], u32Weight: 9, Sum: 680, SlotAng: -178.294, CurSlotAng: -178.310
[20240124_13:17:16_422] # [T67050][APAVisionOblAdd][1323]Vision Obl merge: 63
[20240124_13:17:16_422] # [T67050][APAVisionOblAdd][1326]Receive Vision Obl CrossPointCoord: 0: 2561, 16426; 1: 7560, 16661
[20240124_13:17:16_422] # [T67050][APAVisionOblInfoDebugPrint][118]VisionOblInfo:
[20240124_13:17:16_422] # [T67051][APAVisionOblInfoDebugPrint][119]OblType: 0, bIsMerge 0, DetectCount 89
[20240124_13:17:16_422] # [T67051][APAVisionOblInfoDebugPrint][122]CrossPointCoord: 0: 2546, 16444; 1: 7565, 16674
[20240124_13:17:16_422] # [T67052][APAVisionOblInfoDebugPrint][125]OriginCrossPointCoord: 0: -2520, 3759; 1: -7518, 4021
[20240124_13:17:16_423] # [T67052][APAVisionOblInfoDebugPrint][126]VhCoordAndAng: 21, 12681, ang -0.005(-0.313)
[20240124_13:17:16_423] # [T67053][APAVisionOblInfoDebugPrint][127] 
[20240124_13:17:16_423] # [T67053][APAVisionOblAdd][1323]Vision Obl merge: 62
[20240124_13:17:16_423] # [T67053][APAVisionOblAdd][1326]Receive Vision Obl CrossPointCoord: 0: -8010, 16232; 1: -3241, 16373
[20240124_13:17:16_423] # [T67054][APAVisionOblInfoDebugPrint][118]VisionOblInfo:
[20240124_13:17:16_423] # [T67054][APAVisionOblInfoDebugPrint][119]OblType: 0, bIsMerge 0, DetectCount 94
[20240124_13:17:16_423] # [T67054][APAVisionOblInfoDebugPrint][122]CrossPointCoord: 0: -8038, 16233; 1: -3239, 16385
[20240124_13:17:16_423] # [T67055][APAVisionOblInfoDebugPrint][125]OriginCrossPointCoord: 0: 8051, 3507; 1: 3283, 3674
[20240124_13:17:16_424] # [T67055][APAVisionOblInfoDebugPrint][126]VehCoordAndAng: 21, 12681, ang -0.005(-0.313)
[20240124_13:17:16_424] # [T67056][APAVisionOblInfoDebugPrint][127] 
[20240124_13:17:16_424] # [T67056][VisionSlotAddValidCheck][893]Vision slot Length: 2386,2386, Depth 5004,5004
[20240124_13:17:16_424] # [T67057][VisionSlotAdd][1521]Added Vision Slot[1][1] Num 2 OriCoord: 0: -2520, 3759; 1: -7518, 4021; 2: -7643, 1638; 3: -2645, 1376
[20240124_13:17:16_424] # [T67057][VisionSlotAdd][1522]VehCoordAndAngle: 21, 12681, ang -0.005 (-0.313)
[20240124_13:17:16_424] # [T67058][VisionSlotAdd][1523]Current VehPos: 21, 12681, ang -0.005 (-0.313)
[20240124_13:17:16_424] # [T67058][VisionSlotAdd][1528]Convert Vision Slot[1][1] Coord: 0: 2561, 16426; 1: 7560, 16661; 2: 7672, 14277; 3: 2673, 14043
[20240124_13:17:16_425] # [T67059][VisionSlotAdd][1533]Old Vision Slot[1][1] Coord: 0: 2555, 16439; 1: 7585, 16663; 2: 7691, 14274; 3: 2661, 14050
[20240124_13:17:16_425] # [T67060][VisionSlotAddSlotWeightCal][1014]u32Weight: 9, CentreY: 2567.500, DisY: 1279.500, SlotAng: 176.999
[20240124_13:17:16_425] # [T67060][VisionSlotAdd][1576]New Vision Slot[1][1] Coord: 0: 2555, 16439; 1: 7584, 16663; 2: 7691, 14274; 3: 2661, 14050
[20240124_13:17:16_425] # [T67061][VisionSlotAdd][1600]vision slot [1][1], u32Weight: 9, Sum: 664, SlotAng: 2.551, CurSlotAng: 2.687
[20240124_13:17:16_425] # [T67061][VisionSlotAddValidCheck][893]Vision slot Length: 2229,2229, Depth 4770,4770
[20240124_13:17:16_425] # [T67062][VisionSlotAdd][1521]Added Vision Slot[0][3] Num 4 OriCoord: 0: 3283, 3674; 1: 8051, 3507; 2: 7973, 1279; 3: 3205, 1446
[20240124_13:17:16_426] # [T67063][VisionSlotAdd][1522]VehCoordAndAngle: 21, 12681, ang -0.005 (-0.313)
[20240124_13:17:16_426] # [T67063][VisionSlotAdd][1523]Current VehPos: 21, 12681, ang -0.005 (-0.313)
[20240124_13:17:16_426] # [T67063][VisionSlotAdd][1528]Convert Vision Slot[0][3] Coord: 0: -3241, 16373; 1: -8010, 16232; 2: -7944, 14004; 3: -3175, 14145
[20240124_13:17:16_426] # [T67064][VisionSlotAdd][1533]Old Vision Slot[0][3] Coord: 0: -3234, 16368; 1: -8036, 16225; 2: -7969, 13989; 3: -3167, 14132
[20240124_13:17:16_426] # [T67065][VisionSlotAddSlotWeightCal][1014]u32Weight: 9, CentreY: 2560.000, DisY: 1272.000, SlotAng: -2.006
[20240124_13:17:16_427] # [T67065][VisionSlotAdd][1576]New Vision Slot[0][3] Coord: 0: -3234, 16368; 1: -8036, 16225; 2: -7969, 13989; 3: -3167, 14132
[20240124_13:17:16_427] # [T67066][VisionSlotAdd][1600]vision slot [0][3], u32Weight: 9, Sum: 689, SlotAng: -178.295, CurSlotAng: -178.307
[20240124_13:17:16_428] # [T67131][APAVisionOblAdd][1323]Vision Obl merge: 62
[20240124_13:17:16_428] # [T67131][APAVisionOblAdd][1326]Receive Vision Obl CrossPointCoord: 0: -8030, 16208; 1: -3246, 16349
[20240124_13:17:16_428] # [T67131][APAVisionOblInfoDebugPrint][118]VisionOblInfo:
[20240124_13:17:16_428] # [T67132][APAVisionOblInfoDebugPrint][119]OblType: 0, bIsMerge 0, DetectCount 95
[20240124_13:17:16_428] # [T67132][APAVisionOblInfoDebugPrint][122]CrossPointCoord: 0: -8038, 16233; 1: -3239, 16385
[20240124_13:17:16_429] # [T67133][APAVisionOblInfoDebugPrint][125]OriginCrossPointCoord: 0: 8071, 3483; 1: 3288, 3650
[20240124_13:17:16_429] # [T67133][APAVisionOblInfoDebugPrint][126]VehCoordAndAng: 21, 12681, ang -0.005(-0.313)
[20240124_13:17:16_429] # [T67134][APAVisionOblInfoDebugPrint][127] 
[20240124_13:17:16_429] # [T67134][APAVisionOblAdd][1323]Vision Obl merge: 63
[20240124_13:17:16_429] # [T67134][APAVisionOblAdd][1326]Receive Vision Obl CrossPointCoord: 0: 2526, 16423; 1: 7554, 16659
[20240124_13:17:16_429] # [T67135][APAVisionOblInfoDebugPrint][118]VisionOblInfo:
[20240124_13:17:16_429] # [T67135][APAVisionOblInfoDebugPrint][119]OblType: 0, bIsMerge 0, DetectCount 90
[20240124_13:17:16_430] # [T67135][APAVisionOblInfoDebugPrint][122]CrossPointCoord: 0: 2546, 16444; 1: 7565, 16674
[20240124_13:17:16_430] # [T67136][APAVisionOblInfoDebugPrint][125]OriginCrossPointCoord: 0: -2485, 3756; 1: -7512, 4019
[20240124_13:17:16_430] # [T67136][APAVisionOblInfoDebugPrint][126]VehCoordAndAng: 21, 12681, ang -0.005(-0.313)
[20240124_13:17:16_430] # [T67137][APAVisionOblInfoDebugPrint][127] 
[20240124_13:17:16_430] # [T67137][VisionSlotAddValidCheck][893]Vision slot Length: 2231,2231, Depth 4785,4785
[20240124_13:17:16_430] # [T67138][VisionSlotAdd][1521]Added Vision Slot[0][3] Num 4 OriCoord: 0: 3288, 3650; 1: 8071, 3483; 2: 7993, 1253; 3: 3210, 1420
[20240124_13:17:16_430] # [T67138][VisionSlotAdd][1522]VehCoordAndAngle: 21, 12681, ang -0.005 (-0.313)
[20240124_13:17:16_431] # [T67139][VisionSlotAdd][1523]Current VehPos: 21, 12681, ang -0.005 (-0.313)
[20240124_13:17:16_431] # [T67139][VisionSlotAdd][1528]Convert Vision Slot[0][3] Coord: 0: -3246, 16349; 1: -8030, 16208; 2: -7964, 13978; 3: -3181, 14119
[20240124_13:17:16_431] # [T67140][VisionSlotAdd][1533]Old Vision Slot[0][3] Coord: 0: -3234, 16368; 1: -8036, 16225; 2: -7969, 13989; 3: -3167, 14132
[20240124_13:17:16_431] # [T67141][VisionSlotAddSlotWeightCal][1014]u32Weight: 9, CentreY: 2535.000, DisY: 1247.000, SlotAng: -2.000
[20240124_13:17:16_431] # [T67141][VisionSlotAdd][1576]New Vision Slot[0][3] Coord: 0: -3234, 16368; 1: -8036, 16225; 2: -7969, 13989; 3: -3167, 14132
[20240124_13:17:16_431] # [T67142][VisionSlotAdd][1600]vision slot [0][3], u32Weight: 9, Sum: 698, SlotAng: -178.295, CurSlotAng: -178.314
[20240124_13:17:16_432] # [T67143][VisionSlotAddValidCheck][893]Vision slot Length: 2401,2401, Depth 5033,5033
[20240124_13:17:16_432] # [T67143][VisionSlotAdd][1521]Added Vision Slot[1][1] Num 2 OriCoord: 0: -2485, 3756; 1: -7512, 4019; 2: -7638, 1621; 3: -2611, 1358
[20240124_13:17:16_432] # [T67144][VisionSlotAdd][1522]VehCoordAndAngle: 21, 12681, ang -0.005 (-0.313)
[20240124_13:17:16_432] # [T67144][VisionSlotAdd][1523]Current VehPos: 21, 12681, ang -0.005 (-0.313)
[20240124_13:17:16_432] # [T67145][VisionSlotAdd][1528]Convert Vision Slot[1][1] Coord: 0: 2526, 16423; 1: 7554, 16659; 2: 7667, 14260; 3: 2639, 14025
[20240124_13:17:16_432] # [T67145][VisionSlotAdd][1533]Old Vision Slot[1][1] Coord: 0: 2555, 16439; 1: 7584, 16663; 2: 7691, 14274; 3: 2661, 14050
[20240124_13:17:16_433] # [T67146][VisionSlotAddSlotWeightCal][1014]u32Weight: 9, CentreY: 2557.000, DisY: 1269.000, SlotAng: 177.005
[20240124_13:17:16_433] # [T67147][VisionSlotAdd][1576]New Vision Slot[1][1] Coord: 0: 2555, 16439; 1: 7584, 16663; 2: 7691, 14274; 3: 2661, 14050
[20240124_13:17:16_433] # [T67147][VisionSlotAdd][1600]vision slot [1][1], u32Weight: 9, Sum: 673, SlotAng: 2.553, CurSlotAng: 2.681
[20240124_13:17:16_433] # [T67211][APAVisionOblAdd][1323]Vision Obl merge: 62
[20240124_13:17:16_433] # [T67211][APAVisionOblAdd][1326]Receive Vision Obl CrossPointCoord: 0: -8070, 16236; 1: -3235, 16379
[20240124_13:17:16_433] # [T67211][APAVisionOblInfoDebugPrint][118]VisionOblInfo:
[20240124_13:17:16_434] # [T67212][APAVisionOblInfoDebugPrint][119]OblType: 0, bIsMerge 0, DetectCount 96
[20240124_13:17:16_435] # [T67212][APAVisionOblInfoDebugPrint][122]CrossPointCoord: 0: -8038, 16233; 1: -3239, 16385
[20240124_13:17:16_435] # [T67213][APAVisionOblInfoDebugPrint][125]OriginCrossPointCoord: 0: 8111, 3511; 1: 3277, 3680
[20240124_13:17:16_435] # [T67213][APAVisionOblInfoDebugPrint][126]VehCoordAndAng: 21, 12681, ang -0.005(-0.313)
[20240124_13:17:16_435] # [T67214][APAVisionOblInfoDebugPrint][127] 
[20240124_13:17:16_435] # [T67214][APAVisionOblAdd][1323]Vision Obl merge: 63
[20240124_13:17:16_436] # [T67214][APAVisionOblAdd][1326]Receive Vision Obl CrossPointCoord: 0: 2550, 16426; 1: 7536, 16660
[20240124_13:17:16_436] # [T67215][APAVisionOblInfoDebugPrint][118]VisionOblInfo:
[20240124_13:17:16_436] # [T67215][APAVisionOblInfoDebugPrint][119]OblType: 0, bIsMerge 0, DetectCount 91
[20240124_13:17:16_436] # [T67215][APAVisionOblInfoDebugPrint][122]CrossPointCoord: 0: 2546, 16444; 1: 7565, 16674
[20240124_13:17:16_436] # [T67216][APAVisionOblInfoDebugPrint][125]OriginCrossPointCoord: 0: -2509, 3759; 1: -7494, 4020
[20240124_13:17:16_436] # [T67216][APAVisionOblInfoDebugPrint][126]VehCoordAndAng: 21, 12681, ang -0.005(-0.313)
[20240124_13:17:16_436] # [T67217][APAVisionOblInfoDebugPrint][127] 
[20240124_13:17:16_437] # [T67217][VisionSlotAddValidCheck][893]Vision slot Length: 2244,2243, Depth 4836,4835
[20240124_13:17:16_437] # [T67218][VisionSlotAdd][1521]Added Vision Slot[0][3] Num 4 OriCoord: 0: 3277, 3680; 1: 8111, 3511; 2: 8032, 1269; 3: 3199, 1437
[20240124_13:17:16_437] # [T67218][VisionSlotAdd][1522]VehCoordAndAngle: 21, 12681, ang -0.005 (-0.313)
[20240124_13:17:16_437] # [T67219][VisionSlotAdd][1523]Current VehPos: 21, 12681, ang -0.005 (-0.313)
[20240124_13:17:16_437] # [T67219][VisionSlotAdd][1528]Convert Vision Slot[0][3] Coord: 0: -3235, 16379; 1: -8070, 16236; 2: -8003, 13994; 3: -3169, 14136
[20240124_13:17:16_437] # [T67220][VisionSlotAdd][1533]Old Vision Slot[0][3] Coord: 0: -3234, 16368; 1: -8036, 16225; 2: -7969, 13989; 3: -3167, 14132
[20240124_13:17:16_438] # [T67221][VisionSlotAddSlotWeightCal][1014]u32Weight: 9, CentreY: 2558.500, DisY: 1270.500, SlotAng: -1.997
[20240124_13:17:16_438] # [T67221][VisionSlotAdd][1576]New Vision Slot[0][3] Coord: 0: -3234, 16368; 1: -8036, 16225; 2: -7969, 13989; 3: -3168, 14132
[20240124_13:17:16_438] # [T67222][VisionSlotAdd][1600]vision slot [0][3], u32Weight: 9, Sum: 707, SlotAng: -178.295, CurSlotAng: -178.317
[20240124_13:17:16_438] # [T67223][VisionSlotAddValidCheck][893]Vision slot Length: 2366,2366, Depth 4991,4991
[20240124_13:17:16_438] # [T67223][VisionSlotAdd][1521]Added Vision Slot[1][1] Num 2 OriCoord: 0: -2509, 3759; 1: -7494, 4020; 2: -7618, 1657; 3: -2633, 1396
[20240124_13:17:16_438] # [T67224][VisionSlotAdd][1522]VehCoordAndAngle: 21, 12681, ang -0.005 (-0.313)
[20240124_13:17:16_440] # [T67224][VisionSlotAdd][1523]Current VehPos: 21, 12681, ang -0.005 (-0.313)
[20240124_13:17:16_440] # [T67225][VisionSlotAdd][1528]Convert Vision Slot[1][1] Coord: 0: 2550, 16426; 1: 7536, 16660; 2: 7648, 14296; 3: 2661, 14063
[20240124_13:17:16_440] # [T67225][VisionSlotAdd][1533]Old Vision Slot[1][1] Coord: 0: 2555, 16439; 1: 7584, 16663; 2: 7691, 14274; 3: 2661, 14050
[20240124_13:17:16_440] # [T67226][VisionSlotAddSlotWeightCal][1014]u32Weight: 8, CentreY: 2577.500, DisY: 1289.500, SlotAng: 177.003
[20240124_13:17:16_440] # [T67227][VisionSlotAdd][1576]New Vision Slot[1][1] Coord: 0: 2555, 16439; 1: 7584, 16663; 2: 7690, 14274; 3: 2661, 14050
[20240124_13:17:16_442] # [T67227][VisionSlotAdd][1600]vision slot [1][1], u32Weight: 8, Sum: 681, SlotAng: 2.554, CurSlotAng: 2.684
[20240124_13:17:16_442] # [T67294][APAVisionOblAdd][1323]Vision Obl merge: 62
[20240124_13:17:16_442] # [T67294][APAVisionOblAdd][1326]Receive Vision Obl CrossPointCoord: 0: -8019, 16209; 1: -3218, 16350
[20240124_13:17:16_442] # [T67294][APAVisionOblInfoDebugPrint][118]VisionOblInfo:
[20240124_13:17:16_442] # [T67295][APAVisionOblInfoDebugPrint][119]OblType: 0, bIsMerge 0, DetectCount 97
[20240124_13:17:16_442] # [T67295][APAVisionOblInfoDebugPrint][122]CrossPointCoord: 0: -803, 16233; 1: -3239, 16384
[20240124_13:17:16_442] # [T67296][APAVisionOblInfoDebugPrint][125]OriginCrossPointCoord: 0: 8060, 3484; 1: 3260, 3651
[20240124_13:17:16_443] # [T67296][APAVisionOblInfoDebugPrint][126]VehCoordAndAng: 21, 12681, ang -0.005(-0.313)
[20240124_13:17:16_443] # [T67297][APAVisionOblInfoDebugPrint][127] 
[20240124_13:17:16_444] # [T67297][APAVisionOblAdd][1323]Vision Obl merge: 63
[20240124_13:17:16_444] # [T67297][APAVisionOblAdd][1326]Receive Vision Obl CrossPointCoord: 0: 2540, 16450; 1: 7593, 16688
[20240124_13:17:16_444] # [T67298][APAVisionOblInfoDebugPrint][118]VisionOblInfo:
[20240124_13:17:16_444] # [T67298][APAVisionOblInfoDebugPrint][119]OblType: 0, bIsMerge 0, DetectCount 92
[20240124_13:17:16_444] # [T67299][APAVisionOblInfoDebugPrint][122]CrossPointCoord: 0: 2546, 16444; 1: 7565, 16674
[20240124_13:17:16_445] # [T67299][APAVisionOblInfoDebugPrint][125]OriginCrossPointCoord: 0: -2499, 3783; 1: -7550, 4048
[20240124_13:17:16_445] # [T67300][APAVisionOblInfoDebugPrint][126]VehCoordAndAng: 21, 12681, ang -0.005(-0.313)
[20240124_13:17:16_445] # [T67300][APAVisionOblInfoDebugPrint][127] 
[20240124_13:17:16_445] # [T67300][VisionSlotAddValidCheck][893]Vision slot Length: 2231,2231, Depth 4802,4802
[20240124_13:17:16_445] # [T67301][VisionSlotAdd][1521]Added Vision Slot[0][3] Num 4 OriCoord: 0: 3260, 3651; 1: 8060, 3484; 2: 7982, 1254; 3: 3182, 1421
[20240124_13:17:16_448] # [T67301][VisionSlotAdd][1522]VehCoordAndAngle: 21, 12681, ang -0.005 (-0.313)
[20240124_13:17:16_448] # [T67302][VisionSlotAdd][1523]Current VehPos: 21, 12681, ang -0.005 (-0.313)
[20240124_13:17:16_448] # [T67302][VisionSlotAdd][1528]Convert Vision Slot[0][3] Coord: 0: -3218, 16350; 1: -8019, 16209; 2: -7953, 13979; 3: -3153, 14120
[20240124_13:17:16_449] # [T67303][VisionSlotAdd][1533]Old Vision Slot[0][3] Coord: 0: -3234, 16368; 1: -8036, 16225; 2: -7969, 13989; 3: -3168, 14132
[20240124_13:17:16_449] # [T67304][VisionSlotAddSlotWeightCal][1014]u32Weight: 9, CentreY: 2536.000, DisY: 1248.000, SlotAng: -1.993
[20240124_13:17:16_449] # [T67304][VisionSlotAdd][1576]New Vision Slot[0][3] Coord: 0: -3234, 16368; 1: -8036, 16225; 2: -7969, 13989; 3: -3167, 14132
[20240124_13:17:16_449] # [T67305][VisionSlotAdd][1600]vision slot [0][3], u32Weight: 9, Sum: 716, SlotAng: -178.295, CurSlotAng: -178.321
[20240124_13:17:16_449] # [T67306][VisionSlotAddValidCheck][893]Vision slot Length: 2401,2401, Depth 5057,5057
[20240124_13:17:16_449] # [T67306][VisionSlotAdd][1521]Added Vision Slot[1][1] Num 2 OriCoord: 0: -2499, 3783; 1: -7550, 4048; 2: -7676, 1650; 3: -2625, 1385
[20240124_13:17:16_450] # [T67307][VisionSlotAdd][1522]VehCoordAndAngle: 21, 12681, ang -0.005 (-0.313)
[20240124_13:17:16_450] # [T67307][VisionSlotAdd][1523]Current VehPos: 21, 12681, ang -0.005 (-0.313)
[20240124_13:17:16_450] # [T67308][VisionSlotAdd][1528]Convert Vision Slot[1][1] Coord: 0: 2540, 16450; 1: 7593, 16688; 2: 7706, 14289; 3: 2653, 14052
[20240124_13:17:16_450] # [T67308][VisionSlotAdd][1533]Old Vision Slot[1][1] Coord: 0: 2555, 16439; 1: 7584, 16663; 2: 7690, 14274; 3: 2661, 14050
[20240124_13:17:16_450] # [T67309][VisionSlotAddSlotWeightCal][1014]u32Weight: 8, CentreY: 2584.000, DisY: 1296.000, SlotAng: 176.997
[20240124_13:17:16_450] # [T67310][VisionSlotAdd][1576]New Vision Slot[1][1] Coord: 0: 2554, 16439; 1: 7584, 16663; 2: 7690, 14275; 3: 2661, 14050
[20240124_13:17:16_451] # [T67310][VisionSlotAdd][1600]vision slot [1][1], u32Weight: 8, Sum: 689, SlotAng: 2.556, CurSlotAng: 2.690
[20240124_13:17:16_451] # [T67375][APAVisionOblAdd][1323]Vision Obl merge: 62
[20240124_13:17:16_451] # [T67375][APAVisionOblAdd][1326]Receive Vision Obl CrossPointCoord: 0: -8016, 16216; 1: -3215, 16357
[20240124_13:17:16_451] # [T67375][APAVisionOblInfoDebugPrint][118]VisionOblInfo:
[20240124_13:17:16_451] # [T67376][APAVisionOblInfoDebugPrint][119]OblType: 0, bIsMerge 0, DetectCount 98
[20240124_13:17:16_451] # [T67376][APAVisionOblInfoDebugPrint][122]CrossPointCoord: 0: -8038, 16233; 1: -3238, 16384
[20240124_13:17:16_451] # [T67377][APAVisionOblInfoDebugPrint][125]OriginCrossPointCoord: 0: 8057, 3491; 1: 3257, 3658
[20240124_13:17:16_452] # [T67377][APAVisionOblInfoDebugPrint][126]VehCoordAndAng: 21, 12681, ang -0.005(-0.313)
[20240124_13:17:16_452] # [T67378][APAVisionOblInfoDebugPrint][127] 
[20240124_13:17:16_452] # [T67378][APAVisionOblAdd][1323]Vision Obl merge: 63
[20240124_13:17:16_452] # [T67378][APAVisionOblAdd][1326]Receive Vision Obl CrossPointCoord: 0: 2532, 16461; 1: 7548, 16697
[20240124_13:17:16_452] # [T67379][APAVisionOblInfoDebugPrint][118]VisionOblInfo:
[20240124_13:17:16_452] # [T67379][APAVisionOblInfoDebugPrint][119]OblType: 0, bIsMerge 0, DetectCount 93
[20240124_13:17:16_455] # [T67379][APAVisionOblInfoDebugPrint][122]CrossPointCoord: 0: 2545, 16444; 1: 7565, 16674
[20240124_13:17:16_456] # [T67380][APAVisionOblInfoDebugPrint][125]OriginCrossPointCoord: 0: -2491, 3794; 1: -7505, 4057
[20240124_13:17:16_456] # [T67380][APAVisionOblInfoDebugPrint][126]VehCoordAndAng: 21, 12681, ang -0.005(-0.313)
[20240124_13:17:16_456] # [T67381][APAVisionOblInfoDebugPrint][127] 
[20240124_13:17:16_456] # [T67381][VisionSlotAddValidCheck][893]Vision slot Length: 2226,2227, Depth 4802,4802
[20240124_13:17:16_456] # [T67382][VisionSlotAdd][1521]Added Vision Slot[0][3] Num 4 OriCoord: 0: 3257, 3658; 1: 8057, 3491; 2: 7980, 1265; 3: 3180, 1433
[20240124_13:17:16_457] # [T67382][VisionSlotAdd][1522]VehCoordAndAngle: 21, 12681, ang -0.005 (-0.313)
[20240124_13:17:16_457] # [T67383][VisionSlotAdd][1523]Current VehPos: 21, 12681, ang -0.005 (-0.313)
[20240124_13:17:16_457] # [T67383][VisionSlotAdd][1528]Convert Vision Slot[0][3] Coord: 0: -3215, 16357; 1: -8016, 16216; 2: -7951, 13990; 3: -3151, 14131
[20240124_13:17:16_457] # [T67384][VisionSlotAdd][1533]Old Vision Slot[0][3] Coord: 0: -3234, 16368; 1: -8036, 16225; 2: -7969, 13989; 3: -3167, 14132
[20240124_13:17:16_457] # [T67385][VisionSlotAddSlotWeightCal][1014]u32Weight: 9, CentreY: 2545.500, DisY: 1257.500, SlotAng: -1.999
[20240124_13:17:16_458] # [T67385][VisionSlotAdd][1576]New Vision Slot[0][3] Coord: 0: -3234, 16368; 1: -8036, 16225; 2: -7969, 13989; 3: -3167, 14132
[20240124_13:17:16_458] # [T67386][VisionSlotAdd][1600]vision slot [0][3], u32Weight: 9, Sum: 725, SlotAng: -178.296, CurSlotAng: -178.315
[20240124_13:17:16_458] # [T67387][VisionSlotAddValidCheck][893]Vision slot Length: 2428,2428, Depth 5020,5020
[20240124_13:17:16_458] # [T67387][VisionSlotAdd][1521]Added Vision Slot[1][1] Num 2 OriCoord: 0: -2491, 3794; 1: -7505, 4057; 2: -7632, 1632; 3: -2618, 1369
[20240124_13:17:16_458] # [T67388][VisionSlotAdd][1522]VehCoordAndAngle: 21, 12681, ang -0.005 (-0.313)
[20240124_13:17:16_458] # [T67388][VisionSlotAdd][1523]Current VehPos: 21, 12681, ang -0.005 (-0.313)
[20240124_13:17:16_459] # [T67389][VisionSlotAdd][1528]Convert Vision Slot[1][1] Coord: 0: 2532, 16461; 1: 7548, 16697; 2: 7661, 14271; 3: 2646, 14036
[20240124_13:17:16_459] # [T67389][VisionSlotAdd][1533]Old Vision Slot[1][1] Coord: 0: 2554, 16439; 1: 7584, 16663; 2: 7690, 14275; 3: 2661, 14050
[20240124_13:17:16_459] # [T67390][VisionSlotAddSlotWeightCal][1014]u32Weight: 8, CentreY: 2581.500, DisY: 1293.500, SlotAng: 176.997
[20240124_13:17:16_459] # [T67391][VisionSlotAdd][1576]New Vision Slot[1][1] Coord: 0: 2554, 16439; 1: 7583, 16664; 2: 7690, 14275; 3: 2661, 14050
[20240124_13:17:16_459] # [T67391][VisionSlotAdd][1600]vision slot [1][1], u32Weight: 8, Sum: 697, SlotAng: 2.557, CurSlotAng: 2.689
[20240124_13:17:16_459] #   67444-task_radar-118: RadarCaptureCnt is 332 
[20240124_13:17:16_459] # 
[20240124_13:17:16_460] # [T67457][APAVisionOblAdd][1323]Vision Obl merge: 62
[20240124_13:17:16_460] # [T67457][APAVisionOblAdd][1326]Receive Vision Obl CrossPointCoord: 0: -8010, 16202; 1: -3228, 16343
[20240124_13:17:16_460] # [T67457][APAVisionOblInfoDebugPrint][118]VisionOblInfo:
[20240124_13:17:16_460] # [T67458][APAVisionOblInfoDebugPrint][119]OblType: 0, bIsMerge 0, DetectCount 99
[20240124_13:17:16_460] # [T67458][APAVisionOblInfoDebugPrint][122]CrossPointCoord: 0: -8037, 16232; 1: -3238, 16384
[20240124_13:17:16_460] # [T67459][APAVisionOblInfoDebugPrint][125]OriginCrossPointCoord: 0: 8051, 3477; 1: 3270, 3644
[20240124_13:17:16_461] # [T67459][APAVisionOblInfoDebugPrint][126]VehCoordAndAng: 21, 12681, ang -0.005(-0.313)
[20240124_13:17:16_461] # [T67460][APAVisionOblInfoDebugPrint][127] 
[20240124_13:17:16_461] # [T67460][APAVisionOblAdd][1323]Vision Obl merge: 63
[20240124_13:17:16_461] # [T67460][APAVisionOblAdd][1326]Receive Vision Obl CrossPointCoord: 0: 2559, 16425; 1: 7561, 16660
[20240124_13:17:16_461] # [T67461][APAVisionOblInfoDebugPrint][118]VisionOblInfo:
[20240124_13:17:16_461] # [T67461][APAVisionOblInfoDebugPrint][119]OblType: 0, bIsMerge 0, DetectCount 94
[20240124_13:17:16_462] # [T67462][APAVisionOblInfoDebugPrint][122]CrossPointCoord: 0: 2546, 16444; 1: 7565, 16674
[20240124_13:17:16_462] # [T67462][APAVisionOblInfoDebugPrint][12]OriginCrossPointCoord: 0: -2518, 3758; 1: -7519, 4020
[20240124_13:17:16_463] # [T67463][APAVisionOblInfoDebugPrint][126]VehCoordAndAng: 21, 12681, ang -0.005(-0.313)
[20240124_13:17:16_463] # [T67463][APAVisionOblInfoDebugPrint][127] 
[20240124_13:17:16_463] # [T67463][VisionSlotAddValidCheck][893]Vision slot Length: 2229,2229, Depth 4783,4784
[20240124_13:17:16_463] # [T67464][VisionSlotAdd][1521]Added Vision Slot[0][3] Num 4 OriCoord: 0: 3270, 3644; 1: 8051, 3477; 2: 7974, 1249; 3: 3192, 1416
[20240124_13:17:16_464] # [T67464][VisionSlotAdd][1522]VehCoordAndAngle: 21, 12681, ang -0.005 (-0.313)
[20240124_13:17:16_464] # [T67465][VisionSlotAdd][1523]Current VehPos: 21, 12681, ang -0.005 (-0.313)
[20240124_13:17:16_464] # [T67465][VisionSlotAdd][1528]Convert Vision Slot[0][3] Coord: 0: -3228, 16343; 1: -8010, 16202; 2: -7945, 13974; 3: -3163, 14115
[20240124_13:17:16_464] # [T67466][VisionSlotAdd][1533]Old Vision Slot[0][3] Coord: 0: -3234, 16368; 1: -8036, 16225; 2: -7969, 13989; 3: -3167, 14132
[20240124_13:17:16_464] # [T67467][VisionSlotAddSlotWeightCal][1014]u32Weight: 9, CentreY: 2530.000, DisY: 1242.000, SlotAng: -2.000
[20240124_13:17:16_464] # [T6746][VisionSlotAdd][1576]New Vision Slot[0][3] Coord: 0: -3234, 16367; 1: -8035, 16224; 2: -7969, 13989; 3: -3167, 14132
[20240124_13:17:16_464] # [T67468][VisionSlotAdd][1600]vision slot [0][3], u32Weight: 9, Sum: 734, SlotAng: -178.296, CurSlotAng: -178.313
[20240124_13:17:16_465] # [T67469][VisionSlotAddValidCheck][893]Vision slot Length: 2386,2386, Depth 5007,5007
[20240124_13:17:16_465] # [T67469][VisionSlotAdd][1521]Added Vision Slot[1][1] Num 2 OriCoord: 0: -2518, 3758; 1: -7519, 4020; 2: -7644, 1637; 3: -2643, 1375
[20240124_13:17:16_465] # [T67470][VisionSlotAdd][1522]VehCoordAndAngle: 21, 12681, ang -0.005 (-0.313)
[20240124_13:17:16_465] # [T67470][VisionSlotAdd][1523]Current VehPos: 21, 12681, ang -0.005 (-0.313)
[20240124_13:17:16_465] # [T67471][VisionSlotAdd][1528]Convert Vision Slot[1][1] Coord: 0: 2559, 16425; 1: 7561, 16660; 2: 7673, 14276; 3: 2671, 14042
[20240124_13:17:16_465] # [T67471][VisionSlotAdd][1533]Old Vision Slot[1][1] Coord: 0: 2554, 16439; 1: 7583, 16664; 2: 7690, 14275; 3: 2661, 14050
[20240124_13:17:16_466] # [T67472][VisionSlotAddSlotWeightCal][1014]u32Weight: 9, CentreY: 2566.500, DisY: 1278.500, SlotAng: 177.001
[20240124_13:17:16_466] # [T67473][VisionSlotAdd][1576]New Vision Slot[1][1] Coord: 0: 2554, 16439; 1: 7583, 16663; 2: 7690, 14275; 3: 2661, 14050
[20240124_13:17:16_466] # [T67473][VisionSlotAdd][1600]vision slot [1][1], u32Weight: 9, Sum: 706, SlotAng: 2.559, CurSlotAng: 2.686
[20240124_13:17:16_466] # [T67536][VisionSlotAddValidCheck][893]Vision slot Length: 2227,2226, Depth 4798,4797
[20240124_13:17:16_466] # [T67536][VisionSlotAdd][1521]Added Vision Slot[0][3] Num 4 OriCoord: 0: 3270, 3659; 1: 8066, 3491; 2: 7988, 1266; 3: 3193, 1433
[20240124_13:17:16_467] # [T67537][VisionSlotAdd][1522]VehCoordAndAngle: 21, 12681, ang -0.005 (-0.313)
[20240124_13:17:16_467] # [T67537][VisionSlotAdd][1523]Current VehPos: 21, 12681, ang -0.005 (-0.313)
[20240124_13:17:16_467] # [T67538][VisionSlotAdd][1528]Convert Vision Slot[0][3] Coord: 0: -3228, 16358; 1: -8025, 16216; 2: -7959, 13991; 3: -3164, 14132
[20240124_13:17:16_467] # [T67538][VisionSlotAdd][1533]Old Vision Slot[0][3] Coord: 0: -3234, 16367; 1: -8035, 16224; 2: -7969, 13989; 3: -3167, 14132
[20240124_13:17:16_467] # [T67539][VisionSlotAddSlotWeightCal][1014]u32Weight: 9, CentreY: 2546.000, DisY: 1258.000, SlotAng: -2.000
[20240124_13:17:16_468] # [T67540][VisionSlotAdd][1576]New Vision Slot[0][3] Coord: 0: -3234, 16367; 1: -8035, 16224; 2: -7969, 13989; 3: -3167, 14132
[20240124_13:17:16_468] # [T67540][VisionSlotAdd][1600]vision slot [0][3], u32Weight: 9, Sum: 743, SlotAng: -178.296, CurSlotAng: -178.313
[20240124_13:17:16_468] # [T67541][VisionSlotAddValidCheck][893]Vision slot Length: 2387,2387, Depth 5000,5000
[20240124_13:17:16_468] # [T67541][VisionSlotAdd][1521]Added Vision Slot[1][1] Num 2 OriCoord: 0: -2530, 3757; 1: -7524, 4019; 2: -7649, 1635; 3: -2655, 1373
[20240124_13:17:16_468] # [T67542][VisionSlotAdd][1522]VehCoordAndAngle: 21, 12681, ang -0.005 (-0.313)
[20240124_13:17:16_469] # [T67542][VisionSlotAdd][1523]Current VehPos: 21, 12681, ang -0.005 (-0.313)
[20240124_13:17:16_469] # [T67543][VisionSlotAdd][1528]Convert Vision Slot[1][1] Coord: 0: 2571, 16424; 1: 7566, 16659; 2: 7678, 14274; 3: 2683, 14040
[20240124_13:17:16_469] # [T67544][VisionSlotAdd][1533]Old Vision Slot[1][1] Coord: 0: 2554, 16439; 1: 7583, 16663; 2: 7690, 14275; 3: 2661, 14050
[20240124_13:17:16_469] # [T67544][VisionSlotAddSlotWeightCal][1014]u32Weight: 9, CentreY: 2565.000, DisY: 1277.000, SlotAng: 176.997
[20240124_13:17:16_469] # [T67545][VisionSlotAdd][1576]New Vision Slot[1][1] Coord: 0: 2554, 16439; 1: 7583, 16663; 2: 7690, 14275; 3: 2661, 14050
[20240124_13:17:16_469] # [T67546][VisionSlotAdd][1600]vision slot [1][1], u32Weight: 9, Sum: 715, SlotAng: 2.561, CurSlotAng: 2.690
[20240124_13:17:16_471] # [T67546][APAVisionOblAdd][1323]Vision Obl merge: 62
[20240124_13:17:16_471] # [T67547][APAVisionOblAdd][1326]Receive Vision Obl CrossPointCoord: 0: -8025, 16216; 1: -3228, 16358
[20240124_13:17:16_471] # [T67547][APAVisionOblInfoDebugPrint][118]VisionOblInfo:
[20240124_13:17:16_471] # [T67547][APAVisionOblInfoDebugPrint][119]OblType: 0, bIsMerge 0, DetectCount 100
[20240124_13:17:16_471] # [T67548][APAVisionOblInfoDebugPrint][122]CrossPointCoord: 0: -8037, 16232; 1: -3238, 16383
[20240124_13:17:16_472] # [T67548][APAVisionOblInfoDebugPrint][125]OriginCrossPointCoord: 0: 8066, 3491; 1: 3270, 3659
[20240124_13:17:16_472] # [T67549][APAVisionOblInfoDebugPrint][126]VehCoordAndAng: 21, 12681, ang -0.005(-0.313)
[20240124_13:17:16_472] # [T67549][APAVisionOblInfoDebugPrint][127] 
[20240124_13:17:16_472] # [T67550][APAVisionOblAdd][1323]Vision Obl merge: 63
[20240124_13:17:16_472] # [T67550][APAVisionOblAdd][1326]Receive Vision Obl CrossPointCoord: 0: 2571, 16424; 1: 7566, 16659
[20240124_13:17:16_472] # [T67550][APAVisionOblInfoDebugPrint][118]VisionOblInfo:
[20240124_13:17:16_473] # [T67551][APAVisionOblInfoDebugPrint][119]OblType: 0, bIsMerge 0, DetectCount 95
[20240124_13:17:16_473] # [T67551][APAVisionOblInfoDebugPrint][122]CrossPointCoord: 0: 2546, 16444; 1: 7565, 16674
[20240124_13:17:16_473] # [T67552][APAVisionOblInfoDebugPrint][125]OriginCrossPointCoord: 0: -2530, 3757; 1: -7524, 4019
[20240124_13:17:16_473] # [T67552][APAVisionOblInfoDebugPrint][126]VehCoordAndAng: 21, 12681, ang -0.005(-0.313)
[20240124_13:17:16_473] # [T67553][APAVisionOblInfoDebugPrint][127] 
[20240124_13:17:16_473] # [T67618][APAVisionOblAdd][1323]Vision Obl merge: 62
[20240124_13:17:16_474] # [T67618][APAVisionOblAdd][1326]Receive Vision Obl CrossPointCoord: 0: -8023, 16216; 1: -3230, 16358
[20240124_13:17:16_474] # [T67618][APAVisionOblInfoDebugPrint][118]VisionOblInfo:
[20240124_13:17:16_474] # [T67619][APAVisionOblInfoDebugPrint][119]OblType: 0, bIsMerge 0, DetectCount 100
[20240124_13:17:16_474] # [T67619][APAVisionOblInfoDebugPrint][122]CrossPointCoord: 0: -8037, 16232; 1: -3238, 16383
[20240124_13:17:16_474] # [T67620][APAVisionOblInfoDebugPrint][125]OriginCrossPointCoord: 0: 8064, 3491; 1: 3272, 3659
[20240124_13:17:16_474] # [T67620][APAVisionOblInfoDebugPrint][126]VehCoordAndAng: 21, 12681, ang -0.005(-0.313)
[20240124_13:17:16_475] # [T67621][APAVisionOblInfoDebugPrint][127] 
[20240124_13:17:16_475] # [T67621][APAVisionOblAdd][1323]Vision Obl merge: 63
[20240124_13:17:16_475] # [T67621][APAVisionOblAdd][1326]Receive Vision Obl CrossPointCoord: 0: 2549, 16419; 1: 7574, 16656
[20240124_13:17:16_475] # [T67622][APAVisionOblInfoDebugPrint][118]VisionOblInfo:
[20240124_13:17:16_475] # [T67622][APAVisionOblInfoDebugPrint][119]OblType: 0, bIsMerge 0, DetectCount 96
[20240124_13:17:16_475] # [T67622][APAVisionOblInfoDebugPrint][122]CrossPointCoord: 0: 2546, 16444; 1: 7565, 16674
[20240124_13:17:16_476] # [T67623][APAVisionOblInfoDebugPrint][125]OriginCrossPointCoord: 0: -2508, 3752; 1: -7532, 4016
[20240124_13:17:16_476] # [T67623][APAVisionOblInfoDebugPrint][126]VehCoordAndAng: 21, 12681, ang -0.005(-0.313)
[20240124_13:17:16_476] # [T67624][APAVisionOblInfoDebugPrint][127] 
[20240124_13:17:16_476] # [T67624][VisionSlotAddValidCheck][893]Vision slot Length: 2231,2231, Depth 4794,4794
[20240124_13:17:16_476] # [T67625][VisionSlotAdd][1521]Added Vision Slot[0][3] Num 4 OriCoord: 0: 3272, 3659; 1: 8064, 3491; 2: 7986, 1261; 3: 3194, 1429
[20240124_13:17:16_477] # [T67625][VisionSlotAdd][1522]VehCoordAndAngle: 21, 12681, ang -0.005 (-0.313)
[20240124_13:17:16_477] # [T67626][VisionSlotAdd][1523]Current VehPos: 21, 12681, ang -0.005 (-0.313)
[20240124_13:17:16_477] # [T67626][VisionSlotAdd][1528]Convert Vision Slot[0][3] Coord: 0: -3230, 16358; 1 -8023, 16216; 2: -7957, 13986; 3: -3165, 14128
[20240124_13:17:16_477] # [T67627][VisionSlotAdd][1533]Old Vision Slot[0][3] Coord: 0: -3234, 16367; 1: -8035, 16224; 2: -7969, 13989; 3: -3167, 14132
[20240124_13:17:16_479] # [T67628][VisionSlotAddSlotWeightCal][1014]u32Weight: 9, CentreY: 2544.000, DisY: 1256.000, SlotAng: -2.008
[20240124_13:17:16_479] # [T67628][VisionSlotAdd][1576]New Vision Slot[0][3] Coord: 0: -3234, 16367; 1: -8035, 16224; 2: -7969, 13989; 3: -3167, 14132
[20240124_13:17:16_479] # [T67629][VisionSlotAdd][1600]vision slot [0][3], u32Weight: 9, Sum: 752, SlotAng: -178.296, CurSlotAng: -178.306
[20240124_13:17:16_479] # [T67630][VisionSlotAddValidCheck][893]Vision slot Length: 2375,2376, Depth 5030,5030
[20240124_13:17:16_479] # [T67630][VisionSlotAdd][1521]Added Vision Slot[1][1] Num 2 OriCoord: 0: -2508, 3752; 1: -7532, 4016; 2: -7657, 1643; 3: -2633, 1380
[20240124_13:17:16_480] # [T67631][VisionSlotAdd][1522]VehCoordAndAngle: 21, 12681, ang -0.005 (-0.313)
[20240124_13:17:16_480] # [T67631][VisionSlotAdd][1523]Current VehPos: 21, 12681, ang -0.005 (-0.313)
[20240124_13:17:16_480] # [T67632][VisionSlotAdd][1528]Convert Vision Slot[1][1] Coord: 0: 2549, 16419; 1: 7574, 16656; 2: 7686, 14282; 3: 2661, 14047
[20240124_13:17:16_480] # [T67632][VisionSlotAdd][1533]Old Vision Slot[1][1] Coord: 0: 2554, 16439; 1: 7583, 16663; 2: 7690, 14275; 3: 2661, 14050
[20240124_13:17:16_480] # [T67633][VisionSlotAddSlotWeightCal][1014]u32Weight: 9, CentreY: 2566.000, DisY: 1278.000, SlotAng: 176.998
[20240124_13:17:16_481] # [T67634][VisionSlotAdd][1576]New Vision Slot[1][1] Coord: 0: 2554, 16438; 1: 7583, 16663; 2: 7690, 14275; 3: 2661, 14050
[20240124_13:17:16_481] # [T67634][VisionSlotAdd][1600]vision slot [1][1], u32Weight: 9, Sum: 724, SlotAng: 2.562, CurSlotAng: 2.689
[20240124_13:17:16_481] # [T67698][APAVisionOblAdd][1323]Vision Obl merge: 62
[20240124_13:17:16_481] # [T67698][APAVisionOblAdd][1326]Receive Vision Obl CrossPointCoord: 0: -8044, 16210; 1: -3242, 16351
[20240124_13:17:16_482] # [T67698][APAVisionOblInfoDebugPrint][118]VisionOblInfo:
[20240124_13:17:16_482] # [T67699][APAVisionOblInfoDebugPrint][119]OblType: 0, bIsMerge 0, DetectCount 100
[20240124_13:17:16_482] # [T67699][APAVisionOblInfoDebugPrint][122]CrossPointCoord: 0: -8037, 16232; 1: -3238, 16383
[20240124_13:17:16_482] # [T67700][APAVisionOblInfoDebugPrint][125]OriginCrossPointCoord: 0: 8085, 3485; 1: 3284, 3652
[20240124_13:17:16_483] # [T67700][APAVisionOblInfoDebugPrint][126]VehCoordAndAng: 21, 12681, ang -0.005(-0.313)
[20240124_13:17:16_483] # [T67701][APAVisionOblInfoDebugPrint][127] 
[20240124_13:17:16_483] # [T67701][APAVisionOblAdd][1323]Vision Obl merge: 63
[20240124_13:17:16_483] # [T67701][APAVisionOblAdd][1326]Receive Vision Obl CrossPointCoord: 0: 2547, 16432; 1: 7577, 16669
[20240124_13:17:16_483] # [T67702][APAVisionOblInfoDebugPrint][118]VisionOblInfo:
[20240124_13:17:16_483] # [T67702][APAVisionOblInfoDebugPrint][119]OblType: 0, bIsMerge 0, DetectCount 97
[20240124_13:17:16_484] # [T67702][APAVisionOblInfoDebugPrint][122]CrossPointCoord: 0: 2546, 16444; 1: 7565, 16674
[20240124_13:17:16_484] # [T67703][APAVisionOblInfoDebugPrint][125]OriginCrossPointCoord: 0: -2506, 3765; 1: -7534, 4029
[20240124_13:17:16_484] # [T67703][APAVisionOblInfoDebugPrint][126]VehCoordAndAng: 21, 12681, ang -0.005(-0.313)
[20240124_13:17:16_484] # [T67704][APAVisionOblInfoDebugPrint][127] 
[20240124_13:17:16_484] # [T67704][VisionSlotAddValidCheck][893]Vision slot Length: 2245,2246, Depth 4803,4802
[20240124_13:17:16_484] # [T67705][VisionSlotAdd][1521]Added Vision Slot[0][3] Num 4 OriCoord: 0: 3284, 3652; 1: 8085, 3485; 2: 8006, 1240; 3: 3206, 1408
[20240124_13:17:16_484] # [T67705][VisionSlotAdd][1522]VehCoordAndAngle: 21, 12681, ang -0.005 (-0.313)
[20240124_13:17:16_485] # [T67706][VisionSlotAdd][1523]Current VehPos: 21, 12681, ang -0.005 (-0.313)
[20240124_13:17:16_485] # [T67706][VisionSlotAdd][1528]Convert Vision Slot[0][3] Coord: 0: -3242, 16351; 1: -8044, 16210; 2: -7978, 13965; 3: -3177, 14107
[20240124_13:17:16_485] # [T67707][VisionSlotAdd][1533]Old Vision Slot[0][3] Coord: 0: -3234, 16367; 1: -8035, 16224; 2: -7969, 13989; 3: -3167, 14132
[20240124_13:17:16_485] # [T67708][VisionSlotAddSlotWeightCal][1014]u32Weight: 9, CentreY: 2530.000, DisY: 1242.000, SlotAng: -1.998
[20240124_13:17:16_485] # [T67708][VisionSlotAdd][1576]New Vision Slot[0][3] Coord: 0: -3234, 16367; 1: -8035, 16224; 2: -7969, 13989; 3: -3167, 14131
[20240124_13:17:16_486] # [T67709][VisionSlotAdd][1600]vision slot [0][3], u32Weight: 9, Sum: 761, SlotAng: -178.296, CurSlotAng: -178.315
[20240124_13:17:16_486] # [T67710][VisionSlotAddValidCheck][893]Vision slot Length: 2403,2403, Depth 5034,5033
[20240124_13:17:16_487] # [T67710][VisionSlotAdd][1521]Added Vision Slot[1][1] Num 2 OriCoord: 0: -2506, 3765; 1: -7534, 4029; 2: -7659, 1629; 3: -2632, 1365
[20240124_13:17:16_487] # [T67711][VisionSlotAdd][1522]VehCoordAndAngle: 21, 12681, ang -0.005 (-0.313)
[20240124_13:17:16_487] # [T67711][VisionSlotAdd][1523]Current VehPos: 21, 12681, ang -0.005 (-0.313)
[20240124_13:17:16_487] # [T67712][VisionSlotAdd][1528]Convert Vision Slot[1][1] Coord: 0: 2547, 16432; 1: 7577, 16669; 2: 7688, 14268; 3: 2660, 14032
[20240124_13:17:16_488] # [T67712][VisionSlotAdd][1533]Old Vision Slot[1][1] Coord: 0: 2554, 16438; 1: 7583, 16663; 2: 7690, 14275; 3: 2661, 14050
[20240124_13:17:16_488] # [T67713][VisionSlotAddSlotWeightCal][1014]u32Weight: 9, CentreY: 2565.000, DisY: 1277.000, SlotAng: 176.994
[20240124_13:17:16_488] # [T67714][VisionSlotAdd][1576]New Vision Slot[1][1] Coord: 0: 2554, 16438; 1: 7583, 16663; 2: 7690, 14275; 3: 2661, 14049
[20240124_13:17:16_488] # [T67714][VisionSlotAdd][1600]vision slot [1][1], u32Weight: 9, Sum: 733, SlotAng: 2.564, CurSlotAng: 2.693
[20240124_13:17:16_488] # [T67779][VisionSlotAddValidCheck][893]Vision slot Length: 2247,2247, Depth 4823,4822
[20240124_13:17:16_489] # [T67779][VisionSlotAdd][1521]Added Vision Slot[0][3] Num 4 OriCoord: 0: 3278, 3649; 1: 8099, 3481; 2: 8020, 1235; 3: 3200, 1403
[20240124_13:17:16_489] # [T67780][VisionSlotAdd][1522]VehCoordAndAngle: 21, 12681, ang -0.005 (-0.313)
[20240124_13:17:16_489] # [T67780][VisionSlotAdd][1523]Current VehPos: 21, 12681, ang -0.005 (-0.313)
[20240124_13:17:16_489] # [T67780][VisionSlotAdd][1528]Convert Vision Slot[0][3] Coord: 0: -3236, 16348; 1: -8058, 16206; 2: -7992, 13960; 3: -3171, 14102
[20240124_13:17:16_489] # [T67781][VisionSlotAdd][1533]Old Vision Slot[0][3] Coord: 0: -3234, 16367; 1: -8035, 16224; 2: -7969, 13989; 3: -3167, 14131
[20240124_13:17:16_490] # [T67782][VisionSlotAddSlotWeightCal][1014]u32Weight: 9, CentreY: 2526.000, DisY: 1238.000, SlotAng: -1.996
[20240124_13:17:16_490] # [T67782][VisionSlotAdd][1576]New Vision Slot[0][3] Coord: 0: -3234, 16367; 1: -8035, 16224; 2: -7969, 13988; 3: -3167, 14131
[20240124_13:17:16_490] # [T67783][VisionSlotAdd][1600]vision slot [0][3], u32Weight: 9, Sum: 770, SlotAng: -178.297, CurSlotAng: -178.317
[20240124_13:17:16_490] # [T67784][VisionSlotAddValidCheck][893]Vision slot Length: 2399,2399, Depth 5053,5054
[20240124_13:17:16_490] # [T67784][VisionSlotAdd][1521]Added Vision Slot[1][1] Num 2 OriCoord: 0: -2466, 3755; 1: -7513, 4019; 2: -7639, 1623; 3: -2591, 1359
[20240124_13:17:16_490] # [T67785][VisionSlotAdd][1522]VehCoordAndAngle: 21, 12681, ang -0.005 (-0.313)
[20240124_13:17:16_491] # [T67785][VisionSlotAdd][1523]Current VehPos: 21, 12681, ang -0.005 (-0.313)
[20240124_13:17:16_491] # [T67786][VisionSlotAdd][1528]Convert Vision Slot[1][1] Coord: 0: 2507, 16423; 1: 7555, 16659; 2: 7668, 14262; 3: 2619, 14026
[20240124_13:17:16_491] # [T67787][VisionSlotAdd][1533]Old Vision Slot[1][1] Coord: 0: 2554, 16438; 1: 7583, 16663; 2: 7690, 14275; 3: 2661, 14049
[20240124_13:17:16_491] # [T67787][VisionSlotAddSlotWeightCal][1014]u32Weight: 9, CentreY: 2557.000, DisY: 1269.000, SlotAng: 177.006
[20240124_13:17:16_491] # [T67788][VisionSlotAdd][1576]New Vision Slot[1][1] Coord: 0: 2554, 16438; 1: 7582, 16663; 2: 7689, 14275; 3: 2661, 14049
[20240124_13:17:16_491] # [T67788][VisionSlotAdd][1600]vision slot [1][1], u32Weight: 9, Sum: 742, SlotAng: 2.565, CurSlotAng: 2.681
[20240124_13:17:16_492] # [T67789][APAVisionOblAdd][1323]Vision Obl merge: 62
[20240124_13:17:16_492] # [T67789][APAVisionOblAdd][1326]Receive Vision Obl CrossPointCoord: 0: -8058, 16206; 1: -3236, 16348
[20240124_13:17:16_492] # [T67790][APAVisionOblInfoDebugPrint][118]VisionOblInfo:
[20240124_13:17:16_492] # [T67790][APAVisionOblInfoDebugPrint][119]OblType: 0, bIsMerge 0, DetectCount 100
[20240124_13:17:16_492] # [T67791][APAVisionOblInfoDebugPrint][122]CrossPointCoord: 0: -8037, 16232; 1: -3238, 16383
[20240124_13:17:16_492] # [T67791][APAVisionOblInfoDebugPrint][125]OriginCrossPointCoord: 0: 8099, 3481; 1: 3278, 3649
[20240124_13:17:16_493] # [T67792][APAVisionOblInfoDebugPrint][126]VehCoordAndAng: 21, 12681, ang -0.005(-0.313)
[20240124_13:17:16_493] # [T67792][APAVisionOblInfoDebugPrint][127] 
[20240124_13:17:16_493] # [T67793][APAVisionOblAdd][1323]Vision Obl merge: 63
[20240124_13:17:16_493] # [T67793][APAVisionOblAdd][1326]Receive Vision Obl CrossPointCoord: 0: 2507, 16423; 1: 7555, 16659
[20240124_13:17:16_493] # [T67793][APAVisionOblInfoDebugPrint][118]VisionOblInfo:
[20240124_13:17:16_493] # [T67794][APAVisionOblInfoDebugPrint][119]OblType: 0, bIsMerge 0, DetectCount 98
[20240124_13:17:16_494] # [T67794][APAVisionOblInfoDebugPrint][122]CrossPointCoord: 0: 2545, 16443; 1: 7565, 16674
[20240124_13:17:16_495] # [T67795][APAVisionOblInfoDebugPrint][125]OriginCrossPointCoord: 0: -2466, 3755; 1: -7513, 4019
[20240124_13:17:16_495] # [T67795][APAVisionOblInfoDebugPrint][126]VehCoordAndAng: 21, 12681, ang -0.005(-0.313)
[20240124_13:17:16_495] # [T67796][APAVisionOblInfoDebugPrint][127] 
[20240124_13:17:16_495] # [T67860][APAVisionOblAdd][1323]Vision Obl merge: 62
[20240124_13:17:16_495] # [T67860][APAVisionOblAdd][1326]Receive Vision Obl CrossPointCoord: 0: -8050, 16233; 1: -3235, 16375
[20240124_13:17:16_495] # [T67860][APAVisionOblInfoDebugPrint][118]VisionOblInfo:
[20240124_13:17:16_496] # [T67861][APAVisionOblInfoDebugPrint][119]OblType: 0, bIsMerge 0, DetectCount 100
[20240124_13:17:16_496] # [T67861][APAVisionOblInfoDebugPrint][122]CrossPointCoord: 0: -8037, 16232; 1: -3238, 16383
[20240124_13:17:16_496] # [T67862][APAVisionOblInfoDebugPrint][125]OriginCrossPointCoord: 0: 8091, 3508; 1: 3277, 3676
[20240124_13:17:16_496] # [T67862][APAVisionOblInfoDebugPrint][126]VehCoordAndAng: 21, 12681, ang -0.005(-0.313)
[20240124_13:17:16_496] # [T67863][APAVisionOblInfoDebugPrint][127] 
[20240124_13:17:16_497] # [T67863][APAVisionOblAdd][1323]Vision Obl merge: 63
[20240124_13:17:16_497] # [T67863][APAVisionOblAdd][1326]Receive Vision Obl CrossPointCoord: 0: 2586, 16422; 1: 7572, 16657
[20240124_13:17:16_497] # [T67864][APAVisionOblInfoDebugPrint][118]VisionOblInfo:
[20240124_13:17:16_497] # [T67864][APAVisionOblInfoDebugPrint][119]OblType: 0, bIsMerge 0, DetectCount 99
[20240124_13:17:16_497] # [T67864][APAVisionOblInfoDebugPrint][122]CrossPointCoord: 0: 2546, 16443; 1: 7565, 16673
[20240124_13:17:16_497] # [T67865][APAVisionOblInfoDebugPrint][125]OriginCrossPointCoord: 0: -2545, 3755; 1: -7530, 4017
[20240124_13:17:16_497] # [T67865][APAVisionOblInfoDebugPrint][126]VehCoordAndAng: 21, 12681, ang -0.005(-0.313)
[20240124_13:17:16_498] # [T67866][APAVisionOblInfoDebugPrint][127] 
[20240124_13:17:16_498] # [T67866][VisionSlotAddValidCheck][893]Vision slot Length: 2239,2239, Depth 4816,4815
[20240124_13:17:16_498] # [T67867][VisionSlotAdd][1521]Added Vision Slo[0][3] Num 4 OriCoord: 0: 3277, 3676; 1: 8091, 3508; 2: 8012, 1270; 3: 3199, 1438
[20240124_13:17:16_498] # [T67867][VisionSlotAdd][1522]VehCoordAndAngle: 21, 12681, ang -0.005 (-0.313)
[20240124_13:17:16_498] # [T67868][VisionSlotAdd][1523]Current VehPos: 21, 12681, ang -0.005 (-0.313)
[20240124_13:17:16_498] # [T67868][VisionSlotAdd][1528]Convert Vision Slot[0][3] Coord: 0: -3235, 16375; 1: -8050, 16233; 2: -7983, 13995; 3: -3169, 14137
[20240124_13:17:16_499] # [T67869][VisionSlotAdd][1533]Old Vision Slot[0][3] Coord: 0: -3234, 16367; 1: -8035, 16224; 2: -7969, 13988; 3: -3167, 14131
[20240124_13:17:16_499] # [T67870][VisionSlotAddSlotWeightCal][1014]u32Weight: 9, CentreY: 2557.000, DisY: 1269.000, SlotAng: -1.999
[20240124_13:17:16_499] # [T67870][VisionSlotAdd][1576]New Vision Slot[0][3] Coord: 0: -3234, 16367; 1: -8036, 16224; 2: -7969, 13988; 3: -3167, 14131
[20240124_13:17:16_506] # [T67871][VisionSlotAdd][1600]vision slot [0][3], u32Weight: 9, Sum: 779, SlotAng: -178.297, CurSlotAng: -178.314
[20240124_13:17:16_506] # [T67872][VisionSlotAddValidCheck][893]Vision slot Length: 2384,2385, Depth 4991,4990
[20240124_13:17:16_507] # [T67872][VisionSlotAdd][1521]Added Vision Slot[1][1] Num 2 OriCoord: 0: -2545, 3755; 1: -7530, 4017; 2: -7654, 1635; 3: -2670, 1374
[20240124_13:17:16_507] # [T67873][VisionSlotAdd][1522]VehCoordAndAngle: 21, 12681, ang -0.005 (-0.313)
[20240124_13:17:16_507] # [T67873][VisionSlotAdd][1523]Current VehPos: 21, 12681, ang -0.005 (-0.313)
[20240124_13:17:16_507] # [T67874][VisionSlotAdd][1528]Convert Vision Slot[1][1] Coord: 0: 2586, 16422; 1: 7572, 16657; 2: 7683, 14274; 3: 2698, 14040
[20240124_13:17:16_508] # [T67874][VisionSlotAdd][1533]Old Vision Slot[1][1] Coord: 0: 2554, 16438; 1: 7582, 16663; 2: 7689, 14275; 3: 2661, 14049
[20240124_13:17:16_508] # [T67875][VisionSlotAddSlotWeightCal][1014]u32Weight: 9, CentreY: 2564.500, DisY: 1276.500, SlotAng: 176.997
[20240124_13:17:16_508] # [T67875][VisionSlotAdd][1576]New Vision Slot[1][1] Coord: 0: 2554, 16438; 1: 7582, 16663; 2: 7689, 14274; 3: 2661, 14049
[20240124_13:17:16_508] # [T67876][VisionSlotAdd][1600]vision slot [1][1], u32Weight: 9, Sum: 751, SlotAng: 2.567, CurSlotAng: 2.690
[20240124_13:17:16_508] #   67942-task_radar-118: RadarCaptureCnt is 333 
[20240124_13:17:16_508] # 
[20240124_13:17:16_509] # [T67942][VisionSlotAddValidCheck][893]Vision slot Length: 2241,2241, Depth 4835,4836
[20240124_13:17:16_509] # [T67942][VisionSlotAdd][1521]Added Vision Slot[0][3] Num 4 OriCoord: 0: 3268, 3683; 1: 8101, 3514; 2: 8023, 1274; 3: 3189, 1443
[20240124_13:17:16_509] # [T67943][VisionSlotAdd][1522]VehCoordAndAngle: 21, 12681, ang -0.005 (-0.313)
[20240124_13:17:16_509] # [T67943][VisionSlotAdd][1523]Current VehPos: 21, 12681, ang -0.005 (-0.313)
[20240124_13:17:16_509] # [T67944][VisionSlotAdd][1528]Convert Vision Slot[0][3] Coord: 0: -3226, 16382; 1: -8060, 16239; 2: -7994, 13999; 3: -3159, 14142
[20240124_13:17:16_509] # [T67944][VisionSlotAdd][1533]Old Vision Slot[0][3] Coord: 0: -3234, 16367; 1: -8036, 16224; 2: -7969, 13988; 3: -3167, 14131
[20240124_13:17:16_510] # [T67945][VisionSlotAddSlotWeightCal][1014]u32Weight: 9, CentreY: 2563.000, DisY: 1275.000, SlotAng: -2.002
[20240124_13:17:16_510] # [T67946][VisionSlotAdd][1576]New Vision Slot[0][3] Coord: 0: -3234, 16367; 1: -8036, 16224; 2: -7969, 13989; 3: -3167, 14131
[20240124_13:17:16_510] # [T67946][VisionSlotAdd][1600]vision slot [0][3], u32Weight: 9, Sum: 788, SlotAng: -178.297, CurSlotAng: -178.311
[20240124_13:17:16_510] # [T67947][VisionSlotAddValidCheck][893]Vision slot Length: 2384,2384, Depth 4995,4995
[20240124_13:17:16_510] # [T67948][VisionSlotAdd][1521]Added Vision Slot[1][1] Num 2 OriCoord: 0: -2552, 3801; 1: -7544, 3975; 2: -7627, 1592; 3: -2635, 1418
[20240124_13:17:16_510] # [T67948][VisionSlotAdd][1522]VehCoordAndAngle: 21, 12681, ang -0.005 (-0.313)
[20240124_13:17:16_511] # [T67949][VisionSlotAdd][1523]Current VehPos: 21, 12681, ang -0.005 (-0.313)
[20240124_13:17:16_511] # [T67949][VisionSlotAdd][1528]Convert Vision Slot[1][1] Coord: 0: 2593, 16468; 1: 7586, 16615; 2: 7656, 14231; 3: 2663, 14085
[20240124_13:17:16_511] # [T67950][VisionSlotAdd][1533]Old Vision Slot[1][1] Coord: 0: 2554, 16438; 1: 7582, 16663; 2: 7689, 14274; 3: 2661, 14049
[20240124_13:17:16_511] # [T67951][VisionSlotAddSlotWeightCal][1014]u32Weight: 8, CentreY: 2609.500, DisY: 1321.500, SlotAng: 178.004
[20240124_13:17:16_511] # [T67951][VisionSlotAdd][1576]New Vision Slot[1][1] Coord: 0: 2555, 16438; 1: 7582, 16663; 2: 7689, 14274; 3: 2661, 14049
[20240124_13:17:16_512] # [T67952][VisionSlotAdd][1600]vision slot [1][1], u32Weight: 8, Sum: 759, SlotAng: 2.557, CurSlotAng: 1.683
[20240124_13:17:16_512] # [T67953][APAVisionOblAdd][1323]Vision Obl merge: 62
[20240124_13:17:16_512] # [T67953][APAVisionOblAdd][1326]Receive Vision Obl CrossPointCoord: 0: -8060, 16239; 1: -3226, 16382
[20240124_13:17:16_512] # [T67954][APAVisionOblInfoDebugPrint][118]VisionOblInfo:
[20240124_13:17:16_512] # [T67954][APAVisionOblInfoDebugPrint][119]OblType: 0, bIsMerge 0, DetectCount 100
[20240124_13:17:16_512] # [T67955][APAVisionOblInfoDebugPrint][122]CrossPointCoord: 0: -8037, 16232; 1: -3238, 16383
[20240124_13:17:16_513] # [T67955][APAVisionOblInfoDebugPrint][125]OriginCrossPointCoord: 0: 8101, 3514; 1: 3268, 3683
[20240124_13:17:16_513] # [T67956][APAVisionOblInfoDebugPrint][126]VehCoordAndAng: 21, 12681, ang -0.005(-0.313)
[20240124_13:17:16_513] # [T67956][APAVisionOblInfoDebugPrint][127] 
[20240124_13:17:16_514] # [T67957][APAVisionOblAdd][1323]Vision Obl merge: 63
[20240124_13:17:16_514] # [T67957][APAVisionOblAdd][1326]Receive Vision Obl CrossPointCoord: 0: 2593, 16468; 1: 7586, 16615
[20240124_13:17:16_514] # [T67958][APAVisionOblInfoDebugPrint][118]VisionOblInfo:
[20240124_13:17:16_515] # [T67958][APAVisionOblInfoDebugPrint][119]OblType: 0, bIsMerge 0, DetectCount 100
[20240124_13:17:16_515] # [T67958][APAVisionOblInfoDebugPrint][122]CrossPointCoord: 0: 2546, 16443; 1: 7565, 16673
[20240124_13:17:16_515] # [T67959][APAVisionOblInfoDebugPrint][125]OriginCrossPointCoord: 0: -2552, 3801; 1: -7544, 3975
[20240124_13:17:16_515] # [T67959][APAVisionOblInfoDebugPrint][126]VehCoordAndAng: 21, 12681, ang -0.005(-0.313)
[20240124_13:17:16_517] # [T67960][APAVisionOblInfoDebugPrint][127] 
[20240124_13:17:16_517] # [T68022][APAVisionOblAdd][1323]Vision Obl merge: 62
[20240124_13:17:16_517] # [T68022][APAVisionOblAdd][1326]Receive Vision Obl CrossPointCoord: 0: -8025, 16208; 1: -3232, 16349
[20240124_13:17:16_518] # [T68022][APAVisionOblInfoDebugPrint][118]VisionOblInfo:
[20240124_13:17:16_518] # [T68023][APAVisionOblInfoDebugPrint][119]OblType: 0, bIsMerge 0, DetectCount 100
[20240124_13:17:16_518] # [T68023][APAVisionOblInfoDebugPrint][122]CrossPointCoord: 0: -8037, 16232; 1: -3238, 16383
[20240124_13:17:16_518] # [T68024][APAVisionOblInfoDebugPrint][125]OriginCrossPointCoord: 0: 8066, 3483; 1: 3274, 3650
[20240124_13:17:16_518] # [T68024][APAVisionOblInfoDebugPrint][126]VehCoordAndAng: 21, 12681, ang -0.005(-0.313)
[20240124_13:17:16_519] # [T68025][APAVisionOblInfoDebugPrint][127] 
[20240124_13:17:16_519] # [T68025][APAVisionOblAdd][1323]Vision Obl merge: 63
[20240124_13:17:16_519] # [T68025][APAVisionOblAdd][1326]Receive Vision Obl CrossPointCoord: 0: 2594, 16459; 1: 7613, 16607
[20240124_13:17:16_519] # [T68026][APAVisionOblInfoDebugPrint][118]VisionOblInfo:
[20240124_13:17:16_519] # [T68026][APAVisionOblInfoDebugPrint][119]OblType: 0, bIsMerge 0, DetectCount 100
[20240124_13:17:16_519] # [T68026][APAVisionOblInfoDebugPrint][122]CrossPointCoord: 0: 2546, 16443; 1: 7565, 16673
[20240124_13:17:16_519] # [T6802][APAVisionOblInfoDebugPrint][125]OriginCrossPointCoord: 0: -2553, 3792; 1: -7571, 3967
[20240124_13:17:16_520] # [T68027][APAVisionOblInfoDebugPrint][126]VehCoordAndAng: 21, 12681, ang -0.005(-0.313)
[20240124_13:17:16_520] # [T68028][APAVisionOblInfoDebugPrint][127] 
[20240124_13:17:16_520] # [T68028][VisionSlotAddValidCheck][893]Vision slot Length: 2231,2231, Depth 4794,4794
[20240124_13:17:16_520] # [T68029][VisionSlotAdd][1521]Added Vision Slot[0][3] Num 4 OriCoord: 0: 3274, 3650; 1: 8066, 3483; 2: 7988, 1253; 3: 3196, 1420
[20240124_13:17:16_520] # [T68029][VisionSlotAdd][1522]VehCoordAndAngle: 21, 12681, ang -0.005 (-0.313)
[20240124_13:17:16_520] # [T68030][VisionSlotAdd][1523]Current VehPos: 21, 12681, ang -0.005 (-0.313)
[20240124_13:17:16_520] # [T68030][VisionSlotAdd][1528]Convert Vision Slot[0][3] Coord: 0: -3232, 16349; 1: -8025, 16208; 2: -7959, 13978; 3: -3167, 14119
[20240124_13:17:16_521] # [T68031][VisionSlotAdd][1533]Old Vision Slot[0][3] Coord: 0: -3234, 16367; 1: -8036, 16224; 2: -7969, 13989; 3: -3167, 14131
[20240124_13:17:16_521] # [T68032][VisionSlotAddSlotWeightCal][1014]u32Weight: 9, CentreY: 2535.000, DisY: 1247.000, SlotAng: -1.996
[20240124_13:17:16_521] # [T68032][VisionSlotAdd][1576]New Vision Slot[0][3] Coord: 0: -3234, 16367; 1: -8036, 16224; 2: -7969, 13988; 3: -3167, 14131
[20240124_13:17:16_521] # [T68033][VisionSlotAdd][1600]vision slot [0][3], u32Weight: 9, Sum: 797, SlotAng: -178.297, CurSlotAng: -178.317
[20240124_13:17:16_521] # [T68034][VisionSlotAddValidCheck][893]Vision slot Length: 2372,2372, Depth 5021,5021
[20240124_13:17:16_521] # [T68034][VisionSlotAdd][1521]Added Vision Slot[1][1] Num 2 OriCoord: 0: -2553, 3792; 1: -7571, 3967; 2: -7653, 1596; 3: -2635, 1421
[20240124_13:17:16_522] # [T68035][VisionSlotAdd][1522]VehCoordAndAngle: 21, 12681, ang -0.005 (-0.313)
[20240124_13:17:16_522] # [T68035][VisionSlotAdd][1523]Current VehPos: 21, 12681, ang -0.005 (-0.313)
[20240124_13:17:16_522] # [T68036][VisionSlotAdd][1528]Convert Vision Slot[1][1] Coord: 0: 2594, 16459; 1: 7613, 16607; 2: 7682, 14235; 3: 2663, 14088
[20240124_13:17:16_525] # [T68036][VisionSlotAdd][1533]Old Vision Slot[1][1] Coord: 0: 2555, 16438; 1: 7582, 16663; 2: 7689, 14274; 3: 2661, 14049
[20240124_13:17:16_525] # [T68037][VisionSlotAddSlotWeightCal][1014]u32Weight: 8, CentreY: 2606.500, DisY: 1318.500, SlotAng: 178.003
[20240124_13:17:16_525] # [T68038][VisionSlotAdd][1576]New Vision Slot[1][1] Coord: 0: 2555, 16438; 1: 7582, 16662; 2: 7689, 14274; 3: 2661, 14050
[20240124_13:17:16_525] # [T68038][VisionSlotAdd][1600]vision slot [1][1], u32Weight: 8, Sum: 767, SlotAng: 2.548, CurSlotAng: 1.684
[20240124_13:17:16_525] # [T68102][APAVisionOblAdd][1323]Vision Obl merge: 62
[20240124_13:17:16_526] # [T68102][APAVisionOblAdd][1326]Receive Vision Obl CrossPointCoord: 0: -8009, 16198; 1: -3234, 16339
[20240124_13:17:16_526] # [T68102][APAVisionOblInfoDebugPrint][118]VisionOblInfo:
[20240124_13:17:16_526] # [T68103][APAVisionOblInfoDebugPrint][119]OblType: 0, bIsMerge 0, DetectCount 100
[20240124_13:17:16_526] # [T68103][APAVisionOblInfoDebugPrint][122]CrossPointCoord: 0: -8037, 16232; 1: -3238, 16383
[20240124_13:17:16_526] # [T68104][APAVisionOblInfoDebugPrint][125]OriginCrossPointCoord: 0: 8050, 3473; 1: 3276, 3640
[20240124_13:17:16_526] # [T68104][APAVisionOblInfoDebugPrint][126]VehCoordAndAng: 21, 12681, ang -0.005(-0.313)
[20240124_13:17:16_526] # [T68105][APAVisionOblInfoDebugPrint][127] 
[20240124_13:17:16_527] # [T68105][APAVisionOblAdd][1323]Vision Obl merge: 63
[20240124_13:17:16_527] # [T68105][APAVisionOblAdd][1326]Receive Vision Obl CrossPointCoord: 0: 2520, 16414; 1: 7585, 16651
[20240124_13:17:16_527] # [T68106][APAVisionOblInfoDebugPrint][118]VisionOblInfo:
[20240124_13:17:16_527] # [T68106][APAVisionOblInfoDebugPrint][119]OblType: 0, bIsMerge 0, DetectCount 100
[20240124_13:17:16_527] # [T68106][APAVisionOblInfoDebugPrint][122]CrossPointCoord: 0: 2546, 16443; 1: 7565, 16673
[20240124_13:17:16_527] # [T68107][APAVisionOblInfoDebugPrint][125]OriginCrossPointCoord: 0: -2479, 3746; 1: -7543, 4011
[20240124_13:17:16_528] # [T68107][APAVisionOblInfoDebugPrint][126]VehCoordAndAng: 21, 12681, ang -0.005(-0.313)
[20240124_13:17:16_528] # [T68108][APAVisionOblInfoDebugPrint][127] 
[20240124_13:17:16_528] # [T68108][VisionSlotAddValidCheck][893]Vision slot Length: 2231,2231, Depth 4776,4775
[20240124_13:17:16_528] # [T68109][VisionSlotAdd][1521]Added Vision Slot[0][3] Num 4 OriCoord: 0: 3276, 3640; 1: 8050, 3473; 2: 7972, 1243; 3: 3199, 1410
[20240124_13:17:16_528] # [T68109][VisionSlotAdd][1522]VehCoordAndAngle: 21, 12681, ang -0.005 (-0.313)
[20240124_13:17:16_528] # [T68110][VisionSlotAdd][1523]Current VehPos: 21, 12681, ang -0.005 (-0.313)
[20240124_13:17:16_528] # [T68110][VisionSlotAdd][1528]Convert Vision Slot[0][3] Coord: 0: -3234, 16339; 1: -8009, 16198; 2: -7943, 13968; 3: -3170, 14109
[20240124_13:17:16_529] # [T68111][VisionSlotAdd][1533]Old Vision Slot[0][3] Coord: 0: -3234, 16367; 1: -8036, 16224; 2: -7969, 13988; 3: -3167, 14131
[20240124_13:17:16_529] # [T68112][VisionSlotAddSlotWeightCal][1014]u32Weight: 9, CentreY: 2525.000, DisY: 1237.000, SlotAng: -2.004
[20240124_13:17:16_529] # [T68112][VisionSlotAdd][1576]New Vision Slot[0][3] Coord: 0: -3234, 16366; 1: -8035, 16224; 2: -7969, 13988; 3: -3167, 14131
[20240124_13:17:16_529] # [T68113][VisionSlotAdd][1600]vision slot [0][3], u32Weight: 9, Sum: 806, SlotAng: -178.297, CurSlotAng: -178.310
[20240124_13:17:16_529] # [T68114][VisionSlotAddValidCheck][893]Vision slot Legth: 2395,2395, Depth 5070,5070
[20240124_13:17:16_529] # [T68114][VisionSlotAdd][1521]Added Vision Slot[1][1] Num 2 OriCoord: 0: -2479, 3746; 1: -7543, 4011; 2: -7668, 1619; 3: -2604, 1354
[20240124_13:17:16_530] # [T68115][VisionSlotAdd][1522]VehCoordAndAngle: 21, 12681, ang -0.005 (-0.313)
[20240124_13:17:16_530] # [T68115][VisionSlotAdd][1523]Current VehPos: 21, 12681, ang -0.005 (-0.313)
[20240124_13:17:16_530] # [T68116][VisionSlotAdd][1528]Convert Vision Slot[1][1] Coord: 0: 2520, 16414; 1: 7585, 16651; 2: 7697, 14258; 3: 2632, 14021
[20240124_13:17:16_530] # [T68116][VisionSlotAdd][1533]Old Vision Slot[1][1] Coord: 0: 2555, 16438; 1: 7582, 16662; 2: 7689, 14274; 3: 2661, 14050
[20240124_13:17:16_530] # [T68117][VisionSlotAddSlotWeightCal][1014]u32Weight: 9, CentreY: 2550.000, DisY: 1262.000, SlotAng: 177.004
[20240124_13:17:16_530] # [T68118][VisionSlotAdd][1576]New Vision Slot[1][1] Coord: 0: 2555, 16438; 1: 7583, 16662; 2: 7689, 14273; 3: 2661, 14050
[20240124_13:17:16_531] # [T68118][VisionSlotAdd][1600]vision slot [1][1], u32Weight: 9, Sum: 776, SlotAng: 2.550, CurSlotAng: 2.682
[20240124_13:17:16_531] # [T68184][APAVisionOblAdd][1323]Vision Obl merge: 62
[20240124_13:17:16_532] # [T68184][APAVisionOblAdd][1326]Receive Vision Obl CrossPointCoord: 0: -8024, 16217; 1: -3229, 16359
[20240124_13:17:16_532] # [T68184][APAVisionOblInfoDebugPrint][118]VisionOblInfo:
[20240124_13:17:16_532] # [T68185][APAVisionOblInfoDebugPrint][119]OblType: 0, bIsMerge 0, DetectCount 100
[20240124_13:17:16_532] # [T68185][APAVisionOblInfoDebugPrnt][122]CrossPointCoord: 0: -8037, 16232; 1: -3238, 16383
[20240124_13:17:16_532] # [T68186][APAVisionOblInfoDebugPrint][125]OriginCrossPointCoord: 0: 8065, 3492; 1: 3271, 3660
[20240124_13:17:16_532] # [T68186][APAVisionOblInfoDebugPrint][126]VehCoordAndAng: 21, 12681, ang -0.005(-0.313)
[20240124_13:17:16_532] # [T68187][APAVisionOblInfoDebugPrint][127] 
[20240124_13:17:16_533] # [T68187][APAVisionOblAdd][1323]Vision Obl merge: 63
[20240124_13:17:16_533] # [T68187][APAVisionOblAdd][1326]Receive Vision Obl CrossPointCoord: 0: 2566, 16430; 1: 7555, 16664
[20240124_13:17:16_533] # [T68188][APAVisionOblInfoDebugPrint][118]VisionOblInfo:
[20240124_13:17:16_533] # [T68188][APAVisionOblInfoDebugPrint][119]OblType: 0, bIsMerge 0, DetectCount 100
[20240124_13:17:16_533] # [T68189][APAVisionOblInfoDebugPrint][122]CrossPointCoord: 0: 2546, 16443; 1: 7565, 16673
[20240124_13:17:16_533] # [T68189][APAVisionOblInfoDebugPrint][125]OriginCrossPointCoord: 0: -2525, 3763; 1: -7513, 4024
[20240124_13:17:16_534] # [T68190][APAVisionOblInfoDebugPrint][126]VehCoordAndAng: 21, 12681, ang -0.005(-0.313)
[20240124_13:17:16_534] # [T68190][APAVisionOblInfoDebugPrint][127] 
[20240124_13:17:16_534] # [T68190][VisionSlotAddValidCheck][893]Vision slot Length: 2233,2233, Depth 4796,4796
[20240124_13:17:16_534] # [T68191][VisionSlotAdd][1521]Added Vision Slot[0][3] Num 4 OriCoord: 0: 3271, 3660; 1: 8065, 3492; 2: 7987, 1260; 3: 3193, 1428
[20240124_13:17:16_534] # [T68191][VisionSlotAdd][1522]VehCoordAndAngle: 21, 12681, ang -0.005 (-0.313)
[20240124_13:17:16_534] # [T68192][VisionSlotAdd][1523]Current VehPos: 21, 12681, ang -0.005 (-0.313)
[20240124_13:17:16_535] # [T68192][VisionSlotAdd][1528]Convert Vision Slot[0][3] Coord: 0: -3229, 16359; 1: -8024, 16217; 2: -7958, 13985; 3: -3164, 14127
[20240124_13:17:16_535] # [T68193][VisionSlotAdd][1533]Old Vision Slot[0][3] Coord: 0: -3234, 16366; 1: -8035, 16224; 2: -7969, 13988; 3: -3167, 14131
[20240124_13:17:16_535] # [T68194][VisionSlotAddSlotWeightCal][1014]u32Weight: 9, CentreY: 2544.000, DisY: 1256.000, SlotAng: -2.007
[20240124_13:17:16_535] # [T68194][VisionSlotAdd][1576]New Vision Slot[0][3] Coord: 0: -3234, 16366; 1: -8035, 16224; 2: -7969, 13988; 3: -3167, 14131
[20240124_13:17:16_535] # [T68195][VisionSlotAdd][1600]vision slot [0][3], u32Weight: 9, Sum: 815, SlotAng: -178.298, CurSlotAng: -178.306
[20240124_13:17:16_535] # [T68196][VisionSlotAddValidCheck][893]Vision slot Length: 2393,2393, Depth 4994,4994
[20240124_13:17:16_536] # [T68196][VisionSlotAdd][1521]Added Vision Slot[1][1] Num 2 OriCoord: 0: -2525, 3763; 1: -7513, 4024; 2: -7638, 1634; 3: -2650, 1373
[20240124_13:17:16_536] # [T68197][VisionSlotAdd][1522]VehCoordAndAngle: 21, 12681, ang -0.005 (-0.313)
[20240124_13:17:16_536] # [T68197][VisionSlotAdd][1523]Current VehPos: 21, 12681, ang -0.005 (-0.313)
[20240124_13:17:16_536] # [T68198][VisionSlotAdd][1528]Convert Vision Slot[1][1] Coord: 0: 2566, 16430; 1: 7555, 16664; 2: 7667, 14273; 3: 2678, 14040
[20240124_13:17:16_536] # [T68198][VisionSlotAdd][1533]Old Vision Slot[1][1] Coord: 0: 2555, 16438; 1: 7583, 16662; 2: 7689, 14273; 3: 2661, 14050
[20240124_13:17:16_537] # [T68199][VisionSlotAddSlotWeightCal][1014]u32Weight: 9, CentreY: 2568.000, DisY: 1280.000, SlotAng: 177.005
[20240124_13:17:16_537] # [T68200][VisionSlotAdd][1576]New Vision Slot[1][1] Coord: 0: 2555, 16438; 1: 7582, 16662; 2: 7689, 14273; 3: 2661, 14049
[20240124_13:17:16_537] # [T68200][VisionSlotAdd][1600]vision slot [1][1], u32Weight: 9, Sum: 785, SlotAng: 2.551, CurSlotAng: 2.682
[20240124_13:17:16_537] # [T68264][APAVisionOblAdd][1323]Vision Obl merge: 62
[20240124_13:17:16_537] # [T68264][APAVisionOblAdd][1326]Receive Vision Obl CrossPointCoord: 0: -8025, 16227; 1: -3230, 16368
[20240124_13:17:16_537] # [T68264][APAVisionOblInfoDebugPrint][118]VisionOblInfo:
[20240124_13:17:16_538] # [T68265][APAVisionOblInfoDebugPrint][119]OblType: 0, bIsMerge 0, DetectCount 100
[20240124_13:17:16_538] # [T68265][APAVisionOblInfoDebugPrint][122]CrossPointCoord: 0: -8037, 16232; 1: -3238, 16383
[20240124_13:17:16_539] # [T68266][APAVisionOblInfoDebugPrint][125]OriginCrossPointCoord: 0: 8066, 3502; 1: 3272, 3669
[20240124_13:17:16_539] # [T68266][APAVisionOblInfoDebugPrint][126]VehCoordAndAng: 21, 12681, ang -0.005(-0.313)
[20240124_13:17:16_539] # [T68267][APAVisionOblInfoDebugPrint][127] 
[20240124_13:17:16_539] # [T68267][APAVisionOblAdd][1323]Vision Obl merge: 63
[20240124_13:17:16_541] # [T68267][APAVisionOblAdd][1326]Receive Vision Obl CrossPointCoord: 0: 2579, 16455; 1: 7588, 16691
[20240124_13:17:16_541] # [T68268][APAVisionOblInfoDebugPrint][118]VisionOblInfo:
[20240124_13:17:16_541] # [T68268][APAVisionOblInfoDebugPrint][119]OblType: 0, bIsMerge 0, DetectCount 100
[20240124_13:17:16_541] # [T68269][APAVisionOblInfoDebugPrint][122]CrossPointCoord: 0: 2546, 16443; 1: 7565, 16673
[20240124_13:17:16_541] # [T68269][APAVisionOblInfoDebugPrint][125]OriginCrossPointCoord: 0: -2538, 3788; 1: -7545, 4051
[20240124_13:17:16_541] # [T68270][APAVisionOblInfoDebugPrint][126]VehCoordAndAng: 21, 12681, ang -0.005(-0.313)
[20240124_13:17:16_542] # [T68270][APAVisionOblInfoDebugPrint][127] 
[20240124_13:17:16_542] # [T68270][VisionSlotAddValidCheck][893]Vision slot Length: 2231,2231, Depth 4796,4796
[20240124_13:17:16_542] # [T68271][VisionSlotAdd][1521]Added Vision Slot[0][3] Num 4 OriCoord: 0: 3272, 3669; 1: 8066, 3502; 2: 7988, 1272; 3: 3194, 1439
[20240124_13:17:16_542] # [T68271][VisionSlotAdd][1522]VehCoordAndAngle: 21, 12681, ang -0.005 (-0.313)
[20240124_13:17:16_542] # [T68272][VisionSlotAdd][1523]Current VehPos: 21, 12681, ang -0.005 (-0.313)
[20240124_13:17:16_542] # [T68272][VisionSlotAdd][1528]Convert Vision Slot[0][3] Coord: 0: -3230, 16368; 1: -8025, 16227; 2: -7959, 13997; 3: -3164, 14138
[20240124_13:17:16_543] # [T68273][VisionSlotAdd][1533]Old Vision Slot[0][3] Coord: 0: -3234, 16366; 1: -8035, 16224; 2: -7969, 13988; 3: -3167, 14131
[20240124_13:17:16_543] # [T68274][VisionSlotAddSlotWeightCal][1014]u32Weight: 9, CentreY: 2554.000, DisY: 1266.000, SlotAng: -1.995
[20240124_13:17:16_543] # [T68274][VisionSlotAdd][1576]New Vision Slot[0][3] Coord: 0: -3233, 16366; 1: -8035, 16224; 2: -7969, 13988; 3: -3167, 14131
[20240124_13:17:16_543] # [T68275][VisionSlotAdd][1600]vision slot [0][3], u32Weight: 9, Sum: 824, SlotAng: -178.298, CurSlotAng: -178.318
[20240124_13:17:16_543] # [T68276][VisionSlotAddValidCheck][893]Vision slot Length: 2430,2431, Depth 5013,5014
[20240124_13:17:16_543] # [T68276][VisionSlotAdd][1521]Added Vision Slot[1][1] Num 2 OriCoord: 0: -2538, 3788; 1: -7545, 4051; 2: -7673, 1623; 3: -2665, 1361
[20240124_13:17:16_544] # [T68277][VisionSlotAdd][1522]VehCoordAndAngle: 21, 12681, ang -0.005 (-0.313)
[20240124_13:17:16_545] # [T68277][VisionSlotAdd][1523]Current VehPos: 21, 12681, ang -0.005 (-0.313)
[20240124_13:17:16_545] # [T68278][VisionSlotAdd][1528]Convert Vision Slot[1][1] Coord: 0: 2579, 16455; 1: 7588, 16691; 2: 7702, 14262; 3: 2693, 14028
[20240124_13:17:16_545] # [T68278][VisionSlotAdd][1533]Old Vision Slot[1][1] Coord: 0: 2555, 16438; 1: 7582, 16662; 2: 7689, 14273; 3: 2661, 14049
[20240124_13:17:16_546] # [T68279][VisionSlotAddSlotWeightCal][1014]u32Weight: 8, CentreY: 2574.500, DisY: 1286.500, SlotAng: 176.999
[20240124_13:17:16_546] # [T68280][VisionSlotAdd][1576]New Vision Slot[1][1] Coord: 0: 2555, 16438; 1: 7582, 16662; 2: 7689, 14273; 3: 2661, 14049
[20240124_13:17:16_546] # [T68280][VisionSlotAdd][1600]vision slot [1][1], u32Weight: 8, Sum: 793, SlotAng: 2.553, CurSlotAng: 2.687
[20240124_13:17:16_553] # [T68344][APAVisionOblAdd][1323]Vision Obl merge: 62
[20240124_13:17:16_554] # [T68344][APAVisionOblAdd][1326]Receive Vision Obl CrossPointCoord: 0: -8021, 16228; 1: -3228, 16369
[20240124_13:17:16_554] # [T68345][APAVisionOblInfoDebugPrint][118]VisionOblInfo:
[20240124_13:17:16_554] # [T68345][APAVisionOblInfoDebugPrint][119]OblType: 0, bIsMerge 0, DetectCount 100
[20240124_13:17:16_554] # [T68345][APAVisionOblInfoDebugPrint][122]CrossPointCoord: 0: -8037, 16232; 1: -3238, 16383
[20240124_13:17:16_554] # [T68346][APAVisionOblInfoDebugPrint][125]OriginCrossPointCoord: 0: 8062, 3503; 1: 3270, 3670
[20240124_13:17:16_557] # [T68347][APAVisionOblInfoDebugPrint][126]VehCoordAndAng: 21, 12681, ang -0.005(-0.313)
[20240124_13:17:16_557] # [T68347][APAVisionOblInfoDebugPrint][127] 
[20240124_13:17:16_559] # [T68347][APAVisionOblAdd][1323]Vision Obl merge: 63
[20240124_13:17:16_559] # [T68348][APAVisionOblAdd][1326]Receive Vision Obl CrossPointCoord: 0: 2537, 16431; 1: 7592, 16669
[20240124_13:17:16_559] # [T68348][APAVisionOblInfoDebugPrint][118]VisionOblInfo:
[20240124_13:17:16_559] # [T68348][APAVisionOblInfoDebugPrint][119]OblType: 0, bIsMerge 0, DetectCount 100
[20240124_13:17:16_559] # [T68349][APAVisionOblInfoDebugPrint][122]CrossPointCoord: 0: 2546, 16443; 1: 7565, 16673
[20240124_13:17:16_559] # [T68349][APAVisionOblInfoDebugPrint][125]OriginCrossPointCoord: 0: -2496, 3764; 1: -7549, 4029
[20240124_13:17:16_560] # [T68350][APAVisionOblInfoDebugPrint][126]VehCoordAndAng: 21, 12681, ang -0.005(-0.313)
[20240124_13:17:16_560] # [T68350][APAVisionOblInfoDebugPrint][127] 
[20240124_13:17:16_560] # [T68351][VisionSlotAddValidCheck][893]Vision slot Length: 2231,2231, Depth 4794,4794
[20240124_13:17:16_560] # [T68351][VisionSlotAdd][1521]Added Vision Slot[0][3] Num 4 OriCoord: 0: 3270, 3670; 1: 8062, 3503; 2: 7984, 1273; 3: 3192, 1440
[20240124_13:17:16_560] # [T68352][VisionSlotAdd][1522]VehCoordAndAngle: 21, 12681, ang -0.005 (-0.313)
[20240124_13:17:16_560] # [T68352][VisionSlotAdd][1523]Current VehPos: 21, 12681, ang -0.005 (-0.313)
[20240124_13:17:16_563] # [T68353][VisionSlotAdd][1528]Convert Vision Slot[0][3] Coord: 0: -3228, 16369; 1: -8021, 16228; 2: -7955, 13998; 3: -3162, 14139
[20240124_13:17:16_563] # [T68353][VisionSlotAdd][1533]Old Vision Slot[0][3] Coord: 0: -3233, 16366; 1: -8035, 16224; 2: -7969, 13988; 3: -3167, 14131
[20240124_13:17:16_563] # [T68354][VisionSlotAddSlotWeightCal][1014]u32Weight: 9, CentreY: 2555.000, DisY: 1267.000, SlotAng: -1.996
[20240124_13:17:16_565] # [T68355][VisionSlotAdd][1576]New Vision Slot[0][3] Coord: 0: -3233, 16366; 1: -8035, 16224; 2: -7969, 13988; 3: -3167, 14131
[20240124_13:17:16_565] # [T68355][VisionSlotAdd][1600]vision slot [0][3], u32Weight: 9, Sum: 833, SlotAng: -178.298, CurSlotAng: -178.317
[20240124_13:17:16_565] # [T68356][VisionSlotAddValidCheck][893]Vision slot Length: 2397,2397, Depth 5059,5060
[20240124_13:17:16_565] # [T68356][VisionSlotAdd][1521]Added Vision Slot[1][1] Num 2 OriCoord: 0: -2496, 3764; 1: -7549, 4029; 2: -7675, 1635; 3: -2621, 1370
[20240124_13:17:16_565] # [T68357][VisionSlotAdd][1522]VehCoordAndAngle: 21, 12681, ang -0.005 (-0.313)
[20240124_13:17:16_565] # [T68358][VisionSlotAdd][1523]Current VehPos: 21, 12681, ang -0.005 (-0.313)
[20240124_13:17:16_568] # [T68358][VisionSlotAdd][1528]Convert Vision Slot[1][1] Coord: 0: 2537, 16431; 1: 7592, 16669; 2: 7704, 14274; 3: 2649, 14037
[20240124_13:17:16_568] # [T68359][VisionSlotAdd][1533]Old Vision Slot[1][1] Coord: 0: 2555, 16438; 1: 7582, 16662; 2: 7689, 14273; 3: 2661, 14049
[20240124_13:17:16_568] # [T68359][VisionSlotAddSlotWeightCal][1014]u32Weight: 9, CentreY: 2567.000, DisY: 1279.000, SlotAng: 176.998
[20240124_13:17:16_569] # [T68360][VisionSlotAdd][1576]New Vision Slot[1][1] Coord: 0: 2555, 16438; 1: 7582, 16662; 2: 7689, 14273; 3: 2661, 14049
[20240124_13:17:16_572] # [T68361][VisionSlotAdd][1600]vision slot [1][1], u32Weight: 9, Sum: 802, SlotAng: 2.554, CurSlotAng: 2.688
[20240124_13:17:16_635] # [T68426][APAVisionOblAdd][1323]Vision Obl merge: 62
[20240124_13:17:16_635] # [T68426][APAVisionOblAdd][1326]Receive Vision Obl CrossPointCoord: 0: -8023, 16218; 1: -3230, 16360
[20240124_13:17:16_635] # [T68426][APAVisionOblInfoDebugPrint][118]VisionOblInfo:
[20240124_13:17:16_635] # [T68427][APAVisionOblInfoDebugPrint][119]OblType: 0, bIsMerge 0, DetectCount 100
[20240124_13:17:16_636] # [T68427][APAVisionOblInfoDebugPrint][122]CrossPointCoord: 0: -8037, 16232; 1: -3238, 16383
[20240124_13:17:16_636] # [T68428][APAVisionOblInfoDebugPrint][125]OriginCrossPointCoord: 0: 8064, 3493; 1: 3272, 3661
[20240124_13:17:16_639] # [T68428][APAVisionOblInfoDebugPrint][126]VehCoordAndAng: 21, 12681, ang -0.005(-0.313)
[20240124_13:17:16_639] # [T68429][APAVisionOblInfoDebugPrint][127] 
[20240124_13:17:16_639] # [T68429][APAVisionOblAdd][1323]Vision Obl merge: 63
[20240124_13:17:16_639] # [T68429][APAVisionOblAdd][1326]Receive Vision Obl CrossPointCoord: 0: 2548, 16438; 1: 7620, 16676
[20240124_13:17:16_639] # [T68430][APAVisionOblInfoDebugPrint][118]VisionOblInfo:
[20240124_13:17:16_639] # [T68430][APAVisionOblInfoDebugPrint][119]OblType: 0, bIsMerge 0, DetectCount 100
[20240124_13:17:16_639] # [T68430][APAVisionOblInfoDebugPrint][122]CrossPointCoord: 0: 2546, 16443; 1: 7565, 16673
[20240124_13:17:16_641] # [T68431][APAVisionOblInfoDebugPrint][125]OriginCrossPointCoord: 0: -2507, 3771; 1: -7577, 4036
[20240124_13:17:16_641] # [T68431][APAVisionOblInfoDebugPrint][126]VehCoordAndAng: 21, 12681, ang -0.005(-0.313)
[20240124_13:17:16_641] # [T68432][APAVisionOblInfoDebugPrint][127] 
[20240124_13:17:16_641] # [T68432][VisionSlotAddValidCheck][893]Vision slot Length: 2234,2233, Depth 4794,4794
[20240124_13:17:16_641] # [T68433][VisionSlotAdd][1521]Added Vision Slot[0][3] Num 4 OriCoord: 0: 3272, 3661; 1: 8064, 3493; 2: 7986, 1261; 3: 3194, 1428
[20240124_13:17:16_641] # [T68433][VisionSlotAdd][1522]VehCoordAndAngle: 21, 12681, ang -0.005 (-0.313)
[20240124_13:17:16_644] # [T68434][VisionSlotAdd][1523]Current VehPos: 21, 12681, ang -0.005 (-0.313)
[20240124_13:17:16_645] # [T68434][VisionSlotAdd][1528]Convert Vision Slot[0][3] Coord: 0: -3230, 16360; 1: -8023, 16218; 2: -7957, 13986; 3: -3165, 14127
[20240124_13:17:16_645] # [T68435][VisionSlotAdd][1533]Old Vision Slot[0][3] Coord: 0: -3233, 16366; 1: -8035, 16224; 2: -7969, 13988; 3: -3167, 14131
[20240124_13:17:16_645] # [T68436][VisionSlotAddSlotWeightCal][1014]u32Weight: 9, CentreY: 2544.500, DisY: 1256.500, SlotAng: -2.002
[20240124_13:17:16_646] # [T68436][VisionSlotAdd][1576]New Vision Slot[0][3] Coord: 0: -3233, 16366; 1: -8035, 16224; 2: -7968, 13988; 3: -3167, 14131
[20240124_13:17:16_646] # [T68437][VisionSlotAdd][1600]vision slot [0][3], u32Weight: 9, Sum: 842, SlotAng: -178.298, CurSlotAng: -178.311
[20240124_13:17:16_646] # [T68438][VisionSlotAddValidCheck][893]Vision slot Length: 2370,2369, Depth 5076,5076
[20240124_13:17:16_646] # [T68438][VisionSlotAdd][1521]Added Vision Slot[1][1] Num 2 OriCoord: 0: -2507, 3771; 1: -7577, 4036; 2: -7701, 1670; 3: -2631, 1404
[20240124_13:17:16_651] # [T68439][VisionSlotAdd][1522]VehCoordAndAngle: 21, 12681, ang -0.005 (-0.313)
[20240124_13:17:16_651] # [T68439][VisionSlotAdd][1523]Current VehPos: 21, 12681, ang -0.005 (-0.313)
[20240124_13:17:16_651] # [T68440][VisionSlotAdd][1528]Convert Vision Slot[1][1] Coord: 0: 2548, 16438; 1: 7620, 16676; 2: 7731, 14309; 3: 2659, 14071
[20240124_13:17:16_652] # [T68441][VisionSlotAdd][1533]Old Vision Slot[1][1] Coord: 0: 2555, 16438; 1: 7582, 16662; 2: 7689, 14273; 3: 2661, 14049
[20240124_13:17:16_652] # [T68441][VisionSlotAddSlotWeightCal][1014]u32Weight: 8, CentreY: 2587.500, DisY: 1299.500, SlotAng: 177.002
[20240124_13:17:16_652] # [T68442][VisionSlotAdd][1576]New Vision Slot[1][1] Coord: 0: 2555, 16438; 1: 7583, 16663; 2: 7689, 14  68443-task_radar-118: RadarCaptureCnt is 333 
[20240124_13:17:16_652] # 
[20240124_13:17:16_652] # 274; 3: 2661, 14049
[20240124_13:17:16_667] # [T68443][VisionSlotAdd][1600]vision slot [1][1], u32Weight: 8, Sum: 810, SlotAng: 2.556, CurSlotAng: 2.684
[20240124_13:17:16_714] # [T68506][APAVisionOblAdd][1323]Vision Obl merge: 63
[20240124_13:17:16_714] # [T68506][APAVisionOblAdd][1326]Receive Vision Obl CrossPointCoord: 0: 2560, 16432; 1: 7563, 16667
[20240124_13:17:16_714] # [T68506][APAVisionOblInfoDebugPrint][118]VisionOblInfo:
[20240124_13:17:16_714] # [T68507][APAVisionOblInfoDebugPrint][119]OblType: 0, bIsMerge 0, DetectCount 100
[20240124_13:17:16_714] # [T68507][APAVisionOblInfoDebugPrint][122]CrossPointCoord: 0: 2546, 16443; 1: 7565, 16673
[20240124_13:17:16_715] # [T68508][APAVisionOblInfoDebugPrint][125]OriginCrossPointCoord: 0: -2519, 3765; 1: -7520, 4027
[20240124_13:17:16_715] # [T68508][APAVisionOblInfoDebugPrint][126]VehCoordAndAng: 21, 12681, ang -0.005(-0.313)
[20240124_13:17:16_715] # [T68509][APAVisionOblInfoDebugPrint][127] 
[20240124_13:17:16_719] # [T68509][APAVisionOblAdd][1323]Vision Obl merge: 62
[20240124_13:17:16_719] # [T68509][APAVisionOblAdd][1326]Receive Vision Obl CrossPointCoord: 0: -8024, 16206; 1: -3232, 16348
[20240124_13:17:16_719] # [T68510][APAVisionOblInfoDebugPrint][118]VisionOblInfo:
[20240124_13:17:16_720] # [T68510][APAVisionOblInfoDebugPrint][119]OblType: 0, bIsMerge 0, DetectCount 100
[20240124_13:17:16_720] # [T68510][APAVisionOblInfoDebugPrint][122]CrossPointCoord: 0: -8037, 16232; 1: -3238, 16383
[20240124_13:17:16_720] # [T68511][APAVisionOblInfoDebugPrint][125]OriginCrossPointCoord: 0: 8065, 3481; 1: 3274, 3649
[20240124_13:17:16_720] # [T68511][APAVisionOblInfoDebugPrint][126]VehCoordAndAng: 21, 12681, ang -0.005(-0.313)
[20240124_13:17:16_720] # [T68512][APAVisionOblInfoDebugPrint][127] 
[20240124_13:17:16_721] # [T68512][VisionSlotAddValidCheck][893]Vision slot Length: 2385,2385, Depth 5007,5007
[20240124_13:17:16_721] # [T68513][VisionSlotAdd][1521]Added Vision Slot[1][1] Num 2 OriCoord: 0: -2519, 3765; 1: -7520, 4027; 2: -7645, 1645; 3: -2644, 1383
[20240124_13:17:16_721] # [T68513][VisionSlotAdd][1522]VehCoordAndAngle: 21, 12681, ang -0.005 (-0.313)
[20240124_13:17:16_727] # [T68514][VisionSlotAdd][1523]Current VehPos: 21, 12681, ang -0.005 (-0.313)
[20240124_13:17:16_727] # [T68514][VisionSlotAdd][1528]Convert Vision Slot[1][1] Coord: 0: 2560, 16432; 1: 7563, 16667; 2: 7674, 14284; 3: 2672, 14050
[20240124_13:17:16_727] # [T68515][VisionSlotAdd][1533]Old Vision Slot[1][1] Coord: 0: 2555, 16438; 1: 7583, 16663; 2: 7689, 14274; 3: 2661, 14049
[20240124_13:17:16_727] # [T68516][VisionSlotAddSlotWeightCal][1014]u32Weight: 8, CentreY: 2574.000, DisY: 1286.000, SlotAng: 177.001
[20240124_13:17:16_727] # [T68516][VisionSlotAdd][1576]New Vision Slot[1][1] Coord: 0: 2555, 16438; 1: 7583, 16663; 2: 7689, 14274; 3: 2661, 14049
[20240124_13:17:16_728] # [T68517][VisionSlotAdd][1600]vision slot [1][1], u32Weight: 8, Sum: 818, SlotAng: 2.557, CurSlotAng: 2.686
[20240124_13:17:16_728] # [T68518][VisionSlotAddValidCheck][893]Vision slot Length: 2232,2231, Depth 4793,4793
[20240124_13:17:16_728] # [T68518][VisionSlotAdd][1521]Added Vision Slot[0][3] Num 4 OriCoord: 0: 3274, 3649; 1: 8065, 3481; 2: 7987, 1251; 3: 3196, 1418
[20240124_13:17:16_728] # [T68519][VisionSlotAdd][1522]VehCoordAndAngle: 21, 12681, ang -0.005 (-0.313)
[20240124_13:17:16_728] # [T68519][VisionSlotAdd][1523]Current VehPos: 21, 12681, ang -0.005 (-0.313)
[20240124_13:17:16_729] # [T68520][VisionSlotAdd][1528]Convert Vision Slot[0][3] Coord: 0: -3232, 16348; 1: -8024, 16206; 2: -7958, 13976; 3: -3167, 14117
[20240124_13:17:16_729] # [T68520][VisionSlotAdd][1533]Old Vision Slot[0][3] Coord: 0: -3233, 16366; 1: -8035, 16224; 2: -7968, 13988; 3: -3167, 14131
[20240124_13:17:16_729] # [T68521][VisionSlotAddSlotWeightCal][1014]u32Weight: 9, CentreY: 2533.500, DisY: 1245.500, SlotAng: -2.002
[20240124_13:17:16_733] # [T68522][VisionSlotAdd][1576]New Vision Slot[0][3] Coord: 0: -3233, 16366; 1: -8035, 16223; 2: -7968, 13988; 3: -3167, 14131
[20240124_13:17:16_746] # [T68522][VisionSlotAdd][1600]vision slot [0][3], u32Weight: 9, Sum: 851, SlotAng: -178.298, CurSlotAng: -178.311
[20240124_13:17:16_795] # [T68586][APAVisionOblAdd][1323]Vision Obl merge: 62
[20240124_13:17:16_795] # [T68586][APAVisionOblAdd][1326]Receive Vision Obl CrossPointCoord: 0: -8065, 16210; 1: -3241, 16352
[20240124_13:17:16_795] # [T68586][APAVisionOblInfoDebugPrint][118]VisionOblInfo:
[20240124_13:17:16_796] # [T68587][APAVisionOblInfoDebugPrint][119]OblType: 0, bIsMerge 0, DetectCount 100
[20240124_13:17:16_796] # [T68587][APAVisionOblInfoDebugPrint][122]CrossPointCoord: 0: -8037, 16232; 1: -3238, 16383
[20240124_13:17:16_796] # [T68588][APAVisionOblInfoDebugPrint][125]OriginCrossPointCoord: 0: 8106, 3485; 1: 3283, 3653
[20240124_13:17:16_796] # [T68588][APAVisionOblInfoDebugPrint][126]VehCoordAndAng: 21, 12681, ang -0.005(-0.313)
[20240124_13:17:16_796] # [T68589][APAVisionOblInfoDebugPrint][127] 
[20240124_13:17:16_797] # [T68589][APAVisionOblAdd][1323]Vision Obl merge: 63
[20240124_13:17:16_797] # [T68589][APAVisionOblAdd][1326]Receive Vision Obl CrossPointCoord: 0: 2588, 16438; 1: 7619, 16675
[20240124_13:17:16_800] # [T68590][APAVisionOblInfoDebugPrint][118]VisionOblInfo:
[20240124_13:17:16_800] # [T68590][APAVisionOblInfoDebugPrint][119]OblType: 0, bIsMerge 0, DetectCount 100
[20240124_13:17:16_800] # [T68590][APAVisionOblInfoDebugPrint][122]CrossPointCoord: 0: 2546, 16443; 1: 7565, 16673
[20240124_13:17:16_800] # [T68591][APAVisionOblInfoDebugPrint][125]OriginCrossPointCoord: 0: -2547, 3771; 1: -7576, 4035
[20240124_13:17:16_801] # [T68592][APAVisionOblInfoDebugPrint][126]VehCoordAndAng: 21, 12681, ang -0.005(-0.313)
[20240124_13:17:16_801] # [T68592][APAVisionOblInfoDebugPrint][127] 
[20240124_13:17:16_801] # [T68592][VisionSlotAddValidCheck][893]Vision slot Length: 2245,2245, Depth 4825,4826
[20240124_13:17:16_801] # [T68593][VisionSlotAdd][1521]Added Vision Slot[0][3] Num 4 OriCoord: 0: 3283, 3653; 1: 8106, 3485; 2: 8028, 1241; 3: 3204, 1409
[20240124_13:17:16_802] # [T68593][VisionSlotAdd][1522]VehCoordAndAngle: 21, 12681, ang -0.005 (-0.313)
[20240124_13:17:16_802] # [T68594][VisionSlotAdd][1523]Current VehPos: 21, 12681, ang -0.005 (-0.313)
[20240124_13:17:16_806] # [T68594][VisionSlotAdd][1528]Convert Vision Slot[0][3] Coord: 0: -3241, 16352; 1: -8065, 16210; 2: -7999, 13966; 3: -3175, 14108
[20240124_13:17:16_806] # [T68595][VisionSlotAdd][1533]Old Vision Slot[0][3] Coord: 0: -3233, 16366; 1: -8035, 16223; 2: -7968, 13988; 3: -3167, 14131
[20240124_13:17:16_807] # [T68596][VisionSlotAddSlotWeightCal][1014]u32Weight: 9, CentreY: 2531.000, DisY: 1243.000, SlotAng: -1.995
[20240124_13:17:16_807] # [T68596][VisionSlotAdd][1576]New Vision Slot[0][3] Coord: 0: -3233, 16366; 1: -8035, 16223; 2: -7969, 13988; 3: -3167, 14131
[20240124_13:17:16_807] # [T68597][VisionSlotAdd][1600]vision slot [0][3], u32Weight: 9, Sum: 860, SlotAng: -178.298, CurSlotAng: -178.319
[20240124_13:17:16_807] # [T68598][VisionSlotAddValidCheck][893]Vision slot Length: 2392,2393, Depth 5035,5036
[20240124_13:17:16_808] # [T68598][VisionSlotAdd][1521]Added Vision Slot[1][1] Num 2 OriCoord: 0: -2547, 3771; 1: -7576, 4035; 2: -7702, 1645; 3: -2672, 1382
[20240124_13:17:16_808] # [T68599][VisionSlotAdd][1522]VehCoordAndAngle: 21, 12681, ang -0.005 (-0.313)
[20240124_13:17:16_808] # [T68599][VisionSlotAdd][1523]Current VehPos: 21, 12681, ang -0.005 (-0.313)
[20240124_13:17:16_808] # [T68600][VisionSlotAdd][1528]Convert Vision Slot[1][1] Coord: 0: 2588, 16438; 1: 7619, 16675; 2: 7731, 14284; 3: 2700, 14048
[20240124_13:17:16_808] # [T68600][VisionSlotAdd][1533]Old Vision Slot[1][1] Coord: 0: 2555, 16438; 1: 7583, 16663; 2: 7689, 14274; 3: 2661, 14049
[20240124_13:17:16_809] # [T68601][VisionSlotAddSlotWeightCal][1014]u32Weight: 8, CentreY: 2576.500, DisY: 1288.500, SlotAng: 177.001
[20240124_13:17:16_812] # [T68602][VisionSlotAdd][1576]New Vision Slot[1][1] Coord: 0: 2555, 16438; 1: 7583, 16663; 2: 7690, 14274; 3: 2662, 14049
[20240124_13:17:16_821] # [T68602][VisionSlotAdd][1600]vision slot [1][1], u32Weight: 8, Sum: 826, SlotAng: 2.558, CurSlotAng: 2.686
[20240124_13:17:16_872] # [T68667][APAVisionOblAdd][1323]Vision Obl merge: 62
[20240124_13:17:16_878] # [T68667][APAVisionOblAdd][1326]Receive Vision Obl CrossPointCoord: 0: -8024, 16209; 1: -3232, 16350
[20240124_13:17:16_878] # [T68667][APAVisionOblInfoDebugPrint][118]VisionOblInfo:
[20240124_13:17:16_878] # [T68668][APAVisionOblInfoDebugPrint][119]OblType: 0, bIsMerge 0, DetectCount 100
[20240124_13:17:16_878] # [T68668][APAVisionOblInfoDebugPrint][122]CrossPointCoord: 0: -8037, 16232; 1: -3238, 16383
[20240124_13:17:16_879] # [T68669][APAVisionOblInfoDebugPrint][125]OriginCrossPointCoord: 0: 8065, 3484; 1: 3274, 3651
[20240124_13:17:16_879] # [T68669][APAVisionOblInfoDebugPrint][126]VehCoordAndAng: 21, 12681, ang -0.005(-0.313)
[20240124_13:17:16_879] # [T68670][APAVisionOblInfoDebugPrint][127] 
[20240124_13:17:16_879] # [T68670][APAVisionOblAdd][1323]Vision Obl merge: 63
[20240124_13:17:16_879] # [T68670][APAVisionOblAdd][1326]Receive Vision Obl CrossPointCoord: 0: 2578, 16422; 1: 7560, 16656
[20240124_13:17:16_880] # [T68671][APAVisionOblInfoDebugPrint][118]VisionOblInfo:
[20240124_13:17:16_886] # [T68671][APAVisionOblInfoDebugPrint][119]OblType: 0, bIsMerge 0, DetectCount 100
[20240124_13:17:16_886] # [T68672][APAVisionOblInfoDebugPrint][122]CrossPointCoord: 0: 2546, 16443; 1: 7565, 16673
[20240124_13:17:16_886] # [T68672][APAVisionOblInfoDebugPrint][125]OriginCrossPointCoord: 0: -2537, 3755; 1: -7518, 4016
[20240124_13:17:16_886] # [T68673][APAVisionOblInfoDebugPrint][126]VehCoordAndAng: 21, 12681, ang -0.005(-0.313)
[20240124_13:17:16_886] # [T68673][APAVisionOblInfoDebugPrint][127] 
[20240124_13:17:16_886] # [T68673][VisionSlotAddValidCheck][893]Vision slot Length: 2231,2231, Depth 4793,4793
[20240124_13:17:16_888] # [T68674][VisionSlotAdd][1521]Added Vision Slot[0][3] Num 4 OriCoord: 0: 3274, 3651; 1: 8065, 3484; 2: 7987, 1254; 3: 3196, 1421
[20240124_13:17:16_888] # [T68675][VisionSlotAdd][1522]VehCoordAndAngle: 21, 12681, ang -0.005 (-0.313)
[20240124_13:17:16_888] # [T68675][VisionSlotAdd][1523]Current VehPos: 21, 12681, ang -0.005 (-0.313)
[20240124_13:17:16_888] # [T68675][VisionSlotAdd][1528]Convert Vision Slot[0][3] Coord: 0: -3232, 16350; 1: -8024, 16209; 2: -7958, 13979; 3: -3167, 14120
[20240124_13:17:16_888] # [T68676][VisionSlotAdd][1533]Old Vision Slot[0][3] Coord: 0: -3233, 16366; 1: -8035, 16223; 2: -7969, 13988; 3: -3167, 14131
[20240124_13:17:16_889] # [T68677][VisionSlotAddSlotWeightCal][1014]u32Weight: 9, CentreY: 2536.000, DisY: 1248.000, SlotAng: -1.996
[20240124_13:17:16_889] # [T68677][VisionSlotAdd][1576]New Vision Slot[0][3] Coord: 0: -3233, 16366; 1: -8035, 16223; 2: -7969, 13988; 3: -3167, 14130
[20240124_13:17:16_889] # [T68678][VisionSlotAdd][1600]vision slot [0][3], u32Weight: 9, Sum: 869, SlotAng: -178.299, CurSlotAng: -178.317
[20240124_13:17:16_889] # [T68679][VisionSlotAddValidCheck][893]Vision slot Length: 2384,2384, Depth 4987,4988
[20240124_13:17:16_889] # [T68679][VisionSlotAdd][1521]Added Vision Slot[1][1] Num 2 OriCoord: 0: -2537, 3755; 1: -7518, 4016; 2: -7643, 1635; 3: -2661, 1374
[20240124_13:17:16_890] # [T68680][VisionSlotAdd][1522]VehCoordAndAngle: 21, 12681, ang -0.005 (-0.313)
[20240124_13:17:16_893] # [T68680][VisionSlotAdd][1523]Current VehPos: 21, 12681, ang -0.005 (-0.313)
[20240124_13:17:16_894] # [T68681][VisionSlotAdd][1528]Convert Vision Slot[1][1] Coord: 0: 2578, 16422; 1: 7560, 16656; 2: 7672, 14274; 3: 2689, 14041
[20240124_13:17:16_894] # [T68681][VisionSlotAdd][1533]Old Vision Slot[1][1] Coord: 0: 2555, 16438; 1: 7583, 16663; 2: 7690, 14274; 3: 2662, 14049
[20240124_13:17:16_894] # [T68682][VisionSlotAddSlotWeightCal][1014]u32Weight: 9, CentreY: 2564.500, DisY: 1276.500, SlotAng: 177.001
[20240124_13:17:16_894] # [T68683][VisionSlotAdd][1576]New Vision Slot[1][1] Coord: 0: 2555, 16438; 1: 7583, 16663; 2: 7689, 14274; 3: 2662, 14049
[20240124_13:17:16_899] # [T68683][VisionSlotAdd][1600]vision slot [1][1], u32Weight: 9, Sum: 835, SlotAng: 2.560, CurSlotAng: 2.686
[20240124_13:17:16_951] # [T68747][APAVisionOblAdd][1323]Vision Obl merge: 62
[20240124_13:17:16_957] # [T68747][APAVisionOblAdd][1326]Receive Vision Obl CrossPointCoord: 0: -8048, 16257; 1: -3191, 16400
[20240124_13:17:16_959] # [T68747][APAVisionOblInfoDebugPrint][118]VisionOblInfo:
[20240124_13:17:16_959] # [T68748][APAVisionOblInfoDebugPrint][119]OblType: 0, bIsMerge 0, DetectCount 100
[20240124_13:17:16_959] # [T68748][APAVisionOblInfoDebugPrint][122]CrossPointCoord: 0: -8037, 16232; 1: -3238, 16383
[20240124_13:17:16_959] # [T68749][APAVisionOblInfoDebugPrint][125]OriginCrossPointCoord: 0: 8089, 3532; 1: 3233, 3701
[20240124_13:17:16_959] # [T68749][APAVisionOblInfoDebugPrint][126]VehCoordAndAng: 21, 12681, ang -0.005(-0.313)
[20240124_13:17:16_960] # [T68750][APAVisionOblInfoDebugPrint][127] 
[20240124_13:17:16_960] # [T68750][APAVisionOblAdd][1323]Vision Obl merge: 63
[20240124_13:17:16_960] # [T68750][APAVisionOblAdd][1326]Receive Vision Obl CrossPointCoord: 0: 2579, 16475; 1: 7584, 16623
[20240124_13:17:16_960] # [T68751][APAVisionOblInfoDebugPrint][118]VisionOblInfo:
[20240124_13:17:16_960] # [T68751][APAVisionOblInfoDebugPrint][119]OblType: 0, bIsMerge 0, DetectCount 100
[20240124_13:17:16_960] # [T68752][APAVisionOblInfoDebugPrint][122]CrossPointCoord: 0: 2546, 16443; 1: 7565, 16673
[20240124_13:17:16_961] # [T68752][APAVisionOblInfoDebugPrint][125]OriginCrossPointCoord: 0: -2538, 3808; 1: -7542, 3983
[20240124_13:17:16_966] # [T68753][APAVisionOblInfoDebugPrint][126]VehCoordAndAng: 21, 12681, ang -0.005(-0.313)
[20240124_13:17:16_966] # [T68753][APAVisionOblInfoDebugPrint][127] 
[20240124_13:17:16_966] # [T68753][VisionSlotAddValidCheck][893]Vision slot Length: 2273,2274, Depth 4858,4859
[20240124_13:17:16_966] # [T68754][VisionSlotAdd][1521]Added Vision Slot[0][3] Num 4 OriCoord: 0: 3233, 3701; 1: 8089, 3532; 2: 8010, 1259; 3: 3153, 1429
[20240124_13:17:16_966] # [T68754][VisionSlotAdd][1522]VehCoordAndAngle: 21, 12681, ang -0.005 (-0.313)
[20240124_13:17:16_967] # [T68755][VisionSlotAdd][1523]Current VehPos: 21, 12681, ang -0.005 (-0.313)
[20240124_13:17:16_967] # [T68755][VisionSlotAdd][1528]Convert Vision Slot[0][3] Coord: 0: -3191, 16400; 1: -8048, 16257; 2: -7981, 13984; 3: -3124, 14127
[20240124_13:17:16_967] # [T68756][VisionSlotAdd][1533]Old Vision Slot[0][3] Coord: 0: -3233, 16366; 1: -8035, 16223; 2: -7969, 13988; 3: -3167, 14130
[20240124_13:17:16_967] # [T68757][VisionSlotAddSlotWeightCal][1014]u32Weight: 9, CentreY: 2565.000, DisY: 1277.000, SlotAng: -1.999
[20240124_13:17:16_967] # [T68757][VisionSlotAdd][1576]New Vision Slot[0][3] Coord: 0: -3233, 16366; 1: -8035, 16223; 2: -7969, 13988; 3: -3167, 14130
[20240124_13:17:16_968] # [T68758][VisionSlotAdd][1600]vision slot [0][3], u32Weight: 9, Sum: 878, SlotAng: -178.299, CurSlotAng: -178.314
[20240124_13:17:16_968] # [T68759][VisionSlotAddValidCheck][893]Vision slot Length: 2384,2384, Depth 5007,5008
[20240124_13:17:16_968] # [T68759][VisionSlotAdd][1521]Added Vision Slot[1][1] Num 2 OriCoord: 0: -2538, 3808; 1: -7542, 3983; 2: -7626, 1600; 3: -2621, 1425
[20240124_13:17:16_968] # [T68760][VisionSlotAdd][1522]VehCoordAndAngle: 21, 12681, ang -0.005 (-0.313)
[20240124_13:17:16_972] # [T68760][VisionSlotAdd][1523]Current VehPos: 21, 12681, ang -0.005 (-0.313)
[20240124_13:17:16_974] # [T68761][VisionSlotAdd][1528]Convert Vision Slot[1][1] Coord: 0: 2579, 16475; 1: 7584, 16623; 2: 7655, 14239; 3: 2649, 14092
[20240124_13:17:16_974] # [T68761][VisionSlotAdd][1533]Old Vision Slot[1][1] Coord: 0: 2555, 16438; 1: 7583, 16663; 2: 7689, 14274; 3: 2662, 14049
[20240124_13:17:16_974] # [T68762][VisionSlotAddSlotWeightCal][1014]u32Weight: 8, CentreY: 2616.500, DisY: 1328.500, SlotAng: 177.997
[20240124_13:17:16_974] # [T68763][VisionSlotAdd][1576]New Vision Slot[1][1] Coord: 0: 2556, 16438; 1: 7583, 16662; 2: 7689, 14274; 3: 2662, 14050
[20240124_13:17:16_978] # [T68763][VisionSlotAdd][1600]vision slot [1][1], u32Weight: 8, Sum: 843, SlotAng: 2.551, CurSlotAng: 1.689
[20240124_13:17:17_033] # [T68828][APAVisionOblAdd][1323]Vision Obl merge: 62
[20240124_13:17:17_036] # [T68828][APAVisionOblAdd][1326]Receive Vision Obl CrossPointCoord: 0: -8044, 16211; 1: -3242, 16353
[20240124_13:17:17_036] # [T68828][APAVisionOblInfoDebugPrint][118]VisionOblInfo:
[20240124_13:17:17_036] # [T68829][APAVisionOblInfoDebugPrint][119]OblType: 0, bIsMerge 0, DetectCount 100
[20240124_13:17:17_036] # [T68829][APAVisionOblInfoDebugPrint][122]CrossPointCoord: 0: -8037, 16232; 1: -3238, 16383
[20240124_13:17:17_036] # [T68830][APAVisionOblInfoDebugPrint][125]OriginCrossPointCoord: 0: 8085, 3486; 1: 3284, 3654
[20240124_13:17:17_039] # [T68830][APAVisionOblInfoDebugPrint][126]VehCoordAndAng: 21, 12681, ang -0.005(-0.313)
[20240124_13:17:17_040] # [T68831][APAVisionOblInfoDebugPrint][127] 
[20240124_13:17:17_040] # [T68831][APAVisionOblAdd][1323]Vision Obl merge: 63
[20240124_13:17:17_040] # [T68831][APAVisionOblAdd][1326]Receive Vision Obl CrossPointCoord: 0: 2579, 16460; 1: 7608, 16608
[20240124_13:17:17_040] # [T68832][APAVisionOblInfoDebugPrint][118]VisionOblInfo:
[20240124_13:17:17_040] # [T68832][APAVisionOblInfoDebugPrint][119]OblType: 0, bIsMerge 0, DetectCount 100
[20240124_13:17:17_041] # [T68832][APAVisionOblInfoDebugPrint][122]CrossPointCoord: 0: 2546, 16443; 1: 7565, 16673
[20240124_13:17:17_041] # [T68833][APAVisionOblInfoDebugPrint][125]OriginCrossPointCoord: 0: -2538, 3793; 1: -7566, 3968
[20240124_13:17:17_041] # [T68833][APAVisionOblInfoDebugPrint][126]VehCoordAndAng: 21, 12681, ang -0.005(-0.313)
[20240124_13:17:17_041] # [T68834][APAVisionOblInfoDebugPrint][127] 
[20240124_13:17:17_047] # [T68834][VisionSlotAddValidCheck][893]Vision slot Length: 2248,2247, Depth 4803,4803
[20240124_13:17:17_047] # [T68835][VisionSlotAdd][1521]Added Vision Slot[0][3] Num 4 OriCoord: 0: 3284, 3654; 1: 8085, 3486; 2: 8007, 1240; 3: 3206, 1407
[20240124_13:17:17_047] # [T68835][VisionSlotAdd][1522]VehCoordAndAngle: 21, 12681, ang -0.005 (-0.313)
[20240124_13:17:17_047] # [T68836][VisionSlotAdd][1523]Current VehPos: 21, 12681, ang -0.005 (-0.313)
[20240124_13:17:17_048] # [T68836][VisionSlotAdd][1528]Convert Vision Slot[0][3] Coord: 0: -3242, 16353; 1: -8044, 16211; 2: -7979, 13965; 3: -3177, 14106
[20240124_13:17:17_048] # [T68837][VisionSlotAdd][1533]Old Vision Slot[0][3] Coord: 0: -3233, 16366; 1: -8035, 16223; 2: -7969, 13988; 3: -3167, 14130
[20240124_13:17:17_048] # [T68838][VisionSlotAddSlotWeightCal][1014]u32Weight: 9, CentreY: 2530.500, DisY: 1242.500, SlotAng: -1.998
[20240124_13:17:17_048] # [T68838][VisionSlotAdd][1576]New Vision Slot[0][3] Coord: 0: -3233, 16366; 1: -8035, 16223; 2: -7969, 13988; 3: -3167, 14130
[20240124_13:17:17_048] # [T68839][VisionSlotAdd][1600]vision slot [0][3], u32Weight: 9, Sum: 887, SlotAng: -178.299, CurSlotAng: -178.315
[20240124_13:17:17_049] # [T68840][VisionSlotAddValidCheck][893]Vision slot Length: 2372,2371, Depth 5031,5031
[20240124_13:17:17_049] # [T68840][VisionSlotAdd][1521]Added Vision Slot[1][1] Num 2 OriCoord: 0: -2538, 3793; 1: -7566, 3968; 2: -7649, 1598; 3: -2621, 1422
[20240124_13:17:17_049] # [T68841][VisionSlotAdd][1522]VehCoordAndAngle: 21, 12681, ang -0.005 (-0.313)
[20240124_13:17:17_054] # [T68841][VisionSlotAdd][1523]Current VehPos: 21, 12681, ang -0.005 (-0.313)
[20240124_13:17:17_054] # [T68842][VisionSlotAdd][1528]Convert Vision Slot[1][1] Coord: 0: 2579, 16460; 1: 7608, 16608; 2: 7678, 14237; 3: 2649, 14089
[20240124_13:17:17_054] # [T68842][VisionSlotAdd][1533]Old Vision Slot[1][1] Coord: 0: 2556, 16438; 1: 7583, 16662; 2: 7689, 14274; 3: 2662, 14050
[20240124_13:17:17_054] # [T68843][VisionSlotAddSlotWeightCal][1014]u32Weight: 8, CentreY: 2607.500, DisY: 1319.500, SlotAng: 178.001
[20240124_13:17:17_054] # [T68844][VisionSlotAdd][1576]New Vision Slot[1][1] Coord: 0: 2556, 16438; 1: 7583, 16662; 2: 7689, 14273; 3: 2662, 14050
[20240124_13:17:17_059] # [T68844][VisionSlotAdd][1600]vision slot [1][1], u32Weight: 8, Sum: 851, SlotAng: 2.543, CurSlotAng: 1.686
[20240124_13:17:17_114] # [T68908][APAVisionOblAdd][1323]Vision Obl merge: 62
[20240124_13:17:17_115] # [T68908][APAVisionOblAdd][1326]Receive Vision Obl CrossPointCoord: 0: -8051, 16222; 1: -3213, 16365
[20240124_13:17:17_115] # [T68908][APAVisionOblInfoDebugPrint][118]VisionOblInfo:
[20240124_13:17:17_115] # [T68909][APAVisionOblInfoDebugPrint][119]OblType: 0, bIsMerge 0, DetectCount 100
[20240124_13:17:17_121] # [T68909][APAVisionOblInfoDebugPrint][122]CrossPointCoord: 0: -8037, 16232; 1: -3238, 16383
[20240124_13:17:17_121] # [T68910][APAVisionOblInfoDebugPrint][125]OriginCrossPointCoord: 0: 8092, 3497; 1: 3255, 3666
[20240124_13:17:17_121] # [T68910][APAVisionOblInfoDebugPrint][126]VehCoordAndAng: 21, 12681, ang -0.005(-0.313)
[20240124_13:17:17_121] # [T68911][APAVisionOblInfoDebugPrint][127] 
[20240124_13:17:17_122] # [T68911][APAVisionOblAdd][1323]Vision Obl merge: 63
[20240124_13:17:17_122] # [T68911][APAVisionOblAdd][1326]Receive Vision Obl CrossPointCoord: 0: 2588, 16431; 1: 7573, 16665
[20240124_13:17:17_122] # [T68912][APAVisionOblInfoDebugPrint][118]VisionOblInfo:
[20240124_13:17:17_122] # [T68912][APAVisionOblInfoDebugPrint][119]OblType: 0, bIsMerge 0, DetectCount 100
[20240124_13:17:17_122] # [T68912][APAVisionOblInfoDebugPrint][122]CrossPointCoord: 0: 2546, 16443; 1: 7565, 16673
[20240124_13:17:17_123] # [T68913][APAVisionOblInfoDebugPrint][125]OriginCrossPointCoord: 0: -2547, 3764; 1: -7531, 4025
[20240124_13:17:17_123] # [T68913][APAVisionOblInfoDebugPrint][126]VehCoordAndAng: 21, 12681, ang -0.005(-0.313)
[20240124_13:17:17_123] # [T68914][APAVisionOblInfoDebugPrint][127] 
[20240124_13:17:17_123] # [T68914][VisionSlotAddValidCheck][893]Vision slot Length: 2245,2245, Depth 4839,4839
[20240124_13:17:17_129] # [T68915][VisionSlotAdd][1521]Added Vision Slot[0][3] Num 4 OriCoord: 0: 3255, 3666; 1: 8092, 3497; 2: 8014, 1253; 3: 3177, 1422
[20240124_13:17:17_129] # [T68915][VisionSlotAdd][1522]VehCoordAndAngle: 21, 12681, ang -0.005 (-0.313)
[20240124_13:17:17_130] # [T68916][VisionSlotAdd][1523]Current VehPos: 21, 12681, ang -0.005 (-0.313)
[20240124_13:17:17_130] # [T68916][VisionSlotAdd][1528]Convert Vision Slot[0][3] Coord: 0: -3213, 16365; 1: -8051, 16222; 2: -7985, 13978; 3: -3148, 14120
[20240124_13:17:17_130] # [T68917][VisionSlotAdd][1533]Old Vision Slot[0][3] Coord: 0: -3233, 16366; 1: -8035, 16223; 2: -7969, 13988; 3: -3167, 14130
[20240124_13:17:17_130] # [T68918][VisionSlotAddSlotWeightCal][1014]u32Weight: 9, CentreY: 2544.000, DisY: 1256.000, SlotAng: -2.001
[20240124_13:17:17_131] # [T68918][VisionSlotAdd][1576]New Vision Slot[0][3] Coord: 0: -3233, 16366; 1: -8035, 16223; 2: -7969, 13987; 3: -3167, 14130
[20240124_13:17:17_131] # [T68919][VisionSlotAdd][1600]vision slot [0][3], u32Weight: 9, Sum: 896, SlotAng: -178.299, CurSlotAng: -178.312
[20240124_13:17:17_131] # [T68920][VisionSlotAddValidCheck][893]Vision slot Length: 2387,2386, Depth 4990,4991
[20240124_13:17:17_131] # [T68920][VisionSlotAdd][1521]Added Vision Slot[1][1] Num 2 OriCoord: 0: -2547, 3764; 1: -7531, 4025; 2: -7656, 1642; 3: -2671, 1380
[20240124_13:17:17_131] # [T68921][VisionSlotAdd][1522]VehCoordAndAngle: 21, 12681, ang -0.005 (-0.313)
[20240124_13:17:17_132] # [T68921][VisionSlotAdd][1523]Current VehPos: 21, 12681, ang -0.005 (-0.313)
[20240124_13:17:17_132] # [T68922][VisionSlotAdd][1528]Convert Vision Slot[1][1] Coord: 0: 2588, 16431; 1: 7573, 16665; 2: 7685, 14281; 3: 2699, 14046
[20240124_13:17:17_132] # [T68922][VisionSlotAdd][1533]Old Vision Slot[1][1] Coord: 0: 2556, 16438; 1: 7583, 16662; 2: 7689, 14273; 3: 2662, 14050
[20240124_13:17:17_132] # [T68923][VisionSlotAddSlotWeightCal][1014]u32Weight: 9, CentreY: 2572.000, DisY: 1284.000, SlotAng: 176.997
[20240124_13:17:17_139] # [T68924][VisionSlotAdd][1576]New Vision Slot[1][1] Coord: 0: 2556, 16438; 1: 7583, 16662; 2: 7689, 14273; 3: 2662, 14050
[20240124_13:17:17_146] # [T68924][VisionSlotAdd][1600]vision slot [1][1], u32Weight: 9, Sum: 860, SlotAng: 2.545, CurSlotAng: 2.690
[20240124_13:17:17_166] #   68941-task_radar-118: RadarCaptureCnt is 333 
[20240124_13:17:17_166] # 
[20240124_13:17:17_195] # [T68988][APAVisionOblAdd][1323]Vision Obl merge: 63
[20240124_13:17:17_195] # [T68988][APAVisionOblAdd][1326]Receive Vision Obl CrossPointCoord: 0: 2581, 16427; 1: 7556, 16661
[20240124_13:17:17_195] # [T68988][APAVisionOblInfoDebugPrint][118]VisionOblInfo:
[20240124_13:17:17_200] # [T68989][APAVisionOblInfoDebugPrint][119]OblType: 0, bIsMerge 0, DetectCount 100
[20240124_13:17:17_200] # [T68989][APAVisionOblInfoDebugPrint][122]CrossPointCoord: 0: 2546, 16443; 1: 7565, 16673
[20240124_13:17:17_201] # [T68990][APAVisionOblInfoDebugPrint][125]OriginCrossPointCoord: 0: -2540, 3760; 1: -7514, 4021
[20240124_13:17:17_201] # [T68990][APAVisionOblInfoDebugPrint][126]VehCoordAndAng: 21, 12681, ang -0.005(-0.313)
[20240124_13:17:17_201] # [T68991][APAVisionOblInfoDebugPrint][127] 
[20240124_13:17:17_201] # [T68991][APAVisionOblAdd][1323]Vision Obl merge: 62
[20240124_13:17:17_201] # [T68991][APAVisionOblAdd][1326]Receive Vision Obl CrossPointCoord: 0: -8044, 16209; 1: -3242, 16351
[20240124_13:17:17_201] # [T68992][APAVisionOblInfoDebugPrint][118]VisionOblInfo:
[20240124_13:17:17_202] # [T68992][APAVisionOblInfoDebugPrint][119]OblType: 0, bIsMerge 0, DetectCount 100
[20240124_13:17:17_202] # [T68992][APAVisionOblInfoDebugPrint][122]CrossPointCoord: 0: -8037, 16232; 1: -3238, 16383
[20240124_13:17:17_202] # [T68993][APAVisionOblInfoDebugPrint][125]OriginCrossPointCoord: 0: 8085, 3484; 1: 3284, 3652
[20240124_13:17:17_202] # [T68993][APAVisionOblInfoDebugPrint][126]VehCoordAndAng: 21, 12681, ang -0.005(-0.313)
[20240124_13:17:17_202] # [T68994][APAVisionOblInfoDebugPrint][127] 
[20240124_13:17:17_208] # [T68994][VisionSlotAddValidCheck][893]Vision slot Length: 2392,2392, Depth 4980,4981
[20240124_13:17:17_208] # [T68995][VisionSlotAdd][1521]Added Vision Slot[1][1] Num 2 OriCoord: 0: -2540, 3760; 1: -7514, 4021; 2: -7640, 1632; 3: -2665, 1371
[20240124_13:17:17_208] # [T68995][VisionSlotAdd][1522]VehCoordAndAngle: 21, 12681, ang -0.005 (-0.313)
[20240124_13:17:17_208] # [T68996][VisionSlotAdd][1523]Current VehPos: 21, 12681, ang -0.005 (-0.313)
[20240124_13:17:17_209] # [T68996][VisionSlotAdd][1528]Convert Vision Slot[1][1] Coord: 0: 2581, 16427; 1: 7556, 16661; 2: 7669, 14271; 3: 2693, 14038
[20240124_13:17:17_209] # [T68997][VisionSlotAdd][1533]Old Vision Slot[1][1] Coord: 0: 2556, 16438; 1: 7583, 16662; 2: 7689, 14273; 3: 2662, 14050
[20240124_13:17:17_209] # [T68998][VisionSlotAddSlotWeightCal][1014]u32Weight: 9, CentreY: 2565.500, DisY: 1277.500, SlotAng: 176.997
[20240124_13:17:17_209] # [T68998][VisionSlotAdd][1576]New Vision Slot[1][1] Coord: 0: 2556, 16438; 1: 7583, 16662; 2: 7689, 14273; 3: 2663, 14050
[20240124_13:17:17_209] # [T68999][VisionSlotAdd][1600]vision slot [1][1], u32Weight: 9, Sum: 869, SlotAng: 2.546, CurSlotAng: 2.690
[20240124_13:17:17_210] # [T69000][VisionSlotAddValidCheck][893]Vision slot Length: 2247,2247, Depth 4803,4802
[20240124_13:17:17_210] # [T69000][VisionSlotAdd][1521]Added Vision Slot[0][3] Num 4 OriCoord: 0: 3284, 3652; 1: 8085, 3484; 2: 8006, 1238; 3: 3206, 1406
[20240124_13:17:17_210] # [T69001][VisionSlotAdd][1522]VehCoordAndAngle: 21, 12681, ang -0.005 (-0.313)
[20240124_13:17:17_210] # [T69001][VisionSlotAdd][1523]Current VehPos: 21, 12681, ang -0.005 (-0.313)
[20240124_13:17:17_210] # [T69002][VisionSlotAdd][1528]Convert Vision Slot[0][3] Coord: 0: -3242, 16351; 1: -8044, 16209; 2: -7978, 13963; 3: -3177, 14105
[20240124_13:17:17_215] # [T69002][VisionSlotAdd][1533]Old Vision Slot[0][3] Coord: 0: -3233, 16366; 1: -8035, 16223; 2: -7969, 13987; 3: -3167, 14130
[20240124_13:17:17_215] # [T69003][VisionSlotAddSlotWeightCal][1014]u32Weight: 9, CentreY: 2529.000, DisY: 1241.000, SlotAng: -2.004
[20240124_13:17:17_216] # [T69004][VisionSlotAdd][1576]New Vision Slot[0][3] Coord: 0: -3233, 16366; 1: -8035, 16223; 2: -7969, 13987; 3: -3167, 14130
[20240124_13:17:17_229] # [T69005][VisionSlotAdd][1600]vision slot [0][3], u32Weight: 9, Sum: 905, SlotAng: -178.299, CurSlotAng: -178.309
[20240124_13:17:17_279] # [T69069][APAVisionOblAdd][1323]Vision Obl merge: 62
[20240124_13:17:17_279] # [T69069][APAVisionOblAdd][1326]Receive Vision Obl CrossPointCoord: 0: -7974, 16197; 1: -3247, 16336
[20240124_13:17:17_279] # [T69069][APAVisionOblInfoDebugPrint][118]VisionOblInfo:
[20240124_13:17:17_280] # [T69070][APAVisionOblInfoDebugPrint][119]OblType: 0, bIsMerge 0, DetectCount 100
[20240124_13:17:17_280] # [T69070][APAVisionOblInfoDebugPrint][122]CrossPointCoord: 0: -8037, 16232; 1: -3238, 16383
[20240124_13:17:17_280] # [T69071][APAVisionOblInfoDebugPrint][125]OriginCrossPointCoord: 0: 8015, 3472; 1: 3289, 3637
[20240124_13:17:17_280] # [T69071][APAVisionOblInfoDebugPrint][126]VehCoordAndAng: 21, 12681, ang -0.005(-0.313)
[20240124_13:17:17_281] # [T69072][APAVisionOblInfoDebugPrint][127] 
[20240124_13:17:17_281] # [T69072][APAVisionOblAdd][1323]Vision Obl merge: 63
[20240124_13:17:17_281] # [T69072][APAVisionOblAdd][1326]Receive Vision Obl CrossPointCoord: 0: 2531, 16422; 1: 7572, 16660
[20240124_13:17:17_281] # [T69073][APAVisionOblInfoDebugPrint][118]VisionOblInfo:
[20240124_13:17:17_285] # [T69073][APAVisionOblInfoDebugPrint][119]OblType: 0, bIsMerge 0, DetectCount 100
[20240124_13:17:17_286] # [T69073][APAVisionOblInfoDebugPrint][122]CrossPointCoord: 0: 2546, 16443; 1: 7565, 16673
[20240124_13:17:17_286] # [T69074][APAVisionOblInfoDebugPrint][125]OriginCrossPointCoord: 0: -2490, 3755; 1: -7530, 4020
[20240124_13:17:17_286] # [T69074][APAVisionOblInfoDebugPrint][126]VehCoordAndAng: 21, 12681, ang -0.005(-0.313)
[20240124_13:17:17_286] # [T69075][APAVisionOblInfoDebugPrint][127] 
[20240124_13:17:17_286] # [T69075][VisionSlotAddValidCheck][893]Vision slot Length: 2217,2217, Depth 4728,4728
[20240124_13:17:17_286] # [T69076][VisionSlotAdd][1521]Added Vision Slot[0][3] Num 4 OriCoord: 0: 3289, 3637; 1: 8015, 3472; 2: 7938, 1256; 3: 3212, 1421
[20240124_13:17:17_287] # [T69076][VisionSlotAdd][1522]VehCoordAndAngle: 21, 12681, ang -0.005 (-0.313)
[20240124_13:17:17_287] # [T69077][VisionSlotAdd][1523]Current VehPos: 21, 12681, ang -0.005 (-0.313)
[20240124_13:17:17_287] # [T69077][VisionSlotAdd][1528]Convert Vision Slot[0][3] Coord: 0: -3247, 16336; 1: -7974, 16197; 2: -7909, 13981; 3: -3183, 14120
[20240124_13:17:17_287] # [T69078][VisionSlotAdd][1533]Old Vision Slot[0][3] Coord: 0: -3233, 16366; 1: -8035, 16223; 2: -7969, 13987; 3: -3167, 14130
[20240124_13:17:17_287] # [T69079][VisionSlotAddSlotWeightCal][1014]u32Weight: 9, CentreY: 2529.000, DisY: 1241.000, SlotAng: -2.000
[20240124_13:17:17_288] # [T69079][VisionSlotAdd][1576]New Vision Slot[0][3] Coord: 0: -3233, 16366; 1: -8035, 16223; 2: -7968, 13987; 3: -3167, 14130
[20240124_13:17:17_294] # [T69080][VisionSlotAdd][1600]vision slot [0][3], u32Weight: 9, Sum: 914, SlotAng: -178.299, CurSlotAng: -178.314
[20240124_13:17:17_294] # [T69081][VisionSlotAddValidCheck][893]Vision slot Lngth: 2401,2401, Depth 5046,5046
[20240124_13:17:17_295] # [T69081][VisionSlotAdd][1521]Added Vision Slot[1][1] Num 2 OriCoord: 0: -2490, 3755; 1: -7530, 4020; 2: -7656, 1622; 3: -2616, 1357
[20240124_13:17:17_295] # [T69082][VisionSlotAdd][1522]VehCoordAndAngle: 21, 12681, ang -0.005 (-0.313)
[20240124_13:17:17_295] # [T69082][VisionSlotAdd][1523]Current VehPos: 21, 12681, ang -0.005 (-0.313)
[20240124_13:17:17_295] # [T69083][VisionSlotAdd][1528]Convert Vision Slot[1][1] Coord: 0: 2531, 16422; 1: 7572, 16660; 2: 7685, 14261; 3: 2644, 14024
[20240124_13:17:17_296] # [T69083][VisionSlotAdd][1533]Old Vision Slot[1][1] Coord: 0: 2556, 16438; 1: 7583, 16662; 2: 7689, 14273; 3: 2663, 14050
[20240124_13:17:17_296] # [T69084][VisionSlotAddSlotWeightCal][1014]u32Weight: 9, CentreY: 2556.000, DisY: 1268.000, SlotAng: 176.990
[20240124_13:17:17_296] # [T69085][VisionSlotAdd][1576]New Vision Slot[1][1] Coord: 0: 2556, 16438; 1: 7582, 16662; 2: 7689, 14273; 3: 2662, 14050
[20240124_13:17:17_306] # [T69085][VisionSlotAdd][1600]vision slot [1][1], u32Weight: 9, Sum: 878, SlotAng: 2.548, CurSlotAng: 2.696
[20240124_13:17:17_353] # [T69149][APAVisionOblAdd][1323]Vision Obl merge: 62
[20240124_13:17:17_357] # [T69149][APAVisionOblAdd][1326]Receive Vision Obl CrossPointCoord: 0: -7975, 16197; 1: -3247, 16336
[20240124_13:17:17_357] # [T69149][APAVisionOblInfoDebugPrint][118]VisionOblInfo:
[20240124_13:17:17_357] # [T69150][APAVisionOblInfoDebugPrint][119]OblType: 0, bIsMerge 0, DetectCount 100
[20240124_13:17:17_357] # [T69150][APAVisionOblInfoDebugPrint][122]CrossPointCoord: 0: -8037, 16232; 1: -3238, 16383
[20240124_13:17:17_358] # [T69151][APAVisionOblInfoDebugPrint][125]OriginCrossPointCoord: 0: 8016, 3472; 1: 3289, 3637
[20240124_13:17:17_363] # [T69151][APAVisionOblInfoDebugPrint][126]VehCoordAndAng: 21, 12681, ang -0.005(-0.313)
[20240124_13:17:17_363] # [T69152][APAVisionOblInfoDebugPrint][127] 
[20240124_13:17:17_365] # [T69152][APAVisionOblAdd][1323]Vision Obl merge: 63
[20240124_13:17:17_365] # [T69152][APAVisionOblAdd][1326]Receive Vision Obl CrossPointCoord: 0: 2576, 16424; 1: 7561, 16658
[20240124_13:17:17_365] # [T69153][APAVisionOblInfoDebugPrint][118]VsionOblInfo:
[20240124_13:17:17_365] # [T69153][APAVisionOblInfoDebugPrint][119]OblType: 0, bIsMerge 0, DetectCount 100
[20240124_13:17:17_365] # [T69153][APAVisionOblInfoDebugPrint][122]CrossPointCoord: 0: 2546, 16443; 1: 7565, 16673
[20240124_13:17:17_365] # [T69154][APAVisionOblInfoDebugPrint][125]OriginCrossPointCoord: 0: -2535, 3757; 1: -7519, 4018
[20240124_13:17:17_365] # [T69154][APAVisionOblInfoDebugPrint][126]VehCoordAndAng: 21, 12681, ang -0.005(-0.313)
[20240124_13:17:17_366] # [T69155][APAVisionOblInfoDebugPrint][127] 
[20240124_13:17:17_366] # [T69155][VisionSlotAddValidCheck][893]Vision slot Length: 2217,2217, Depth 4729,4730
[20240124_13:17:17_366] # [T69156][VisionSlotAdd][1521]Added Vision Slot[0][3] Num 4 OriCoord: 0: 3289, 3637; 1: 8016, 3472; 2: 7939, 1256; 3: 3211, 1421
[20240124_13:17:17_366] # [T69156][VisionSlotAdd][1522]VehCoordAndAngle: 21, 12681, ang -0.005 (-0.313)
[20240124_13:17:17_366] # [T69157][VisionSlotAdd][1523Current VehPos: 21, 12681, ang -0.005 (-0.313)
[20240124_13:17:17_366] # [T69157][VisionSlotAdd][1528]Convert Vision Slot[0][3] Coord: 0: -3247, 16336; 1: -7975, 16197; 2: -7910, 13981; 3: -3182, 14120
[20240124_13:17:17_372] # [T69158][VisionSlotAdd][1533]Old Vision Slot[0][3] Coord: 0: -3233, 16366; 1: -8035, 16223; 2: -7968, 13987; 3: -3167, 14130
[20240124_13:17:17_372] # [T69159][VisionSlotAddSlotWeightCal][1014]u32Weiht: 9, CentreY: 2529.000, DisY: 1241.000, SlotAng: -1.999
[20240124_13:17:17_374] # [T69159][VisionSlotAdd][1576]New Vision Slot[0][3] Coord: 0: -3233, 16365; 1: -8034, 16223; 2: -7968, 13987; 3: -3167, 14130
[20240124_13:17:17_374] # [T69160][VisionSlotAdd][1600]vision slot [0][3], u32Weight: 9, Sum: 923, SlotAng: -178.299, CurSlotAng: -178.314
[20240124_13:17:17_374] # [T69161][VisionSlotAddValidCheck][893]Vision slot Length: 2384,2384, Depth 4990,4991
[20240124_13:17:17_374] # [T69161][VisionSlotAdd][1521]Added Vision Slot[1][1] Num 2 OriCoord: 0: -2535, 3757; 1: -7519, 4018; 2: -7644, 1637; 3: -2659, 1376
[20240124_13:17:17_374] # [T69162][VisionSlotAdd][1522]VehCoordAndAngle: 21, 12681, ang -0.005 (-0.313)
[20240124_13:17:17_375] # [T69162][VisionSlotAdd][1523]Current VehPos: 21, 12681, ang -0.005 (-0.313)
[20240124_13:17:17_375] # [T69163][VisionSlotAdd][1528]Convert Vision Slot[1][1] Coord: 0: 2576, 16424; 1: 7561, 16658; 2: 7673, 14276; 3: 2687, 14043
[20240124_13:17:17_375] # [T69164][VisionSlotAdd][1533]Old Vision Slot[1][1] Coord: 0: 2556, 16438; 1: 7582, 16662; 2: 7689, 14273; 3: 2662, 14050
[20240124_13:17:17_375] # [T69164][VisionSlotAddSlotWeightCal][1014]u32Weight: 9, CentreY: 2566.500, DisY: 1278.500, SlotAng: 177.003
[20240124_13:17:17_376] # [T69165][VisionSlotAdd][1576]New Vision Slot[1][1] Coord: 0: 2556, 16438; 1: 7582, 16662; 2: 7689, 14273; 3: 2663, 14049
[20240124_13:17:17_385] # [T69166][VisionSlotAdd][1600]vision slot [1][1], u32Weight: 9, Sum: 887, SlotAng: 2.549, CurSlotAng: 2.684
[20240124_13:17:17_436] # [T69231][APAVisionOblAdd][1323]Vision Obl merge: 62
[20240124_13:17:17_440] # [T69231][APAVisionOblAdd][1326]Receive Vision Obl CrossPointCoord: 0: -8004, 16220; 1: -3277, 16359
[20240124_13:17:17_441] # [T69231][APAVisionOblInfoDebugPrint][118]VisionOblInfo:
[20240124_13:17:17_441] # [T69232][APAVisionOblInfoDebugPrint][119]OblType: 0, bIsMerge 0, DetectCount 100
[20240124_13:17:17_441] # [T69232][APAVisionOblInfoDebugPrint][122]CrossPointCoord: 0: -8037, 16232; 1: -3238, 16383
[20240124_13:17:17_441] # [T69233][APAVisionOblInfoDebugPrint][125]OriginCrossPointCoord: 0: 8045, 3495; 1: 3319, 3660
[20240124_13:17:17_441] # [T69233][APAVisionOblInfoDebugPrint][126]VehCoordAndAng: 21, 12681, ang -0.005(-0.313)
[20240124_13:17:17_441] # [T69234][APAVisionOblInfoDebugPrint][127] 
[20240124_13:17:17_446] # [T69234][APAVisionOblAdd][1323]Vision Obl merge: 63
[20240124_13:17:17_447] # [T69234][APAVisionOblAdd][1326]Receive Vision Obl CrossPointCoord: 0: 2576, 16439; 1: 7611, 16676
[20240124_13:17:17_447] # [T69235][APAVisionOblInfoDebugPrint][118]VisionOblInfo:
[20240124_13:17:17_447] # [T69235][APAVisionOblInfoDebugPrint][119]OblType: 0, bIsMerge 0, DetectCount 100
[20240124_13:17:17_447] # [T69235][APAVisionOblInfoDebugPrint][122]CrossPointCoord: 0: 2546, 16443; 1: 7565, 16673
[20240124_13:17:17_447] # [T69236][APAVisionOblInfoDebugPrint][125]OriginCrossPointCoord: 0: -2535, 3772; 1: -7568, 4036
[20240124_13:17:17_448] # [T69236][APAVisionOblInfoDebugPrint][126]VehCoordAndAng: 21, 12681, ang -0.005(-0.313)
[20240124_13:17:17_448] # [T69237][APAVisionOblInfoDebugPrint][127] 
[20240124_13:17:17_448] # [T69237][APAVisionOblAdd][1323]Vision Obl merge: 61
[20240124_13:17:17_448] # [T69237][APAVisionOblAdd][1326]Receive Vision Obl CrossPointCoord: 0: -8460, 13965; 1: -3079, 14123
[20240124_13:17:17_449] # [T69238][APAVisionOblInfoDebugPrint][118]VisionOblInfo:
[20240124_13:17:17_449] # [T69238][APAVisionOblInfoDebugPrint][119]OblType: 0, bIsMerge 0, DetectCount 8
[20240124_13:17:17_449] # [T69239][APAVisionOblInfoDebugPrint][122]CrossPointCoord: 0: -8534, 14064; 1: -3073, 14254
[20240124_13:17:17_449] # [T69239][APAVisionOblInfoDebugPrint][125]OriginCrossPointCoord: 0: 8488, 1237; 1: 3108, 1425
[20240124_13:17:17_449] # [T69240][APAVisionOblInfoDebugPrint][126]VehCoordAndAng: 21, 12681, ang -0.005(-0.313)
[20240124_13:17:17_449] # [T69240][APAVisionOblInfoDebugPrint][127] 
[20240124_13:17:17_450] # [T69241][VisionSlotAddValidCheck][893]Vision slot Length: 2227,2227, Depth 4728,4728
[20240124_13:17:17_455] # [T69241][VisionSlotAdd][1521]Added Vision Slot[0][3] Num 4 OriCoord: 0: 3319, 3660; 1: 8045, 3495; 2: 7967, 1269; 3: 3241, 1434
[20240124_13:17:17_455] # [T69242][VisionSlotAdd][1522]VehCoordAndAngle: 21, 12681, ang -0.005 (-0.313)
[20240124_13:17:17_455] # [T69242][VisionSlotAdd][1523]Current VehPos: 21, 12681, ang -0.005 (-0.313)
[20240124_13:17:17_455] # [T69243][VisionSlotAdd][1528]Convert Vision Slot[0][3] Coord: 0: -3277, 16359; 1: -8004, 16220; 2: -7938, 13994; 3: -3212, 14133
[20240124_13:17:17_455] # [T69243][VisionSlotAdd][1533]Old Vision Slot[0][3] Coord: 0: -3233, 16365; 1: -8034, 16223; 2: -7968, 13987; 3: -3167, 14130
[20240124_13:17:17_456] # [T69244][VisionSlotAddSlotWeightCal][1014]u32Weight: 9, CentreY: 2547.000, DisY: 1259.000, SlotAng: -2.000
[20240124_13:17:17_456] # [T69245][VisionSlotAdd][1576]New Vision Slot[0][3] Coord: 0: -3234, 16365; 1: -8034, 16223; 2: -7968, 13987; 3: -3167, 14130
[20240124_13:17:17_456] # [T69245][VisionSlotAdd][1600]vision slot [0][3], u32Weight: 9, Sum: 932, SlotAng: -178.300, CurSlotAng: -178.314
[20240124_13:17:17_456] # [T69246][VisionSlotAddValidCheck][893]Vision slot Length: 2422,2423, Depth 5039,5040
[20240124_13:17:17_456] # [T69246][VisionSlotAdd][1521]Added Vision Slot[1][1] Num 2 OriCoord: 0: -2535, 3772; 1: -7568, 4036; 2: -7695, 1616; 3: -2661, 1353
[20240124_13:17:17_457] # [T69247][VisionSlotAdd][1522]VehCoordAndAngle: 21, 12681, ang -0.005 (-0.313)
[20240124_13:17:17_457] # [T69248][VisionSlotAdd][1523]Current VehPos: 21, 12681, ang -0.005 (-0.313)
[20240124_13:17:17_457] # [T69248][VisionSlotAdd][1528]Convert Vision Slot[1][1] Coord: 0: 2576, 16439; 1: 7611, 16676; 2: 7724, 14255; 3: 2689, 14020
[20240124_13:17:17_461] # [T69249][VisionSlotAdd][1533]Old Vision Slot[1][1] Coord: 0: 2556, 16438; 1: 7582, 16662; 2: 7689, 14273; 3: 2663, 14049
[20240124_13:17:17_461] # [T69249][VisionSlotAddSlotWeightCal][1014]u32Weight: 9, CentreY: 2562.500, DisY: 1274.500, SlotAng: 177.003
[20240124_13:17:17_463] # [T69250][VisionSlotAdd][1576]New Vision Slot[1][1] Coord: 0: 2557, 16438; 1: 7582, 16662; 2: 7689, 14273; 3: 2663, 14049
[20240124_13:17:17_463] # [T69251][VisionSlotAdd][1600]vision slot [1][1], u32Weight: 9, Sum: 896, SlotAng: 2.550, CurSlotAng: 2.683
[20240124_13:17:17_463] # [T69251][VisionSlotAddValidCheck][893]Vision slot Length: 2504,2504, Depth 5383,5383
[20240124_13:17:17_463] # [T69252][VisionSlotAdd][1521]Added Vision Slot[0][2] Num 4 OriCoord: 0: 3108, 1425; 1: 8488, 1237; 2: 8401, -1266; 3: 3021, -1078
[20240124_13:17:17_463] # [T69252][VisionSlotAdd][1522]VehCoordAndAngle: 21, 12681, ang -0.005 (-0.313)
[20240124_13:17:17_464] # [T69253][VisionSlotAdd][1523]Current VehPos: 21, 12681, ang -0.005 (-0.313)
[20240124_13:17:17_464] # [T69253][VisionSlotAdd][152]Convert Vision Slot[0][2] Coord: 0: -3079, 14123; 1: -8460, 13965; 2: -8386, 11461; 3: -3005, 11620
[20240124_13:17:17_464] # [T69254][VisionSlotAdd][1533]Old Vision Slot[0][2] Coord: 0: -3070, 14275; 1: -8544, 14078; 2: -8452, 11538; 3: -2979, 11735
[20240124_13:17:17_464] # [T69255][VisionSlotAddSlotWeightCal][1014]u32Weight: 10, CentreY: 173.500, DisY: 1114.500, SlotAng: -2.001
[20240124_13:17:17_467] # [T69255][VisionSlotAdd][1576]New Vision Slot[0][2] Coord: 0: -3071, 14264; 1: -8537, 14070; 2: -8447, 11533; 3: -2981, 11727
[20240124_13:17:17_479] # [T69256][VisionSlotAdd][1600]vision slot [0][2], u32Weight: 10, Sum: 136, SlotAng: -177.968, CurSlotAng: -178.312
[20240124_13:17:17_515] # [T69310][APAVisionOblAdd][1323]Vision Obl merge: 62
[20240124_13:17:17_522] # [T69310][APAVisionOblAdd][1326]Receive Vision Obl CrossPointCoord: 0: -8021, 16216; 1: -3213, 16358
[20240124_13:17:17_522] # [T69310][APAVisionOblInfoDebugPrint][118]VisionOblInfo:
[20240124_13:17:17_522] # [T69311][APAVisionOblInfoDebugPrint][119]OblType: 0, bIsMerge 0, DetectCount 100
[20240124_13:17:17_523] # [T69311][APAVisionOblInfoDebugPrint][122]CrossPointCoord: 0: -8037, 16232; 1: -3238, 16383
[20240124_13:17:17_523] # [T69312][APAVisionOblInfoDebugPrint][125]OriginCrossPointCoord: 0: 8062, 3491; 1: 3255, 3659
[20240124_13:17:17_523] # [T69312][APAVisionOblInfoDebugPrint][126]VehCoordAndAng: 21, 12681, ang -0.005(-0.313)
[20240124_13:17:17_523] # [T69313][APAVisionOblInfoDebugPrint][127] 
[20240124_13:17:17_523] # [T69313][APAVisionOblAdd][1323]Vision Obl merge: 63
[20240124_13:17:17_524] # [T69313][APAVisionOblAdd][1326]Receive Vision Obl CrossPointCoord: 0: 2584, 16484; 1: 7656, 16634
[20240124_13:17:17_524] # [T69314][APAVisionOblInfoDebugPrint][118]VisionOblInfo:
[20240124_13:17:17_524] # [T69314][APAVisionOblInfoDebugPrint][119]OblType: 0, bIsMerge 0, DetectCount 100
[20240124_13:17:17_524] # [T69315][APAVisionOblInfoDebugPrint][122]CrossPointCoord: 0: 2546, 16443; 1: 7565, 16673
[20240124_13:17:17_524] # [T69315][APAVisionOblInfoDebugPrint][125]OriginCrossPointCoord: 0: -2543, 3817; 1: -7614, 3995
[20240124_13:17:17_528] # [T69316][APAVisionOblInfoDebugPrint][126]VehCoordAndAng: 21, 12681, ang -0.005(-0.313)
[20240124_13:17:17_528] # [T69316][APAVisionOblInfoDebugPrint][127] 
[20240124_13:17:17_528] # [T69316][VisionSlotAddValidCheck][893]Vision slot Length: 2231,2231, Depth 4809,4809
[20240124_13:17:17_529] # [T69317][VisionSlotAdd][1521]Added Vision Slot[0][3] Num 4 OriCoord: 0: 3255, 3659; 1: 8062, 3491; 2: 7984, 1261; 3: 3177, 1429
[20240124_13:17:17_529] # [T69317][VisionSlotAdd][1522]VehCoordAndAngle: 21, 12681, ang -0.005 (-0.33)
[20240124_13:17:17_529] # [T69318][VisionSlotAdd][1523]Current VehPos: 21, 12681, ang -0.005 (-0.313)
[20240124_13:17:17_529] # [T69318][VisionSlotAdd][1528]Convert Vision Slot[0][3] Coord: 0: -3213, 16358; 1: -8021, 16216; 2: -7955, 13986; 3: -3148, 14127
[20240124_13:17:17_529] # [T69319][VisionSlotAdd][1533]Old Vision Slot[0][3] Coord: 0: -3234, 16365; 1: -8034, 16223; 2: -7968, 13987; 3: -3167, 14130
[20240124_13:17:17_530] # [T69320][VisionSlotAddSlotWeightCal][1014]u32Weight: 9, CentreY: 2544.000, DisY: 1256.000, SlotAng: -2.002
[20240124_13:17:17_530] # [T69320][VisionSlotAdd][1576]New Vision Slot[0][3] Coord: 0: -3234, 16365; 1: -8034, 16223; 2: -7967, 13987; 3: -3167, 14130
[20240124_13:17:17_530] # [T69321][VisionSlotAdd][1600]vision slot [0][3], u32Weight: 9, Sum: 941, SlotAng: -178.300, CurSlotAng: -178.312
[20240124_13:17:17_530] # [T69322][VisionSlotAddValidCheck][893]Vision slot Length: 2409,2410, Depth 5074,5074
[20240124_13:17:17_533] # [T69322][VisionSlotAdd][1521]Added Vision Slot[1][1] Num 2 OriCoord: 0: -2543, 3817; 1: -7614, 3995; 2: -7698, 1586; 3: -2627, 1409
[20240124_13:17:17_533] # [T69323][VisionSlotAdd][1522]VehCoordAndAngle: 21, 12681, ang -0.005 (-0.313)
[20240124_13:17:17_533] # [T69323][VisionSlotAdd][1523]Current VehPos: 21, 12681, ang -0.005 (-0.313)
[20240124_13:17:17_534] # [T69324][VisionSlotAdd][1528]Convert Vision Slot[1][1] Coord: 0: 2584, 16484; 1: 7656, 16634; 2: 7727, 14225; 3: 2655, 14076
[20240124_13:17:17_534] # [T69324][VisionSlotAdd][1533]Old Vision Slot[1][1] Coord: 0: 2557, 16438; 1: 7582, 16662; 2: 7689, 14273; 3: 2663, 14049
[20240124_13:17:17_534] # [T69325][VisionSlotAddSlotWeightCal][1014]u32Weight: 8, CentreY: 2613.000, DisY: 1325.000, SlotAng: 177.995
[20240124_13:17:17_534] # [T69326][VisionSlotAdd][1576]New Vision Slot[1][1] Coord: 0: 2557, 16438; 1: 7583, 16662; 2: 7689, 14273; 3: 2663, 14049
[20240124_13:17:17_543] # [T69326][VisionSlotAdd][1600]vision slot [1][1], u32Weight: 8, Sum: 904, SlotAng: 2.543, CurSlotAng: 1.691
[20240124_13:17:17_595] # [T69391][APAVisionOblAdd][1323]Vision Obl merge: 62
[20240124_13:17:17_600] # [T69391][APAVisionOblAdd][1326]Receive Vision Obl CrossPointCoord: 0: -8033, 16203; 1: -3249, 16344
[20240124_13:17:17_600] # [T69391][APAVisionOblInfoDebugPrint][118]VisionOblInfo:
[20240124_13:17:17_600] # [T69392][APAVisionOblInfoDebugPrint][119]OblType: 0, bIsMerge 0, DetectCount 100
[20240124_13:17:17_600] # [T69392][APAVisionOblInfoDebugPrint][122]CrossPointCoord: 0: -8037, 16232; 1: -3238, 16383
[20240124_13:17:17_601] # [T69393][APAVisionOblInfoDebugPrint][125]OriginCrossPointCoord: 0: 8074, 3478; 1: 3291, 3645
[20240124_13:17:17_601] # [T69393][APAVisionOblInfoDebugPrint][126]VehCoordAndAng: 21, 12681, ang -0.005(-0.313)
[20240124_13:17:17_601] # [T69394][APAVisionOblInfoDebugPrint][127] 
[20240124_13:17:17_606] # [T69394][APAVisionOblAdd][1323]Vision Obl merge: 63
[20240124_13:17:17_607] # [T69394][APAVisionOblAdd][1326]Receive Vision Obl CrossPointCoord: 0: 2588, 16431; 1: 7573, 16665
[20240124_13:17:17_607] # [T69395][APAVisionOblInfoDebugPrint][118]VisionOblInfo:
[20240124_13:17:17_607] # [T69395][APAVisionOblInfoDebugPrint][122]CrossPointCoord: 0: 2546, 16443; 1: 7565, 16673
[20240124_13:17:17_608] # [T69396][APAVisionOblInfoDebugPrint][125]OriginCrossPointCoord: 0: -2547, 3764; 1: -7531, 4025
[20240124_13:17:17_608] # [T69396][APAVisionOblInfoDebugPrint][126]VehCoordAndAng: 21, 12681, ang -0.005(-0.313)
[20240124_13:17:17_608] # [T69397][APAVisionOblInfoDebugPrint][127] 
[20240124_13:17:17_608] # [T69397][VisionSlotAddValidCheck][893]Vision slot Length: 2231,2231, Depth 4785,4785
[20240124_13:17:17_608] # [T69398][VisionSlotAdd][1521]Added Vision Slot[0][3] Num 4 OriCoord: 0: 3291, 3645; 1: 8074, 3478; 2: 7996, 1248; 3: 3213, 1415
[20240124_13:17:17_608] # [T69398][VisionSlotAdd][1522]VehCoordAndAngle: 21, 12681, ang -0.005 (-0.313)
[20240124_13:17:17_610] # [T69399][VisionSlotAdd][1523]Current VehPos: 21, 12681, ang -0.005 (-0.313)
[20240124_13:17:17_610] # [T69399][VisionSlotAdd][1528]Convert Vision Slot[0][3] Coord: 0: -3249, 16344; 1: -8033, 16203; 2: -7967, 13973; 3: -3184, 14114
[20240124_13:17:17_610] # [T69400][VisionSlotAdd][1533]Old Vision Slot[0][3] Coord: 0: -3234, 16365; 1: -8034, 16223; 2: -7967, 13987; 3: -3167, 14130
[20240124_13:17:17_615] # [T69401][VisionSlotAddSlotWeightCal][1014]u32Weight: 9, CentreY: 2530.000, DisY: 1242.000, SlotAng: -2.000
[20240124_13:17:17_615] # [T69401][VisionSlotAdd][1576]New Vision Slot[0][3] Coord: 0: -3234, 16365; 1: -8034, 16222; 2: -7967, 13987; 3: -3167, 14129
[20240124_13:17:17_615] # [T69402][VisionSlotAdd][1600]vision slot [0][3], u32Weight: 9, Sum: 950, SlotAng: -178.300, CurSlotAng: -178.314
[20240124_13:17:17_615] # [T69403][VisionSlotAddValidCheck][893]Vision slot Length: 2387,2386, Depth 4990,4990
[20240124_13:17:17_616] # [T69403][VisionSlotAdd][1521]Added Vision Slot[1][1] Num 2 OriCoord: 0: -2547, 3764; 1: -7531, 4025; 2: -7656, 1642; 3: -2672, 1380
[20240124_13:17:17_616] # [T69404][VisionSlotAdd][1522]VehCoordAndAngle: 21, 12681, ang -0.005 (-0.313)
[20240124_13:17:17_616] # [T69404][VisionSlotAdd][1523]Current VehPos: 21, 12681, ang -0.005 (-0.313)
[20240124_13:17:17_616] # [T69405][VisionSlotAdd][1528]Convert Vision Slot[1][1] Coord: 0: 2588, 16431; 1: 7573, 16665; 2: 7685, 14281; 3: 2700, 14046
[20240124_13:17:17_616] # [T69405][VisionSlotAdd][1533]Old Vision Slot[1][1] Coord: 0: 2557, 16438; 1: 7583, 16662; 2: 7689, 14273; 3: 2663, 14049
[20240124_13:17:17_617] # [T69406][VisionSlotAddSlotWeightCal][1014]u32Weight: 9, CentreY: 2572.000, DisY: 1284.000, SlotAng: 176.997
[20240124_13:17:17_617] # [T69407][VisionSlotAdd][1576]New Vision Slot[1][1] Coord: 0: 2557, 16438; 1: 7583, 16662; 2: 7689, 14273; 3: 2663, 14049
[20240124_13:17:17_621] # [T69407][VisionSlotAdd][1600]vision slot [1][1], u32Weight: 9, Sum: 913, SlotAng: 2.544, CurSotAng: 2.690
[20240124_13:17:17_669] #   69442-task_radar-118: RadarCaptureCnt is 333 
[20240124_13:17:17_669] # 
[20240124_13:17:17_677] # [T69472][APAVisionOblAdd][1323]Vision Obl merge: 62
[20240124_13:17:17_681] # [T69472][APAVisionOblAdd][1326]Receive Vision Obl CrossPointCoord: 0: -8062, 16212; 1: -3251, 16354
[20240124_13:17:17_682] # [T69472][APAVisionOblInfoDebugPrint][118]VisionOblInfo:
[20240124_13:17:17_682] # [T69473][APAVisionOblInfoDebugPrint][119]OblType: 0, bIsMerge 0, DetectCount 100
[20240124_13:17:17_682] # [T69473][APAVisionOblInfoDebugPrint][122]CrossPointCoord: 0: -8037, 16232; 1: -3238, 16383
[20240124_13:17:17_682] # [T69474][APAVisionOblInfoDebugPrint][125]OriginCrossPointCoord: 0: 8103, 3487; 1: 3293, 3655
[20240124_13:17:17_682] # [T69474][APAVisionOblInfoDebugPrint][126]VehCoordAndAng: 21, 12681, ang -0.005(-0.313)
[20240124_13:17:17_682] # [T69475][APAVisionOblInfoDebugPrint][127] 
[20240124_13:17:17_687] # [T69475][APAVisionOblAdd][1323]Vision Obl merge: 63
[20240124_13:17:17_687] # [T69475][APAVisionOblAdd][1326]Receive Vision Obl CrossPointCoord: 0: 2547, 16466; 1: 7576, 16614
[20240124_13:17:17_687] # [T69476][APAVisionOblInfoDebugPrint][118]VisionOblInfo:
[20240124_13:17:17_687] # [T69476][APAVisionOblInfoDebugPrint][119]OblType: 0, bIsMerge 0, DetectCount 100
[20240124_13:17:17_687] # [T69476][APAVisionOblInfoDebugPrint][122]CrossPointCoord: 0: 2546, 16443; 1: 7565, 16673
[20240124_13:17:17_687] # [T69477][APAVisionOblInfoDebugPrint][125]OriginCrossPointCoord: 0: -2506, 3799; 1: -7534, 3974
[20240124_13:17:17_687] # [T69477][APAVisionOblInfoDebugPrint][126]VehCoordAndAng: 21, 12681, ang -0.005(-0.313)
[20240124_13:17:17_688] # [T69478][APAVisionOblInfoDebugPrint][127] 
[20240124_13:17:17_688] # [T69478][VisionSlotAddValidCheck][893]Vision slot Length: 2247,2247, Depth 4812,4813
[20240124_13:17:17_688] # [T69479][VisionSlotAdd][1521]Added Vision Slot[0][3] Num 4 OriCoord: 0: 3293, 3655; 1: 8103, 3487; 2: 8025, 1241; 3: 3214, 1409
[20240124_13:17:17_688] # [T69479][VisionSlotAdd][1522]VehCoordAndAngle: 21, 12681, ang -0.005 (-0.313)
[20240124_13:17:17_688] # [T69480][VisionSlotAdd][1523]Current VehPos: 21, 12681, ang -0.005 (-0.313)
[20240124_13:17:17_691] # [T69480][VisionSlotAdd][1528]Convert Vision Slot[0][3] Coord: 0: -3251, 16354; 1: -8062, 16212; 2: -7996, 13966; 3: -3185, 14108
[20240124_13:17:17_692] # [T69481][VisionSlotAdd][1533]Old Vision Slot[0][3] Coord: 0: -3234, 16365; 1: -8034, 16222; 2: -7967, 13987; 3: -3167, 14129
[20240124_13:17:17_692] # [T69482][VisionSlotAddSlotWeightCal][1014]u32Weight: 9, CentreY: 2532.000, DisY: 1244.000, SlotAng: -2.000
[20240124_13:17:17_692] # [T69482][VisionSlotAdd][1576]New Vision Slot[0][3] Coord: 0: -3234, 16365; 1: -8034, 16222; 2: -7968, 13987; 3: -3167, 14129
[20240124_13:17:17_692] # [T69483][VisionSlotAdd][1600]vision slot [0][3], u32Weight: 9, Sum: 959, SlotAng: -178.300, CurSlotAng: -178.313
[20240124_13:17:17_692] # [T69484][VisionSlotAddValidCheck][893]Vision slot Length: 2399,2399, Depth 5031,5031
[20240124_13:17:17_693] # [T69484][VisionSlotAdd][1521]Added Vision Slot[1][1] Num 2 OriCoord: 0: -2506, 3799; 1: -7534, 3974; 2: -7618, 1576; 3: -2590, 1401
[20240124_13:17:17_693] # [T69485][VisionSlotAdd][1522]VehCoordAndAngle: 21, 12681, ang -0.005 (-0.313)
[20240124_13:17:17_697] # [T69485][VisionSlotAdd][1523]Current VehPos: 21, 12681, ang -0.005 (-0.313)
[20240124_13:17:17_697] # [T69486][VisionSlotAdd][1528]Convert Vision Slot[1][1] Coord: 0: 2547, 16466; 1: 7576, 16614; 2: 7647, 14215; 3: 2618, 14068
[20240124_13:17:17_697] # [T69486][VisionSlotAdd][1533]Old Vision Slot[1][1] Coord: 0: 2557, 16438; 1: 7583, 16662; 2: 7689, 14273; 3: 2663, 14049
[20240124_13:17:17_697] # [T69487][VisionSlotAddSlotWeightCal][1014]u32Weight: 8, CentreY: 2600.000, DisY: 1312.000, SlotAng: 178.007
[20240124_13:17:17_697] # [T69488][VisionSlotAdd][1576]New Vision Slot[1][1] Coord: 0: 2557, 16439; 1: 7583, 16661; 2: 7689, 14272; 3: 2663, 14050
[20240124_13:17:17_716] # [T69488][VisionSlotAdd][1600]vision slot [1][1], u32Weight: 8, Sum: 921, SlotAng: 2.537, CurSlotAng: 1.680
[20240124_13:17:17_757] # [T69553][APAVisionOblAdd][1323]Vision Obl merge: 62
[20240124_13:17:17_763] # [T69553][APAVisionOblAdd][1326]Receive Vision Obl CrossPointCoord: 0: -8059, 16218; 1: -3208, 16362
[20240124_13:17:17_764] # [T69553][APAVisionOblInfoDebugPrint][118]VisionOblInfo:
[20240124_13:17:17_764] # [T69554][APAVisionOblInfoDebugPrint][119]OblType: 0, bIsMerge 0, DetectCount 100
[20240124_13:17:17_764] # [T69554][APAVisionOblInfoDebugPrint][122]CrossPointCoord: 0: -8037, 16232; 1: -3238, 16383
[20240124_13:17:17_764] # [T69555][APAVisionOblInfoDebugPrint][125]OriginCrossPointCoord: 0: 8100, 3493; 1: 3250, 3663
[20240124_13:17:17_764] # [T69555][APAVisionOblInfoDebugPrint][126]VehCoordAndAng: 21, 12681, ang -0.005(-0.313)
[20240124_13:17:17_765] # [T69556][APAVisionOblInfoDebugPrint][127] 
[20240124_13:17:17_765] # [T69556][APAVisionOblAdd][1323]Vision Obl merge: 63
[20240124_13:17:17_765] # [T69556][APAVisionOblAdd][1326]Receive Vision Obl CrossPointCoord: 0: 2580, 16411; 1: 7602, 16647
[20240124_13:17:17_765] # [T69557][APAVisionOblInfoDebugPrint][118]VisionOblInfo:
[20240124_13:17:17_768] # [T69557][APAVisionOblInfoDebugPrint][119]OblType: 0, bIsMerge 0, DetectCount 100
[20240124_13:17:17_769] # [T69557][APAVisionOblInfoDebugPrint][122]CrossPointCoord: 0: 2546, 16443; 1: 7565, 16673
[20240124_13:17:17_769] # [T69558][APAVisionOblInfoDebugPrint][125]OriginCrossPointCoord: 0: -2539, 3744; 1: -7560, 4007
[20240124_13:17:17_769] # [T69558][APAVisionOblInfoDebugPrint][126]VehCoordAndAng: 21, 12681, ang -0.005(-0.313)
[20240124_13:17:17_769] # [T69559][APAVisionOblInfoDebugPrint][127] 
[20240124_13:17:17_769] # [T69559][VisionSlotAddValidCheck][893]Vision slot Length: 2248,2247, Depth 4852,4852
[20240124_13:17:17_770] # [T69560][VisionSlotAdd][1521]Added Vision Slot[0][3] Num 4 OriCoord: 0: 3250, 3663; 1: 8100, 3493; 2: 8021, 1247; 3: 3171, 1416
[20240124_13:17:17_770] # [T69560][VisionSlotAdd][1522]VehCoordAndAngle: 21, 12681, ang -0.005 (-0.313)
[20240124_13:17:17_770] # [T69561][VisionSlotAdd][1523]Current VehPos: 21, 12681, ang -0.005 (-0.313)
[20240124_13:17:17_770] # [T69561][VisionSlotAdd][1528]Convert Vision Slot[0][3] Coord: 0: -3208, 16362; 1: -8059, 16218; 2: -7992, 13972; 3: -3142, 14114
[20240124_13:17:17_776] # [T69562][VisionSlotAdd][1533]Old Vision Slot[0][3] Coord: 0: -3234, 16365; 1: -8034, 16222; 2: -7968, 13987; 3: -3167, 14129
[20240124_13:17:17_776] # [T69563][VisionSlotAddSlotWeightCal][1014]u32Weight: 9, CentreY: 2539.500, DisY: 1251.500, SlotAng: -2.002
[20240124_13:17:17_776] # [T69563][VisionSlotAdd][1576]New Vision Slot[0][3] Coord: 0: -3234, 16365; 1: -8034, 16222; 2: -7968, 13987; 3: -3167, 14129
[20240124_13:17:17_776] # [T69564][VisionSlotAdd][1600]vision slot [0][3], u32Weight: 9, Sum: 968, SlotAng: -178.300, CurSlotAng: -178.312
[20240124_13:17:17_777] # [T69565][VisionSlotAddValidCheck][893]Vision slot Length: 2376,2376, Depth 5027,5027
[20240124_13:17:17_777] # [T69565][VisionSlotAdd][1521]Added Vision Slot[1][1] Num 2 OriCoord: 0: -2539, 3744; 1: -7560, 4007; 2: -7684, 1634; 3: -2663, 1371
[20240124_13:17:17_777] # [T69566][VisionSlotAdd][1522]VehCoordAndAngle: 21, 12681, ang -0.005 (-0.313)
[20240124_13:17:17_777] # [T69566][VisionSlotAdd][1523]Current VehPos: 21, 12681, ang -0.005 (-0.313)
[20240124_13:17:17_777] # [T69567][VisionSlotAdd][1528]Convert Vision Slot[1][1] Coord: 0: 2580, 16411; 1: 7602, 16647; 2: 7713, 14273; 3: 2691, 14038
[20240124_13:17:17_778] # [T69567][VisionSlotAdd][1533]Old Vision Slot[1][1] Coord: 0: 2557, 16439; 1: 7583, 16661; 2: 7689, 14272; 3: 2663, 14050
[20240124_13:17:17_778] # [T69568][VisionSlotAddSlotWeightCal][1014]u32Weight: 9, CentreY: 2557.500, DisY: 1269.500, SlotAng: 177.002
[20240124_13:17:17_778] # [T69569][VisionSlotAdd][1576]New Vision Slot[1][1] Coord: 0: 2557, 16438; 1: 7583, 16661; 2: 7689, 14272; 3: 2663, 14049
[20240124_13:17:17_796] # [T69569][VisionSlotAdd][1600]vision slot [1][1], u32Weight: 9, Sum: 930, SlotAng: 2.538, CurSlotAng: 2.685
[20240124_13:17:17_845] # [T69633][APAVisionOblAdd][1323]Vision Obl merge: 63
[20240124_13:17:17_845] # [T69633][APAVisionOblAdd][1326]Receive Vision Obl CrossPointCoord: 0: 2577, 16431; 1: 7624, 16668
[20240124_13:17:17_845] # [T69633][APAVisionOblInfoDebugPrint][118]VisionOblInfo:
[20240124_13:17:17_846] # [T69634][APAVisionOblInfoDebugPrint][119]OblType: 0, bIsMerge 0, DetectCount 100
[20240124_13:17:17_846] # [T69634][APAVisionOblInfoDebugPrint][122]CrossPointCoord: 0: 2546, 16443; 1: 7565, 16673
[20240124_13:17:17_846] # [T69635][APAVisionOblInfoDebugPrint][125]OriginCrossPointCoord: 0: -2536, 3764; 1: -7581, 4028
[20240124_13:17:17_846] # [T69635][APAVisionOblInfoDebugPrint][126]VehCoordAndAng: 21, 12681, ang -0.005(-0.313)
[20240124_13:17:17_846] # [T69636][APAVisionOblInfoDebugPrint][127] 
[20240124_13:17:17_850] # [T69636][APAVisionOblAdd][1323]Vision Obl merge: 62
[20240124_13:17:17_850] # [T69636][APAVisionOblAdd][1326]Receive Vision Obl CrossPointCoord: 0: -8070, 16204; 1: -3245, 16347
[20240124_13:17:17_851] # [T69637][APAVisionOblInfoDebugPrint][118]VisionOblInfo:
[20240124_13:17:17_851] # [T69637][APAVisionOblInfoDebugPrint][119]OblType: 0, bIsMerge 0, DetectCount 100
[20240124_13:17:17_851] # [T69637][APAVisionOblInfoDebugPrint][122]CrossPointCoord: 0: -8037, 16232; 1: -3238, 16383
[20240124_13:17:17_851] # [T69638][APAVisionOblInfoDebugPrint[125]OriginCrossPointCoord: 0: 8111, 3479; 1: 3287, 3648
[20240124_13:17:17_851] # [T69638][APAVisionOblInfoDebugPrint][126]VehCoordAndAng: 21, 12681, ang -0.005(-0.313)
[20240124_13:17:17_851] # [T69639][APAVisionOblInfoDebugPrint][127] 
[20240124_13:17:17_851] # [T69639][VisionSlotAddValidCheck][893]Vision slot Length: 2393,2392, Depth 5051,5051
[20240124_13:17:17_852] # [T69640][VisionSlotAdd][1521]Added Vision Slot[1][1] Num 2 OriCoord: 0: -2536, 3764; 1: -7581, 4028; 2: -7706, 1639; 3: -2661, 1374
[20240124_13:17:17_852] # [T69640][VisionSlotAdd][1522]VehCoordAndAngle: 21, 12681, ang -0.005 (-0.313)
[20240124_13:17:17_852] # [T69641][VisionSlotAdd][1523]Current VehPos: 21, 12681, ang -0.005 (-0.313)
[20240124_13:17:17_852] # [T69641][VisionSlotAdd][1528]Convert Vision Slot[1][1] Coord: 0: 2577, 16431; 1: 7624, 16668; 2: 7735, 14278; 3: 2689, 14041
[20240124_13:17:17_853] # [T69642][VisionSlotAdd][1533]Old Vision Slot[1][1] Coord: 0: 2557, 16438; 1: 7583, 16661; 2: 7689, 14272; 3: 2663, 14049
[20240124_13:17:17_853] # [T69643][VisionSlotAddSlotWeightCal][1014]u32Weight: 9, CentreY: 2569.000, DisY: 1281.000, SlotAng: 176.999
[20240124_13:17:17_857] # [T69643][VisionSlotAdd][1576]New Vision Slot[1][1] Coord: 0: 2557, 16438; 1: 7584, 16661; 2: 7690, 14272; 3: 2663, 14049
[20240124_13:17:17_857] # [T69644][VisionSlotAdd][1600]vision slot [1][1], u32Weight: 9, Sum: 939, SlotAng: 2.540, CurSlotAng: 2.688
[20240124_13:17:17_857] # [T69644][VisionSlotAddValidCheck][893]Vision slot Length: 2247,2247, Depth 4826,4826
[20240124_13:17:17_858] # [T69645][VisionSlotAdd][1521]Added Vision Slot[0][3] Num 4 OriCoord: 0: 3287, 3648; 1: 8111, 3479; 2: 8033, 1233; 3: 3209, 1402
[20240124_13:17:17_858] # [T69646][VisionSlotAdd][1522]VehCoordAndAngle: 21, 12681, ang -0.005 (-0.313)
[20240124_13:17:17_858] # [T69646][VisionSlotAdd][1523]Current VehPos: 21, 12681, ang -0.005 (-0.313)
[20240124_13:17:17_858] # [T69647][VisionSlotAdd][1528]Convert Vision Slot[0][3] Coord: 0: -3245, 16347; 1: -8070, 16204; 2: -8005, 13958; 3: -3180, 14101
[20240124_13:17:17_859] # [T69647][VisionSlotAdd][1533]Old Vision Slot[0][3] Coord: 0: -3234, 16365; 1: -8034, 16222; 2: -7968, 13987; 3: -3167, 14129
[20240124_13:17:17_859] # [T69648][VisionSlotAddSlotWeightCal][1014]u32Weight: 9, CentreY: 2525.000, DisY: 1237.000, SlotAng: -2.006
[20240124_13:17:17_859] # [T69649][VisionSlotAdd][1576]New Vision Slot[0][3] Coord: 0: -3234, 16365; 1: -8035, 16222; 2: -7968, 13986; 3: -3167, 14129
[20240124_13:17:17_871] # [T69649][VisionSlotAdd][1600]vision slot [0][3], u32Weight: 9, Sum: 977, SlotAng: -178.300, CurSlotAng: -178.307
[20240124_13:17:17_921] # [T69713][APAVisionOblAdd][1323]Vision Obl merge: 62
[20240124_13:17:17_921] # [T69713][APAVisionOblAdd][1326]Receive Vision Obl CrossPointCoord: 0: -8062, 16209; 1: -3227, 16352
[20240124_13:17:17_921] # [T69713][APAVisionOblInfoDebugPrint][118]VisionOblInfo:
[20240124_13:17:17_921] # [T69714][APAVisionOblInfoDebugPrint][119]OblType: 0, bIsMerge 0, DetectCount 100
[20240124_13:17:17_927] # [T69714][APAVisionOblInfoDebugPrint][122]CrossPointCoord: 0: -8037, 16232; 1: -3238, 16383
[20240124_13:17:17_927] # [T69715][APAVisionOblInfoDebugPrint][125]OriginCrossPointCoord: 0: 8103, 3484; 1: 3269, 3653
[20240124_13:17:17_928] # [T69715][APAVisionOblInfoDebugPrint][126]VehCoordAndAng: 21, 12681, ang -0.005(-0.313)
[20240124_13:17:17_928] # [T69716][APAVisonOblInfoDebugPrint][127] 
[20240124_13:17:17_928] # [T69716][APAVisionOblAdd][1323]Vision Obl merge: 63
[20240124_13:17:17_928] # [T69716][APAVisionOblAdd][1326]Receive Vision Obl CrossPointCoord: 0: 2577, 16412; 1: 7611, 16649
[20240124_13:17:17_928] # [T69717][APAVisionOblInfoDebugPrint][118]VisionOblInfo:
[20240124_13:17:17_928] # [T69717][APAVisionOblInfoDebugPrint][119]OblType: 0, bIsMerge 0, DetectCount 100
[20240124_13:17:17_929] # [T69717][APAVisionOblInfoDebugPrint][122]CrossPointCoord: 0: 2546, 16443; 1: 7565, 16673
[20240124_13:17:17_929] # [T69718][APAVisionOblInfoDebugPrint][125]OriginCrossPointCoord: 0: -2536, 3745; 1: -7569, 4009
[20240124_13:17:17_929] # [T69718][APAVisionOblInfoDebugPrint][126]VehCoordAndAng: 21, 12681, ang -0.005(-0.313)
[20240124_13:17:17_929] # [T69719][APAVisionOblInfoDebugPrint][127] 
[20240124_13:17:17_929] # [T69719][VisionSlotAddValidCheck][893]Vision slot Length: 2245,2245, Depth 4836,4835
[20240124_13:17:17_930] # [T69720][VisionSlotAdd][1521]Added Vision Slot[0][3] Num 4 OriCoord: 0: 3269, 3653; 1: 8103, 3484; 2: 8024, 1240; 3: 3191, 1409
[20240124_13:17:17_930] # [T69720][VisionSlotAdd][1522]VehCoordAndAngle: 21, 12681, ang -0.005 (-0.313)
[20240124_13:17:17_933] # [T69721][VisionSlotAdd][1523]Current VehPos: 21, 12681, ang -0.005 (-0.313)
[20240124_13:17:17_934] # [T69721][VisionSlotAdd][1528]Convert Vision Slot[0][3] Coord: 0: -3227, 16352; 1: -8062, 16209; 2: -7996, 13965; 3: -3162, 14108
[20240124_13:17:17_934] # [T69722][VisionSlotAdd][1533]Old Vision Slot[0][3] Coord: 0: -3234, 16365; 1: -8035, 16222; 2: -7968, 13986; 3: -3167, 14129
[20240124_13:17:17_934] # [T69723][VisionSlotAddSlotWeightCal][1014]u32Weight: 9, CentreY: 2531.000, DisY: 1243.000, SlotAng: -2.002
[20240124_13:17:17_934] # [T69723][VisionSlotAdd][1576]New Vision Slot[0][3] Coord: 0: -3234, 16364; 1: -8035, 16222; 2: -7969, 13986; 3: -3167, 14129
[20240124_13:17:17_934] # [T69724][VisionSlotAdd][1600]vision slot [0][3], u32Weight: 9, Sum: 986, SlotAng: -178.300, CurSlotAng: -178.311
[20240124_13:17:17_935] # [T69725][VisionSlotAddValidCheck][893]Vision slot Length: 2371,2372, Depth 5039,5040
[20240124_13:17:17_935] # [T69725][VisionSlotAdd][1521]Added Vision Slot[1][1] Num 2 OriCoord: 0: -2536, 3745; 1: -7569, 4009; 2: -7694, 1640; 3: -2660, 1377
[20240124_13:17:17_935] # [T69726][VisionSlotAdd][1522]VehCoordAndAngle: 21, 12681, ang -0.005 (-0.313)
[20240124_13:17:17_935] # [T69726][VisionSlotAdd][1523]Current VehPos: 21, 12681, ang -0.005 (-0.313)
[20240124_13:17:17_935] # [T69727][VisionSlotAdd][1528]Convert Vision Slot[1][1] Coord: 0: 2577, 16412; 1: 7611, 16649; 2: 7723, 14279; 3: 2688, 14044
[20240124_13:17:17_940] # [T69727][VisionSlotAdd][1533]Old Vision Slot[1][1] Coord: 0: 2557, 16438; 1: 7584, 16661; 2: 7690, 14272; 3: 2663, 14049
[20240124_13:17:17_940] # [T69728][VisionSlotAddSlotWeightCal][1014]u32Weight: 9, CentreY: 2561.000, DisY: 1273.000, SlotAng: 177.003
[20240124_13:17:17_941] # [T69729][VisionSlotAdd][1576]New Vision Slot[1][1] Coord: 0: 2558, 16438; 1: 7584, 16661; 2: 7690, 14272; 3: 2664, 14049
[20240124_13:17:17_950] # [T69729][VisionSlotAdd][1600]vision slot [1][1], u32Weight: 9, Sum: 948, SlotAng: 2.541, CurSlotAng: 2.683
[20240124_13:17:18_004] # [T69794][APAVisionOblAdd][1323]Vision Obl merge: 62
[20240124_13:17:18_004] # [T69794][APAVisionOblAdd][1326]Receive Vision Obl CrossPointCoord: 0: -8044, 16209; 1: -3251, 16350
[20240124_13:17:18_005] # [T69794][APAVisionOblInfoDebugPrint][118]VisionOblInfo:
[20240124_13:17:18_005] # [T69795][APAVisionOblInfoDebugPrint][119]OblType: 0, bIsMerge 0, DetectCount 100
[20240124_13:17:18_007] # [T69795][APAVisionOblInfoDebugPrint][122]CrossPointCoord: 0: -8037, 16232; 1: -3238, 16383
[20240124_13:17:18_007] # [T69796][APAVisionOblInfoDebugPrint][125]OriginCrossPointCoord: 0: 8085, 3484; 1: 3293, 3651
[20240124_13:17:18_007] # [T69796][APAVisionOblInfoDebugPrint][126]VehCoordAndAng: 21, 12681, ang -0.005(-0.313)
[20240124_13:17:18_008] # [T69797][APAVisionOblInfoDebugPrint][127] 
[20240124_13:17:18_008] # [T69797][APAVisionOblAdd][1323]Vision Obl merge: 63
[20240124_13:17:18_008] # [T69797][APAVisionOblAdd][1326]Receive Vision Obl CrossPointCoord: 0: 2586, 16440; 1: 7612, 16676
[20240124_13:17:18_008] # [T69798][APAVisionOblInfoDebugPrint][118]VisionOblInfo:
[20240124_13:17:18_008] # [T69798][APAVisionOblInfoDebugPrint][119]OblType: 0, bIsMerge 0, DetectCount 100
[20240124_13:17:18_008] # [T69798][APAVisionOblInfoDebugPrint][122]CrossPointCoord: 0: 2546, 16443; 1: 7565, 16673
[20240124_13:17:18_008] # [T69799][APAVisionOblInfoDebugPrint][125]OriginCrossPointCoord: 0: -2545, 3773; 1: -7569, 4036
[20240124_13:17:18_009] # [T69800][APAVisionOblInfoDebugPrint][126]VehCoordAndAng: 21, 12681, ang -0.005(-0.313)
[20240124_13:17:18_009] # [T69800][APAVisionOblInfoDebugPrint][127] 
[20240124_13:17:18_009] # [T69800][VisionSlotAddValidCheck][893]Vision slot Length: 2231,2231, Depth 4794,4794
[20240124_13:17:18_012] # [T69801][VisionSlotAdd][1521]Added Vision Slot[0][3] Num 4 OriCoord: 0: 3293, 3651; 1: 8085, 3484; 2: 8007, 1254; 3: 3215, 1421
[20240124_13:17:18_013] # [T69801][VisionSlotAdd][1522]VehCoordAndAngle: 21, 12681, ang -0.005 (-0.313)
[20240124_13:17:18_013] # [T69802][VisionSlotAdd][1523]Current VehPos: 21, 12681, ang -0.005 (-0.313)
[20240124_13:17:18_014] # [T69802][VisionSlotAdd][1528]Convert Vision Slot[0][3] Coord: 0: -3251, 16350; 1: -8044, 16209; 2: -7978, 13979; 3: -3186, 14120
[20240124_13:17:18_014] # [T69803][VisionSlotAdd][1533]Old Vision Slot[0][3] Coord: 0: -3234, 16364; 1: -8035, 16222; 2: -7969, 13986; 3: -3167, 14129
[20240124_13:17:18_014] # [T69804][VisionSlotAddSlotWeightCal][1014]u32Weight: 9, CentreY: 2536.000, DisY: 1248.000, SlotAng: -1.996
[20240124_13:17:18_014] # [T69804][VisionSlotAdd][1576]New Vision Slot[0][3] Coord: 0: -3234, 16364; 1: -8035, 16222; 2: -7969, 13986; 3: -3167, 14129
[20240124_13:17:18_014] # [T69805][VisionSlotAdd][1600]vision slot [0][3], u32Weight: 9, Sum: 995, SlotAng: -178.300, CurSlotAng: -178.317
[20240124_13:17:18_014] # [T69806][VisionSlotAddValidCheck][893]Vision slot Length: 2396,2395, Depth 5030,5029
[20240124_13:17:18_015] # [T69806][VisionSlotAdd][1521]Added Vision Slot[1][1] Num 2 OriCoord: 0: -2545, 3773; 1: -7569, 4036; 2: -7694, 1644; 3: -2671, 1380
[20240124_13:17:18_019] # [T69807][VisionSlotAdd][1522]VehCoordAndAngle: 21, 12681, ang -0.005 (-0.313)
[20240124_13:17:18_019] # [T69807][VisionSlotAdd][1523]Current VehPos: 21, 12681, ang -0.005 (-0.313)
[20240124_13:17:18_019] # [T69808][VisionSlotAdd][1528]Convert Vision Slot[1][1] Coord: 0: 2586, 16440; 1: 7612, 16676; 2: 7723, 14283; 3: 2699, 14046
[20240124_13:17:18_020] # [T69808][VisionSlotAdd][1533]Old Vision Slot[1][1] Coord: 0: 2558, 16438; 1: 7584, 16661; 2: 7690, 14272; 3: 2664, 14049
[20240124_13:17:18_020] # [T69809][VisionSlotAddSlotWeightCal][1014]u32Weight: 8, CentreY: 2576.500, DisY: 1288.500, SlotAng: 176.997
[20240124_13:17:18_020] # [T69810][VisionSlotAdd][1576]New Vision Slot[1][1] Coord: 0: 2558, 16438; 1: 7584, 16661; 2: 7690, 14272; 3: 2664, 14049
[20240124_13:17:18_027] # [T69810][VisionSlotAdd][1600]vision slot [1][1], u32Weight: 8, Sum: 956, SlotAng: 2.542, CurSlotAng: 2.689
[20240124_13:17:18_084] # [T69876][APAVisionOblAdd][1323]Vision Obl merge: 62
[20240124_13:17:18_084] # [T69876][APAVisionOblAdd][1326]Receive Vision Obl CrossPointCoord: 0: -8015, 16237; 1: -3216, 16378
[20240124_13:17:18_085] # [T69876][APAVisionOblInfoDebugPrint][118]VisionOblInfo:
[20240124_13:17:18_085] # [T69877][APAVisionOblInfoDebugPrint][119]OblType: 0, bIsMerge 0, DetectCount 100
[20240124_13:17:18_090] # [T69877][APAVisionOblInfoDebugPrint][122]CrossPointCoord: 0: -8037, 16232; 1: -3238, 16383
[20240124_13:17:18_091] # [T69878][APAVisionOblInfoDebugPrint][125]OriginCrossPointCoord: 0: 8056, 3512; 1: 3258, 3679
[20240124_13:17:18_091] # [T69878][APAVisionOblInfoDebugPrint][126]VehCoordAndAng: 21, 12681, ang -0.005(-0.313)
[20240124_13:17:18_091] # [T69879][APAVisionOblInfoDebugPrint][127] 
[20240124_13:17:18_091] # [T69879][APAVisionOblAdd][1323]Vision Obl merge: 63
[20240124_13:17:18_091] # [T69879][APAVisionOblAdd][1326]Receive Vision Obl CrossPointCoord: 0: 2560, 16416; 1: 7585, 16652
[20240124_13:17:18_092] # [T69880][APAVisionOblInfoDebugPrint][118]VisionOblInfo:
[20240124_13:17:18_092] # [T69880][APAVisionOblInfoDebugPrint][119]OblType: 0, bIsMerge 0, DetectCount 100
[20240124_13:17:18_092] # [T69880][APAVisionOblInfoDebugPrint][122]CrossPointCoord: 0: 2546, 16443; 1: 7565, 16673
[20240124_13:17:18_092] # [T69881][APAVisionOblInfoDebugPrint][125]OriginCrossPointCoord: 0: -2519, 3749; 1: -7543, 4012
[20240124_13:17:18_092] # [T69881][APAVisionOblInfoDebugPrint][126]VehCoordAndAng: 21, 12681, ang -0.005(-0.313)
[20240124_13:17:18_092] # [T69882][APAVisionOblInfoDebugPrint][127] 
[20240124_13:17:18_093] # [T69882][VisionSlotAddValidCheck][893]Vision slot Length: 22Add][1521]Added Vision Slot[0][3] Num 4 OriCoord: 0: 3258, 3679; 1: 8056, 3512; 2: 7978, 1286; 3: 3180, 1454
[20240124_13:17:18_094] # [T69883][VisionSlotAdd][1522]VehCoordAndAngle: 21, 12681, ang -0.005 (-0.313)
[20240124_13:17:18_100] # [T69884][VisionSlotAdd][1523]Current VehPos: 21, 12681, ang -0.005 (-0.313)
[20240124_13:17:18_100] # [T69884][VisionSlotAdd][1528]Convert Vision Slot[0][3] Coord: 0: -3216, 16378; 1: -8015, 16237; 2: -7949, 14011; 3: -3150, 14152
[20240124_13:17:18_100] # [T69885][VisionSlotAdd][1533]Old Vision Slot[0][3] Coord: 0: -3234, 16364; 1: -8035, 16222; 2: -7969, 13986; 3: -3167, 14129
[20240124_13:17:18_100] # [T69886][VisionSlotAddSlotWeightCal][1014]u32Weight: 9, CentreY: 2566.500, DisY: 1278.500, SlotAng: -1.999
[20240124_13:17:18_101] # [T69886][VisionSlotAdd][1576]New Vision Slot[0][3] Coord: 0: -3234, 16364; 1: -8035, 16222; 2: -7968, 13986; 3: -3167, 14129
[20240124_13:17:18_101] # [T69887][VisionSlotAdd][1600]vision slot [0][3], u32Weight: 9, Sum: 1004, SlotAng: -178.301, CurSlotAng: -178.314
[20240124_13:17:18_101] # [T69888][VisionSlotAddValidCheck][893]Vision slot Length: 23742374, Depth 5030,5030
[20240124_13:17:18_101] # [T69888][VisionSlotAdd][1521]Added Vision Slot[1][1] Num 2 OriCoord: 0: -2519, 3749; 1: -7543, 4012; 2: -7667, 1641; 3: -2643, 1378
[20240124_13:17:18_101] # [T69889][VisionSlotAdd][1522]VehCoordAndAngle: 21, 12681, ang -0.005 (-0.313)
[20240124_13:17:18_101] # [T69889][VisionSlotAdd][1523]Current VehPos: 21, 12681, ang -0.005 (-0.313)
[20240124_13:17:18_102] # [T69890][VisionSlotAdd][1528]Convert Vision Slot[1][1] Coord: 0: 2560, 16416; 1: 7585, 16652; 2: 7696, 14280; 3: 2671, 14045
[20240124_13:17:18_102] # [T69890][VisionSlotAdd][1533]Old Vision Slot[1][1] Coord: 0: 2558, 16438; 1: 7584, 16661; 2: 7690, 14272; 3: 2664, 14049
[20240124_13:17:18_102] # [T69891][VisionSlotAddSlotWeightCal][1014]utreY: 2563.500, DisY: 1275.500, SlotAng: 177.003
[20240124_13:17:18_102] # [T69892][VisionSlotAdd][1576]New Vision Slot[1][1] Coord: 0: 2558, 16438; 1: 7584, 16661; 2: 7690, 14272; 3: 2664, 14049
[20240124_13:17:18_122] # [T69892][VisionSlotAdd][1600]vision slot [1][1], u32Weight: 9, Sum: 965, SlotAng: 2.544, CurSlotAng: 2.683
[20240124_13:17:18_162] #   69940-task_radar-118: RadarCaptureCnt is 333 
[20240124_13:17:18_162] # 
[20240124_13:17:18_162] # [T69955][APAVisionOblAdd][1323]Vision Obl merge: 62
[20240124_13:17:18_168] # [T69955][APAVisionOblAdd][1326]Receive Vision Obl CrossPointCoord: 0: -8007, 16225; 1: -3212, 16366
[20240124_13:17:18_168] # [T69955][APAVisionOblInfoDebugPrint][118]VisionOblInfo:
[20240124_13:17:18_168] # [T69956][APAVisionOblInfoDebugPrint][119]OblType: 0, bIsMerge 0, DetectCount 100
[20240124_13:17:18_168] # [T69956][APAVisionOblInfoDebugPrint][122]CrossPointCoord: 0: -8037, 16232; 1: -3238, 16383
[20240124_13:17:18_168] # [T69957][APAVisionOblInfoDebugPrint][125]OriginCrossPointCoord: 0: 8048, 3500; 1: 3254, 3667
[20240124_13:17:18_168] # [T69957][APAVisionOblInfoDebugPrint][126]VehCoordAndAng: 21, 12681, ang -0.005(-0.313)
[20240124_13:17:18_168] # [T69958][APAVisionOblInfoDebugPrint][127] 
[20240124_13:17:18_169] # [T69958][APAVisionOblAdd][1323]Vision Obl merge: 63
[20240124_13:17:18_169] # [T69958][APAVisionOblAdd][1326]Receive Vision Obl CrossPointCoord: 0: 2548, 16437; 1: 7574, 16673
[20240124_13:17:18_170] # [T69959][APAVisionOblInfoDebugPrint][118]VisionOblInfo:
[20240124_13:17:18_170] # [T69959][APAVisionOblInfoDebugPrint][119]OblType: 0, bIsMerge 0, DetectCount 100
[20240124_13:17:18_170] # [T69960][APAVisionOblInfoDebugPrint][122]CrossPointCoord: 0: 2546, 16443; 1: 7565, 16673
[20240124_13:17:18_170] # [T69960][APAVisionOblInfoDebugPrint][125]OriginCrossPointCoord: 0: -2507, 3770; 1: -7531, 4033
[20240124_13:17:18_170] # [T69961][APAVisionOblInfoDebugPrint][126]VehCoordAndAng: 21, 12681, ang -0.005(-0.313)
[20240124_13:17:18_170] # [T69961][APAVisionOblInfoDebugPrint][127] 
[20240124_13:17:18_174] # [T69961][VisionSlotAddValidCheck][893]Vision slot Length: 2226,2227, Depth 4796,4796
[20240124_13:17:18_174] # [T69962][VisionSlotAdd][1521]Added Vision Slot[0][3] Num 4 OriCoord: 0: 3254, 3667; 1: 8048, 3500; 2: 7971, 1274; 3: 3177, 1442
[20240124_13:17:18_174] # [T69962][VisionSlotAdd][1522]VehCoordAndAngle: 21, 12681, ang -0.005 (-0.313)
[20240124_13:17:18_174] # [T69963][VisionSlotAdd][1523]Current VehPos: 21, 12681, ang -0.005 (-0.313)
[20240124_13:17:18_174] # [T69963][VisionSlotAdd][1528]Convert Vision Slot[0][3] Coord: 0: -3212, 16366; 1: -8007, 16225; 2: -7942, 13999; 3: -3147, 14140
[20240124_13:17:18_175] # [T69964][VisionSlotAdd][1533]Old Vision Slot[0][3] Coord: 0: -3234, 16364; 1: -8035, 16222; 2: -7968, 13986; 3: -3167, 14129
[20240124_13:17:18_175] # [T69965][VisionSlotAddSlotWeightCal][1014]u32Weight: 9, CentreY: 2554.500, DisY: 1266.500, SlotAng: -2.001
[20240124_13:17:18_175] # [T69965][VisionSlotAdd][1576]New Vision Slot[0][3] Coord: 0: -3233, 16364; 1: -8035, 16222; 2: -7968, 13986; 3: -3167, 14129
[20240124_13:17:18_177] # [T69966][VisionSlotAdd][1600]vision slot [0][3], u32Weight: 9, Sum: 1013, SlotAng: -178.301, CurSlotAng: -178.312
[20240124_13:17:18_178] # [T69967][VisionSlotAddValidCheck][893]Vision slot Length: 2412,2411, Depth 5030,5030
[20240124_13:17:18_178] # [T69967][VisionSlotAdd][1521]Added Vision Slot[1][1] Num 2 OriCoord: 0: -2507, 3770; 1: -7531, 4033; 2: -7658, 1625; 3: -2634, 1361
[20240124_13:17:18_178] # [T69968][VisionSlotAdd][1522]VehCoordAndAngle: 21, 12681, ang -0.005 (-0.313)
[20240124_13:17:18_178] # [T69968][VisionSlotAdd][1523]Current VehPos: 21, 12681, ang -0.005 (-0.313)
[20240124_13:17:18_178] # [T69969][VisionSlotAdd][1528]Convert Vision Slot[1][1] Coord: 0: 2548, 16437; 1: 7574, 16673; 2: 7687, 14264; 3: 2662, 14028
[20240124_13:17:18_178] # [T69969][VisionSlotAdd][1533]Old Vision Slot[1][1] Coord: 0: 2558, 16438; 1: 7584, 16661; 2: 7690, 14272; 3: 2664, 14049
[20240124_13:17:18_179] # [T69970][VisionSlotAddSlotWeightCal][1014]u32Weight: 9, CentreY: 2565.500, DisY: 1277.500, SlotAng: 176.998
[20240124_13:17:18_182] # [T69971][VisionSlotAdd][1576]New Vision Slot[1][1] Coord: 0: 2558, 16438; 1: 7584, 16661; 2: 7690, 14272; 3: 2664, 14049
[20240124_13:17:18_198] # [T69972][VisionSlotAdd][1600]vision slot [1][1], u32Weight: 9, Sum: 974, SlotAng: 2.545, CurSlotAng: 2.689
[20240124_13:17:18_247] # [T70036][APAVisionOblAdd][1323]Vision Obl merge: 62
[20240124_13:17:18_247] # [T70036][APAVisionOblAdd][1326]Receive Vision Obl CrossPointCoord: 0: -8058, 16217; 1: -3250, 16359
[20240124_13:17:18_247] # [T70036][APAVisionOblInfoDebugPrint][118]VisionOblInfo:
[20240124_13:17:18_247] # [T70037][APAVisionOblInfoDebugPrint][119]OblType: 0, bIsMerge 0, DetectCount 100
[20240124_13:17:18_250] # [T70037][APAVisionOblInfoDebugPrint][122]CrossPointCoord: 0: -8037, 16232; 1: -3238, 16383
[20240124_13:17:18_250] # [T70038][APAVisionOblInfoDebugPrint][125]OriginCrossPointCoord: 0: 8099, 3492; 1: 3292, 3660
[20240124_13:17:18_250] # [T70038][APAVisionOblInfoDebugPrint][126]VehCoordAndAng: 21, 12681, ang -0.005(-0.313)
[20240124_13:17:18_250] # [T70039][APAVisionOblInfoDebugPrint][127] 
[20240124_13:17:18_251] # [T70039][APAVisionOblAdd][1323]Vision Obl merge: 63
[20240124_13:17:18_251] # [T70039][APAVisionOblAdd][1326]Receive Vision Obl CrossPointCoord: 0: 2561, 16425; 1: 7560, 16660
[20240124_13:17:18_251] # [T70040][APAVisionOblInfoDebugPrint][118]VisionOblInfo:
[20240124_13:17:18_251] # [T70040][APAVisionOblInfoDebugPrint][119]OblType: 0, bIsMerge 0, DetectCount 100
[20240124_13:17:18_251] # [T70040][APAVisionOblInfoDebugPrint][122]CrossPointCoord: 0: 2546, 16443; 1: 7565, 16673
[20240124_13:17:18_252] # [T70041][APAVisionOblInfoDebugPrint][125]OriginCrossPointCoord: 0: -2520, 3758; 1: -7518, 4020
[20240124_13:17:18_252] # [T70041][APAVisionOblInfoDebugPrint][126]VehCoordAndAng: 21, 12681, ang -0.005(-0.313)
[20240124_13:17:18_252] # [T70042][APAVisionOblInfoDebugPrint][127] 
[20240124_13:17:18_252] # [T70042][VisionSlotAddValidCheck][893]Vision slot Length: 2247,2247, Depth 4809,4809
[20240124_13:17:18_252] # [T70043][VisionSlotAdd][1521]Added Vision Slot[0][3] Num 4 OriCoord: 0: 3292, 3660; 1: 8099, 3492; 2: 8020, 1246; 3: 3213, 1414
[20240124_13:17:18_252] # [T70043][VisionSlotAdd][1522]VehCoordAndAngle: 21, 12681, ang -0.005 (-0.313)
[20240124_13:17:18_256] # [T70044][VisionSlotAdd][1523]Current VehPos: 21, 12681, ang -0.005 (-0.313)
[20240124_13:17:18_256] # [T70044][VisionSlotAdd][1528]Convert Vision Slot[0][3] Coord: 0: -3250, 16359; 1: -8058, 16217; 2: -7991, 13971; 3: -3184, 14113
[20240124_13:17:18_256] # [T70045][VisionSlotAdd][1533]Old Vision Slot[0][3] Coord: 0: -3233, 16364; 1: -8035, 16222; 2: -7968, 13986; 3: -3167, 14129
[20240124_13:17:18_257] # [T70046][VisionSlotAddSlotWeightCal][1014]u32Weight: 9, CentreY: 2537.000, DisY: 1249.000, SlotAng: -2.002
[20240124_13:17:18_257] # [T70046][VisionSlotAdd][1576]New Vision Slot[0][3] Coord: 0: -3234, 16364; 1: -8035, 16222; 2: -7968, 13986; 3: -3167, 14129
[20240124_13:17:18_257] # [T70047][VisionSlotAdd][1600]vision slot [0][3], u32Weight: 9, Sum: 1022, SlotAng: -178.301, CurSlotAng: -178.312
[20240124_13:17:18_257] # [T70048][VisionSlotAddValidCheck][893]Vision slot Length: 2387,2387, Depth 5004,5004
[20240124_13:17:18_257] # [T70048][VisionSlotAdd][1521]Added Vision Slot[1][1] Num 2 OriCoord: 0: -2520, 3758; 1: -7518, 4020; 2: -7643, 1636; 3: -2645, 1374
[20240124_13:17:18_259] # [T70049][VisionSlotAdd][1522]VehCoordAndAngle: 21, 12681, ang -0.005 (-0.313)
[20240124_13:17:18_259] # [T70049][VisionSlotAdd][1523]Current VehPos: 21, 12681, ang -0.005 (-0.313)
[20240124_13:17:18_261] # [T70050][VisionSlotAdd][1528]Convert Vision Slot[1][1] Coord: 0: 2561, 16425; 1: 7560, 16660; 2: 7672, 14275; 3: 2673, 14041
[20240124_13:17:18_262] # [T70050][VisionSlotAdd][1533]Old Vision Slot[1][1] Coord: 0: 2558, 16438; 1: 7584, 16661; 2: 7690, 14272; 3: 2664, 14049
[20240124_13:17:18_262] # [T70051][VisionSlotAddSlotWeightCal][1014]u32Weight: 9, CentreY: 2566.000, DisY: 1278.000, SlotAng: 176.999
[20240124_13:17:18_262] # [T70052][VisionSlotAdd][1576]New Vision Slot[1][1] Coord: 0: 2558, 16438; 1: 7584, 16661; 2: 7690, 14272; 3: 2664, 14049
[20240124_13:17:18_277] # [T70052][VisionSlotAdd][1600]vision slot [1][1], u32Weight: 9, Sum: 983, SlotAng: 2.546, CurSlotAng: 2.687
[20240124_13:17:18_326] # [T70117][APAVisionOblAdd][1323]Vision Obl merge: 62
[20240124_13:17:18_326] # [T70117][APAVisionOblAdd][1326]Receive Vision Obl CrossPointCoord: 0: -8023, 16216; 1: -3230, 16358
[20240124_13:17:18_326] # [T70117][APAVisionOblInfoDebugPrint][118]VisionOblInfo:
[20240124_13:17:18_326] # [T70118][APAVisionOblInfoDebugPrint][119]OblType: 0, bIsMerge 0, DetectCount 100
[20240124_13:17:18_326] # [T70118][APAVisionOblInfoDebugPrint][122]CrossPointCoord: 0: -8037, 16232; 1: -3238, 16383
[20240124_13:17:18_326] # [T70119][APAVisionOblInfoDebugPrint][125]OriginCrossPointCoord: 0: 8064, 3491; 1: 3272, 3659
[20240124_13:17:18_333] # [T70119][APAVisionOblInfoDebugPrint][126]VehCoordAndAng: 21, 12681, ang -0.005(-0.313)
[20240124_13:17:18_333] # [T70120][APAVisionOblInfoDebugPrint][127] 
[20240124_13:17:18_333] # [T70120][APAVisionOblAdd][1323]Vision Obl merge: 63
[20240124_13:17:18_333] # [T70120][APAVisionOblAdd][1326]Receive Vision Obl CrossPointCoord: 0: 2570, 16424; 1: 7565, 16659
[20240124_13:17:18_333] # [T70121][APAVisionOblInfoDebugPrint][118]VisionOblInfo:
[20240124_13:17:18_334] # [T70121][APAVisionOblInfoDebugPrint][119]OblType: 0, bIsMerge 0, DetectCount 100
[20240124_13:17:18_334] # [T70121][APAVisionOblInfoDebugPrint][122]CrossPointCoord: 0: 2546, 16443; 1: 7565, 16673
[20240124_13:17:18_334] # [T70122][APAVisionOblInfoDebugPrint][125]OriginCrossPointCoord: 0: -2529, 3757; 1: -7523, 4019
[20240124_13:17:18_334] # [T70122][APAVisionOblInfoDebugPrint][126]VehCoordAndAng: 21, 12681, ang -0.005(-0.313)
[20240124_13:17:18_334] # [T70123][APAVisionOblInfoDebugPrint][127] 
[20240124_13:17:18_334] # [T70123][VisionSlotAddValidCheck][893]Vision slot Length: 2231,2231, Depth 4794,4794
[20240124_13:17:18_335] # [T70124][VisionSlotAdd][1521]Added Vision Slot[0][3] Num 4 OriCoord: 0: 3272, 3659; 1: 8064, 3491; 2: 7986, 1261; 3: 3194, 1429
[20240124_13:17:18_335] # [T70124][VisionSlotAdd][1522]VehCoordAndAngle: 21, 12681, ang -0.005 (-0.313)
[20240124_13:17:18_335] # [T70125][VisionSlotAdd][1523]Current VehPos: 21, 12681, ang -0.005 (-0.313)
[20240124_13:17:18_339] # [T70125][VisionSlotAdd][1528]Convert Vision Slot[0][3] Coord: 0: -3230, 16358; 1: -8023, 16216; 2: -7957, 13986; 3: -3165, 14128
[20240124_13:17:18_340] # [T70126][VisionSlotAdd][1533]Old Vision Slot[0][3] Coord: 0: -3234, 16364; 1: -8035, 16222; 2: -7968, 13986; 3: -3167, 14129
[20240124_13:17:18_340] # [T70127][VisionSlotAddSlotWeightCal][1014]u32Weight: 9, CentreY: 2544.000, DisY: 1256.000, SlotAng: -2.008
[20240124_13:17:18_340] # [T70127][VisionSlotAdd][1576]New Vision Slot[0][3] Coord: 0: -3234, 16364; 1: -8035, 16222; 2: -798, 13986; 3: -3167, 14129
[20240124_13:17:18_340] # [T70128][VisionSlotAdd][1600]vision slot [0][3], u32Weight: 9, Sum: 1031, SlotAng: -178.301, CurSlotAng: -178.306
[20240124_13:17:18_341] # [T70129][VisionSlotAddValidCheck][893]Vision slot Length: 2387,2387, Depth 5000,500
[20240124_13:17:18_341] # [T70129][VisionSlotAdd][1521]Added Vision Slot[1][1] Num 2 OriCoord: 0: -2529, 3757; 1: -7523, 4019; 2: -7648, 1635; 3: -2653, 1373
[20240124_13:17:18_341] # [T70130][VisionSlotAdd][1522]VehCoordAndAngle: 21, 12681, ang -0.005 (-0.313)
[20240124_13:17:18_341] # [T70130][VisionSlotAdd][1523]Current VehPos: 21, 12681, ang -0.005 (-0.313)
[20240124_13:17:18_341] # [T70131][VisionSlotAdd][1528]Convert Vision Slot[1][1] Coord: 0: 2570, 16424; 1: 7565, 16659; 2: 7677, 14274; 3: 2681, 14040
[20240124_13:17:18_342] # [T70131][VisionSlotAdd][1533]Old Vision Slot[1][1] Coord: 0: 2558, 16438; 1: 7584, 16661; 2: 7690, 14272; 3: 2664, 14049
[20240124_13:17:18_342] # [T70132][VisionSlotAddSlotWeightCal][014]u32Weight: 9, CentreY: 2565.000, DisY: 1277.000, SlotAng: 176.997
[20240124_13:17:18_344] # [T70133][VisionSlotAdd][1576]New Vision Slot[1][1] Coord: 0: 2558, 16438; 1: 7584, 16661; 2: 7690, 14272; 3: 2664, 14049
[20240124_13:17:18_351] # [T70133][VisionSlotAdd][1600]vision slot [1][1], u32Weight: 9, Sum: 992, SlotAng: 2.547, CurSlotAng: 2.689
[20240124_13:17:18_403] # [T70197][APAVisionOblAdd][1323]Vision Obl merge: 62
[20240124_13:17:18_406] # [T70197][APAVisionOblAdd][1326]Receive Vision Obl CrossPointCoord: 0: -8031, 16207; 1: -3245, 16348
[20240124_13:17:18_406] # [T70197][APAVisionOblInfoDebugPrint][118]VisionOblInfo:
[20240124_13:17:18_407] # [T70198][APAVisionOblInfoDebugPrint][119]OblType: 0, bIsMerge 0, DetectCount 100
[20240124_13:17:18_407] # [T70198][APAVisionOblInfoDebugPrint][122]CrossPointCoord: 0: -8037, 16232; 1: -3238, 16383
[20240124_13:17:18_407] # [T70199][APAVisionOblInfoDebugPrint][125]OriginCrossPointCoord: 0: 8072, 3482; 1: 3287, 3649
[20240124_13:17:18_407] # [T70199][APAVisionOblInfoDebugPrint][126]VehCoordAndAng: 21, 12681, ang -0.005(-0.313)
[20240124_13:17:18_407] # [T70200][APAVisionOblInfoDebugPrint][127] 
[20240124_13:17:18_413] # [T70200][APAVisionOblAdd][1323]Vision Obl merge: 63
[20240124_13:17:18_413] # [T70200][APAVisionOblAdd][1326]Receive Vision Obl CrossPointCoord: 0: 2571, 16427; 1: 7566, 16662
[20240124_13:17:18_413] # [T70201][APAVisionOblInfoDebugPrint][118]VisionOblInfo:
[20240124_13:17:18_414] # [T70201][APAVisionOblInfoDebugPrint][119]OblType: 0, bIsMerge 0, DetectCount 100
[20240124_13:17:18_414] # [T70201][APAVisionOblInfoDebugPrint][122]CrossPointCoord: 0: 2546, 16443; 1: 7565, 16673
[20240124_13:17:18_414] # [T70202][APAVisionOblInfoDebugPrint][125]OriginCrossPointCoord: 0: -2530, 3760; 1: -7524, 4022
[20240124_13:17:18_414] # [T70202][APAVisionOblInfoDebugPrint][126]VehCoordAndAng: 21, 12681, ang -0.005(-0.313)
[20240124_13:17:18_415] # [T70203][APAVisionOblInfoDebugPrint][127] 
[20240124_13:17:18_415] # [T70203][VisionSlotAddValidCheck][893]Vision slot Length: 2231,2231, Depth 4787,4787
[20240124_13:17:18_415] # [T70204][VisionSlotAdd][1521]Added Vision Slot[0][3] Num 4 OriCoord: 0: 3287, 3649; 1: 8072, 3482; 2: 7994, 1252; 3: 3209, 1419
[20240124_13:17:18_415] # [T70204][VisionSlotAdd][1522]VehCoordAndAngle: 21, 12681, ang -0.005 (-0.313)
[20240124_13:17:18_415] # [T70205][VisionSlotAdd][1523]Current VehPos: 21, 12681, ang -0.005 (-0.313)
[20240124_13:17:18_416] # [T70205][VisionSlotAdd][1528]Convert Vision Slot[0][3] Coord: 0: -3245, 16348; 1: -8031, 16207; 2: -7965, 13977; 3: -3180, 14118
[20240124_13:17:18_420] # [T70206][VisionSlotAdd][1533]Old Vision Slot[0][3] Coord: 0: -3234, 16364; 1: -8035, 16222; 2: -7968, 13986; 3: -3167, 14129
[20240124_13:17:18_421] # [T70207][VisionSlotAddSlotWeightCal][1014]u32Weight: 9, CentreY: 2534.000, DisY: 1246.000, SlotAng: -1.999
[20240124_13:17:18_421] # [T70207][VisionSlotAdd][1576]New Vision Slot[0][3] Coord: 0: -3234, 16364; 1: -8035, 16222; 2: -7968, 13986; 3: -3167, 14129
[20240124_13:17:18_421] # [T70208][VisionSlotAdd][1600]vision slot [0][3], u32Weight: 9, Sum: 1040, SlotAng: -178.301, CurSlotAng: -178.315
[20240124_13:17:18_421] # [T70209][VisionSlotAddValidCheck][893]Vision slot Length: 2382,2382, Depth 5000,5001
[20240124_13:17:18_422] # [T70209][VisionSlotAdd][1521]Added Vision Slot[1][1] Num 2 OriCoord: 0: -2530, 3760; 1: -7524, 4022; 2: -7649, 1643; 3: -2654, 1381
[20240124_13:17:18_422] # [T70210][VisionSlotAdd][1522]VehCoordAndAngle: 21, 12681, ang -0.005 (-0.313)
[20240124_13:17:18_422] # [T70210][VisionSlotAdd][1523]Current VehPos: 21, 12681, ang -0.005 (-0.313)
[20240124_13:17:18_422] # [T70211][VisionSlotAdd][1528]Convert Vision Slot[1][1] Coord: 0: 2571, 16427; 1: 7566, 16662; 2: 7678, 14282; 3: 2682, 14048
[20240124_13:17:18_422] # [T70211][VisionSlotAdd][1533]Old Vision Slot[1][1] Coord: 0: 2558, 16438; 1: 7584, 16661; 2: 7690, 14272; 3: 2664, 14049
[20240124_13:17:18_422] # [T70212][VisionSlotAddSlotWeightCal][1014]u32Weight: 9, CentreY: 2570.500, DisY: 1282.500, SlotAng: 176.997
[20240124_13:17:18_423] # [T70213][VisionSlotAdd][1576]New Vision Slot[1][1] Coord: 0: 2558, 16437; 1: 7583, 16661; 2: 7690, 14273; 3: 2664, 14049
[20240124_13:17:18_431] # [T70213][VisionSlotAdd][1600]vision slot [1][1], u32Weight: 9, Sum: 1001, SlotAng: 2.549, CurSlotAng: 2.689
[20240124_13:17:18_484] # [T70278][APAVisionOblAdd][1323]Vision Obl merge: 63
[20240124_13:17:18_487] # [T70278][APAVisionOblAdd][1326]Receive Vision Obl CrossPointCoord: 0: 2575, 16423; 1: 7616, 16660
[20240124_13:17:18_487] # [T70278][APAVisionOblInfoDebugPrint][118]VisionOblInfo:
[20240124_13:17:18_488] # [T70279][APAVisionOblInfoDebugPrint][119]OblType: 0, bIsMerge 0, DetectCount 100
[20240124_13:17:18_488] # [T70279][APAVisionOblInfoDebugPrint][122]CrossPointCoord: 0: 2546, 16443; 1: 7565, 16673
[20240124_13:17:18_488] # [T70280][APAVisionOblInfoDebugPrint][125]OriginCrossPointCoord: 0: -2534, 3756; 1: -7574, 4020
[20240124_13:17:18_493] # [T70280][APAVisionOblInfoDebugPrint][126]VehCoordAndAng: 21, 12681, ang -0.005(-0.313)
[20240124_13:17:18_493] # [T70281][APAVisionOblInfoDebugPrint][127] 
[20240124_13:17:18_493] # [T70281][APAVisionOblAdd][1323]Vision Obl merge: 62
[20240124_13:17:18_493] # [T70281][APAVisionOblAdd][1326]Receive Vision Obl CrossPointCoord: 0: -8010, 16201; 1: -3228, 16342
[20240124_13:17:18_494] # [T70282][APAVisionOblInfoDebugPrint][118]VisionOblInfo:
[20240124_13:17:18_494] # [T70282][APAVisionOblInfoDebugPrint][119]OblType: 0, bIsMerge 0, DetectCount 100
[20240124_13:17:18_494] # [T70282][APAVisionOblInfoDebugPrint][122]CrossPointCoord: 0: -8037, 16232; 1: -3238, 16383
[20240124_13:17:18_494] # [T70283][APAVisionOblInfoDebugPrint][125]OriginCrossPointCoord: 0: 8051, 3476; 1: 3270, 3643
[20240124_13:17:18_495] # [T70283][APAVisionOblInfoDebugPrint][126]VehCoordAndAng: 21, 12681, ang -0.005(-0.313)
[20240124_13:17:18_495] # [T70284][APAVisionOblInfoDebugPrint][127] 
[20240124_13:17:18_495] # [T70284][VisionSlotAddValidCheck][893]Vision slot Length: 2376,2376, Depth 5046,5047
[20240124_13:17:18_495] # [T70285][VisionSlotAdd][1521]Added Vision Slot[1][1] Num 2 OriCoord: 0: -2534, 3756; 1: -7574, 4020; 2: -7699, 1647; 3: -2658, 1383
[20240124_13:17:18_495] # [T70285][VisionSlotAdd][1522]VehCoordAndAngle: 21, 12681, ang -0.005 (-0.313)
[20240124_13:17:18_495] # [T70286][VisionSlotAdd][1523]Current VehPos: 21, 12681, ang -0.005 (-0.313)
[20240124_13:17:18_500] # [T70286][VisionSlotAdd][1528]Convert Vision Slot[1][1] Coord: 0: 2575, 16423; 1: 7616, 16660; 2: 7728, 14286; 3: 2686, 14050
[20240124_13:17:18_500] # [T70287][VisionSlotAdd][1533]Old Vision Slot[1][1] Coord: 0: 2558, 16437; 1: 7583, 16661; 2: 7690, 14273; 3: 2664, 14049
[20240124_13:17:18_500] # [T70288][VisionSlotAddSlotWeightCal][1014]u32Weight: 9, CentreY: 2569.500, DisY: 1281.500, SlotAng: 177.002
[20240124_13:17:18_500] # [T70288][VisionSlotAdd][1576]New Vision Slot[1][1] Coord: 0: 2558, 16437; 1: 7584, 16661; 2: 7690, 14273; 3: 2664, 14049
[20240124_13:17:18_501] # [T70289][VisionSlotAdd][1600]vision slot [1][1], u32Weight: 9, Sum: 1010, SlotAng: 2.550, CurSlotAng: 2.685
[20240124_13:17:18_501] # [T70290][VisionSlotAddValidCheck][893]Vision slot Length: 2227,2227, Depth 4783,4783
[20240124_13:17:18_501] # [T70290][VisionSlotAdd][1521]Added Vision Slot[0][3] Num 4 OriCoord: 0: 3270, 3643; 1: 8051, 3476; 2: 7974, 1250; 3: 3193, 1417
[20240124_13:17:18_501] # [T70291][VisionSlotAdd][1522]VehCoordAndAngle: 21, 12681, ang -0.005 (-0.313)
[20240124_13:17:18_502] # [T70291][VisionSlotAdd][1523]Current VehPos: 21, 12681, ang -0.005 (-0.313)
[20240124_13:17:18_502] # [T70292][VisionSlotAdd][1528]Convert Vision Slot[0][3] Coord: 0: -3228, 16342; 1: -8010, 16201; 2: -7945, 13975; 3: -3164, 14116
[20240124_13:17:18_502] # [T70292][VisionSlotAdd][1533]Old Vision Slot[0][3] Coord: 0: -3234, 16364; 1: -8035, 16222; 2: -7968, 13986; 3: -3167, 14129
[20240124_13:17:18_505] # [T70293][VisionSlotAddSlotWeightCal][1014]u2Weight: 9, CentreY: 2530.000, DisY: 1242.000, SlotAng: -2.001
[20240124_13:17:18_505] # [T70294][VisionSlotAdd][1576]New Vision Slot[0][3] Coord: 0: -3234, 16364; 1: -8034, 16222; 2: -7968, 13986; 3: -3167, 14129
[20240124_13:17:18_511] # [T70294][VisionSlotAdd][1600]vision slot [0][3], u32Weight: 9, Sum: 1049, SlotAng: -178.301, CurSlotAng: -178.313
[20240124_13:17:18_564] # [T70358][VisionSlotAddValidCheck][893]Vision slot Length: 2380,2380, Depth 5014,5013
[20240124_13:17:18_567] # [T70358][VisionSlotAdd][1521]Added Vision Slot[1][1] Num 2 OriCoord: 0: -2528, 3773; 1: -7536, 4035; 2: -7660, 1658; 3: -2653, 1396
[20240124_13:17:18_567] # [T70359][VisionSlotAdd][1522]VehCoordAndAngle: 21, 12681, ang -0.005 (-0.313)
[20240124_13:17:18_568] # [T70359][VisionSlotAdd][1523]Current VehPos: 21, 12681, ang -0.005 (-0.313)
[20240124_13:17:18_568] # [T70360][VisionSlotAdd][1528]Convert Vision Slot[1][1] Coord: 0: 2569, 16440; 1: 7579, 16675; 2: 7690, 14297; 3: 2681, 14063
[20240124_13:17:18_568] # [T70360][VisionSlotAdd][1533]Old Vision Slot[1][1] Coord: 0: 2558, 16437; 1: 7584, 16661; 2: 7690, 14273; 3: 2664, 14049
[20240124_13:17:18_573] # [T70361][VisionSlotAddSlotWeightCal][1014]u32Weight: 8, CentreY: 2584.500, DisY: 1296.500, SlotAng: 177.005
[20240124_13:17:18_573] # [T70361][VisionSlotAdd][1576]New Vision Slot[1][1] Coord: 0: 2558, 16437; 1: 7584, 16661; 2: 7690, 14273; 3: 2665, 14049
[20240124_13:17:18_573] # [T70362][VisionSlotAdd][1600]vision slot [1][1], u32Weight: 8, Sum: 1018, SlotAng: 2.551, CurSlotAng: 2.682
[20240124_13:17:18_573] # [T70363][VisionSlotAddValidCheck][893]Vision slot Length: 2227,2227, Depth 4788,4787
[20240124_13:17:18_574] # [T70363][VisionSlotAdd][1521]Added Vision Slot[0][3] Num 4 OriCoord: 0: 3289, 3672; 1: 8075, 3505; 2: 7997, 1279; 3: 3212, 1446
[20240124_13:17:18_574] # [T70364][VisionSlotAdd][1522]VehCoordAndAngle: 21, 12681, ang -0.005 (-0.313)
[20240124_13:17:18_575] # [T70364][VisionSlotAdd][1523]Current VehPos: 21, 12681, ang -0.005 (-0.313)
[20240124_13:17:18_575] # [T70365][VisionSlotAdd][1528]Convert Vision Slot[0][3] Coord: 0: -3247, 16371; 1: -8034, 16230; 2: -7968, 14004; 3: -3182, 14145
[20240124_13:17:18_575] # [T70365][VisionSlotAdd][1533]Old Vision Slot[0][3] Coord: 0: -3234, 16364; 1: -8034, 16222; 2: -7968, 13986; 3: -3167, 14129
[20240124_13:17:18_580] # [T70366][VisionSlotAddSlotWeightCal][1014]u32Weight: 9, CentreY: 2559.000, DisY: 1271.000, SlotAng: -1.999
[20240124_13:17:18_580] # [T70367][VisionSlotAdd][1576]New Vision Slot[0][3] Coord: 0: -3234, 16364; 1: -8034, 16222; 2: -7968, 13986; 3: -3167, 14129
[20240124_13:17:18_581] # [T70367][VisionSlotAdd][1600]vision slot [0][3], u32Weight: 9, Sum: 1058, SlotAng: -178.301, CurSlotAng: -178.315
[20240124_13:17:18_581] # [T70368][APAVisionOblAdd][1323]Vision Obl merge: 63
[20240124_13:17:18_581] # [T70368][APAVisionOblAdd][1326]Receive Vision Obl CrossPointCoord: 0: 2569, 16440; 1: 7579, 16675
[20240124_13:17:18_581] # [T70369][APAVisionOblInfoDebugPrint][118]VisionOblInfo:
[20240124_13:17:18_581] # [T70369][APAVisionOblInfoDebugPrint][119]OblType: 0, bIsMerge 0, DetectCount 100
[20240124_13:17:18_581] # [T70370][APAVisionOblInfoDebugPrint][122]CrossPointCoord: 0: 2546, 16443; 1: 7565, 16673
[20240124_13:17:18_582] # [T70370][APAVisionOblInfoDebugPrint][125]OriginCrossPointCoord: 0: -2528, 3773; 1: -7536, 4035
[20240124_13:17:18_582] # [T70371][APAVisionOblInfoDebugPrint][126]VehCoordAndAng: 21, 12681, ang -0.005(-0.313)
[20240124_13:17:18_582] # [T70371][APAVisionOblInfoDebugPrint][127] 
[20240124_13:17:18_582] # [T70372][APAVisionOblAdd][1323]Vision Obl merge: 62
[20240124_13:17:18_582] # [T70372][APAVisionOblAdd][1326]Receive Vision Obl CrossPointCoord: 0: -8034, 16230; 1: -3247, 16371
[20240124_13:17:18_582] # [T70372][APAVisionOblInfoDebugPrint][118]VisionOblInfo:
[20240124_13:17:18_582] # [T70373][APAVisionOblInfoDebugPrint][119]OblType: 0, bIsMerge 0, DetectCount 100
[20240124_13:17:18_583] # [T70373][APAVisionOblInfoDebugPrint][122]CrossPointCoord: 0: -8037, 16232; 1: -3238, 16383
[20240124_13:17:18_586] # [T70374][APAVisionOblInfoDebugPrint][125]OriginCrossPointCoord: 0: 8075, 3505; 1: 3289, 3672
[20240124_13:17:18_592] # [T70374][APAVisionOblInfoDebugPrint][126]VehCoordAndAng: 21, 12681, ang -0.005(-0.313)
[20240124_13:17:18_592] # [T70375][APAVisionOblInfoDebugPrint][127] 
[20240124_13:17:18_646] # [T70439][APAVisionOblAdd][1323]Vision Obl merge: 62
[20240124_13:17:18_651] # [T70439][APAVisionOblAdd][1326]Receive Vision Obl CrossPointCoord: 0: -8013, 16220; 1: -3240, 16361
[20240124_13:17:18_651] # [T70439][APAVisionOblInfoDebugPrint][118]VisionOblInfo:
[20240124_13:17:18_651] # [T70440][APAVisionOblInfoDebugPrint][119]OblType: 0, bIsMerge 0, DetectCount 100
[20240124_13:17:18_652] # [T70440][APAVisionOblInfoDebugPrint][122]Cross  70441-task_radar-118: RadarCaptureCnt is 333 
[20240124_13:17:18_652] # 
[20240124_13:17:18_652] # PointCoord: 0: -8037, 16232; 1: -3238, 16383
[20240124_13:17:18_653] # [T70441][APAVisionOblInfoDebugPrint][125]OriginCrossPointCoord: 0: 8054, 3495; 1: 3282, 3662
[20240124_13:17:18_653] # [T70442][APAVisionOblInfoDebugPrint][126]VehCoordAndAng: 21, 12681, ang -0.005(-0.313)
[20240124_13:17:18_653] # [T70442][APAVisionOblInfoDebugPrint][127] 
[20240124_13:17:18_653] # [T70442][APAVisionOblAdd][1323]Vision Obl merge: 63
[20240124_13:17:18_653] # [T70443][APAVisionOblAdd][1326]Receive Vision Obl CrossPointCoord: 0: 2581, 16458; 1: 7600, 16606
[20240124_13:17:18_653] # [T70443][APAVisionOblInfoDebugPrint][118]VisionOblInfo:
[20240124_13:17:18_654] # [T70443][APAVisionOblInfoDebugPrint][119]OblType: 0, bIsMerge 0, DetectCount 100
[20240124_13:17:18_660] # [T70444][APAVisionOblInfoDebugPrint][122]CrossPointCoord: 0: 2546, 16443; 1: 7565, 16673
[20240124_13:17:18_660] # [T70444][APAVisionOblInfoDebugPrint][125]OriginCrossPointCoord: 0: -2540, 3791; 1: -7558, 3966
[20240124_13:17:18_660] # [T70445][APAVisionOblInfoDebugPrint][126]VehCoordAndAng: 21, 12681, ang -0.005(-0.313)
[20240124_13:17:18_660] # [T70445][APAVisionOblInfoDebugPrint][127] 
[20240124_13:17:18_661] # [T70446][VisionSlotAddValidCheck][893]Vision slot Length: 2227,2227, Depth 4774,4773
[20240124_13:17:18_661] # [T70446][VisionSlotAdd][1521]Added Vision Slot[0][3] Num 4 OriCoord: 0: 3282, 3662; 1: 854, 3495; 2: 7976, 1269; 3: 3205, 1436
[20240124_13:17:18_661] # [T70447][VisionSlotAdd][1522]VehCoordAndAngle: 21, 12681, ang -0.005 (-0.313)
[20240124_13:17:18_661] # [T70447][VisionSlotAdd][1523]Current VehPos: 21, 12681, ang -0.005 (-0.313)
[20240124_13:17:18_661] # [T70448][VisionSlotAdd][1528]Convert Vision Slot[0][3] Coord: 0: -3240, 16361; 1: -8013, 16220; 2: -7947, 13994; 3: -3176, 14135
[20240124_13:17:18_662] # [T70448][VisionSlotAdd][1533]Old Vision Slot[0][3] Coord: 0: -3234, 16364; 1: -8034, 16222; 2: -7968, 13986; 3: -3167, 14129
[20240124_13:17:18_662] # [T70449][VisionSlotAddSlotWeightCal][1014]u32Weight: 9, CentreY: 2549.000, DisY: 1261.000, SlotAng: -2.005
[20240124_13:17:18_662] # [T70450][VisionSlotAdd][1576]New Vision Slot[0][3] Coord: 0: -3234, 16364; 1: -8034, 16222; 2: -7968, 13986; 3: -3168, 14129
[20240124_13:17:18_662] # [T70450][VisionSlotAdd][1600]vision slot [0][3], u32Weight: 9, Sum: 1067, SlotAng: -178.301, CurSlotAng: -178.309
[20240124_13:17:18_662] # [T70451][VisionSlotAddValidCheck][893]Vision slot Length: 2376,2376, Depth 5021,5021
[20240124_13:17:18_662] # [T70452][VisionSlotAdd][1521]Added Vision Slot[1][1] Num 2 OriCoord: 0: -2540, 3791; 1: -7558, 3966; 2: -7641, 1591; 3: -2623, 1416
[20240124_13:17:18_663] # [T70452][VisionSlotAdd][1522]VehCoordAndAngle: 21, 12681, ang -0.005 (-0.313)
[20240124_13:17:18_666] # [T70453][VisionSlotAdd][1523]Current VehPos: 21, 12681, ang -0.005 (-0.313)
[20240124_13:17:18_666] # [T70453][VisionSlotAdd][1528]Convert Vision Slot[1][1] Coord: 0: 2581, 16458; 1: 7600, 16606; 2: 7670, 14230; 3: 2651, 14083
[20240124_13:17:18_666] # [T70454][VisionSlotAdd][1533]Old Vision Slot[1][1] Coord: 0: 2558, 16437; 1: 7584, 16661; 2: 7690, 14273; 3: 2665, 14049
[20240124_13:17:18_666] # [T70454][VisionSotAddSlotWeightCal][1014]u32Weight: 8, CentreY: 2603.500, DisY: 1315.500, SlotAng: 178.003
[20240124_13:17:18_666] # [T70455][VisionSlotAdd][1576]New Vision Slot[1][1] Coord: 0: 2558, 16438; 1: 7584, 16661; 2: 7690, 14273; 3: 2664, 14049
[20240124_13:17:18_684] # [T70456][VisionSlotAdd][1600]vision slot [1][1], u32Weight: 8, Sum: 1026, SlotAng: 2.544, CurSlotAng: 1.684
[20240124_13:17:18_729] # [T70520][APAVisionOblAdd][1323]Vision Obl merge: 63
[20240124_13:17:18_729] # [T70520][APAVisionOblAdd][1326]Receive Vision Obl CrossPointCoord: 0: 2587, 16438; 1: 7612, 16675
[20240124_13:17:18_729] # [T70520][APAVisionOblInfoDebugPrint][118]VisionOblInfo:
[20240124_13:17:18_730] # [T70521][APAVisionOblInfoDebugPrint][119]OblType: 0, bIsMerge 0, DetectCount 100
[20240124_13:17:18_730] # [T70521][APAVisionOblInfoDebugPrint][122]CrossPointCoord: 0: 2546, 16443; 1: 7565, 16673
[20240124_13:17:18_730] # [T70522][APAVisionOblInfoDebugPrint][125]OriginCrossPointCoord: 0: -2546, 3771; 1: -7569, 4035
[20240124_13:17:18_736] # [T70522][APAVisionOblInfoDebugPrint][126]VehCoordAndAng: 21, 12681, ang -0.005(-0.313)
[20240124_13:17:18_737] # [T70523][APAVisionOblInfoDebugPrint][127] 
[20240124_13:17:18_737] # [T70523][APAVisionOblAdd][1323]Vision Obl merge: 62
[20240124_13:17:18_737] # [T70523][APAVisionOblAdd][1326]Receive Vision Obl CrossPointCoord: 0: -8067, 16207; 1: -3243, 16349
[20240124_13:17:18_737] # [T70524][APAVisionOblInfoDebugPrint][118]VisionOblInfo:
[20240124_13:17:18_738] # [T70524][APAVisionOblInfoDebugPrint][119]OblType: 0, bIsMerge 0, DetectCount 100
[20240124_13:17:18_738] # [T70524][APAVisionOblInfoDebugPrint][122]CrossPointCoord: 0: -8037, 16232; 1: -3238, 16383
[20240124_13:17:18_738] # [T7525][APAVisionOblInfoDebugPrint][125]OriginCrossPointCoord: 0: 8108, 3482; 1: 3285, 3650
[20240124_13:17:18_738] # [T70525][APAVisionOblInfoDebugPrint][126]VehCoordAndAng: 21, 12681, ang -0.005(-0.313)
[20240124_13:17:18_738] # [T70526][APAVisionOblInfoDebugPrint][127] 
[20240124_13:17:18_739] # [T70526][VisionSlotAddValidCheck][893]Vision slot Length: 2395,2396, Depth 5029,5029
[20240124_13:17:18_739] # [T70527][VisionSlotAdd][1521]Added Vision Slot[1][1] Num 2 OriCoord: 0: -2546, 3771; 1: -7569, 4035; 2: -7694, 1642; 3: -2671, 1379
[20240124_13:17:18_739] # [T70527][VisionSlotAdd][1522]VehCoordAndAngle: 21, 12681, ang -0.005 (-0.313)
[20240124_13:17:18_739] # [T70528][VisionSlotAdd][1523]Current VehPos: 21, 12681, ang -0.005 (-0.313)
[20240124_13:17:18_740] # [T70528][VisionSlotAdd][1528]Convert Vision Slot[1][1] Coord: 0: 2587, 16438; 1: 7612, 16675; 2: 7723, 14281; 3: 2699, 14045
[20240124_13:17:18_742] # [T70529][VisionSlotAdd][1533]Old Vision Slot[1][1] Coord: 0: 2558, 16438; 1: 7584, 16661; 2: 7690, 14273; 3: 2664, 14049
[20240124_13:17:18_743] # [T70530][VisionSlotAddSlotWeightCal][1014]u32Weight: 8, CentreY: 2575.000, DisY: 1287.000, SlotAng: 176.997
[20240124_13:17:18_743] # [T70530][VisionSlotAdd][1576]New Vision Slot[1][1] Coord: 0: 2559, 16438; 1: 7584, 16661; 2: 7690, 14273; 3: 2665, 14049
[20240124_13:17:18_743] # [T70531][VisionSlotAdd][1600]vision slot [1][1], u32Weight: 8, Sum: 1034, SlotAng: 2.545, CurSlotAng: 2.690
[20240124_13:17:18_743] # [T70532][VisionSlotAddValidCheck][893]Vision slot Length: 2247,2247, Depth 4825,4826
[20240124_13:17:18_743] # [T70532][VisionSlotAdd][1521]Added Vision lot[0][3] Num 4 OriCoord: 0: 3285, 3650; 1:8108, 3482; 2: 8030, 1236; 3: 3206, 1404
[20240124_13:17:18_744] # [T70533][VisionSlotAdd][1522]VehCoordAndAngle: 21, 12681, ang -0.005 (-0.313)
[20240124_13:17:18_744] # [T70533][VisionSlotAdd][1523]Current VehPos: 21, 12681, ang -0.005 (-0.313)
[20240124_13:17:18_744] # [T70534][VisionSlotAdd][1528]Convert Vision Slot[0][3] Coord: 0: -3243, 16349; 1: -8067, 16207; 2: -8002, 13961; 3: -3177, 14103
[20240124_13:17:18_744] # [T70534][VisionSlotAdd][1533]Old Vision Slot[0][3] Coord: 0: -3234, 16364; 1: -8034, 16222; 2: -7968, 13986; 3: -3168, 14129
[20240124_13:17:18_744] # [T70535][VisionSlotAddSlotWeightCal][1014]u32Weight: 9, CentreY: 2527.000, DisY: 1239.000, SlotAng: -1.995
[20240124_13:17:18_747] # [T70536][VisionSlotAdd][1576]New Vision Slot[0][3] Coord: 0: -3234, 16364; 1: -8035, 16222; 2: -7968, 13986; 3: -3168, 14129
[20240124_13:17:18_763] # [T70536][VisionSlotAdd][1600]vision slot [0][3], u32Weight: 9, Sum: 1076, SlotAng: -178.301, CurSlotAng: -178.319
[20240124_13:17:18_812] # [T70598][AX70CM_SetVehicleBrakePedalSts][942]Brake Sts:0
[20240124_13:17:18_812] # [T70600][APAVisionOblAdd][1323]Vision Obl merge: 62
[20240124_13:17:18_813] # [T70600][APAVisionOblAdd][1326]Receive Vision Obl CrossPointCoord: 0: -8013, 16205; 1: -3207, 16347
[20240124_13:17:18_813] # [T70600][APAVisionOblInfoDebugPrint][118]VisionOblInfo:
[20240124_13:17:18_813] # [T70601][APAVisionOblInfoDebugPrint][119]OblType: 0, bIsMerge 0, DetectCount 100
[20240124_13:17:18_813] # [T70601][APAVisionOblInfoDebugPrint][122]CrossPointCoord: 0: -8037, 16232; 1: -3238, 16383
[20240124_13:17:18_813] # [T70602][APAVisionOblInfoDebugPrint][125]OriginCrossPointCoord: 0: 8054, 3480; 1: 3249, 3648
[20240124_13:17:18_814] # [T70602][APAVisionOblInfoDebugPrint][126]VehCoordAndAng: 21, 12681, ang -0.005(-0.313)
[20240124_13:17:18_814] # [T70603][APAVisionOblInfoDebugPrint][127] 
[20240124_13:17:18_814] # [T70603][APAVisionOblAdd][1323]Vision Obl merge: 63
[20240124_13:17:18_814] # [T70603][APAVisionOblAdd][1326]Receive Vision Obl CrossPointCoord: 0: 2597, 16457; 1: 7603, 16605
[20240124_13:17:18_814] # [T70604][APAVisionOblInfoDebugPrint][118]VisionOblInfo:
[20240124_13:17:18_814] # [T70604][APAVisionOblInfoDebugPrint][119]OblType: 0, bIsMerge 0, DetectCount 100
[20240124_13:17:18_819] # [T70604][APAVisionOblInfoDebugPrint][122]CrossPointCoord: 0: 2546, 16443; 1: 7565, 16673
[20240124_13:17:18_819] # [T70605][APAVisionOblInfoDebugPrint][125]OriginCrossPointCoord: 0: -2556, 3790; 1: -7561, 3965
[20240124_13:17:18_819] # [T70605][APAVisionOblInfoDebugPrint][126]VehCoordAndAng: 21, 12681, ang -0.005(-0.313)
[20240124_13:17:18_819] # [T70606][APAVisionOblInfoDebugPrint][127] 
[20240124_13:17:18_819] # [T70606][VisionSlotAddValidCheck][893]Vision slot Length: 2226,2226, Depth 4807,4808
[20240124_13:17:18_820] # [T70607][VisionSlotAdd][1521]Added Vision Slot[0][3] Num 4 OriCoord: 0: 3249, 3648; 1: 8054, 3480; 2: 7977, 1255; 3: 3171, 1423
[20240124_13:17:18_820] # [T70607][VisionSlotAdd][1522]VehCoordAndAngle: 21, 12681, ang -0.005 (-0.313)
[20240124_13:17:18_820] # [T70608][VisionSlotAdd][1523]Current VehPos: 21, 12681, ang 0.005 (-0.313)
[20240124_13:17:18_820] # [T70608][VisionSlotAdd][1528]Convert Vision Slot[0][3] Coord: 0: -3207, 16347; 1: -8013, 16205; 2: -7948, 13980; 3: -3142, 14121
[20240124_13:17:18_820] # [T70609][VisionSlotAdd][1533]Old Vision Slot[0][3] Coord: 0: -3234, 16364; 1: -8035, 16222; 2: -7968, 13986; 3: -3168, 14129
[20240124_13:17:18_821] # [T70610][VisionSlotAddSlotWeightCal][1014]u32Weight: 9, CentreY: 2535.500, DisY: 1247.500, SlotAng: -2.002
[20240124_13:17:18_821] # [T70610][VisionSlotAdd][1576]New Vision Slot[0][3] Coord: 0: -3234, 16364; 1: -8034, 16221; 2: -7968, 13986; 3: -3167, 14128
[20240124_13:17:18_823] # [T70611][VisionSlotAdd][1600]vision slot [0][3], u32Weight: 9, Sum: 1085, SlotAng: -178.301, CurSlotAng: -178.311
[20240124_13:17:18_824] # [T70612][VisionSlotAddValidCheck][893]Vision slot Length: 2376,2376, Depth 5008,5008
[20240124_13:17:18_824] # [T70612][VisionSlotAdd][1521]Added Vision Slot[1][1] Num 2 OriCoord: 0: -2556, 3790; 1: -7561, 3965; 2: -7644, 1590; 3: -2639, 1415
[20240124_13:17:18_824] # [T70613][VisionSlotAdd][1522]VehCoordAndAngle: 21, 12681, ang -0.005 (-0.313)
[20240124_13:17:18_824] # [T70613][VisionSlotAdd][1523]Current VehPos: 21, 12681, ang -0.005 (-0.313)
[20240124_13:17:18_825] # [T70614][VisionSlotAdd][1528]Convert Vision Slot[1][1] Coord: 0: 2597, 16457; 1: 7603, 16605; 2: 7673, 14229; 3: 2667, 14082
[20240124_13:17:18_825] # [T70614][VisionSlotAdd][1533]Old Vision Slot[1][1] Coord: 0: 2559, 16438; 1: 7584, 16661; 2: 7690, 14273; 3: 2665, 14049
[20240124_13:17:18_825] # [T70615][VisionSlotAddSlotWeightCal][1014]u32Weight: 8, CentreY: 2602.500, DisY: 1314.500, SlotAng: 177.997
[20240124_13:17:18_829] # [T70616][VisionSlotAdd][1576]New Vision Slot[1][1] Coord: 0: 2559, 16438; 1: 7584, 16660; 2: 7690, 14272; 3: 2665, 14049
[20240124_13:17:18_843] # [T70616][VisionSlotAdd][1600]vision slot [1][1], u32Weight: 8, Sum: 1042, SlotAng: 2.539, CurSlotAng: 1.689
[20240124_13:17:18_891] # [T70682][APAVisionOblAdd][1323]Vision Obl merge: 62
[20240124_13:17:18_891] # [T70682][APAVisionOblAdd][1326]Receive Vision Obl CrossPointCoord: 0: -8016, 16237; 1: -3217, 16378
[20240124_13:17:18_891] # [T70682][APAVisionOblInfoDebugPrint][118]VisionOblInfo:
[20240124_13:17:18_891] # [T70683][APAVisionOblInfoDebugPrint][119]OblType: 0, bIsMerge 0, DetectCount 100
[20240124_13:17:18_894] # [T70683][APAVisionOblInfoDebugPrint][122]CrossPointCoord: 0: -8037, 16232; 1: -3238, 16383
[20240124_13:17:18_894] # [T70684][APAVisionOblInfoDebugPrint][125]OriginCrossPointCoord: 0: 8057, 3512; 1: 3259, 3679
[20240124_13:17:18_894] # [T70684][APAVisionOblInfoDebugPrint][126]VehCoordAndAng: 21, 12681, ang -0.005(-0.313)
[20240124_13:17:18_894] # [T70685][APAVisionOblInfoDebugPrint][127] 
[20240124_13:17:18_894] # [T70685][APAVisionOblAdd][1323]Vision Obl merge: 63
[20240124_13:17:18_894] # [T70685][APAVisionOblAdd][1326]Receive Vision Obl CrossPointCoord: 0: 2559, 16426; 1: 7561, 16661
[20240124_13:17:18_895] # [T70686][APAVisionOblInfoDebugPrint][118]VisionOblInfo:
[20240124_13:17:18_895] # [T70686][APAVisionOblInfoDebugPrint][119]OblType: 0, bIsMerge 0, DetectCount 100
[20240124_13:17:18_895] # [T70686][APAVisionOblInfoDebugPrint][122]CrossPointCoord: 0: 2546, 16443; 1: 7565, 16673
[20240124_13:17:18_898] # [T70687][APAVisionOblInfoDebugPrint][125]OriginCrossPointCoord: 0: -2518, 3759; 1: -7519, 4021
[20240124_13:17:18_899] # [T70687][APAVisionOblInfoDebugPrint][126]VehCoordAndAng: 21, 12681, ang -0.005(-0.313)
[20240124_13:17:18_899] # [T70688][APAVisionOblInfoDebugPrint][127] 
[20240124_13:17:18_899] # [T70688][VisionSlotAddValidCheck][893]Vision slot Length: 2226,227, Depth 4800,4799
[20240124_13:17:18_899] # [T70689][VisionSlotAdd][1521]Added Vision Slot[0][3] Num 4 OriCoord: 0: 3259, 3679; 1: 8057, 3512; 2: 7979, 1286; 3: 3182, 1454
[20240124_13:17:18_899] # [T70689][VisionSlotAdd][1522]VehCoordAndAngle: 21, 12681, ang -0.005 (-0.313)
[20240124_13:17:18_899] # [T70690][VisionSlotAdd][1523]Current VehPos: 21, 12681, ang -0.005 (-0.313)
[20240124_13:17:18_900] # [T70690][VisionSlotAdd][1528]Convert Vision Slot[0][3] Coord: 0: -3217, 16378; 1: -8016, 16237; 2: -7950, 14011; 3: -3152, 14153
[20240124_13:17:18_903] # [T70691][VisionSlotAdd][1533]Old Vision Slot[0][3] Coord: 0: -3234, 16364; 1: -8034, 16221; 2: -7968, 13986; 3: -3167, 14128
[20240124_13:17:18_903] # [T70692][VisionSlotAddSlotWeightCal][1014]u32Weight: 9, CentreY: 2566.500, DisY: 1278.500, SlotAng: -2.000
[20240124_13:17:18_903] # [T70692][VisionSlotAdd][1576]New Vision Slot[0][3] Coord: 0: -3234, 16364; 1: -8034, 16222; 2: -7968, 13986; 3: -3167, 14129
[20240124_13:17:18_903] # [T70693][VisionSlotAdd][1600]vision slot [0][3], u32Weight: 9, Sum: 1094, SlotAng: -178.302, CurSlotAng: -178.314
[20240124_13:17:18_903] # [T70694][VisionSlotAddValidCheck][893]Vision slot Length: 2388,2388, Depth 5007,5007
[20240124_13:17:18_904] # [T70694][VisionSlotAdd][1521]Added Vision Slot[1][1] Num 2 OriCoord: 0: -2518, 3759; 1: -7519, 4021; 2: -7644, 1636; 3: -2643, 1374
[20240124_13:17:18_904] # [T70695][VisionSlotAdd][1522]VehCoordAndAngle: 21, 12681, ang -0.005 (-0.313)
[20240124_13:17:18_906] # [T70695][VisionSlotAdd][1523]Current VehPos: 21, 12681, ang -0.005 (-0.313)
[20240124_13:17:18_907] # [T70696][VisionSlotAdd][1528]Convert Vision Slot[1][1] Coord: 0: 2559, 16426; 1: 7561, 16661; 2: 7673, 14275; 3: 2671, 14041
[20240124_13:17:18_907] # [T70696][VisionSlotAdd][1533]Old Vision Slot[1][1] Coord: 0: 2559, 16438; 1: 7584, 16660; 2: 7690, 14272; 3: 2665, 14049
[20240124_13:17:18_907] # [T70697][VisionSlotAddSlotWeightCal][1014]u32Weight: 9, CentreY: 2566.500, DisY: 1278.500, SlotAng: 177.001
[20240124_13:17:18_907] # [T70698][VisionSlotAdd][1576]New Vision Slot[1][1] Coord: 0: 2559, 16438; 1: 7584, 16660; 2: 7690, 14272; 3: 2665, 14049
[20240124_13:17:18_920] # [T70698][VisionSlotAdd][1600]vision slot [1][1], u32Weight: 9, Sum: 1051, SlotAng: 2.540, CurSlotAng: 2.686
[20240124_13:17:18_970] # [T70761][APAVisionOblAdd][1323]Vision Obl merge: 62
[20240124_13:17:18_970] # [T70761][APAVisionOblAdd][1326]Receive Vision Obl CrossPointCoord: 0: -8018, 16218; 1: -3217, 16360
[20240124_13:17:18_971] # [T70761][APAVisionOblInfoDebugPrint][118]VisionOblInfo:
[20240124_13:17:18_971] # [T70762][APAVisionOblInfoDebugPrint][119]OblType: 0, bIsMerge 0, DetectCount 100
[20240124_13:17:18_976] # [T70762][APAVisionOblInfoDebugPrint][122]CrossPointCoord: 0: -8037, 16232; 1: -3238, 16383
[20240124_13:17:18_976] # [T70763][APAVisionOblInfoDebugPrint][125]OriginCrossPointCoord: 0: 8059, 3493; 1: 3259, 3661
[20240124_13:17:18_976] # [T70763][APAVisionOblInfoDebugPrint][126]VehCoordAndAng: 21, 12681, ang -0.005(-0.313)
[20240124_13:17:18_977] # [T70764][APAVisionOblInfoDebugPrint][127] 
[20240124_13:17:18_977] # [T70764][APAVisionOblAdd][1323]Vision Obl merge: 63
[20240124_13:17:18_977] # [T70764][APAVisionOblAdd][1326]Receive Vision Obl CrossPointCoord: 0: 2532, 16433; 1: 7575, 16670
[20240124_13:17:18_977] # [T70765][APAVisionOblInfoDebugPrint][118]ViionOblInfo:
[20240124_13:17:18_977] # [T70765][APAVisionOblInfoDebugPrint][119]OblType: 0, bIsMerge 0, DetectCount 100
[20240124_13:17:18_977] # [T70766][APAVisionOblInfoDebugPrint][122]CrossPointCoord: 0: 2546, 16443; 1: 7565, 16673
[20240124_13:17:18_978] # [T70766][APAVisionOblInfoDebugPrint][125]OriginCrossPointCoord: 0: -2491, 3766; 1: -7532, 4030
[20240124_13:17:18_978] # [T70767[APAVisionOblInfoDebugPrint][126]VehCoordAndAng: 21, 12681, ang -0.005(-0.313)
[20240124_13:17:18_978] # [T70767][APAVisionOblInfoDebugPrint][127] 
[20240124_13:17:18_978] # [T70767][VisionSlotAddValidCheck][893]Vision slot Length: 2233,2233, Depth 4802,4802
[20240124_13:17:18_981] # [T70768][VisionSlotAdd][1521]Added Vision Slo[0][3] Num 4 OriCoord: 0: 3259, 3661; 1: 8059, 3493; 2: 7981, 1261; 3: 3181, 1429
[20240124_13:17:18_982] # [T70768][VisionSlotAdd][1522]VehCoordAndAngle: 21, 12681, ang -0.005 (-0.313)
[20240124_13:17:18_982] # [T70769][VisionSlotAdd][1523]Current VehPos: 21, 12681, ang -0.005 (-0.313)
[20240124_13:17:18_982] # [T70769][VisionSlotAdd][1528]Convert Vision Slot[0][3] Coord: 0: -3217, 16360; 1: -8018, 16218; 2: -7952, 13986; 3: -3152, 14127
[20240124_13:17:18_982] # [T70770][VisionSlotAdd][1533]Old Vision Slot[0][3] Coord: 0: -3234, 16364; 1: -8034, 16222; 2: -7968, 13986; 3: -3167, 14129
[20240124_13:17:18_982] # [T70771][VisionSlotAddSlotWeightCal][1014]u32Weight: 9, CentreY: 2545.000, DisY: 1257.000, SlotAng: -2.005
[20240124_13:17:18_983] # [T70771][VisionSlotAdd][1576]New Vision Slot[0][3] Coord: 0: -3233, 16364; 1: -8034, 16222; 2: -7968, 13986; 3: -3167, 14129
[20240124_13:17:18_983] # [T70772][VisionSlotAdd][1600]vision slot [0][3], u32Weight: 9, Sum: 1103, SlotAng: -178.302, CurSlotAng: -178.309
[20240124_13:17:18_983] # [T70773][VisionSlotAddValidCheck][893]Vision slot Length: 2404,2403, Depth 5047,5047
[20240124_13:17:18_983] # [T70773][VisionSlotAdd][1521]Added Vision Slot[1][1] Num 2 OriCoord: 0: -2491, 3766; 1: -7532, 4030; 2: -7658, 1630; 3: -2617, 1365
[20240124_13:17:18_983] # [T70774][VisionSlotAdd][1522]VehCoordAndAngle: 21, 12681, ang -0.005 (-0.313)
[20240124_13:17:18_987] # [T70774][VisionSlotAdd][1523]Current VehPos: 21, 12681, ang -0.005 (-0.313)
[20240124_13:17:18_987] # [T70775][VisionSlotAdd][1528]Convert Vision Slot[1][1] Coord: 0: 2532, 16433; 1: 7575, 16670; 2: 7687, 14269; 3: 2645, 14032
[20240124_13:17:18_988] # [T70775][VisionSlotAdd][1533]Old Vision Slot[1][1] Coord: 0: 2559, 16438; 1: 7584, 16660; 2: 7690, 14272; 3: 2665, 14049
[20240124_13:17:18_988] # [T70776][VisionSlotAddSlotWeightCal][1014]u32Weight: 9, CentreY: 2565.500, DisY: 1277.500, SlotAng: 176.996
[20240124_13:17:18_988] # [T70777][VisionSlotAdd][1576]New Vision Slot[1][1] Coord: 0: 2559, 16438; 1: 7584, 16661; 2: 7690, 14272; 3: 2665, 14049
[20240124_13:17:18_997] # [T70777][VisionSlotAdd][1600]vision slot [1][1], u32Weight: 9, Sum: 1060, SlotAng: 2.541, CurSlotAng: 2.690
[20240124_13:17:19_053] # [T70843][APAVisionOblAdd][1323]Vision Obl merge: 62
[20240124_13:17:19_053] # [T70843][APAVisionOblAdd][1326]Receive Vision Obl CrossPointCoord: 0: -7972, 16236; 1: -3259, 16374
[20240124_13:17:19_053] # [T70843][APAVisionOblInfoDebugPrint][118]VisionOblInfo:
[20240124_13:17:19_053] # [T70844][APAVisionOblInfoDebugPrint][119]OblType: 0, bIsMerge 0, DetectCount 100
[20240124_13:17:19_053] # [T70844][APAVisionOblInfoDebugPrint][122]CrossPointCoord: 0: -8037, 16232; 1: -3238, 16383
[20240124_13:17:19_054] # [T70845][APAVisionOblInfoDebugPrint][125]OriginCrossPointCoord: 0: 8013, 3511; 1: 3301, 3675
[20240124_13:17:19_059] # [T70845][APAVisionOblInfoDebugPrint][126]VehCoordAndAng: 21, 12681, ang -0.005(-0.313)
[20240124_13:17:19_060] # [T70846][APAVisionOblInfoDebugPrint][127] 
[20240124_13:17:19_060] # [T70846][APAVisionOblAdd][1323]Vision Obl merge: 63
[20240124_13:17:19_060] # [T70846][APAVisionOblAdd][1326]Receive Vision Obl CrossPointCoord: 0: 2576, 16433; 1: 7566, 16667
[20240124_13:17:19_060] # [T70847][APAVisionOblInfoDebugPrint][118]VisionOblInfo:
[20240124_13:17:19_061] # [T70847][APAVisionOblInfoDebugPrint][119]OblType: 0, bIsMerge 0, DetectCount 100
[20240124_13:17:19_061] # [T70847][APAVisionOblInfoDebugPrint][122]CrossPointCoord: 0: 2546, 16443; 1: 7565, 16673
[20240124_13:17:19_061] # [T70848][APAVisionOblInfoDebugPrint][125]OriginCrossPointCoord: 0: -2535, 3766; 1: -7523, 4027
[20240124_13:17:19_061] # [T70848][APAVisionOblInfoDebugPrint][126]VehCoordAndAng: 21, 12681, ang -0.005(-0.313)
[20240124_13:17:19_061] # [T70849][APAVisionOblInfoDebugPrint][127] 
[20240124_13:17:19_061] # [T70849][VisionSlotAddValidCheck][893]Vision slot Length: 2221,2222, Depth 4714,4713
[20240124_13:17:19_062] # [T70850][VisionSlotAdd][1521]Added Vision Slot[0][3] Num 4 OriCoord: 0: 3301, 3675; 1: 8013, 3511; 2: 7935, 1290; 3: 3224, 1455
[20240124_13:17:19_062] # [T70850][VisionSlotAdd][1522]VehCoordAndAngle: 21, 12681, ang -0.005 (-0.313)
[20240124_13:17:19_062] # [T70851][VisionSlotAdd][1523]Current VehPos: 21, 12681, ang -0.005 (-0.313)
[20240124_13:17:19_062] # [T70851][VisionSlotAdd][1528]Convert Vision Slot[0][3] Coord: 0: -3259, 16374; 1: -7972, 16236; 2: -7906, 14014; 3: -3194, 14154
[20240124_13:17:19_067] # [T70852][VisionSlotAdd][1533]Old Vision Slot[0][3] Coord: 0: -3233, 16364; 1: -8034, 16222; 2: -7968, 13986; 3: -3167, 14129
[20240124_13:17:19_068] # [T70853][VisionSlotAddSlotWeightCal][1014]u32Weght: 9, CentreY: 2565.000, DisY: 1277.000, SlotAng: -2.000
[20240124_13:17:19_068] # [T70853][VisionSlotAdd][1576]New Vision Slot[0][3] Coord: 0: -3234, 16364; 1: -8034, 16222; 2: -7967, 13987; 3: -3167, 14129
[20240124_13:17:19_068] # [T70854][VisionSlotAdd][1600]vision slot [0][3], u32Weight: 9, Sum: 1112, SlotAng: -178.302, CurSlotAng: -178.314
[20240124_13:17:19_069] # [T70855][VisionSlotAddValidCheck][893]Vision slot Length: 2386,2386, Depth 4994,4993
[20240124_13:17:19_069] # [T70855][VisionSlotAdd][1521]Added Vision Slot[1][1] Num 2 OriCoord: 0: -2535, 3766; 1: -7523, 4027; 2: -7647, 1644; 3: -2660, 1383
[20240124_13:17:19_069] # [T70856][VisionSlotAdd][1522]VehCoordAndAngle: 21, 12681, ang -0.005 (-0.313)
[20240124_13:17:19_069] # [T70856][VisionSlotAdd][1523]Current VehPos: 21, 12681, ang -0.005 (-0.313)
[20240124_13:17:19_069] # [T70857][VisionSlotAdd][1528]Convert Vision Slot[1][1] Coord: 0: 2576, 16433; 1: 7566, 16667; 2: 7676, 14283; 3: 2688, 14050
[20240124_13:17:19_075] # [T70857][VisionSlotAdd][1533]Old Vision Slot[1][1] Coord: 0: 2559, 16438; 1: 7584, 16661; 2: 7690, 14272; 3: 2665, 14049
[20240124_13:17:19_075] # [T70858][VisionSlotAddSlotWeightCal][1014]u32Weight: 8, CentreY: 2574.500, DisY: 1286.500, SlotAng: 177.004
[20240124_13:17:19_076] # [T70859][VisionSlotAdd][1576]New Vision Slot[1][1] Coord: 0: 2559, 16438; 1: 7584, 16661; 2: 7690, 14272; 3: 2665, 14049
[20240124_13:17:19_089] # [T70859][VisionSlotAdd][1600]vision slot [1][1], u32Weight: 8, Sum: 1068, SlotAng: 2.542, CurSlotAng: 2.682
[20240124_13:17:19_132] # [T70923][APAVisionOblAdd][1323]Vision Obl merge: 62
[20240124_13:17:19_132] # [T70923][APAVisionOblAdd][1326]Receive Vision Obl CrossPointCoord: 0: -8044, 16209; 1: -3223, 16352
[20240124_13:17:19_134] # [T70923][APAVisionOblInfoDebugPrint][118]VisionOblInfo:
[20240124_13:17:19_134] # [T70924][APAVisionOblInfoDebugPrint][119]OblType: 0, bIsMerge 0, DetectCount 100
[20240124_13:17:19_135] # [T70924][APAVisionOblInfoDebugPrint][122]CrossPointCoord: 0: -8037, 16232; 1: -3238, 16383
[20240124_13:17:19_135] # [T70925][APAVisionOblInfoDebugPrint][125]OriginCrossPointCoord: 0: 8085, 3484; 1: 3265, 3653
[20240124_13:17:19_138] # [T70925][APAVisionOblInfoDebugPrint][126]VehCoordAndAng: 21, 12681, ang -0.005(-0.313)
[20240124_13:17:19_138] # [T70926][APAVisionOblInfoDebugPrint][127] 
[20240124_13:17:19_138] # [T70926][APAVisionOblAdd][1323]Vision Obl merge: 63
[20240124_13:17:19_138] # [T70926][APAVisionOblAdd][1326]Receive Vision Obl CrossPointCoord: 0: 2527, 16476; 1: 7598, 16626
[20240124_13:17:19_139] # [T70927][APAVisionOblInfoDebugPrint][118]VisionOblInfo:
[20240124_13:17:19_139] # [T70927][APAVisionOblInfoDebugPrint][119]OblType: 0, bIsMerge 0, DetectCount 100
[20240124_13:17:19_139] # [T70927][APAVisionOblInfoDebugPrint][122]CrossPointCoord: 0: 2546, 16443; 1: 7565, 16673
[20240124_13:17:19_140] # [T70928][APAVisionOblInfoDebugPrint][125]OriginCrossPointCoord: 0: -2486, 3809; 1: -7556, 3986
[20240124_13:17:19_140] # [T70928][APAVisionOblInfoDebugPrint][126]VehCoordAndAng: 21, 12681, ang -0.005(-0.313)
[20240124_13:17:19_140] # [T70929][APAVisionOblInfoDebugPrint][127] 
[20240124_13:17:19_140] # [T70929][VisionSlotAddValidCheck][893]Vision slot Length: 2247,2247, Depth 4822,4823
[20240124_13:17:19_140] # [T70930][VisionSlotAdd][1521]Added Vision Slot[0][3] Num 4 OriCoord: 0: 3265, 3653; 1: 8085, 3484; 2: 8007, 1238; 3: 3186, 1407
[20240124_13:17:19_140] # [T70930][VisionSlotAdd][1522]VehCoordAndAngle: 21, 12681, ang -0.005 (-0.313)
[20240124_13:17:19_143] # [T70931][VisionSlotAdd][1523]Current VehPos: 21, 12681, ang -0.005 (-0.313)
[20240124_13:17:19_143] # [T70931][VisionSlotAdd][1528]Convert Vision Slot[0][3] Coord: 0: -3223, 16352; 1: -8044, 16209; 2: -7979, 13963; 3: -3157, 14106
[20240124_13:17:19_143] # [T70932][VisionSlotAdd][1533]Old Vision Slot[0][3] Coord: 0: -3234, 16364; 1: -8034, 16222; 2: -7967, 13987; 3: -3167, 14129
[20240124_13:17:19_144] # [T70933][VisionSlotAddSlotWeightCal][1014]u32Weight: 9, CentreY: 2530.000, DisY: 1242.000, SlotAng: -2.008
[20240124_13:17:19_144] # [T70933][VisionSlotAdd][1576]New Vision Slot[0][3] Coord: 0: -3234, 16364; 1: -8034, 16222; 2: -7967, 13986; 3: -3167, 14129
[20240124_13:17:19_144] # [T70934][VisionSlotAdd][1600]vision slot [0][3], u32Weight: 9, Sum: 1121, SlotAng: -178.302, CurSlotAng: -178.305
[20240124_13:17:19_144] # [T70935][VisionSlotAddValidCheck][893]Vision slot Length: 2401,2401, Depth 5073,5074
[20240124_13:17:19_144] # [T70935][VisionSlotAdd][1521]Added Vision Slot[1][1] Num 2 OriCoord: 0: -2486, 3809; 1: -7556, 3986; 2: -7640, 1586; 3: -2569, 1409
[20240124_13:17:19_149] # [T70936][VisionSlotAdd][1522]VehCoordAndAngle: 21, 12681, ang -0.005 (-0.313)
[20240124_13:17:19_149] # [T70936][VisionSlotAdd][1523]Current VehPos: 21, 12681, ang -0.005 (-0.313)
[20240124_13:17:19_149] # [T70937][VisionSlotAdd][1528]Convert Vision Slot[1][1] Coord: 0: 2527, 16476; 1: 7598, 16626; 2: 7669, 14225; 3: 2597, 14076
[20240124_13:17:19_149] # [T70937][VisionSlotAdd][1533]Old Vision Slot[1][1] Coord: 0: 2559, 16438; 1: 7584, 16661; 2: 7690, 14272; 3: 2665, 14049
[20240124_13:17:19_149] # [T70938][VisionSlotAddSlotWeightCal][1014]u32Weight: 8, CentreY: 2609.000, DisY: 1321.000, Slot  70939-task_radar-118: RadarCaptureCnt is 333 
[20240124_13:17:19_149] # 
[20240124_13:17:19_150] # Ang: 178.001
[20240124_13:17:19_150] # [T70939][VisionSlotAdd][1576]New Vision Slot[1][1] Coord: 0: 2559, 16438; 1: 7584, 16660; 2: 7690, 14272; 3: 2664, 14049
[20240124_13:17:19_167] # [T70940][VisionSlotAdd][1600]vision slot [1][1], u32Weight: 8, Sum: 1076, SlotAng: 2.536, CurSlotAng: 1.686
[20240124_13:17:19_213] # [T71004][APAVisionOblAdd][1323]Vision Obl merge: 62
[20240124_13:17:19_214] # [T71004][APAVisionOblAdd][1326]Receive Vision Obl CrossPointCoord: 0: -7989, 16212; 1: -3210, 16353
[20240124_13:17:19_214] # [T71004][APAVisionOblInfoDebugPrint][118]VisionOblInfo:
[20240124_13:17:19_214] # [T71005][APAVisionOblInfoDebugPrint][119]OblType: 0, bIsMerge 0, DetectCount 100
[20240124_13:17:19_214] # [T71005][APAVisionOblInfoDebugPrint][122]CrossPointCoord: 0: -8037, 16232; 1: -3238, 16383
[20240124_13:17:19_214] # [T71006][APAVisionOblInfoDebugPrint][125]OriginCrossPointCoord: 0: 8030, 3487; 1: 3252, 3654
[20240124_13:17:19_219] # [T71006][APAVisionOblInfoDebugPrint][126]VehCoordAndAng: 21, 12681, ang -0.005(-0.313)
[20240124_13:17:19_219] # [T71007][APAVisionOblInfoDebugPrint][127] 
[20240124_13:17:19_220] # [T71007][APAVisionOblAdd][1323]Vision Obl merge: 63
[20240124_13:17:19_220] # [T71007][APAVisionOblAdd][1326]Receive Vision Obl CrossPointCoord: 0: 2577, 16429; 1: 7559, 16663
[20240124_13:17:19_220] # [T71008][APAVisionOblInfoDebugPrint][118]VisionOblInfo:
[20240124_13:17:19_220] # [T71008][APAVisionOblInfoDebugPrint][119]OblType: 0, bIsMerge 0, DetectCount 100
[20240124_13:17:19_220] # [T71008][APAVisionOblInfoDebugPrint][122]CrossPointCoord: 0: 2546, 16443; 1: 7565, 16673
[20240124_13:17:19_220] # [T71009][APAVisionOblInfoDebugPrint][125]OriginCrossPointCoord: 0: -2536, 3762; 1: -7517, 4023
[20240124_13:17:19_221] # [T71010][APAVisionOblInfoDebugPrint][126]VehCoordAndAng: 21, 12681, ang -0.005(-0.313)
[20240124_13:17:19_221] # [T71010][APAVisionOblInfoDebugPrint][127] 
[20240124_13:17:19_221] # [T71010][VisionSlotAddValidCheck][893]Vision slot Length: 2231,2231, Depth 4780,4779
[20240124_13:17:19_221] # [T71011][VisionSlotAdd][1521]Added Vision Slot[0][3] Num 4 OriCoord: 0: 3252, 3654; 1: 8030, 3487; 2: 7952, 1257; 3: 3175, 1424
[20240124_13:17:19_221] # [T71011][VisionSlotAdd][1522]VehCoordAndAngle: 21, 12681, ang -0.005 (-0.313)
[20240124_13:17:19_225] # [T71012][VisionSlotAdd][1523]Current VehPos: 21, 12681, ang -0.005 (-0.313)
[20240124_13:17:19_226] # [T71012][VisionSlotAdd][1528]Convert Vision Slot[0][3] Coord: 0: -3210, 16353; 1: -7989, 16212; 2: -7923, 13982; 3: -3146, 14122
[20240124_13:17:19_226] # [T71013][VisionSlotAdd][1533]Old Vision Slot[0][3] Coord: 0: -3234, 16364; 1: -8034, 16222; 2: -7967, 13986; 3: -3167, 14129
[20240124_13:17:19_226] # [T71014][VisionSlotAddSlotWeightCal][1014]u32Weight: 9, CentreY: 2539.000, DisY: 1251.000, SlotAng: -2.002
[20240124_13:17:19_226] # [T71014][VisionSlotAdd][1576]New Vision Slot[0][3] Coord: 0: -3233, 16364; 1: -8033, 16221; 2: -7967, 13986; 3: -3167, 14129
[20240124_13:17:19_227] # [T71015][VisionSlotAdd][1600]vision slot [0][3], u32Weight: 9, Sum: 1130, SlotAng: -178.302, CurSlotAng: -178.311
[20240124_13:17:19_227] # [T71016][VisionSlotAddValidCheck][893]Vision slot Length: 2393,2393, Depth 4987,4987
[20240124_13:17:19_227] # [T71016][VisionSlotAdd][1521]Added Vision Slot[1][1] Num 2 OriCoord: 0: -2536, 3762; 1: -7517, 4023; 2: -7642, 1633; 3: -2661, 1372
[20240124_13:17:19_230] # [T71017][VisionSlotAdd][1522]VehCoordAndAngle: 21, 12681, ang -0.005 (-0.313)
[20240124_13:17:19_230] # [T71017][VisionSlotAdd][1523]Current VehPos: 21, 12681, ang -0.005 (-0.313)
[20240124_13:17:19_230] # [T71018][VisionSlotAdd][1528]Convert Vision Slot[1][1] Coord: 0: 2577, 16429; 1: 7559, 16663; 2: 7671, 14272; 3: 2689, 14039
[20240124_13:17:19_232] # [T71018][VisionSlotAdd][1533]Old Vision Slot[1][1] Coord: 0: 2559, 16438; 1: 7584, 16660; 2: 7690, 14272; 3: 2664, 14049
[20240124_13:17:19_232] # [T71019][VisionSlotAddSlotWeightCal][1014]u32Weight: 9, CentreY: 2567.000, DisY: 1279.000, SlotAng: 177.001
[20240124_13:17:19_232] # [T71020][VisionSlotAdd][1576]New Vision Slot[1][1] Coord: 0: 2559, 16438; 1: 7584, 16660; 2: 7690, 14272; 3: 2665, 14049
[20240124_13:17:19_243] # [T71020][VisionSlotAdd][1600]vision slot [1][1], u32Weight: 9, Sum: 1085, SlotAng: 2.537, CurSlotAng: 2.686
[20240124_13:17:19_291] # [T71084][APAVisionOblAdd][1323]Vision Obl merge: 62
[20240124_13:17:19_295] # [T71084][APAVisionOblAdd][1326]Receive Vision Obl CrossPointCoord: 0: -8008, 16236; 1: -3212, 16377
[20240124_13:17:19_295] # [T71084][APAVisionOblInfoDebugPrint][118]VisionOblInfo:
[20240124_13:17:19_296] # [T71085][APAVisionOblInfoDebugPrint][119]OblType: 0, bIsMerge 0, DetectCount 100
[20240124_13:17:19_296] # [T71085][APAVisionOblInfoDebugPrint][122]CrossPointCoord: 0: -8037, 16232; 1: -3238, 16383
[20240124_13:17:19_296] # [T71086][APAVisionOblInfoDebugPrint][125]OriginCrossPointCoord: 0: 8049, 3511; 1: 3254, 3678
[20240124_13:17:19_296] # [T71086][APAVisionOblInfoDebugPrint][126]VehCoordAndAng: 21, 12681, an -0.005(-0.313)
[20240124_13:17:19_296] # [T71087][APAVisionOblInfoDebugPrint][127] 
[20240124_13:17:19_297] # [T71087][APAVisionOblAdd][1323]Vision Obl merge: 63
[20240124_13:17:19_297] # [T71087][APAVisionOblAdd][1326]Receive Vision Obl CrossPointCoord: 0: 2563, 16396; 1: 7522, 16629
[20240124_13:17:19_303] # [T71088][APAVisionOblInfoDebugPrint][118]VisionOblInfo:
[20240124_13:17:19_303] # [T71088][APAVisionOblInfoDebugPrint][119]OblType: 0, bIsMerge 0, DetectCount 100
[20240124_13:17:19_303] # [T71088][APAVisionOblInfoDebugPrint][122]CrossPointCoord: 0: 2546, 16443; 1: 7565, 16673
[20240124_13:17:19_303] # [T71089][APAVisionOblInfoDebugPrint][125]OriginCrossPointCoord: 0: -2522 3729; 1: -7480, 3989
[20240124_13:17:19_303] # [T71090][APAVisionOblInfoDebugPrint][126]VehCoordAndAng: 21, 12681, ang -0.005(-0.313)
[20240124_13:17:19_303] # [T71090][APAVisionOblInfoDebugPrint][127] 
[20240124_13:17:19_304] # [T71090][VisionSlotAddValidCheck][893]Vision slot Length: 2226,2227, Depth 4797,4798
[20240124_13:17:19_304] # [T71091][VisionSlotAdd][1521]Added Vision Slot[0][3] Num 4 OriCoord: 0: 3254, 3678; 1: 8049, 3511; 2: 7972, 1285; 3: 3176, 1453
[20240124_13:17:19_304] # [T71091][VisionSlotAdd][1522]VehCoordAndAngle: 21, 12681, ang -0.005 (-0.313)
[20240124_13:17:19_304] # [T71092][VisionSlotAdd][1523]Current VehPos: 21, 12681, ang -0.005 (-0.313)
[20240124_13:17:19_304] # [T71092][VisionSlotAdd][1528]Convert Vision Slot[0][3] Coord: 0: -3212, 16377; 1: -8008, 16236; 2: -7943, 14010; 3: -3146, 14151
[20240124_13:17:19_305] # [T71093][VisionSlotAdd][1533]Old Vision Slot[0][3] Coord: 0: -3233, 16364; 1: -8033, 16221; 2: -7967, 13986; 3: -3167, 14129
[20240124_13:17:19_308] # [T71094][VisionSlotAddSlotWeightCal][1014]u32Weight: 9, CentreY: 2565.500, DisY: 1277.500, SlotAng: -2.000
[20240124_13:17:19_308] # [T71094][VisionSlotAdd][1576]New Vision Slot[0][3] Coord: 0: -3233, 16364; 1: -8033, 16222; 2: -7967, 13986; 3: -3167, 14129
[20240124_13:17:19_308] # [T71095][VisionSlotAdd][1600]vision slot [0][3], u32Weight: 9, Sum: 1139, SlotAng: -178.302, CurSlotAng: -178.313
[20240124_13:17:19_308] # [T71096][VisionSlotAddValidCheck][893]Vision slot Length: 2347,2347, Depth 4964,4964
[20240124_13:17:19_309] # [T71096][VisionSlotAdd][1521]Added Vision Slot[1][1] Num 2 OriCoord: 0: -2522, 3729; 1: -7480, 3989; 2: -7603, 1645; 3: -2645, 1385
[20240124_13:17:19_309] # [T71097][VisionSlotAdd][1522]VehCoordAndAngle: 21, 12681, ang -0.005 (-0.313)
[20240124_13:17:19_309] # [T71097][VisionSlotAdd][1523]Current VehPos: 21, 12681, ang -0.005 (-0.313)
[20240124_13:17:19_309] # [T71098][VisionSlotAdd][1528]Convert Vision Slot[1][1] Coord: 0: 2563, 16396; 1: 7522, 16629; 2: 7632, 14285; 3: 2673, 14052
[20240124_13:17:19_309] # [T71098][VisionSlotAdd][1533]Old Vision Slot[1][1] Coord: 0: 2559, 16438; 1: 7584, 16660; 2: 7690, 14272; 3: 2665, 14049
[20240124_13:17:19_310] # [T71099][VisionSlotAddSlotWeightCal][1014]u32Weight: 9, CentreY: 255.000, DisY: 1269.000, SlotAng: 176.998
[20240124_13:17:19_310] # [T71100][VisionSlotAdd][1576]New Vision Slot[1][1] Coord: 0: 2559, 16437; 1: 7583, 16660; 2: 7689, 14272; 3: 2665, 14049
[20240124_13:17:19_322] # [T71100][VisionSlotAdd][1600]vision slot [1][1], u32Weight: 9, Sum: 1094, SlotAng: 2.538, CurSlotAng: 2.689
[20240124_13:17:19_374] # [T71166][VisionSlotAddValidCheck][893]Vision slot Length: 2222,2222, Depth 4792,4793
[20240124_13:17:19_374] # [T71166][VisionSlotAdd][1521]Added Vision Slot[0][3] Num 4 OriCoord: 0: 3293, 3668; 1: 8083, 3501; 2: 8006, 1280; 3: 3215, 1447
[20240124_13:17:19_379] # [T71167][VisionSlotAdd][1522]VehCoordAndAngle: 21, 12681, ang -0.005 (-0.313)
[20240124_13:17:19_379] # [T71167][VisionSlotAdd][1523]Current VehPos: 21, 12681, ang -0.005 (-0.313)
[20240124_13:17:19_380] # [T71167][VisionSlotAdd][1528]Convert Vision Slot[0][3] Coord: 0: -3251, 16367; 1: -8042, 16226; 2: -7977, 14005; 3: -3185, 14146
[20240124_13:17:19_380] # [T71168][VisionSlotAdd][1533]Old Vision Slot[0][3] Coord: 0: -3233, 16364; 1: -8033, 16222; 2: -7967, 13986; 3: -3167, 14129
[20240124_13:17:19_380] # [T71169][VisionSlotAddSlotWeightCal][1014]u32Weight: 9, CentreY: 2557.500, DisY: 1269.500, SlotAng: -1.997
[20240124_13:17:19_380] # [T71169][VisionSlotAdd][1576]New Vision Slot[0][3] Coord: 0: -3233, 16364; 1: -8033, 16222; 2: -7967, 13987; 3: -3167, 14129
[20240124_13:17:19_381] # [T71170][VisionSlotAdd][1600]vision slot [0][3], u32Weight: 9, Sum: 1148, SlotAng: -178.302, CurSlotAng: -178.317
[20240124_13:17:19_381] # [T71171][VisionSlotAddValidCheck][893]Vision slot Length: 2376,2376, Depth 5021,5020
[20240124_13:17:19_381] # [T71171][VisionSlotAdd][1521]Added Vision Slot[1][1] Num 2 OriCoord: 0: -2530, 3744; 1: -7545, 4006; 2: -7669, 1633; 3: -2655, 1371
[20240124_13:17:19_381] # [T71172][VisionSlotAdd][1522]VehCoordAndAngle: 21, 12681, ang -0.005 (-0.313)
[20240124_13:17:19_385] # [T71172][VisionSlotAdd][1523]Current VehPos: 21, 12681, ang -0.005 (-0.313)
[20240124_13:17:19_385] # [T71173][VisionSlotAdd][1528]Convert Vision Slot[1][1] Coord: 0: 2571, 16411; 1: 7587, 16646; 2: 7698, 14272; 3: 2683, 14038
[20240124_13:17:19_386] # T71174][VisionSlotAdd][1533]Old Vision Slot[1][1] Coord: 0: 2559, 16437; 1: 7583, 16660; 2: 7689, 14272; 3: 2665, 14049
[20240124_13:17:19_386] # [T71174][VisionSlotAddSlotWeightCal][1014]u32Weight: 9, CentreY: 2557.500, DisY: 1269.500, SlotAng: 177.009
[20240124_13:17:19_386] # [T71175][VisionSlotAdd][1576]New Vision Slot[1][1] Coord: 0: 2559, 16437; 1: 7583, 16660; 2: 7689, 14272; 3: 2665, 14049
[20240124_13:17:19_386] # [T71175][VisionSlotAdd][1600]vision slot [1][1], u32Weight: 9, Sum: 1103, SlotAng: 2.540, CurSlotAng: 2.678
[20240124_13:17:19_387] # [T71176][APAVisionOblAdd][1323]Vision Obl merge: 62
[20240124_13:17:19_387] # [T71176][APAVisionOblAdd][1326]Receive Vision Obl CrossPointCoord: 0: -8042, 16226; 1: -3251, 16367
[20240124_13:17:19_387] # [T71177][APAVisionOblInfoDebugPrint][118]VisionOblInfo:
[20240124_13:17:19_390] # [T71177][APAVisionOblInfoDebugPrint][119]OblType: 0, bIsMerge 0, DetectCount 100
[20240124_13:17:19_390] # [T71178][APAVisionOblInfoDebugPrint][122]CrossPointCoord: 0: -8037, 16232; 1: -3238, 16383
[20240124_13:17:19_390] # [T71178][APAVisionOblInfoDebugPrint][125]OriginCrossPointCoord: 0: 8083, 3501; 1: 3293, 3668
[20240124_13:17:19_390] # [T71179][APAVisionOblInfoDebugPrint][126]VehCoordAndAng: 21, 12681, ang -0.005(-0.313)
[20240124_13:17:19_391] # [T71179][APAVisionOblInfoDebugPrint][127] 
[20240124_13:17:19_391] # [T71180][APAVisionOblAdd][1323]Vision Obl merge: 63
[20240124_13:17:19_391] # [T71180][APAVisionOblAdd][1326]Receive Vision Obl CrossPointCoord: 0: 2571, 16411; 1: 7587, 16646
[20240124_13:17:19_391] # [T71180][APAVisionOblInfoDebugPrint][118]VisionOblInfo:
[20240124_13:17:19_391] # [T71181][APAVisionOblInfoDebugPrint][119]OblType: 0, bIsMerge 0, DetectCount 100
[20240124_13:17:19_391] # [T71181][APAVisionOblInfoDebugPrint][122]CrossPointCoord: 0: 2546, 16443; 1: 7565, 16673
[20240124_13:17:19_395] # [T71182][APAVisionOblInfoDebugPrint][125]OriginCrossPointCoord: 0: -2530, 3744; 1: -7545, 4006
[20240124_13:17:19_399] # [T71182][APAVisionOblInfoDebugPrint][126]VehCoordAndAng: 21, 12681, ang -0.005(-0.313)
[20240124_13:17:19_400] # [T71183][APAVisionOblInfoDebugPrint][127] 
[20240124_13:17:19_457] # [T71247][APAVisionOblAdd][1323]Vision Obl merge: 62
[20240124_13:17:19_457] # [T71247][APAVisionOblAdd][1326]Receive Vision Obl CrossPointCoord: 0: -8046, 16236; 1: -3240, 16378
[20240124_13:17:19_458] # [T71247][APAVisionOblInfoDebugPrint][118]VisionOblInfo:
[20240124_13:17:19_458] # [T71248][APAVisionOblInfoDebugPrint][119]OblType: 0, bIsMerge 0, DetectCount 100
[20240124_13:17:19_458] # [T71248][APAVisionOblInfoDebugPrint][122]CrossPointCoord: 0: -8037, 16232; 1: -3238, 16383
[20240124_13:17:19_458] # [T71249][APAVisionOblInfoDebugPrint][125]OriginCrossPointCoord: 0: 8087, 3511; 1: 3282, 3679
[20240124_13:17:19_463] # [T71249][APAVisionOblInfoDebugPrint][126]VehCoordAndAng: 21, 12681, ang -0.005(-0.313)
[20240124_13:17:19_463] # [T71250][APAVisionOblInfoDebugPrint][127] 
[20240124_13:17:19_463] # [T71250][APAVisionOblAdd][1323]Vision Obl merge: 63
[20240124_13:17:19_463] # [T71250][APAVisionOblAdd][1326]Receive Vision Obl CrossPointCoord: 0: 2570, 16425; 1: 7622, 16663
[20240124_13:17:19_463] # [T71251][APAVisionOblInfoDebugPrint][118]VisionOblInfo:
[20240124_13:17:19_464] # [T71251][APAVisionOblInfoDebugPrint][119]OblType: 0, bIsMerge 0, DetectCount 100
[20240124_13:17:19_464] # [T71251][APAVisionOblInfoDebugPrint][122]CrossPointCoord: 0: 2546, 16443; 1: 7565, 16673
[20240124_13:17:19_464] # [T71252][APAVisionOblInfoDebugPrint][125]OriginCrossPointCoord: 0: -2529, 3758; 1: -7580, 4023
[20240124_13:17:19_464] # [T71253][APAVisionOblInfoDebugPrint][126]VehCoordAndAng: 21, 12681, ang -0.005(-0.313)
[20240124_13:17:19_464] # [T71253][APAVisionOblInfoDebugPrint][127] 
[20240124_13:17:19_465] # [T71253][VisionSlotAddValidCheck][893]Vision slot Length: 2248,2248, Depth 4807,4807
[20240124_13:17:19_465] # [T71254][VisionSlotAdd][1521]Added Vision Slot[0][3] Num 4 OriCoord: 0: 3282, 3679; 1: 8087, 3511; 2: 8009, 1264; 3: 3204, 1432
[20240124_13:17:19_465] # [T71254][VisionSlotAdd][1522]VehCoordAndAngle: 21, 12681, ang -0.005 (-0.313)
[20240124_13:17:19_467] # [T71255][VisionSlotAdd][1523]Current VehPos: 21, 12681, ang -0.005 (-0.313)
[20240124_13:17:19_469] # [T71255][VisionSlotAdd][1528]Convert Vision Slot[0][3] Coord: 0: -3240, 16378; 1: -8046, 16236; 2: -7980, 13989; 3: -3175, 14131
[20240124_13:17:19_469] # [T71256][VisionSlotAdd][1533]Old Vision Slot[0][3] Coord: 0: -3233, 16364; 1: -8033, 16222; 2: -7967, 13987; 3: -3167, 14129
[20240124_13:17:19_469] # [T71257][VisionSlotAddSlotWeightCal][1014]u32Weight: 9, CentreY: 2555.500, DisY: 1267.500, SlotAng: -2.002
[20240124_13:17:19_469] # [T71257][VisionSlotAdd][1576]New Vision Slot[0][3] Coord: 0: -3233, 16364; 1: -8033, 16222; 2: -7967, 13987; 3: -3167, 14129
[20240124_13:17:19_469] # [T71258][VisionSlotAdd][1600]vision slot [0][3], u32Weight: 9, Sum: 1157, SlotAng: -178.302, CurSlotAng: -178.311
[20240124_13:17:19_470] # [T71259][VisionSlotAddValidCheck][893]Vision slot Length: 2370,2370, Depth 5057,5057
[20240124_13:17:19_470] # [T71259][VisionSlotAdd][1521]Added Vision Slot[1][1] Num 2 OriCoord: 0: -2529, 3758; 1: -7580, 4023; 2: -7704, 1656; 3: -2653, 1391
[20240124_13:17:19_472] # [T71260][VisionSlotAdd][1522]VehCoordAndAngle: 21, 12681, ang -0.005 (-0.313)
[20240124_13:17:19_472] # [T71260][VisionSlotAdd][1523]Current VehPos: 21, 12681, ang -0.005 (-0.313)
[20240124_13:17:19_473] # [T71261][VisionSlotAdd][1528]Convert Vision Slot[1][1] Coord: 0: 2570, 16425; 1: 7622, 16663; 2: 7734, 14295; 3: 2681, 14058
[20240124_13:17:19_473] # [T71261][VisionSlotAdd][1533]Old Vision Slot[1][1] Coord: 0: 2559, 16437; 1: 7583, 16660; 2: 7689, 14272; 3: 2665, 14049
[20240124_13:17:19_473] # [T71262][VisionSlotAddSlotWeightCal][1014]u32Weight: 8, CentreY: 2574.500, DisY: 1286.500, SlotAng: 176.997
[20240124_13:17:19_473] # [T71263][VisionSlotAdd][1576]New Vision Slot[1][1] Coord: 0: 2559, 16437; 1: 7583, 16660; 2: 7690, 14272; 3: 2665, 14049
[20240124_13:17:19_492] # [T71263][VisionSlotAdd][1600]vision slot [1][1], u32Weight: 8, Sum: 1111, SlotAng: 2.541, CurSlotAng: 2.690
[20240124_13:17:19_535] # [T71327][APAVisionOblAdd][1323]Vision Obl merge: 63
[20240124_13:17:19_540] # [T71327][APAVisionOblAdd][1326]Receive Vision Obl CrossPointCoord: 0: 2574, 16408; 1: 7487, 16639
[20240124_13:17:19_541] # [T71327][APAVisionOblInfoDebugPrint][118]VisionOblInfo:
[20240124_13:17:19_541] # [T71328][APAVisionOblInfoDebugPrint][119]OblType: 0, bIsMerge 0, DetectCount 100
[20240124_13:17:19_541] # [T71328][APAVisionOblInfoDebugPrint][122]CrossPointCoord: 0: 2546, 16443; 1: 7565, 16673
[20240124_13:17:19_541] # [T71329][APAVisionOblInfoDebugPrint][125]OriginCrossPointCoord: 0: -2533, 3741; 1: -7445, 3999
[20240124_13:17:19_542] # [T71329][APAVisionOblInfoDebugPrint][126]VehCoordAndAng: 21, 12681, ang -0.005(-0.313)
[20240124_13:17:19_542] # [T71330][APAVisionOblInfoDebugPrint][127] 
[20240124_13:17:19_542] # [T71330][APAVisionOblAdd][1323]Vision Obl merge: 62
[20240124_13:17:19_542] # [T71330][APAVisionOblAdd][1326]Receive Vision Obl CrossPointCoord: 0: -8065, 16210; 1: -3241, 16352
[20240124_13:17:19_542] # [T71331][APAVisionOblInfoDebugPrint][118]VisionOblInfo:
[20240124_13:17:19_542] # [T71331][APAVisionOblInfoDebugPrint][119]OblType: 0, bIsMerge 0, DetectCount 100
[20240124_13:17:19_542] # [T71332][APAVisionOblInfoDebugPrint][122]CrossPointCoord: 0: -8037, 16232; 1: -3238, 16383
[20240124_13:17:19_549] # [T71332][APAVisionOblInfoDebugPrint][125]OriginCrossPointCoord: 0: 8106, 3485; 1: 3283, 3653
[20240124_13:17:19_549] # [T71333][APAVisionOblInfoDebugPrint][126]VehCoordAndAng: 21, 12681, ang -0.005(-0.313)
[20240124_13:17:19_550] # [T71333][APAVisionOblInfoDebugPrint][127] 
[20240124_13:17:19_550] # [T71333][VisionSlotAddValidCheck][893]Vision slot Length: 2342,2343, Depth 4918,4918
[20240124_13:17:19_550] # [T71334][VisionSlotAdd][1521]Added Vision Slot[1][1] Num 2 OriCoord: 0: -2533, 3741; 1: -7445, 3999; 2: -7567, 1659; 3: -2655, 1402
[20240124_13:17:19_550] # [T71334][VisionSlotAdd][1522]VehCoordAndAngle: 21, 12681, ang -0.005 (-0.313)
[20240124_13:17:19_550] # [T71335][VisionSlotAdd][1523]Current VehPos: 21, 12681, ang -0.005 (-0.313)
[20240124_13:17:19_552] # [T71335][VisionSlotAdd][1528]Convert Vision Slot[1][1] Coord: 0: 2574, 16408; 1: 7487, 16639; 2: 7597, 14299; 3: 2683, 14069
[20240124_13:17:19_552] # [T71336][VisionSlotAdd][1533]Old Vision Slot[1][1] Coord: 0: 2559, 16437; 1: 7583, 16660; 2: 7690, 14272; 3: 2665, 14049
[20240124_13:17:19_552] # [T71337][VisionSlotAddSlotWeightCal][1014]u32Weight: 9, CentreY: 2571.500, DisY: 1283.500, SlotAng: 176.999
[20240124_13:17:19_552] # [T71337][VisionSlotAdd][1576]New Vision Slot[1][1] Coord: 0: 2559, 16437; 1: 7583, 16660; 2: 7689, 14272; 3: 2665, 14049
[20240124_13:17:19_553] # [T71338][VisionSlotAdd][1600]vision slot [1][1], u32Weight: 9, Sum: 1120, SlotAng: 2.542, CurSlotAng: 2.687
[20240124_13:17:19_553] # [T71339][VisionSlotAddValidCheck][893]Vision slot Length: 2245,2246, Depth 4825,4826
[20240124_13:17:19_553] # [T71339][VisionSlotAdd][1521]Added Vision Slot[0][3] Num 4 OriCoord, 3653; 1: 8106, 3485; 2: 8028, 1240; 3: 3204, 1409
[20240124_13:17:19_553] # [T71340][VisionSlotAdd][1522]VehCoordAndAngle: 21, 12681, ang -0.005 (-0.313)
[20240124_13:17:19_553] # [T71340][VisionSlotAdd][1523]Current VehPos: 21, 12681, ang -0.005 (-0.313)
[20240124_13:17:19_553] # [T71341][VisionSlotAdd][1528]Convert Vision Slot[0][3] ooord: 0: -3241, 16352; 1: -8065, 16210; 2: -8000, 13965; 3: -3175, 14108
[20240124_13:17:19_558] # [T71341][VisionSlotAdd][1533]Old Vision Slot[0][3] Coord: 0: -3233, 16364; 1: -8033, 16222; 2: -7967, 13987; 3: -3167, 14129
[20240124_13:17:19_558] # [T71342][VisionSlotAddSlotWeightCal][1014]u32Weight: 9, CentreY: 2531.000, DisY: 1243.000, SlotAng: -2.001
[20240124_13:17:19_558] # [T71343][VisionSlotAdd][1576]New Vision Slot[0][3] Coord: 0: -3233, 16364; 1: -8034, 16222; 2: -7967, 13986; 3: -3167, 14129
[20240124_13:17:19_570] # [T71343][VisionSlotAdd][1600]vision slot [0][3], u32Weight: 9, Sum: 1166, SlotAng: -178.302, CurSlotAng: -178.313
[20240124_13:17:19_617] # [T71408][APAVisionOblAdd][1323]Vision Obl merge: 62
[20240124_13:17:19_617] # [T71408][APAVisionOblAdd][1326]Receive Vision Obl CrossPointCoord: 0: -8065, 16210; 1: -3241, 16352
[20240124_13:17:19_617] # [T71408][APAVisionOblInfoDebugPrint][118]VisionOblInfo:
[20240124_13:17:19_624] # [T71409][APAVisionOblInfoDebugPrint][119]OblType: 0, bIsMerge 0, DetectCount 100
[20240124_13:17:19_624] # [T71409][APAVisionOblInfoDebugPrint][122]CrossPointCoord: 0: -8037, 16232; 1: -3238, 16383
[20240124_13:17:19_624] # [T71410][APAVisionOblInfoDebugPrint][125]OriginCrossPointCoord: 0: 816, 3485; 1: 3283, 3653
[20240124_13:17:19_624] # [T71410][APAVisionOblInfoDebugPrint][126]VehCoordAndAng: 21, 12681, ang -0.005(-0.313)
[20240124_13:17:19_624] # [T71411][APAVisionOblInfoDebugPrint][127] 
[20240124_13:17:19_624] # [T71411][APAVisionOblAdd][1323]Vision Obl merge: 63
[20240124_13:17:19_626] # [T71411][APAVisionOblAdd][1326]Receive Vision Obl CrossPointCoord: 0: 2574, 16413; 1: 7560, 16648
[20240124_13:17:19_626] # [T71412][APAVisionOblInfoDebugPrint][118]VisionOblInfo:
[20240124_13:17:19_626] # [T71412][APAVisionOblInfoDebugPrint][119]OblType: 0, bIsMerge 0, DetectCount 100
[20240124_13:17:19_626] # [T71412][APAVisionOblInfoDebugPrint][122]CrossPointCoord: 0: 2546, 16443; 1: 7565, 16673
[20240124_13:17:19_626] # [T71413][APAVisionOblInfoDebugPrint][125]OriginCrossPointCoord: 0: -2533, 3746; 1: -7518, 4008
[20240124_13:17:19_626] # [T71413][APAVisionOblInfoDebugPrint][126]VehCoordAndAng: 21, 12681, ang -0.005(-0.313)
[20240124_13:17:19_626] # [T71414][APAVisionOblInfoDebugPrint][127] 
[20240124_13:17:19_626] # [T71414][VisionSlotAddValidCheck][893]Vision slot Length: 2245,2246, Depth 4825,4826
[20240124_13:17:19_627] # [T71415][VisionSlotAdd][1521]Added Vision Slot[0][3] Num 4 OriCoord: 0: 3283, 3653; 1: 8106, 3485; 2: 8028, 1240; 3: 3204, 1409
[20240124_13:17:19_627] # [T71415][VisionSlotAdd][1522]VehCoordAndAngle: 21, 12681, ang -0.005 (-0.313)
[20240124_13:17:19_631] # [T71416][VisionSlotAdd][1523]Current VehPos: 21, 12681, ang -0.005 (-0.313)
[20240124_13:17:19_631] # [T71416][VisionSlotAdd][1528]Convert Vision Slot[0][3] Coord: 0: -3241, 16352; 1: -8065, 16210; 2: -8000, 13965; 3: -3175, 14108
[20240124_13:17:19_631] # [T71417][VisionSlotAdd][1533]Old Vision Slot[0][3] Coord: 0: -3233, 16364; 1: -8034, 16222; 2: -7967, 13986; 3: -3167, 14129
[20240124_13:17:19_631] # [T71418][VisionSlotAddSlotWeightCal][1014]u32Weight: 9, CentreY: 2531.000, DisY: 1243.000, SlotAng: -2.001
[20240124_13:17:19_632] # [T71418][VisionSlotAdd][1576]New Vision Slot[0][3] Coord: 0: -3234, 16364; 1: -8034, 16222; 2: -7968, 13986; 3: -3167, 14129
[20240124_13:17:19_632] # [T71419][VisionSlotAdd][1600]vision slot [0][3], u32Weight: 9, Sum: 1175, SlotAng: -178.302, CurSlotAng: -178.313
[20240124_13:17:19_632] # [T71420][VisionSlotAddValidCheck][893]Vision slot Length: 2382,2382, Depth 4991,4990
[20240124_13:17:19_632] # [T71420][VisionSlotAdd][1521]Added Vision Slot[1][1] Num 2 OriCoord: 0: -2533, 3746; 1: -7518, 4008; 2: -7642, 1629; 3: -2658, 1367
[20240124_13:17:19_632] # [T71421][VisionSlotAdd][1522]VehCoordAndAngle: 21, 12681, ang -0.005 (-0.313)
[20240124_13:17:19_632] # [T71421][VisionSlotAdd][1523]Current VehPos: 21, 12681, ang -0.005 (-0.313)
[20240124_13:17:19_637] # [T71422][VisionSlotAdd][1528]Convert Vision Slot[1][1] Coord: 0: 2574, 16413; 1: 7560, 16648; 2: 7671, 14268; 3: 2686, 14034
[20240124_13:17:19_637] # [T71422][VisionSlotAdd][1533]Old Vision Slot[1][1] Coord: 0: 2559, 16437; 1: 7583, 16660; 2: 7689, 14272; 3: 2665, 14049
[20240124_13:17:19_637] # [T71423][VisionSlotAddSlotWeightCal][1014]u32Weight: 9, CentreY: 2556.500, DisY: 1268.500, SlotAng: 176.991
[20240124_13:17:19_637] # [T71424][VisionSlotAdd][1576]New Vision Slot[1][1] Coord: 0: 2559, 16437; 1: 7583, 16660; 2: 7689, 14272; 3: 2665, 14049
[20240124_13:17:19_647] # [T71424][VisionSlotAdd][1600]vision slot [1][1], u32Weight: 9, Sum: 1129, SlotAng: 2.543, CurSlotAng: 2.695
[20240124_13:17:19_664] #   71440-task_radar-118: RadarCaptureCnt is 333 
[20240124_13:17:19_664] # 
[20240124_13:17:19_699] # [T71489][APAVisionOblAdd][1323]Vision Obl merge: 63
[20240124_13:17:19_699] # [T71489][APAVisionOblAdd][1326]Receive Vision Obl CrossPointCoord: 0: 2528, 16400; 1: 7480, 16633
[20240124_13:17:19_699] # [T71489][APAVisionOblInfoDebugPrint][118]VisionOblInfo:
[20240124_13:17:19_699] # [T71490][APAVisionOblInfoDebugPrint][119]OblType: 0, bIsMerge 0, DetectCount 100
[20240124_13:17:19_700] # [T71490][APAVisionOblInfoDebugPrint][122]CrossPointCoord: 0: 2546, 16443; 1: 7565, 16673
[20240124_13:17:19_709] # [T71490][APAVisionOblInfoDebugPrint][125]OriginCrossPointCoord: 0: -2487, 3733; 1: -7438, 3993
[20240124_13:17:19_709] # [T71491][APAVisionOblInfoDebugPrint][126]VehCoordAndAng: 21, 12681, ang -0.005(-0.313)
[20240124_13:17:19_710] # [T71492][APAVisionOblInfoDebugPrint][127] 
[20240124_13:17:19_710] # [T71492][APAVisionOblAdd][1323]Vision Obl merge: 62
[20240124_13:17:19_710] # [T71492][APAVisionOblAdd][1326]Receive Vision Obl CrossPointCoord: 0: -8029, 16209; 1: -3247, 16350
[20240124_13:17:19_710] # [T71493][APAVisionOblInfoDebugPrint][118]VisionOblInfo:
[20240124_13:17:19_711] # [T71493][APAVisionOblInfoDebugPrint][119]OblType: 0, bIsMerge 0, DetectCount 100
[20240124_13:17:19_711] # [T71493][APAVisionOblInfoDebugPrint][122]CrossPointCoord: 0: -8037, 16232; 1: -3238, 16383
[20240124_13:17:19_711] # [T71494][APAVisionOblInfoDebugPrint][125]OriginCrossPointCoord: 0: 8070, 3484; 1: 3289, 3651
[20240124_13:17:19_711] # [T71494][APAVisionOblInfoDebugPrint][126]VehCoordAndAng: 21, 12681, ang -0.005(-0.313)
[20240124_13:17:19_711] # [T71495][APAVisionOblInfoDebugPrint][127] 
[20240124_13:17:19_712] # [T71495][VisionSlotAddValidCheck][893]Vision slot Length: 2353,2353, Depth 4957,4958
[20240124_13:17:19_712] # [T71496][VisionSlotAdd][1521]Added Vision Slot[1][1] Num 2 OriCoord: 0: -2487, 3733; 1: -7438, 3993; 2: -7562, 1643; 3: -2610, 1383
[20240124_13:17:19_712] # [T71496][VisionSlotAdd][1522]VehCoordAndAngle: 21, 12681, ang -0.005 (-0.313)
[20240124_13:17:19_712] # [T71497][VisionSlotAdd][1523]Current VehPos: 21, 12693, ang -0.005 (-0.314)
[20240124_13:17:19_713] # [T71497][VisionSlotAdd][1528]Convert Vision Slot[1][1] Coord: 0: 2528, 16400; 1: 7480, 16633; 2: 7591, 14283; 3: 2638, 14050
[20240124_13:17:19_713] # [T71498][VisionSlotAdd][1533]Old Vision Slot[1][1] Coord: 0: 2559, 16437; 1: 7583, 16660; 2: 7689, 14272; 3: 2665, 14049
[20240124_13:17:19_713] # [T71499][VisionSlotAddSlotWeightCal][1014]u32Weight: 9, CentreY: 2558.000, DisY: 1270.000, SlotAng: 176.994
[20240124_13:17:19_713] # [T71499][VisionSlotAdd][1576]New Vision Slot[1][1] Coord: 0: 2559, 16436; 1: 7582, 16660; 2: 7688, 14273; 3: 2665, 14049
[20240124_13:17:19_717] # [T71500][VisionSlotAdd][1600]vision slot [1][1], u32Weight: 9, Sum: 1138, SlotAng: 2.544, CurSlotAng: 2.692
[20240124_13:17:19_717] # [T71501][VisionSlotAddValidCheck][893]Vision slot Length: 2231,2231, Depth 4783,4783
[20240124_13:17:19_717] # [T71501][VisionSlotAdd][1521]Added Vision Slot[0][3] Num 4 OriCoord: 0: 3289, 3651; 1: 8070, 3484; 2: 7992, 1254; 3: 3211, 1421
[20240124_13:17:19_717] # [T71502][VisionSlotAdd][1522]VehCoordAndAngle: 21, 12681, ang -0.005 (-0.313)
[20240124_13:17:19_717] # [T71502][VisionSlotAdd][1523]Current VehPos: 21, 12693, ang -0.005 (-0.314)
[20240124_13:17:19_718] # [T71503][VisionSlotAdd][1528]Convert Vision Slot[0][3] Coord: 0: -3247, 16350; 1: -8029, 16209; 2: -7963, 13979; 3: -3182, 14120
[20240124_13:17:19_718] # [T71503][VisionSlotAdd][1533]Old Vision Slot[0][3] Coord: 0: -3234, 16364; 1: -8034, 16222; 2: -7968, 13986; 3: -3167, 14129
[20240124_13:17:19_718] # [T71504][VisionSlotAddSlotWeightCal][1014]u32Weight: 9, CentreY: 2536.000, DisY: 1248.000, SlotAng: -2.001
[20240124_13:17:19_718] # [T71505][VisionSlotAdd][1576]New Vision Slot[0][3] Coord: 0: -3234, 16364; 1: -8034, 16221; 2: -7968, 13986; 3: -3167, 14129
[20240124_13:17:19_718] # [T71505][VisionSlotAdd][1600]vision slot [0][3], u32Weight: 9, Sum: 1184, SlotAng: -178.302, CurSlotAng: -178.313
[20240124_13:17:19_719] # [T71506][APARadarFilterSaveOblPointToSlotBuf][32]******  Outline[1] cnt [24] Point[22]  *******
[20240124_13:17:19_719] # [T71507][APARadarFilterSaveOblPointToSlotBuf][833]VehCoord[1][22]: 21, 12681, VehAng: -5
[20240124_13:17:19_719] # [T71507][APARadarFilterSaveOblPointToSlotBuf][834]OblCoord[1][22]: 1978, 16017, Dis: 1005, Big: 0
[20240124_13:17:19_719] # 
[20240124_13:17:19_723] # [T71508][APARadarFilterSaveOblPointToSlotBuf][832]******  Outline[0] cnt [33] Point[31]  *******
[20240124_13:17:19_723] # [T71508][APARadarFilterSaveOblPointToSlotBuf][833]VehCoord[0][31]: 21, 12681, VehAng: -5
[20240124_13:17:19_728] # [T71509][APARadarFilterSaveOblPointToSlotBuf][834]OblCoord[0][31]: -3569, 16342, Dis: 2676, Big: 0
[20240124_13:17:19_728] # 
[20240124_13:17:19_761] # [T71551][APARadarFilterSaveOblPointToSlotBuf][832]******  Outline[1] cnt [25] Point[23]  *******
[20240124_13:17:19_761] # [T71551][APARadarFilterSaveOblPointToSlotBuf][833]VehCoord[1][23]: 21, 12681, VehAng: -5
[20240124_13:17:19_761] # [T71552][APARadarFilterSaveOblPointToSlotBuf][834]OblCoord[1][23]: 1996, 16020, Dis: 1023, Big: 0
[20240124_13:17:19_761] # 
[20240124_13:17:19_762] # [T71552][APARadarFilterSaveOblPointToSlotBuf][832]******  Outline[0] cnt [34] Point[32]  *******
[20240124_13:17:19_762] # [T71553][APARadarFilterSaveOblPointToSlotBuf][833]VehCoord[0][32]: 21, 12681, VehAng: -5
[20240124_13:17:19_771] # [T71553][APARadarFilterSaveOblPointToSlotBuf][834]OblCoord[0][32]: -3039, 16246, Dis: 2145, Big: 0
[20240124_13:17:19_771] # 
[20240124_13:17:19_777] # [T71569][APAVisionOblAdd][1323]Vision Obl merge: 62
[20240124_13:17:19_777] # [T71569][APAVisionOblAdd][1326]Receive Vision Obl CrossPointCoord: 0: -8010, 16220; 1: -3209, 16361
[20240124_13:17:19_778] # [T71569][APAVisionOblInfoDebugPrint][118]VisionOblInfo:
[20240124_13:17:19_783] # [T71570][APAVisionOblInfoDebugPrint][119]OblType: 0, bIsMerge 0, DetectCount 100
[20240124_13:17:19_783] # [T71570][APAVisionOblInfoDebugPrint][122]CrossPointCoord: 0: -8037, 16232; 1: -3238, 16383
[20240124_13:17:19_783] # [T71571][APAVisionOblInfoDebugPrint][125]OriginCrossPointCoord: 0: 8051, 3495; 1: 3251, 3662
[20240124_13:17:19_784] # [T71571][APAVisionOblInfoDebugPrint][126]VehCoordAndAng: 21, 12681, ang -0.005(-0.313)
[20240124_13:17:19_784] # [T71572][APAVisionOblInfoDebugPrint][127] 
[20240124_13:17:19_784] # [T71572][APAVisionOblAdd][1323]Vision Obl merge: 63
[20240124_13:17:19_784] # [T71572][APAVisionOblAdd][1326]Receive Vision Obl CrossPointCoord: 0: 2517, 16480; 1: 7583, 16629
[20240124_13:17:19_784] # [T71573][APAVisionOblInfoDebugPrint][118]VisionOblInfo:
[20240124_13:17:19_785] # [T71573][APAVisionOblInfoDebugPrint][119]OblType: 0, bIsMerge 0, DetectCount 100
[20240124_13:17:19_785] # [T71573][APAVisionOblInfoDebugPrint][122]CrossPointCoord: 0: 2546, 16443; 1: 7565, 16673
[20240124_13:17:19_785] # [T71574][APAVisionOblInfoDebugPrint][125]OriginCrossPointCoord: 0: -2476, 3812; 1: -7541, 3989
[20240124_13:17:19_788] # [T71574][APAVisionOblInfoDebugPrint][126]VehCoordAndAng: 21, 12681, ang -0.005(-0.313)
[20240124_13:17:19_788] # [T71575][APAVisionOblInfoDebugPrint][127] 
[20240124_13:17:19_788] # [T71575][VisionSlotAddValidCheck][893]Vision slot Length: 2231,2231, Depth 4802,4802
[20240124_13:17:19_788] # [T71576][VisionSlotAdd][1521]Added Vision Slot[0][3] Num 4 OriCoord: 0: 3251, 3662; 1: 8051, 3495; 2: 7973, 1265; 3: 3173, 1432
[20240124_13:17:19_788] # [T71576][VisionSlotAdd][1522]VehCoordAndAngle: 21, 12681, ang -0.005 (-0.313)
[20240124_13:17:19_789] # [T71577][VisionSlotAdd][1523]Current VehPos: 21, 12705, ang -0.005 (-0.314)
[20240124_13:17:19_789] # [T71577][VisionSlotAdd][1528]Convert Vision Slot[0][3] Coord: 0: -3209, 16361; 1: -8010, 16220; 2: -7944, 13990; 3: -3144, 14130
[20240124_13:17:19_790] # [T71578][VisionSlotAdd][1533]Old Vision Slot[0][3] Coord: 0: -3234, 16364; 1: -8034, 16221; 2: -7968, 13986; 3: -3167, 14129
[20240124_13:17:19_790] # [T71579][VisionSlotAddSlotWeightCal][1014]u32Weight: 9, CentreY: 2547.000, DisY: 1259.000, SlotAng: -1.993
[20240124_13:17:19_790] # [T71579][VisionSlotAdd][1576]New Vision Slot[0][3] Coord: 0: -3233, 16364; 1: -8034, 16221; 2: -7967, 13986; 3: -3167, 14129
[20240124_13:17:19_792] # [T71580][VisionSlotAdd][1600]vision slot [0][3], u32Weight: 9, Sum: 1193, SlotAng: -178.302, CurSlotAng: -178.321
[20240124_13:17:19_793] # [T71581][VisionSlotAddValidCheck][893]Vision slot Length: 2396,2397, Depth 5068,5067
[20240124_13:17:19_793] # [T71581][VisionSlotAdd][1521]Added Vision Slot[1][1] Num 2 OriCoord: 0: -2476, 3812; 1: -7541, 3989; 2: -7624, 1593; 3: -2560, 1417
[20240124_13:17:19_793] # [T71582][VisionSlotAdd][1522]VehCoordAndAngle: 21, 12681, ang -0.005 (-0.313)
[20240124_13:17:19_793] # [T71582][VisionSlotAdd][1523]Current VehPos: 21, 12705, ang -0.005 (-0.314)
[20240124_13:17:19_793] # [T71583][VisionSlotAdd][1528]Convert Vision Slot[1][1] Coord: 0: 2517, 16480; 1: 7583, 16629; 2: 7653, 14232; 3: 2588, 14084
[20240124_13:17:19_794] # [T71583][VisionSlotAdd][1533]Old Vision Slot[1][1] Coord: 0: 2559, 16436; 1: 7582, 16660; 2: 7688, 14273; 3: 2665, 14049
[20240124_13:17:19_794] # [T71584][VisionSlotAddSlotWeightCal][1014]u32Weight: 8, CentreY: 2614.500, DisY: 1326.500, SlotAng: 178.004
[20240124_13:17:19_796] # [T71585][VisionSlotAdd][1576]New Vision Slot[1][1] Coord: 0: 2559, 16437; 1: 7582, 16659; 2: 7688, 14272; 3: 2664, 14050
[20240124_13:17:19_800] # [T71585][VisionSlotAdd][1600]vision slot [1][1], u32Weight: 8, Sum: 1146, SlotAng: 2.538, CurSlotAng: 1.683
[20240124_13:17:19_860] # [T71650][APAVisionOblAdd][1323]Vision Obl merge: 62
[20240124_13:17:19_860] # [T71650][APAVisionOblAdd][1326]Receive Vision Obl CrossPointCoord: 0: -7982, 16222; 1: -3235, 16362
[20240124_13:17:19_861] # [T71650][APAVisionOblInfoDebugPrint][118]VisionOblInfo:
[20240124_13:17:19_861] # [T71651][APAVisionOblInfoDebugPrint][119]OblType: 0, bIsMerge 0, DetectCount 100
[20240124_13:17:19_861] # [T71651][APAVisionOblInfoDebugPrint][122]CrossPointCoord: 0: -8037, 16232; 1: -3238, 16383
[20240124_13:17:19_862] # [T71652][APAVisionOblInfoDebugPrint][125]OriginCrossPointCoord: 0: 8023, 3497; 1: 3277, 3663
[20240124_13:17:19_867] # [T71652][APAVisionOblInfoDebugPrint][126]VehCoordAndAng: 21, 12681, ang -0.005(-0.313)
[20240124_13:17:19_867] # [T71653][APAVisionOblInfoDebugPrint][127] 
[20240124_13:17:19_867] # [T71653][APAVisionOblAdd][1323]Vision Obl merge: 63
[20240124_13:17:19_867] # [T71653][APAVisionOblAdd][1326]Receive Vision Obl CrossPointCoord: 0: 2568, 16411; 1: 7564, 16646
[20240124_13:17:19_867] # [T71654][APAVisionOblInfoDebugPrint][118]VisionOblInfo:
[20240124_13:17:19_867] # [T71654][APAVisionOblInfoDebugPrint][119]OblType: 0, bIsMerge 0, DetectCount 100
[20240124_13:17:19_868] # [T71654][APAVisionOblInfoDebugPrint][122]CrossPointCoord: 0: 2546, 16443; 1: 7565, 16673
[20240124_13:17:19_868] # [T71655][APAVisionOblInfoDebugPrint][125]OriginCrossPointCoord: 0: -2527, 3744; 1: -7522, 4006
[20240124_13:17:19_868] # [T71655][APAVisionOblInfoDebugPrint][126]VehCoordAndAng: 21, 12681, ang -0.005(-0.313)
[20240124_13:17:19_868] # [T71656][APAVisionOblInfoDebugPrint][127] 
[20240124_13:17:19_868] # [T71656][VisionSlotAddValidCheck][893]Vision slot Length: 2217,2217, Depth 4748,4749
[20240124_13:17:19_868] # [T71657][VisionSlotAdd][1521]Added Vision Slot[0][3] Num 4 OriCoord: 0: 3277, 3663; 1: 8023, 3497; 2: 7946, 1281; 3: 3199, 1447
[20240124_13:17:19_869] # [T71657][VisionSlotAdd][1522]VehCoordAndAngle: 21, 12681, ang -0.005 (-0.313)
[20240124_13:17:19_869] # [T71658][VisionSlotAdd][1523]Current VehPos: 21, 12717, ang -0.005 (-0.315)
[20240124_13:17:19_873] # [T71658][VisionSlotAdd][1528]Convert Vision Slot[0][3] Coord: 0: -3235, 16362; 1: -7982, 16222; 2: -7917, 14006; 3: -3169, 14146
[20240124_13:17:19_873] # [T71659][VisionSlotAdd][1533]Old Vision Slot[0][3] Coord: 0: -3233, 16364; 1: -8034, 16221; 2: -7967, 13986; 3: -3167, 14129
[20240124_13:17:19_873] # [T71660][VisionSlotAddSlotWeightCal][1014]u32Weight: 9, CentreY: 2555.000, DisY: 1267.000, SlotAng: -2.003
[20240124_13:17:19_873] # [T71660][VisionSlotAdd][1576]New Vision Slot[0][3] Coord: 0: -3233, 16364; 1: -8033, 16221; 2: -7967, 13986; 3: -3167, 14129
[20240124_13:17:19_873] # [T71661][VisionSlotAdd][1600]vision slot [0][3], u32Weight: 9, Sum: 1202, SlotAng: -178.303, CurSlotAng: -178.310
[20240124_13:17:19_874] # [T71662][VisionSlotAddValidCheck][893]Vision slot Length: 2382,2382, Depth 5001,5000
[20240124_13:17:19_874] # [T71662][VisionSlotAdd][1521]Added Vision Slot[1][1] Num 2 OriCoord: 0: -2527, 3744; 1: -7522, 4006; 2: -7646, 1627; 3: -2652, 1365
[20240124_13:17:19_874] # [T71663][VisionSlotAdd][1522]VehCoordAndAngle: 21, 12681, ang -0.005 (-0.313)
[20240124_13:17:19_874] # [T71663][VisionSlotAdd][1523]Current VehPos: 21, 12717, ang -0.005 (-0.315)
[20240124_13:17:19_877] # [T71664][VisionSlotAdd][1528]Convert Vision Slot[1][1] Coord: 0: 2568, 16411; 1: 7564, 16646; 2: 7675, 14266; 3: 2680, 14032
[20240124_13:17:19_878] # [T71664][VisionSlotAdd][1533]Old Vision Slot[1][1] Coord: 0: 2559, 16437; 1: 7582, 16659; 2: 7688, 14272; 3: 2664, 14050
[20240124_13:17:19_878] # [T71665][VisionSlotAddSlotWeightCal][1014]u32Weight: 9, CentreY: 2554.500, DisY: 1266.500, SlotAng: 176.997
[20240124_13:17:19_878] # [T71666][VisionSlotAdd][1576]New Vision Slot[1][1] Coord: 0: 2559, 16436; 1: 7582, 16659; 2: 7688, 14272; 3: 2665, 14049
[20240124_13:17:19_895] # [T71666][VisionSlotAdd][1600]vision slot [1][1], u32Weight: 9, Sum: 1155, SlotAng: 2.539, CurSlotAng: 2.689
[20240124_13:17:19_941] # [T71731][APAVisionOblAdd][1323]Vision Obl merge: 62
[20240124_13:17:19_941] # [T71731][APAVisionOblAdd][1326]Receive Vision Obl CrossPointCoord: 0: -8006, 16224; 1: -3227, 16363
[20240124_13:17:19_941] # [T71731][APAVisionOblInfoDebugPrint][118]VisionOblInfo:
[20240124_13:17:19_941] # [T71732][APAVisionOblInfoDebugPrint][119]OblType: 0, bIsMerge 0, DetectCount 100
[20240124_13:17:19_943] # [T71732][APAVisionOblInfoDebugPrint][122]CrossPointCoord: 0: -8037, 16232; 1: -3238, 16383
[20240124_13:17:19_943] # [T71733][APAVisionOblInfoDebugPrint][125]OriginCrossPointCoord: 0: 8047, 3476; 1: 3269, 3642
[20240124_13:17:19_948] # [T71733][APAVisionOblInfoDebugPrint][126]VehCoordAndAng: 21, 12704, ang -0.005(-0.314)
[20240124_13:17:19_948] # [T71734][APAVisionOblInfoDebugPrint][127] 
[20240124_13:17:19_948] # [T71734][APAVisionOblAdd][1323]Vision Obl merge: 63
[20240124_13:17:19_948] # [T71734][APAVisionOblAdd][1326]Receive Vision Obl CrossPointCoord: 0: 2553, 16451; 1: 7536, 16684
[20240124_13:17:19_948] # [T71735][APAVisionOblInfoDebugPrint][118]VisionOblInfo:
[20240124_13:17:19_948] # [T71735][APAVisionOblInfoDebugPrint][119]OblType: 0, bIsMerge 0, DetectCount 100
[20240124_13:17:19_949] # [T71735][APAVisionOblInfoDebugPrint][122]CrossPointCoord: 0: 2546, 16443; 1: 7565, 16673
[20240124_13:17:19_949] # [T71736][APAVisionOblInfoDebugPrint][125]OriginCrossPointCoord: 0: -2512, 3761; 1: -7493, 4022
[20240124_13:17:19_949] # [T71736][APAVisionOblInfoDebugPrint][126]VehCoordAndAng: 21, 12704, ang -0.005(-0.314)
[20240124_13:17:19_949] # [T71737][APAVisionOblInfoDebugPrint][127] 
[20240124_13:17:19_949] # [T71737][VisionSlotAddValidCheck][893]Vision slot Length: 2226,2227, Depth 4780,4779
[20240124_13:17:19_949] # [T71738][VisionSlotAdd][1521]Added Vision Slot[0][3] Num 4 OriCoord: 0: 3269, 3642; 1: 8047, 3476; 2: 7969, 1250; 3: 3192, 1417
[20240124_13:17:19_950] # [T71738][VisionSlotAdd][1522]VehCoordAndAngle: 21, 12704, ang -0.005 (-0.314)
[20240124_13:17:19_950] # [T71739][VisionSlotAdd][1523]Current VehPos: 21, 12729, ang -0.006 (-0.315)
[20240124_13:17:19_953] # [T71739][VisionSlotAdd][1528]Convert Vision Slot[0][3] Coord: 0: -3227, 16363; 1: -8006, 16224; 2: -7940, 13997; 3: -3162, 14138
[20240124_13:17:19_954] # [T71740][VisionSlotAdd][1533]Old Vision Slot[0][] Coord: 0: -3233, 16364; 1: -8033, 16221; 2: -7967, 13986; 3: -3167, 14129
[20240124_13:17:19_954] # [T71741][VisionSlotAddSlotWeightCal][1014]u32Weight: 9, CentreY: 2529.500, DisY: 1241.500, SlotAng: -1.996
[20240124_13:17:19_954] # [T71741][VisionSlotAdd][1576]New Vision Slot[0][3] Coord: 0: -3233, 16364; 1: -8033, 16221; 2: -7967, 13987; 3: -3167, 14129
[20240124_13:17:19_954] # [T71742][VisionSlotAdd][1600]vision slot [0][3], u32Weight: 9, Sum: 111, SlotAng: -178.303, CurSlotAng: -178.318
[20240124_13:17:19_955] # [T71743][VisionSlotAddValidCheck][893]Vision slot Length: 2388,2388, Depth 4987,4987
[20240124_13:17:19_955] # [T71743][VisionSlotAdd][1521]Added Vision Slot[1][1] Num 2 OriCoord: 0: -2512, 3761; 1: -7493, 4022; 2: -7618, 1637; 3: -2637, 1376
[20240124_13:17:19_955] # [T71744][VisionSlotAdd][1522]VehCoordAndAngle: 21, 12704, ang -0.005 (-0.314)
[20240124_13:17:19_958] # [T71744][VisionSlotAdd][1523]Current VehPos: 21, 12729, ang -0.006 (-0.315)
[20240124_13:17:19_958] # [T71745][VisionSlotAdd][1528]Convert Vision Slot[1][1] Coord: 0: 2553, 16451; 1: 7536, 16684; 2: 7648, 14299; 3: 2665, 14065
[20240124_13:17:19_958] # [T71745][VisionSlotAdd][1533]Old Vision Slot[1][1] Coord: 0: 2559, 16436; 1: 7582, 16659; 2: 7688, 14272; 3: 2665, 14049
[20240124_13:17:19_958] # [T71746][VisionSlotAddSlotWeightCal][1014]u32Weight: 9, CentreY: 2568.500, DisY: 1280.500, SlotAng: 177.001
[20240124_13:17:19_959] # [T71747][VisionSlotAdd][1576]New Vision Slot[1][1] Coord: 0: 2559, 16437; 1: 7581, 16659; 2: 7687, 14272; 3: 2665, 14050
[20240124_13:17:19_964] # [T71747][VisionSlotAdd][1600]vision slot [1][1], u32Weight: 9, Sum: 1164, SlotAng: 2.540, CurSlotAng: 2.685
[20240124_13:17:19_964] # [T71755][APARadarFilterSaveOblPointToSlotBuf][832]******  Outline[0] cnt [35] Point[33]  *******
[20240124_13:17:19_971] # [T71756][APARadarFilterSaveOblPointToSlotBuf][833]VehCoord[0][33]: 21, 12693, VehAng: -5
[20240124_13:17:19_971] # [T71756][APARadarFilterSaveOblPointToSlotBuf][834]OblCoord[0][33]: -5060, 16625, Dis: 4168, Big: 0
[20240124_13:17:19_972] # 
[20240124_13:17:20_004] # [T71788][UI_ODIDisplay][269]ApaUIComData: Cmd[5] CurParkMode[1], CurOprSts[2]
[20240124_13:17:20_017] # [T71797][Dispatch_Data_Print][157]HMICmd  Change: CurODIDisplayCmd[5]; OperatingState[2], Gear[0]
[20240124_13:17:20_017] # [T71806][APARadarFilterSaveOblPointToSlotBuf][832]******  Outline[0] cnt [36] Point[34]  *******
[20240124_13:17:20_017] # [T71806][APARadarFilterSaveOblPointToSlotBuf][833]VehCoord[0][34]: 21, 12705, VehAng: -5
[20240124_13:17:20_024] # [T71807][APARadarFilterSaveOblPointToSlotBuf][834]OblCoord[0][34]: -5062, 16638, Dis: 4170, Big: 0
[20240124_13:17:20_024] # 
[20240124_13:17:20_024] # [T71810][APAVisionOblAdd][1323]Vision Obl merge: 62
[20240124_13:17:20_024] # [T71810][APAVisionOblAdd][1326]Receive Vision Obl CrossPointCoord: 0: -7968, 16198; 1: -3264, 16336
[20240124_13:17:20_024] # [T71810][APAVisionOblInfoDebugPrint][118]VisionOblInfo:
[20240124_13:17:20_025] # [T71811][APAVisionOblInfoDebugPrint][119]OblType: 0, bIsMerge 0, DetectCount 100
[20240124_13:17:20_025] # [T71811][APAVisionOblInfoDebugPrint][122]CrossPointCoord: 0: -8037, 16232; 1: -3238, 16383
[20240124_13:17:20_025] # [T71812][APAVisionOblInfoDebugPrint][125]OriginCrossPointCoord: 0: 8009, 3449; 1: 3306, 3613
[20240124_13:17:20_025] # [T71812][APAVisionOblInfoDebugPrint][126]VehCoordAndAng: 21, 12705, ang -0.005(-0.314)
[20240124_13:17:20_025] # [T71813][APAVisionOblInfoDebugPrint][127] 
[20240124_13:17:20_025] # [T71813][APAVisionOblAdd][1323]Vision Obl merge: 63
[20240124_13:17:20_026] # [T71813][APAVisionOblAdd][1326]Receive Vision Obl CrossPointCoord: 0: 2555, 16441; 1: 7584, 16677
[20240124_13:17:20_026] # [T71814][APAVisionOblInfoDebugPrint][118]VisionOblInfo:
[20240124_13:17:20_026] # [T71814][APAVisionOblInfoDebugPrint][119]OblType: 0, bIsMerge 0, DetectCount 100
[20240124_13:17:20_026] # [T71815][APAVisionOblInfoDebugPrint][122]CrossPointCoord: 0: 2546, 16443; 1: 7565, 16673
[20240124_13:17:20_030] # [T71815][APAVisionOblInfoDebugPrint][125]OriginCrossPointCoord: 0: -2514, 3750; 1: -7541, 4013
[20240124_13:17:20_030] # [T71816][APAVisionOblInfoDebugPrint][126]VehCoordAndAng: 21, 12705, ang -0.005(-0.314)
[20240124_13:17:20_030] # [T71816][APAVisionOblInfoDebugPrint][127] 
[20240124_13:17:20_031] # [T71816][VisionSlotAddValidCheck][893]Vision slot Length: 2184,2185, Depth 4705,4706
[20240124_13:17:20_031] # [T71817][VisionSlotAdd][1521]Added Vision Slot[0][3] Num 4 OriCoord: 0: 3306, 3613; 1: 8009, 3449; 2: 7933, 1265; 3: 3229, 1430
[20240124_13:17:20_031] # [T71817][VisionSlotAdd][1522]VehCoordAndAngle: 21, 12705, ang -0.005 (-0.314)
[20240124_13:17:20_031] # [T71818][VisionSlotAdd][1523]Current VehPos: 21, 12753, ang -0.006 (-0.316)
[20240124_13:17:20_032] # [T71818][VisionSlotAdd][1528]Convert Vision Slot[0][3] Coord: 0: -3264, 16336; 1: -7968, 16198; 2: -7904, 14014; 3: -3199, 14153
[20240124_13:17:20_032] # [T71819][VisionSlotAdd][1533]Old Vision Slot[0][3] Coord: 0: -3233, 16364; 1: -8033, 16221; 2: -7967, 13987; 3: -3167, 14129
[20240124_13:17:20_032] # [T71820][VisionSlotAddSlotWeightCal][1014]u32Weight: 9, CentreY: 2521.500, DisY: 1233.500, SlotAng: -2.003
[20240124_13:17:20_035] # [T71820][VisionSlotAdd][1576]New Vision Slot[0][3] Coord: 0: -3234, 16364; 1: -8033, 16221; 2: -7966, 13987; 3: -3167, 14129
[20240124_13:17:20_036] # [T71821][VisionSlotAdd][1600]vision slot [0][3], u32Weight: 9, Sum: 1220, SlotAng: -178.303, CurSlotAng: -178.311
[20240124_13:17:20_036] # [T71822][VisionSlotAddValidCheck][893]Vision slot Length: 2374,2373, Depth 5033,5033
[20240124_13:17:20_036] # [T71822][VisionSlotAdd][1521]Added Vision Slot[1][1] Num 2 OriCoord: 0: -2514, 3750; 1: -7541, 4013; 2: -7665, 1643; 3: -2638, 1379
[20240124_13:17:20_036] # [T71823][VisionSlotAdd][1522]VehCoordAndAngle: 21, 12705, ang -0.005 (-0.314)
[20240124_13:17:20_037] # [T71823][VisionSlotAdd][1523]Current VehPos: 21, 12753, ang -0.006 (-0.316)
[20240124_13:17:20_037] # [T71824][VisionSlotAdd][1528]Convert Vision Slot[1][1] Coord: 0: 2555, 16441; 1: 7584, 16677; 2: 7695, 14306; 3: 2666, 14070
[20240124_13:17:20_037] # [T71824][VisionSlotAdd][1533]Old Vision Slot[1][1] Coord: 0: 2559, 16437; 1: 7581, 16659; 2: 7687, 14272; 3: 2665, 14050
[20240124_13:17:20_037] # [T71825][VisionSlotAddSlotWeightCal][1014]u32Weight: 9, CentreY: 2564.500, DisY: 1276.500, SlotAng: 176.999
[20240124_13:17:20_037] # [T71826][VisionSlotAdd][1576]New Vision Slot[1][1] Coord: 0: 2559, 16437; 1: 7581, 16660; 2: 7687, 14273; 3: 2665, 14050
[20240124_13:17:20_048] # [T71826][VisionSlotAdd][1600]vision slot [1][1], u32Weight: 9, Sum: 1173, SlotAng: 2.541, CurSlotAng: 2.686
[20240124_13:17:20_100] # [T71892][APAVisionOblAdd][1323]Vision Obl merge: 62
[20240124_13:17:20_103] # [T71892][APAVisionOblAdd][1326]Receive Vision Obl CrossPointCoord: 0: -7971, 16243; 1: -3251, 16382
[20240124_13:17:20_103] # [T71892][APAVisionOblInfoDebugPrint][118]VisionOblInfo:
[20240124_13:17:20_104] # [T71893][APAVisionOblInfoDebugPrint][119]OblType: 0, bIsMerge 0, DetectCount 100
[20240124_13:17:20_104] # [T71893][APAVisionOblInfoDebugPrint][122]CrossPointCoord: 0: -8037, 16232; 1: -3238, 16383
[20240124_13:17:20_104] # [T71894][APAVisionOblInfoDebugPrint][125]OriginCrossPointCoord: 0: 8012, 3471; 1: 3293, 3636
[20240124_13:17:20_104] # [T71894][APAVisionOblInfoDebugPrint][126]VehCoordAndAng: 21, 12728, ang -0.006(-0.315)
[20240124_13:17:20_104] # [T71895][APAVisionOblInfoDebugPrint][127] 
[20240124_13:17:20_109] # [T71895][APAVisionOblAdd][1323]Vision Obl merge: 63
[20240124_13:17:20_110] # [T71895][APAVisionOblAdd][1326]Receive Vision Obl CrossPointCoord: 0: 2561, 16449; 1: 7574, 16684
[20240124_13:17:20_110] # [T71896][APAVisionOblInfoDebugPrint][118]VisionOblInfo:
[20240124_13:17:20_111] # [T71896][APAVisionOblInfoDebugPrint][119]OblType: 0, bIsMerge 0, DetectCount 100
[20240124_13:17:20_111] # [T71896][APAVisionOblInfoDebugPrint][122]CrossPointCoord: 0: 2546, 16443; 1: 7565, 16673
[20240124_13:17:20_111] # [T71897][APAVisionOblInfoDebugPrint][125]OriginCrossPointCoord: 0: -2520, 3735; 1: -7531, 3998
[20240124_13:17:20_111] # [T71897][APAVisionOblInfoDebugPrint][126]VehCoordAndAng: 21, 12728, ang -0.006(-0.315)
[20240124_13:17:20_111] # [T71898][APAVisionOblInfoDebugPrint][127] 
[20240124_13:17:20_111] # [T71898][VisionSlotAddValidCheck][893]Vision slot Length: 2217,2217, Depth 4721,4721
[20240124_13:17:20_112] # [T71899][VisionSlotAdd][1521]Added Vision Slot[0][3] Num 4 OriCoord: 0: 3293, 3636; 1: 8012, 3471; 2: 7935, 1255; 3: 3216, 1420
[20240124_13:17:20_112] # [T71899][VisionSlotAdd][1522]VehCoordAndAngle: 21, 12728, ang -0.006 (-0.315)
[20240124_13:17:20_112] # [T71900][VisionSlotAdd][1523]Current VehPos: 21, 12778, ang -0.006 (-0.317)
[20240124_13:17:20_116] # [T71900][VisionSlotAdd][1528]Convert Vision Slot[0][3] Coord: 0: -3251, 16382; 1: -7971, 16243; 2: -7906, 14026; 3: -3186, 14165
[20240124_13:17:20_116] # [T71901][VisionSlotAdd][1533]Old Vision Slot[0][3] Coord: 0: -3234, 16364; 1: -8033, 16221; 2: -7966, 13987; 3: -3167, 14129
[20240124_13:17:20_116] # [T71902][VisionSlotAddSlotWeightCal][1014]u32Weight: 9, CentreY: 2528.000, DisY: 1240.000, SlotAng: -2.003
[20240124_13:17:20_117] # [T71902][VisionSlotAdd][1576]New Vision Slot[0][3] Coord: 0: -3234, 16364; 1: -8032, 16221; 2: -7966, 13987; 3: -3168, 14129
[20240124_13:17:20_117] # [T71903][VisionSlotAdd][1600]vision slot [0][3], u32Weight: 9, Sum: 1229, SlotAng: -178.303, CurSlotAng: -178.313
[20240124_13:17:20_117] # [T71904][VisionSlotAddValidCheck][893]Vision slot Length: 2374,2374, Depth 5017,5016
[20240124_13:17:20_117] # [T71904][VisionSlotAdd][1521]Added Vision Slot[1][1] Num 2 OriCoord: 0: -2520, 3735; 1: -7531, 3998; 2: -7655, 1627; 3: -2645, 1364
[20240124_13:17:20_117] # [T71905][VisionSlotAdd][1522]VehCoordAndAngle: 21, 12728, ang -0.006 (-0.315)
[20240124_13:17:20_118] # [T71905][VisionSlotAdd][1523]Current VehPos: 21, 12778, ang -0.006 (-0.317)
[20240124_13:17:20_118] # [T71906][VisionSlotAdd][1528]Convert Vision Slot[1][1] Coord: 0: 2561, 16449; 1: 7574, 16684; 2: 7685, 14313; 3: 2673, 14077
[20240124_13:17:20_118] # [T71906][VisionSlotAdd][1533]Old Vision Slot[1][1] Coord: 0: 2559, 16437; 1: 7581, 16660; 2: 7687, 14273; 3: 2665, 14050
[20240124_13:17:20_118] # [T71907][VisionSlotAddSlotWeightCal][1014]u32Weight: 9, CentreY: 2549.500, DisY: 1261.500, SlotAng: 176.995
[20240124_13:17:20_123] # [T71908][VisionSlotAdd][1576]New Vision Slot[1][1] Coord: 0: 2559, 16437; 1: 7581, 16660; 2: 7687, 14273; 3: 2665, 14050
[20240124_13:17:20_123] # [T71909][VisionSlotAdd][1600]vision slot [1][1], u32Weight: 9, Sum: 1182, SlotAng: 2.543, CurSlotAng: 2.689
[20240124_13:17:20_123] # [T71910][APARadarFilterSaveOblPointToSlotBuf][832]******  Outline[1] cnt [26] Point[24]  *******
[20240124_13:17:20_127] # [T71910][APARadarFilterSaveOblPointToSlotBuf][833]VehCoord[1][24]: 21, 12717, VehAng: -5
[20240124_13:17:20_128] # [T71911][APARadarFilterSaveOblPointToSlotBuf][834]OblCoord[1][24]: 2007, 16058, Dis: 1034, Big: 0
[20240124_13:17:20_128] # 
[20240124_13:17:20_158] #   71938-task_radar-118: RadarCaptureCnt is 333 
[20240124_13:17:20_158] # 
[20240124_13:17:20_171] # [T71960][APARadarFilterSaveOblPointToSlotBuf][832]******  Outline[0] cnt [37] Point[35]  *******
[20240124_13:17:20_172] # [T71961][APARadarFilterSaveOblPointToSlotBuf][833]VehCoord[0][35]: 21, 12729, VehAng: -5
[20240124_13:17:20_183] # [T71961][APARadarFilterSaveOblPointToSlotBuf][834]OblCoord[0][35]: -911, 15904, Dis: 32767, Big: 0
[20240124_13:17:20_183] # 
[20240124_13:17:20_183] # [T71972][APAVisionOblAdd][1323]Vision Obl merge: 62
[20240124_13:17:20_184] # [T71972][APAVisionOblAdd][1326]Receive Vision Obl CrossPointCoord: 0: -8025, 16206; 1: -3235, 16347
[20240124_13:17:20_184] # [T71972][APAVisionOblInfoDebugPrint][118]VisionOblInfo:
[20240124_13:17:20_184] # [T71973][APAVisionOblInfoDebugPrint][119]OblType: 0, bIsMerge 0, DetectCount 100
[20240124_13:17:20_188] # [T71973][APAVisionOblInfoDebugPrint][122]CrossPointCoord: 0: -8037, 16232; 1: -3238, 16383
[20240124_13:17:20_188] # [T71974][APAVisionOblInfoDebugPrint][125]OriginCrossPointCoord: 0: 8066, 3432; 1: 3277, 3600
[20240124_13:17:20_188] # [T71974][APAVisionOblInfoDebugPrint][126]VehCoordAndAng: 21, 12729, ang -0.006(-0.315)
[20240124_13:17:20_188] # [T71975][APAVisionOblInfoDebugPrint][127] 
[20240124_13:17:20_188] # [T71975][APAVisionOblAdd][1323]Vision Obl merge: 63
[20240124_13:17:20_188] # [T71975][APAVisionOblAdd][1326]Receive Vision Obl CrossPointCoord: 0: 2539, 16436; 1: 7581, 16673
[20240124_13:17:20_188] # [T71976][APAVisionOblInfoDebugPrint][118]VisionOblInfo:
[20240124_13:17:20_188] # [T71976][APAVisionOblInfoDebugPrint][119]OblType: 0, bIsMerge 0, DetectCount 100
[20240124_13:17:20_190] # [T71976][APAVisionOblInfoDebugPint][122]CrossPointCoord: 0: 2546, 16443; 1: 7565, 16673
[20240124_13:17:20_190] # [T71977][APAVisionOblInfoDebugPrint][125]OriginCrossPointCoord: 0: -2498, 3720; 1: -7538, 3985
[20240124_13:17:20_190] # [T71977][APAVisionOblInfoDebugPrint][126]VehCoordAndAng: 21, 12729, ang -0.006(-0.315)
[20240124_13:17:20_190] # [T71978][APAVisionOblInfoDebugPrint][127] 
[20240124_13:17:20_190] # [T71978][VisionSlotAddValidCheck][893]Vision slot Length: 2227,2226, Depth 4791,4791
[20240124_13:17:20_192] # [T71979][VisionSlotAdd][1521]Added Vision Slot[0][3] Num 4 OriCoord: 0: 3277, 3600; 1: 8066, 3432; 2: 7988, 1207; 3: 3199, 1374
[20240124_13:17:20_194] # [T71979][VisionSlotAdd][1522]VehCoordAndAngle: 21, 12729, ang -0.006 (-0.315)
[20240124_13:17:20_194] # [T71980][VisionSlotAdd][1523]Current VehPos: 21, 12802, ang -0.006 (-0.318)
[20240124_13:17:20_194] # [T71980][VisionSlotAdd][1528]Convert Vision Slot[0][3] Coord: 0: -3235, 16347; 1: -8025, 16206; 2: -7959, 13980; 3: -3170, 14121
[20240124_13:17:20_194] # [T71981][VisionSlotAdd][1533]Old Vision Slot[0][3] Coord: 0: -3234, 16364; 1: -8032, 16221; 2: -7966, 13987; 3: -3168, 14129
[20240124_13:17:20_194] # [T71982][VisionSlotAddSlotWeightCal][1014]u32Weight: 9, CentreY: 2487.000, DisY: 1199.000, SlotAng: -2.003
[20240124_13:17:20_195] # [T71982][VisionSlotAdd][1576]New Vision Slot[0][3] Coord: 0: -3234, 16364; 1: -8032, 16221; 2: -7966, 13987; 3: -3168, 14129
[20240124_13:17:20_195] # [T71983][VisionSlotAdd][1600]vision slot [0][3], u32Weight: 9, Sum: 1238, SlotAng: -178.303, CurSlotAng: -178.312
[20240124_13:17:20_195] # [T71984][VisionSlotAddValidCheck][893]Vision slot Length: 2363,2364, Depth 5046,5047
[20240124_13:17:20_199] # [T71984][VisionSlotAdd][1521]Added Vision Slot[1][1] Num 2 OriCoord: 0: -2498, 3720; 1: -7538, 3985; 2: -7662, 1624; 3: -2621, 1360
[20240124_13:17:20_199] # [T71985][VisionSlotAdd][1522]VehCoordAndAngle: 21, 12729, ang -0.006 (-0.315)
[20240124_13:17:20_200] # [T71985][VisionSlotAdd][1523]Current VehPos: 21, 12802, ang -0.006 (-0.318)
[20240124_13:17:20_200] # [T71986][VisionSlotAdd][1528]Convert Vision Slot[1][1] Coord: 0: 2539, 16436; 1: 7581, 16673; 2: 7692, 14311; 3: 2649, 14075
[20240124_13:17:20_200] # [T71986][VisionSlotAdd][1533]Old Vision Slot[1][1] Coord: 0: 2559, 16437; 1: 7581, 16660; 2: 7687, 14273; 3: 2665, 14050
[20240124_13:17:20_200] # [T71987][VisionSlotAddSlotWeightCal][1014]u32Weight: 9, CentreY: 2540.000, DisY: 1252.000, SlotAng: 176.996
[20240124_13:17:20_205] # [T71988][VisionSlotAdd][1576]New Vision Slot[1][1] Coord: 0: 2559, 16437; 1: 7581, 16660; 2: 7687, 14273; 3: 2665, 14050
[20240124_13:17:20_205] # [T71988][VisionSlotAdd][1600]vision slot [1][1], u32Weight: 9, Sum: 1191, SlotAng: 2.544, CurSlotAng: 2.688
[20240124_13:17:20_261] # [T72052][APAVisionOblAdd][1323]Vision Obl merge: 62
[20240124_13:17:20_261] # [T72052][APAVisionOblAdd][1326]Receive Vision Obl CrossPointCoord: 0: -8010, 16221; 1: -3230, 16361
[20240124_13:17:20_263] # [T72052][APAVisionOblInfoDebugPrint][118]VisionOblInfo:
[20240124_13:17:20_267] # [T72053][APAVisionOblInfoDebugPrint][119]OblType: 0, bIsMerge 0, DetectCount 100
[20240124_13:17:20_267] # [T72053][APAVisionOblInfoDebugPrint][122]CrossPointCoord: 0: -8037, 16232; 1: -3238, 16383
[20240124_13:17:20_268] # [T72054][APAVisionOblInfoDebugPrint][125]OriginCrossPointCoord: 0: 8051, 3423; 1: 3272, 3590
[20240124_13:17:20_268] # [T72054][APAVisionOblInfoDebugPrint][126]VehCoordAndAng: 21, 12753, ang -0.006(-0.316)
[20240124_13:17:20_268] # [T72055][APAVisionOblInfoDebugPrint][127] 
[20240124_13:17:20_268] # [T72055][APAVisionOblAdd][1323]Vision Obl merge: 63
[20240124_13:17:20_268] # [T72055][APAVisionOblAdd][1326]Receive Vision Obl CrossPointCoord: 0: 2555, 16422; 1: 7564, 16656
[20240124_13:17:20_268] # [T72056][APAVisionOblInfoDebugPrint][118]VisionOblInfo:
[20240124_13:17:20_268] # [T72056][APAVisionOblInfoDebugPrint][119]OblType: 0, bIsMerge 0, DetectCount 100
[20240124_13:17:20_269] # [T72057][APAVisionOblInfoDebugPrint][122]CrossPointCoord: 0: 2546, 16443; 1: 7565, 16673
[20240124_13:17:20_269] # [T72057][APAVisionOblInfoDebugPrint][125]OriginCrossPointCoord: 0: -2514, 3682; 1: -7521, 3944
[20240124_13:17:20_269] # [T72058][APAVisionOblInfoDebugPrint][126]VehCoordAndAng: 21, 12753, ang -0.006(-0.316)
[20240124_13:17:20_269] # [T72058][APAVisionOblInfoDebugPrint][127] 
[20240124_13:17:20_273] # [T72058][VisionSlotAddValidCheck][893]Vision slot Length: 2231,2231, Depth 4781,4781
[20240124_13:17:20_273] # [T72059][VisionSlotAdd][1521]Added Vision Slot[0][3] Num 4 OriCoord: 0: 3272, 3590; 1: 8051, 3423; 2: 7973, 1193; 3: 3194, 1360
[20240124_13:17:20_273] # [T72059][VisionSlotAdd][1522]VehCoordAndAngle: 21, 12753, ang -0.006 (-0.316)
[20240124_13:17:20_273] # [T72060][VisionSlotAdd][1523]Current VehPos: 21, 12826, ang -0.006 (-0.319)
[20240124_13:17:20_273] # [T72060][VisionSlotAdd][1528]Convert Vision Slot[0][3] Coord: 0: -3230, 16361; 1: -8010, 16221; 2: -7944, 13990; 3: -3164, 14131
[20240124_13:17:20_274] # [T72061][VisionSlotAdd][1533]Old Vision Slot[0][3] Coord: 0: -3234, 16364; 1: -8032, 16221; 2: -7966, 13987; 3: -3168, 14129
[20240124_13:17:20_274] # [T72062][VisionSlotAddSlotWeightCal][1014]u32Weight: 10, CentreY: 2475.000, DisY: 1187.000, SlotAng: -2.001
[20240124_13:17:20_274] # [T72062][VisionSlotAdd][1576]New Vision Slot[0][3] Coord: 0: -3234, 16364; 1: -8032, 16221; 2: -7966, 13987; 3: -3168, 14129
[20240124_13:17:20_274] # [T72063][VisionSlotAdd][1600]vision slot [0][3], u32Weight: 10, Sum: 1248, SlotAng: -178.303, CurSlotAng: -178.315
[20240124_13:17:20_274] # [T72064][VisionSlotAddValidCheck][893]Vision slot Length: 2326,2325, Depth 5013,5013
[20240124_13:17:20_277] # [T72064][VisionSlotAdd][1521]Added Vision Slot[1][1] Num 2 OriCoord: 0: -2514, 3682; 1: -7521, 3944; 2: -7643, 1622; 3: -2636, 1359
[20240124_13:17:20_277] # [T72065][VisionSlotAdd][1522]VehCoordAndAngle: 21, 12753, ang -0.006 (-0.316)
[20240124_13:17:20_277] # [T72065][VisionSlotAdd][1523]Current VehPos: 21, 12826, ang -0.006 (-0.319)
[20240124_13:17:20_277] # [T72066][VisionSlotAdd][1528]Convert Vision Slot[1][1] Coord: 0: 2555, 16422; 1: 7564, 16656; 2: 7673, 14333; 3: 2664, 14098
[20240124_13:17:20_277] # [T72066][VisionSlotAdd][1533]Old Vision Slot[1][1] Coord: 0: 2559, 16437; 1: 7581, 16660; 2: 7687, 14273; 3: 2665, 14050
[20240124_13:17:20_279] # [T72067][VisionSlotAddSlotWeightCal][1014]u32Weight: 9, CentreY: 2520.500, DisY: 1232.500, SlotAng: 176.999
[20240124_13:17:20_279] # [T72068][VisionSlotAdd][1576]New Vision Slot[1][1] Coord: 0: 2559, 16437; 1: 7581, 16660; 2: 7687, 14274; 3: 2665, 14050
[20240124_13:17:20_281] # [T72068][VisionSlotAdd][1600]vision slot [1][1], u32Weight: 9, Sum: 1200, SlotAng: 2.545, CurSlotAng: 2.685
[20240124_13:17:20_282] # [T72069][APARadarFilterSaveOblPointToSlotBuf][832]******  Outline[1] cnt [27] Point[25]  *******
[20240124_13:17:20_282] # [T72070][APARadarFilterSaveOblPointToSlotBuf][833]VehCoord[1][25]: 21, 12755, VehAng: -5
[20240124_13:17:20_282] # [T72071][APARadarFilterSaveOblPointToSlotBuf][834]OblCoord[1][25]: 3757, 16394, Dis: 2782, Big: 0
[20240124_13:17:20_282] # 
[20240124_13:17:20_282] # [T72071][APARadarFilterSaveOblPointToSlotBuf][832]******  Outline[0] cnt [35] Point[33]  *******
[20240124_13:17:20_282] # [T72072][APARadarFilterSaveOblPointToSlotBuf][833]VehCoord[0][33]: 21, 12755, VehAng: -5
[20240124_13:17:20_300] # [T72072][APARadarFilterSaveOblPointToSlotBuf][834]OblCoord[0][33]: -3314, 16370, Dis: 2421, Big: 0
[20240124_13:17:20_300] # 
[20240124_13:17:20_322] # [T72113][APARadarFilterSaveOblPointToSlotBuf][832]******  Outline[1] cnt [28] Point[26]  *******
[20240124_13:17:20_322] # [T72113][APARadarFilterSaveOblPointToSlotBuf][833]VehCoord[1][26]: 21, 12767, VehAng: -5
[20240124_13:17:20_329] # [T72113][APARadarFilterSaveOblPointToSlotBuf][834]OblCoord[1][26]: 3753, 16406, Dis: 2778, Big: 0
[20240124_13:17:20_329] # 
[20240124_13:17:20_329] # [T72114][APARadarFilterSaveOblPointToSlotBuf][832]******  Outline[0] cnt [36] Point[34]  *******
[20240124_13:17:20_329] # [T72115][APARadarFilterSaveOblPointToSlotBuf][833]VehCoord[0][34]: 21, 12767, VehAng: -5
[20240124_13:17:20_344] # [T72115][APARadarFilterSaveOblPointToSlotBuf][834]OblCoord[0][34]: -3319, 16383, Dis: 2426, Big: 0
[20240124_13:17:20_344] # 
[20240124_13:17:20_344] # [T72134][APAVisionOblAdd][1323]Vision Obl merge: 62
[20240124_13:17:20_344] # [T72134][APAVisionOblAdd][1326]Receive Vision Obl CrossPointCoord: 0: -8020, 16244; 1: -3242, 16385
[20240124_13:17:20_344] # [T72134][APAVisionOblInfoDebugPrint][118]VisionOblInfo:
[20240124_13:17:20_345] # [T72135][APAVisionOblInfoDebugPrint][119]OblType: 0, bIsMerge 0, DetectCount 100
[20240124_13:17:20_349] # [T72135][APAVisionOblInfoDebugPrint][122]CrossPointCoord: 0: -8037, 16232; 1: -3238, 16383
[20240124_13:17:20_351] # [T72136][APAVisionOblInfoDebugPrint][125]OriginCrossPointCoord: 0: 8061, 3422; 1: 3284, 3589
[20240124_13:17:20_351] # [T72136][APAVisionOblInfoDebugPrint][126]VehCoordAndAng: 21, 12778, ang -0.006(-0.317)
[20240124_13:17:20_351] # [T72137][APAVisionOblInfoDebugPrint][127] 
[20240124_13:17:20_351] # [T72137][APAVisionOblAdd][1323]Vision Obl merge: 63
[20240124_13:17:20_351] # [T72137][APAVisionOblAdd][1326]Receive Vision Obl CrossPointCoord: 0: 2532, 16424; 1: 7537, 16658
[20240124_13:17:20_351] # [T72138][APAVisionOblInfoDebugPrint][118]ViionOblInfo:
[20240124_13:17:20_351] # [T72138][APAVisionOblInfoDebugPrint][119]OblType: 0, bIsMerge 0, DetectCount 100
[20240124_13:17:20_351] # [T72138][APAVisionOblInfoDebugPrint][122]CrossPointCoord: 0: 2546, 16443; 1: 7565, 16673
[20240124_13:17:20_352] # [T72139][APAVisionOblInfoDebugPrint][125]OriginCrossPointCoord: 0: -2491, 3660; 1: -7494, 3922
[20240124_13:17:20_352] # [T72139][APAVisionOblInfoDebugPrint][126]VehCoordAndAng: 21, 12778, ang -0.006(-0.317)
[20240124_13:17:20_352] # [T72140][APAVisionOblInfoDebugPrint][127] 
[20240124_13:17:20_352] # [T72140][VisionSlotAddValidCheck][893]Vision slot Length: 2231,2231, Depth 4779,4779
[20240124_13:17:20_352] # [T72141][VisionSlotAdd][1521]Added Vision Slot[0][3] Num 4 OriCoord: 0: 3284, 3589; 1: 8061, 3422; 2: 7983, 1192; 3: 3206, 1359
[20240124_13:17:20_355] # [T72141][VisionSlotAdd][1522]VehCoordAndAngle: 21, 12778, ang -0.006 (-0.317)
[20240124_13:17:20_355] # [T72142][VisionSlotAdd][1523]Current VehPos: 22, 12874, ang -0.006 (-0.321)
[20240124_13:17:20_356] # [T72142][VisionSlotAdd][1528]Convert Vision Slot[0][3] Coord: 0: -3242, 16385; 1: -8020, 16244; 2: -7954, 14014; 3: -3176, 14154
[20240124_13:17:20_356] # [T72143][VisionSlotAdd][1533]Old Vision Slot[0][3] Coord: 0: -3234, 16364; 1: -8032, 16221; 2: -7966, 13987; 3: -3168, 14129
[20240124_13:17:20_356] # [T72144][VisionSlotAddSlotWeightCal][1014]u32Weight: 10, CentreY: 2474.000, DisY: 1186.000, SlotAng: -2.002
[20240124_13:17:20_356] # [T72144][VisionSlotAdd][1576]New Vision Slot[0][3] Coord: 0: -3234, 16364; 1: -8032, 16222; 2: -7966, 13987; 3: -3168, 14129
[20240124_13:17:20_356] # [T72145][VisionSlotAdd][1600]vision slot [0][3], u32Weight: 10, Sum: 1258, SlotAng: -178.303, CurSlotAng: -178.315
[20240124_13:17:20_357] # [T72146][VisionSlotAddValidCheck][893]Vision slot Length: 2367,2367, Depth 5009,5010
[20240124_13:17:20_357] # [T72146][VisionSlotAdd][1521]Added Vision Slot[1][1] Num 2 OriCoord: 0: -2491, 3660; 1: -7494, 3922; 2: -7618, 1558; 3: -2614, 1296
[20240124_13:17:20_357] # [T72147][VisionSlotAdd][1522]VehCoordAndAngle: 21, 12778, ang -0.006 (-0.317)
[20240124_13:17:20_363] # [T72147][VisionSlotAdd][1523]Current VehPos: 22, 12874, ang -0.006 (-0.321)
[20240124_13:17:20_363] # [T72148][VisionSlotAdd][1528]Convert Vision Slot[1][1] Coord: 0: 2532, 16424; 1: 7537, 16658; 2: 7648, 14293; 3: 2642, 14059
[20240124_13:17:20_363] # [T72148][VisionSlotAdd][1533]Old Vision Slot[1][1] Coord: 0: 2559, 16437; 1: 7581, 16660; 2: 7687, 14274; 3: 2665, 14050
[20240124_13:17:20_363] # [T72149][VisionSlotAddSlotWeightCal][1014]u32Weight: 10, CentreY: 2478.000, DisY: 1190.000, SlotAng: 177.003
[20240124_13:17:20_364] # [T72150][VisionSlotAdd][1576]New Vision Slot[1][1] Coord: 0: 2558, 16437; 1: 7581, 16660; 2: 7687, 14274; 3: 2664, 14051
[20240124_13:17:20_372] # [T72150][VisionSlotAdd][1600]vision slot [1][1], u32Weight: 10, Sum: 1210, SlotAng: 2.546, CurSlotAng: 2.680
[20240124_13:17:20_372] # [T72163][APARadarFilterSaveOblPointToSlotBuf][832]******  Outline[1] cnt [29] Point[27]  *******
[20240124_13:17:20_372] # [T72163][APARadarFilterSaveOblPointToSlotBuf][833]VehCoord[1][27]: 21, 12778, VehAng: -5
[20240124_13:17:20_393] # [T72164][APARadarFilterSaveOblPointToSlotBuf][834]OblCoord[1][27]: 3754, 16417, Dis: 2779, Big: 0
[20240124_13:17:20_393] # 
[20240124_13:17:20_425] # [T72214][APAVisionOblAdd][1323]Vision Obl merge: 62
[20240124_13:17:20_426] # [T72214][APAVisionOblAdd][1326]Receive Vision Obl CrossPointCoord: 0: -8049, 16250; 1: -3232, 16391
[20240124_13:17:20_426] # [T72215][APAVisionOblInfoDebugPrint][118]VisionOblInfo:
[20240124_13:17:20_426] # [T72215][APAVisionOblInfoDebugPrint][119]OblType: 0, bIsMerge 0, DetectCount 100
[20240124_13:17:20_428] # [T72215][APAVisionOblInfoDebugPrint][122]CrossPointCoord: 0: -8037, 16232; 1: -3238, 16383
[20240124_13:17:20_429] # [T72216][APAVisionOblInfoDebugPrint][125]OriginCrossPointCoord: 0: 8090, 3403; 1: 3274, 3571
[20240124_13:17:20_429] # [T72217][APAVisionOblInfoDebugPrint][126]VehCoordAndAng: 21, 12802, ang -0.006(-0.318)
[20240124_13:17:20_429] # [T72217][APAVisionOblInfoDebugPrint][127] 
[20240124_13:17:20_429] # [T72217][APAVisionOblAdd][1323]Vision Obl merge: 63
[20240124_13:17:20_429] # [T72218][APAVisionOblAdd][1326]Receive Vision Obl CrossPointCoord: 0: 2554, 16441; 1: 7537, 16674
[20240124_13:17:20_429] # [T72218][APAVisionOblInfoDebugPrint][118]VisionOblInfo:
[20240124_13:17:20_430] # [T72218][APAVisionOblInfoDebugPrint][119]OblType: 0, bIsMerge 0, DetectCount 100
[20240124_13:17:20_430] # [T72219][APAVisionOblInfoDebugPrint][122]CrossPointCoord: 0: 2546, 16443; 1: 7565, 16673
[20240124_13:17:20_430] # [T72219][APAVisionOblInfoDebugPrint][125]OriginCrossPointCoord: 0: -2512, 3653; 1: -7494, 3914
[20240124_13:17:20_434] # [T72220][APAVisionOblInfoDebugPrint][126]VehCoordAndAng: 21, 12802, ang -0.006(-0.318)
[20240124_13:17:20_434] # [T72220][APAVisionOblInfoDebugPrint][127] 
[20240124_13:17:20_434] # [T72221][VisionSlotAddValidCheck][893]Vision slot Length: 2243,2243, Depth 4818,4818
[20240124_13:17:20_434] # [T72221][VisionSlotAdd][1521]Added Vision Slot[0][3] Num 4 OriCoord: 0: 3274, 3571; 1: 8090, 3403; 2: 8012, 1161; 3: 3196, 1329
[20240124_13:17:20_434] # [T72222][VisionSlotAdd][1522]VehCoordAndAngle: 21, 12802, ang -0.006 (-0.318)
[20240124_13:17:20_434] # [T72222][VisionSlotAdd][1523]Current VehPos: 22, 12902, ang -0.006 (-0.322)
[20240124_13:17:20_435] # [T72223][VisionSlotAdd][1528]Convert Vision Slot[0][3] Coord: 0: -3232, 16391; 1: -8049, 16250; 2: -7983, 14007; 3: -3166, 14148
[20240124_13:17:20_435] # [T72223][VisionSlotAdd][1533]Old Vision Slot[0][3] Coord: 0: -3234, 16364; 1: -8032, 16222; 2: -7966, 13987; 3: -3168, 14129
[20240124_13:17:20_435] # [T72224][VisionSlotAddSlotWeightCal][1014]u32Weight: 10, CentreY: 2450.000, DisY: 1162.000, SlotAng: -1.998
[20240124_13:17:20_440] # [T72225][VisionSlotAdd][1576]New Vision Slot[0][3] Coord: 0: -3234, 16364; 1: -8032, 16222; 2: -7966, 13987; 3: -3168, 14129
[20240124_13:17:20_440] # [T72225][VisionSlotAdd][1600]vision slot [0][3], u32Weight: 10, Sum: 1268, SlotAng: -178.303, CurSlotAng: -178.320
[20240124_13:17:20_440] # [T72226][VisionSlotAddValidCheck][893]Vision slot Length: 2360,2360, Depth 4988,4987
[20240124_13:17:20_441] # [T72226][VisionSlotAdd][1521]Added Vision Slot[1][1] Num 2 OriCoord: 0: -2512, 3653; 1: -7494, 3914; 2: -7617, 1557; 3: -2636, 1296
[20240124_13:17:20_441] # [T72227][VisionSlotAdd][1522]VehCoordAndAngle: 21, 12802, ang -0.006 (-0.318)
[20240124_13:17:20_441] # [T72228][VisionSlotAdd][1523]Current VehPos: 22, 12902, ang -0.006 (-0.322)
[20240124_13:17:20_441] # [T72228][VisionSlotAdd][1528]Convert Vision Slot[1][1] Coord: 0: 2554, 16441; 1: 7537, 16674; 2: 7647, 14316; 3: 2664, 14083
[20240124_13:17:20_441] # [T72229][VisionSlotAdd][1533]Old Vision Slot[1][1] Coord: 0: 2558, 16437; 1: 7581, 16660; 2: 7687, 14274; 3: 2664, 14051
[20240124_13:17:20_442] # [T72229][VisionSlotAddSlotWeightCal][1014]u32Weight: 10, CentreY: 2474.500, DisY: 1186.500, SlotAng: 177.001
[20240124_13:17:20_443] # [T72230][VisionSlotAdd][1576]New Vision Slot[1][1] Coord: 0: 2558, 16437; 1: 7580, 16660; 2: 7687, 14274; 3: 2664, 14051
[20240124_13:17:20_454] # [T72231][VisionSlotAdd][1600]vision slot [1][1], u32Weight: 10, Sum: 1220, SlotAng: 2.547, CurSlotAng: 2.681
[20240124_13:17:20_490] # [T72281][CornerInfoMsg30ToPerceptionSend][862]CornerCoord: 0: 0, 0; 1: 0, 0; 2: 0, 0; 3: 0, 0
[20240124_13:17:20_501] # [T72282][CornerInfoMsg30ToPerceptionSend][864]VehLocation 0, Gear 0, OperatingState 2
[20240124_13:17:20_503] # [T72295][APAVisionOblAdd][1323]Vision Obl merge: 62
[20240124_13:17:20_508] # [T72295][APAVisionOblAdd][1326]Receive Vision Obl CrossPointCoord: 0: -8004, 16271; 1: -3261, 16411
[20240124_13:17:20_508] # [T72295][APAVisionOblInfoDebugPrint][118]VisionOblInfo:
[20240124_13:17:20_508] # [T72296][APAVisionOblInfoDebugPrint][119]OblType: 0, bIsMerge 0, DetectCount 100
[20240124_13:17:20_508] # [T72296][APAVisionOblInfoDebugPrint][122]CrossPointCoord: 0: -8037, 16232; 1: -3238, 16383
[20240124_13:17:20_508] # [T72297][APAVisionOblInfoDebugPrint][125]OriginCrossPointCoord: 0: 8046, 3380; 1: 3303, 3546
[20240124_13:17:20_509] # [T72297][APAVisionOblInfoDebugPrint][126]VehCoordAndAng: 22, 12846, ang -0.006(-0.320)
[20240124_13:17:20_509] # [T72298][APAVisionOblInfoDebugPrint][127] 
[20240124_13:17:20_509] # [T72298][APAVisionOblAdd][1323]Vision Obl merge: 63
[20240124_13:17:20_509] # [T72298][APAVisionOblAdd][1326]Receive VisionObl CrossPointCoord: 0: 2543, 16481; 1: 7576, 16717
[20240124_13:17:20_512] # [T72299][APAVisionOblInfoDebugPrint][118]VisionOblInfo:
[20240124_13:17:20_512] # [T72299][APAVisionOblInfoDebugPrint][119]OblType: 0, bIsMerge 0, DetectCount 100
[20240124_13:17:20_513] # [T72299][APAVisionOblInfoDebugPrint][122]CrossPointCoord: 0: 2546, 16443; 1: 7565, 16673
[20240124_13:17:20_513] # [T72300][APAVisionOblInfoDebugPrint][125]OriginCrossPointCoord: 0: -2501, 3649; 1: -7533, 3913
[20240124_13:17:20_513] # [T72300][APAVisionOblInfoDebugPrint][126]VehCoordAndAng: 22, 12846, an -0.006(-0.320)
[20240124_13:17:20_513] # [T72301][APAVisionOblInfoDebugPrint][127] 
[20240124_13:17:20_513] # [T72301][VisionSlotAddValidCheck][893]Vision slot Length: 2238,2238, Depth 4745,4745
[20240124_13:17:20_514] # [T72302][VisionSlotAdd][1521]Added Vision Slot[0][3] Num 4 OriCoord: 0: 3303, 3546; 1: 8046, 3380; 2: 7968, 1143; 3: 3225, 1309
[20240124_13:17:20_514] # [T72302][VisionSlotAdd][1522]VehCoordAndAngle: 22, 12846, ang -0.006 (-0.320)
[20240124_13:17:20_514] # [T72303][VisionSlotAdd][1523]Current VehPos: 22, 12926, ang -0.006 (-0.323)
[20240124_13:17:20_517] # [T72303][VisionSlotAdd][1528]Convert Vision Slot[0][3] Coord: 0: -3261, 16411; 1: -8004, 16271; 2: -7939, 14034; 3: -3195, 14173
[20240124_13:17:20_518] # [T72304][VisionSlotAdd][1533]Old Vision Slot[0][3] Coord: 0: -3234, 16364; 1: -8032, 16222; 2: -7966, 13987; 3: -3168, 14129
[20240124_13:17:20_518] # [T72305][VisionSlotAddSlotWeightCal][1014]u32Weight: 10, CentreY: 2427.500, DisY: 1139.500, SlotAng: -2.004
[20240124_13:17:20_518] # [T72305][VisionSlotAdd][1576]New Vision Slot[0][3] Coord: 0: -3234, 16364; 1: -8032, 16222; 2: -7965, 13988; 3: -3168, 14130
[20240124_13:17:20_518] # [T72306][VisionSlotAdd][1600]vision slot [0][3], u32Weight: 10, Sum: 1278, SlotAng: -178.303, CurSlotAng: -178.316
[20240124_13:17:20_518] # [T72307][VisionSlotAddValidCheck][893]Vision slot Length: 2372,2372, Depth 5038,5038
[20240124_13:17:20_519] # [T72307][VisionSlotAdd][1521]Added Vision Slot[1][1] Num 2 OriCoord: 0: -2501, 3649; 1: -7533, 3913; 2: -7657, 1544; 3: -2625, 1280
[20240124_13:17:20_519] # [T72308][VisionSlotAdd][1522]VehCoordAndAngle: 22, 12846, ang -0.006 (-0.320)
[20240124_13:17:20_519] # [T72308][VisionSlotAdd][1523]Current VehPos: 22, 12926, ang -0.006 (-0.323)
[20240124_13:17:20_522] # [T72309][VisionSlotAdd][1528]Convert Vision Slot[1][1] Coord: 0: 2543, 16481; 1: 7576, 16717; 2: 7687, 14348; 3: 2654, 14112
[20240124_13:17:20_522] # [T72309][VisionSlotAdd][1533]Old Vision Slot[1][1] Coord: 0: 2558, 16437; 1: 7580, 16660; 2: 7687, 14274; 3: 2664, 14051
[20240124_13:17:20_522] # [T72310][VisionSlotAddSlotWeightCal][1014]u32Weight: 10, CentreY: 2464.500, DisY: 1176.500, SlotAng: 176.997
[20240124_13:17:20_522] # [T72311][VisionSlotAdd][1576]New Vision Slot[1][1] Coord: 0: 2558, 16437; 1: 7580, 16660; 2: 7687, 14275; 3: 2664, 14051
[20240124_13:17:20_525] # [T72311][VisionSlotAdd][1600]vision slot [1][1], u32Weight: 10, Sum: 1230, SlotAng: 2.548, CurSlotAng: 2.683
[20240124_13:17:20_525] # [T72316][APARadarFilterSaveOblPointToSlotBuf][832]******  Outline[0] cnt [37] Point[35]  *******
[20240124_13:17:20_534] # [T72316][APARadarFilterSaveOblPointToSlotBuf][833]VehCoord[0][35]: 21, 12826, VehAng: -5
[20240124_13:17:20_534] # [T72317][APARadarFilterSaveOblPointToSlotBuf][834]OblCoord[0][35]: -911, 16001, Dis: 32767, Big: 0
[20240124_13:17:20_534] # 
[20240124_13:17:20_580] # [T72367][APARadarFilterSaveOblPointToSlotBuf][832]******  Outline[1] cnt [29] Point[27]  *******
[20240124_13:17:20_580] # [T72368][APARadarFilterSaveOblPointToSlotBuf][833]VehCoord[1][27]: 21, 12826, VehAng: -5
[20240124_13:17:20_580] # [T72368][APARadarFilterSaveOblPointToSlotBuf][834]OblCoord[1][27]: 3000, 16336, Dis: 2025, Big: 0
[20240124_13:17:20_580] # 
[20240124_13:17:20_580] # [T72369][APARadarFilterSaveOblPointToSlotBuf][832]******  Outline[0] cnt [38] Point[36]  *******
[20240124_13:17:20_580] # [T72369][APARadarFilterSaveOblPointToSlotBuf][833]VehCoord[0][36]: 21, 12826, VehAng: -5
[20240124_13:17:20_587] # [T72370][APARadarFilterSaveOblPointToSlotBuf][834]OblCoord[0][36]: -911, 16001, Dis: 32767, Big: 0
[20240124_13:17:20_587] # 
[20240124_13:17:20_587] # [T72378][APAVisionOblAdd][1323]Vision Obl merge: 62
[20240124_13:17:20_587] # [T72378][APAVisionOblAdd][1326]Receive Vision Obl CrossPointCoord: 0: -8005, 16252; 1: -3236, 16391
[20240124_13:17:20_592] # [T72378][APAVisionOblInfoDebugPrint][118]VisionOblInfo:
[20240124_13:17:20_593] # [T72379][APAVisionOblInfoDebugPrint][119]OblType: 0, bIsMerge 0, DetectCount 100
[20240124_13:17:20_593] # [T72379][APAVisionOblInfoDebugPrint][122]CrossPointCoord: 0: -8037, 16232; 1: -3238, 16383
[20240124_13:17:20_593] # [T72380][APAVisionOblInfoDebugPrint][125]OriginCrossPointCoord: 0: 8046, 3333; 1: 3278, 3499
[20240124_13:17:20_593] # [T72380][APAVisionOblInfoDebugPrint][126]VehCoordAndAng: 22, 12874, ang -0.006(-0.321)
[20240124_13:17:20_593] # [T72381][APAVisionOblInfoDebugPrint][127] 
[20240124_13:17:20_593] # [T72381][APAVisionOblAdd][1323]Vision Obl merge: 63
[20240124_13:17:20_594] # [T72381][APAVisionOblAdd][1326]Receive Vision Obl CrossPointCoord: 0: 2578, 1463; 1: 7599, 16698
[20240124_13:17:20_594] # [T72382][APAVisionOblInfoDebugPrint][118]VisonOblInfo:
[20240124_13:17:20_594] # [T72382][APAVisionOblInfoDebugPrint][119]OblType: 0,bIsMerge 0, DetectCount 100
[20240124_13:17:20_597] # [T72382][APAVisionOblInfoDebugPrint][122]CrossPointCoord: 0: 2546, 16443; 1: 7565, 16673
[20240124_13:17:20_597] # [T72383][APAVisionOblInfoDebugPrint][125]OriginCrossPointCoord: 0: -2536, 3603; 1: -7556, 3866
[20240124_13:17:20_597] # [T72383][APAVisionOblInfoDebugPrint][126]VehCoordAndAng: 22, 12874, ang -0.006(-0.321)
[20240124_13:17:20_597] # [T72384][APAVisionOblInfoDebugPrint][127] 
[20240124_13:17:20_598] # [T72384][VisionSlotAddValidCheck][893]Vision slot Length: 2231,2231, Depth 4770,4770
[20240124_13:17:20_598] # [T72385][VisionSlotAdd][1521]Added Vision Slot[0][3] Num 4 OriCoord: 0: 3278, 3499; 1: 8046, 3333; 2: 7968, 1103; 3: 3200, 1269
[20240124_13:17:20_598] # [T72385][VisionSlotAdd][1522]VehCoordAndAngle: 22, 12874, ang -0.006 (-0.321)
[20240124_13:17:20_598] # [T72386][VisionSlotAdd][1523]Current VehPos: 22, 12975, ang -0.006 (-0.325)
[20240124_13:17:20_598] # [T72386][VisionSlotAdd][1528]Convert Vision Slot[0][3] Coord: 0: -3236, 16391; 1: -8005, 16252; 2: -7939, 14022; 3: -3170, 14161
[20240124_13:17:20_598] # [T72387][VisionSlotAdd][1533]Old Vision Slot[0][3] Coord: 0: -3234, 16364; 1: -8032, 16222; 2: -7965, 13988; 3: -3168, 14130
[20240124_13:17:20_599] # [T72388][VisionSlotAddSlotWeightCal][1014]u32Weight: 11, CentreY: 2384.000, DisY: 1096.000, SlotAng: -1.994
[20240124_13:17:20_602] # [T72388][VisionSlotAdd][1576]New Vision Slot[0][3] Coord: 0: -3234, 16364; 1: -8031, 16222; 2: -7965, 13988; 3: -3168, 14130
[20240124_13:17:20_602] # [T72389][VisionSlotAdd][1600]vision slot [0][3], u32Weight: 11, Sum: 1289, SlotAng: -178.303, CurSlotAng: -178.327
[20240124_13:17:20_602] # [T72390][VisionSlotAddValidCheck][893]Vision slot Length: 2374,2374, Depth 5026,5027
[20240124_13:17:20_602] # [T72390][VisionSlotAdd][1521]Added Vision Slot[1][1] Num 2 OriCoord: 0: -2536, 3603; 1: -7556, 3866; 2: -7681, 1495; 3: -2660, 1232
[20240124_13:17:20_602] # [T72391][VisionSlotAdd][1522]VehCoordAndAngle: 22, 12874, ang -0.006 (-0.321)
[20240124_13:17:20_603] # [T72391][VisionSlotAdd][1523]Current VehPos: 22, 12975, ang -0.006 (-0.325)
[20240124_13:17:20_603] # [T72392][VisionSlotAdd][1528]Convert Vision Slot[1][1] Coord: 0: 2578, 16463; 1: 7599, 16698; 2: 7711, 14326; 3: 2689, 14091
[20240124_13:17:20_603] # [T72392][VisionSlotAdd][1533]Old Vision Slot[1][1] Coord: 0: 2558, 16437; 1: 7580, 16660; 2: 7687, 14275; 3: 2664, 14051
[20240124_13:17:20_605] # [T72393][VisionSlotAddSlotWeightCal][1014]u32Weight: 10, CentreY: 2417.500, DisY: 1129.500, SlotAng: 177.001
[20240124_13:17:20_606] # [T72394][VisionSlotAdd][1576]New Vision Slot[1][1] Coord: 0: 2558, 16437; 1: 7580, 16661; 2: 7687, 14275; 3: 2664, 14052
[20240124_13:17:20_624] # [T72394][VisionSlotAdd][1600]vision slot [1][1], u32Weight: 10, Sum: 1240, SlotAng: 2.549, CurSlotAng: 2.677
[20240124_13:17:20_628] # [T72418][APARadarFilterSaveOblPointToSlotBuf][832]******  Outline[1] cnt [30] Point[28]  *******
[20240124_13:17:20_628] # [T72418][APARadarFilterSaveOblPointToSlotBuf][833]VehCoord[1][28]: 22, 12850, VehAng: -5
[20240124_13:17:20_641] # [T72419][APARadarFilterSaveOblPointToSlotBuf][834]OblCoord[1][28]: 2998, 16360, Dis: 2022, Big: 0
[20240124_13:17:20_641] # 
[20240124_13:17:20_656] #   72439-task_radar-118: RadarCaptureCnt is 334 
[20240124_13:17:20_656] # 
[20240124_13:17:20_671] # [T72459][APAVisionOblAdd][1323]Vision Obl merge: 62
[20240124_13:17:20_671] # [T72459][APAVisionOblAdd][1326]Receive Vision Obl CrossPointCoord: 0: -8001, 16214; 1: -3253, 16354
[20240124_13:17:20_671] # [T72459][APAVisionOblInfoDebugPrint][118]VisionOblInfo:
[20240124_13:17:20_671] # [T72460][APAVisionOblInfoDebugPrint][119]OblType: 0, bIsMerge 0, DetectCount 100
[20240124_13:17:20_671] # [T72460][APAVisionOblInfoDebugPrint][122]CrossPointCoord: 0: -8037, 16232; 1: -3238, 16383
[20240124_13:17:20_671] # [T72461][APAVisionOblInfoDebugPrint][125]OriginCrossPointCoord: 0: 8042, 3271; 1: 3295, 3437
[20240124_13:17:20_671] # [T72461][APAVisionOblInfoDebugPrint][126]VehCoordAndAng: 22, 12898, ang -0.006(-0.322)
[20240124_13:17:20_673] # [T72462][APAVisionOblInfoDebugPrint][127] 
[20240124_13:17:20_676] # [T72462][APAVisionOblAdd][1323]Vision Obl merge: 63
[20240124_13:17:20_676] # [T72462][APAVisionOblAdd][1326]Receive Vision Obl CrossPointCoord: 0: 2531, 16511; 1: 7646, 16750
[20240124_13:17:20_676] # [T72463][APAVisionOblInfoDebugPrint][118]VisionOblInfo:
[20240124_13:17:20_676] # [T72463][APAVisionOblInfoDebugPrint][119]OblType: 0, bIsMerge 0, DetectCount 100
[20240124_13:17:20_676] # [T72463][APAVisionOblInfoDebugPrint][122]CrossPointCoord: 0: 2546, 16443; 1: 7565, 16673
[20240124_13:17:20_676] # [T72464][APAVisionOblInfoDebugPrint][125]OriginCrossPointCoord: 0: -2489, 3627; 1: -7602, 3895
[20240124_13:17:20_677] # [T72464][APAVisionOblInfoDebugPrint][126]VehCoordAndAng: 22, 12898, ang -0.006(-0.322)
[20240124_13:17:20_677] # [T72465][APAVisionOblInfoDebugPrint][127] 
[20240124_13:17:20_677] # [T72465][VisionSlotAddValidCheck][893]Vision slot Length: 2203,2203, Depth 4749,4749
[20240124_13:17:20_677] # [T72466][VisionSlotAdd][1521]Added Vision Slot[0][3] Num 4 OriCoord: 0: 3295, 3437; 1: 8042, 3271; 2: 7965, 1069; 3: 3218, 1235
[20240124_13:17:20_677] # [T72466][VisionSlotAdd][1522]VehCoordAndAngle: 22, 12898, ang -0.006 (-0.322)
[20240124_13:17:20_681] # [T72467][VisionSlotAdd][1523]Current VehPos: 23, 13023, ang -0.006 (-0.327)
[20240124_13:17:20_681] # [T72467][VisionSlotAdd][1528]Convert Vision Slot[0][3] Coord: 0: -3253, 16354; 1: -8001, 16214; 2: -7936, 14012; 3: -3188, 14151
[20240124_13:17:20_681] # [T72468][VisionSlotAdd][1533]Old Vision Slot[0][3] Coord: 0: -3234, 16364; 1: -8031, 16222; 2: -7965, 13988; 3: -3168, 14130
[20240124_13:17:20_681] # [T72469][VisionSlotAddSlotWeightCal][1014]u32Weight: 11, CentreY: 2336.000, DisY: 1048.000, SlotAng: -2.003
[20240124_13:17:20_682] # [T72469][VisionSlotAdd][1576]New Vision Slot[0][3] Coord: 0: -3234, 16364; 1: -8031, 16222; 2: -7965, 13988; 3: -3168, 14130
[20240124_13:17:20_682] # [T72470][VisionSlotAdd][1600]vision slot [0][3], u32Weight: 11, Sum: 1300, SlotAng: -178.304, CurSlotAng: -178.319
[20240124_13:17:20_682] # [T72471][VisionSlotAddValidCheck][893]Vision slot Length: 2380,2380, Depth 5120,5120
[20240124_13:17:20_686] # [T72471][VisionSlotAdd][1521]Added Vision Slot[1][1] Num 2 OriCoord: 0: -2489, 3627; 1: -7602, 3895; 2: -7726, 1518; 3: -2613, 1250
[20240124_13:17:20_686] # [T72472][VisionSlotAdd][1522]VehCoordAndAngle: 22, 12898, ang -0.006 (-0.322)
[20240124_13:17:20_686] # [T72472][VisionSlotAdd][1523]Current VehPos: 23, 13023, ang -0.006 (-0.327)
[20240124_13:17:20_687] # [T72473][VisionSlotAdd][1528]Convert Vision Slot[1][1] Coord: 0: 2531, 16511; 1: 7646, 16750; 2: 7756, 14373; 3: 2642, 14133
[20240124_13:17:20_687] # [T72473][VisionSlotAdd][1533]Old Vision Slot[1][1] Coord: 0: 2558, 16437; 1: 7580, 16661; 2: 7687, 14275; 3: 2664, 14052
[20240124_13:17:20_687] # [T72474][VisionSlotAddSlotWeightCal][1014]u32Weight: 10, CentreY: 2438.500, DisY: 1150.500, SlotAng: 177.000
[20240124_13:17:20_687] # [T72475][VisionSlotAdd][1576]New Vision Slot[1][1] Coord: 0: 2558, 16438; 1: 7581, 16661; 2: 7687, 14276; 3: 2664, 14052
[20240124_13:17:20_702] # [T72475][VisionSlotAdd][1600]vision slot [1][1], u32Weight: 10, Sum: 1250, SlotAng: 2.550, CurSlotAng: 2.678
[20240124_13:17:20_731] # [T72520][APARadarFilterSaveOblPointToSlotBuf][832]******  Outline[0] cnt [39] Point[37]  *******
[20240124_13:17:20_731] # [T72521][APARadarFilterSaveOblPointToSlotBuf][833]VehCoord[0][37]: 22, 12902, VehAng: -5
[20240124_13:17:20_747] # [T72521][APARadarFilterSaveOblPointToSlotBuf][834]OblCoord[0][37]: -3283, 16512, Dis: 2392, Big: 0
[20240124_13:17:20_747] # 
[20240124_13:17:20_752] # [T72539][APAVisionOblAdd][1323]Vision Obl merge: 63
[20240124_13:17:20_752] # [T72539][APAVisionOblAdd][1326]Receive Vision Obl CrossPointCoord: 0: 2508, 16459; 1: 7569, 16695
[20240124_13:17:20_752] # [T72539][APAVisionOblInfoDebugPrint][118]VisionOblInfo:
[20240124_13:17:20_753] # [T72540][APAVisionOblInfoDebugPrint][119]OblType: 0, bIsMerge 0, DetectCount 100
[20240124_13:17:20_753] # [T72540][APAVisionOblInfoDebugPrint][122]CrossPointCoord: 0: 2546, 16443; 1: 7565, 16673
[20240124_13:17:20_753] # [T72541][APAVisionOblInfoDebugPrint][125]OriginCrossPointCoord: 0: -2466, 3527; 1: -7526, 3792
[20240124_13:17:20_753] # [T72541][APAVisionOblInfoDebugPrint][126]VehCoordAndAng: 22, 12946, ang -0.006(-0.324)
[20240124_13:17:20_753] # [T72542][APAVisionOblInfoDebugPrint][127] 
[20240124_13:17:20_753] # [T72542][APAVisionOblAdd][1323]Vision Obl merge: 62
[20240124_13:17:20_753] # [T72542][APAVisionOblAdd][1326]Receive Vision Obl CrossPointCoord: 0: -8015, 16224; 1: -3259, 16363
[20240124_13:17:20_754] # [T72543][APAVisionOblInfoDebugPrint][118]VisionOblInfo:
[20240124_13:17:20_757] # [T72543][APAVisionOblInfoDebugPrint][119]OblType: 0, bIsMerge 0, DetectCount 100
[20240124_13:17:20_758] # [T72543][APAVisionOblInfoDebugPrint][122]CrossPointCoord: 0: -8037, 16232; 1: -3238, 16383
[20240124_13:17:20_758] # [T72544][APAVisionOblInfoDebugPrint][125]OriginCrossPointCoord: 0: 056, 3233; 1: 3301, 3399
[20240124_13:17:20_758] # [T72544][APAVisionOblInfoDebugPrint][126]VehCoordAndAng: 22, 12946, ang -0.006(-0.324)
[20240124_13:17:20_758] # [T72545][APAVisionOblInfoDebugPrint][127] 
[20240124_13:17:20_758] # [T72545][VisionSlotAddValidCheck][893]Vision slot Length: 2380,2380, Depth 5066,5067
[20240124_13:17:20_758] # [T72546][VisionSlotAdd][1521]Added Vision Slot[1][1] Num 2 OriCoord: 0: -2466, 3527; 1: -7526, 3792; 2: -7651, 1415; 3: -2590, 1150
[20240124_13:17:20_759] # [T72546][VisionSlotAdd][1522]VehCoordAndAngle: 22, 12946, ang -0.006 (-0.324)
[20240124_13:17:20_759] # [T72547][VisionSlotAdd][1523]Current VehPos: 23, 13047, ang -0.006 (-0.328)
[20240124_13:17:20_759] # [T72547][VisionSlotAdd][1528]Convert Vision Slot[1][1] Coord: 0: 2508, 16459; 1: 7569, 16695; 2: 7681, 14317; 3: 2619, 14081
[20240124_13:17:20_763] # [T72548][VisionSlotAdd][1533]Old Vision Slot[1][1] Coord: 0: 2558, 16438; 1: 7581, 16661; 2: 7687, 14276; 3: 2664, 14052
[20240124_13:17:20_763] # [T72549][VisionSlotAddSlotWeightCal][1014]u32Weight: 11, CentreY: 2338.500, DisY: 1050.500, SlotAng: 177.002
[20240124_13:17:20_763] # [T72549][VisionSlotAdd][1576]New Vision Slot[1][1] Coord: 0: 2558, 16438; 1: 7581, 16662; 2: 7687, 14276; 3: 2664, 14053
[20240124_13:17:20_763] # [T72550][VisionSlotAdd][1600]vision slot [1][1], u32Weight: 11, Sum: 1261, SlotAng: 2.551, CurSlotAng: 2.673
[20240124_13:17:20_764] # [T72551][VisionSlotAddValidCheck][893]Vision slot Length: 2204,2204, Depth 4757,4757
[20240124_13:17:20_764] # [T72551][VisionSlotAdd][1521]Added Vision Slot[0][3] Num 4 OriCoord: 0: 3301, 3399; 1: 8056, 3233; 2: 7979, 1030; 3: 3224, 1196
[20240124_13:17:20_764] # [T72552][VisionSlotAdd][1522]VehCoordAndAngle: 22, 12946, ang -0.006 (-0.324)
[20240124_13:17:20_764] # [T72552][VisionSlotAdd][1523]Current VehPos: 23, 13047, ang -0.006 (-0.328)
[20240124_13:17:20_764] # [T72553][VisionSlotAdd][1528]Convert Vision Slot[0][3] Coord: 0: -3259, 16363; 1: -8015, 16224; 2: -7950, 14021; 3: -3194, 14160
[20240124_13:17:20_769] # [T72553][VisionSlotAdd][1533]Old Vision Slot[0][3] Coord: 0: -3234, 16364; 1: -8031, 16222; 2: -7965, 13988; 3: -3168, 14130
[20240124_13:17:20_769] # [T72554][VisionSlotAddSlotWeightCal][1014]u32Weight: 12, CentreY: 2297.500, DisY: 1009.500, SlotAng: -1.999
[20240124_13:17:20_769] # [T72555][VisionSlotAdd][1576]New Vision Slot[0][3] Coord: 0: -3234, 16364; 1: -8031, 16222; 2: -7965, 13989; 3: -3168, 14131
[20240124_13:17:20_778] # [T72555][VisionSlotAdd][1600]vision slot [0][3], u32Weight: 12, Sum: 1312, SlotAng: -178.304, CurSlotAng: -178.325
[20240124_13:17:20_781] # [T72571][APARadarFilterSaveOblPointToSlotBuf][832]******  Outline[0] cnt [40] Point[38]  *******
[20240124_13:17:20_782] # [T72571][APARadarFilterSaveOblPointToSlotBuf][833]VehCoord[0][38]: 22, 12946, VehAng: -5
[20240124_13:17:20_794] # [T72572][APARadarFilterSaveOblPointToSlotBuf][834]OblCoord[0][38]: -3259, 16552, Dis: 2367, Big: 0
[20240124_13:17:20_794] # 
[20240124_13:17:20_830] # [T72619][APAVisionOblAdd][1323]Vision Obl merge: 63
[20240124_13:17:20_830] # [T72619][APAVisionOblAdd][1326]Receive Vision Obl CrossPointCoord: 0: 2491, 16462; 1: 7626, 16701
[20240124_13:17:20_830] # [T72619][APAVisionOblInfoDebugPrint][118]VisionOblInfo:
[20240124_13:17:20_830] # [T72620][APAVisionOblInfoDebugPrint][119]OblType: 0, bIsMerge 0, DetectCount 100
[20240124_13:17:20_831] # [T72620][APAVisionOblInfoDebugPrint][122]CrossPointCoord: 0: 2546, 16443; 1: 7565, 16673
[20240124_13:17:20_836] # [T72621][APAVisionOblInfoDebugPrint][125]OriginCrossPointCoord: 0: -2449, 3505; 1: -7582, 3774
[20240124_13:17:20_836] # [T72621][APAVisionOblInfoDebugPrint][126]VehCoordAndAng: 22, 12971, ang -0.006(-0.325)
[20240124_13:17:20_836] # [T72622][APAVisionOblInfoDebugPrint][127] 
[20240124_13:17:20_836] # [T72622][APAVisionOblAdd][1323]Vision Obl merge: 62
[20240124_13:17:20_837] # [T72622][APAVisionOblAdd][1326]Receive Vision Obl CrossPointCoord: 0: -7967, 16236; 1: -3235, 16374
[20240124_13:17:20_837] # [T72623][APAVisionOblInfoDebugPrint][118]VisionOblInfo:
[20240124_13:17:20_837] # [T72623][APAVisionOblInfoDebugPrint][119]OblType: 0, bIsMerge 0, DetectCount 100
[20240124_13:17:20_837] # [T72624][APAVisionOblInfoDebugPrint][122]CrossPointCoord: 0: -8037, 16232; 1: -3238, 16383
[20240124_13:17:20_837] # [T72624][APAVisionOblInfoDebugPrint][125]OriginCrossPointCoord: 0: 8009, 3220; 1: 3277, 3385
[20240124_13:17:20_837] # [T72625][APAVisionOblInfoDebugPrint][126]VehCoordAndAng: 22, 12971, ang -0.006(-0.325)
[20240124_13:17:20_838] # [T72625][APAVisionOblInfoDebugPrint][127] 
[20240124_13:17:20_842] # [T72625][VisionSlotAddValidCheck][893]Vision slot Length: 2382,238, Depth 5140,5140
[20240124_13:17:20_842] # [T72626][VisionSlotAdd][1521]Added Vision Slot[1][1] Num 2 OriCoord: 0: -2449, 3505; 1: -7582, 3774; 2: -7707, 1395; 3: -2574, 1126
[20240124_13:17:20_842] # [T72627][VisionSlotAdd][1522]VehCoordAndAngle: 22, 12971, ang -0.006 (-0.325)
[20240124_13:17:20_842] # [T72627][VisionSlotAdd][1523]Current VehPos: 23, 13096, ang -0.006 (-0.330)
[20240124_13:17:20_842] # [T72627][VisionSlotAdd][1528]Convert Vision Slot[1][1] Coord: 0: 2491, 16462; 1: 7626, 16701; 2: 7737, 14322; 3: 2603, 14082
[20240124_13:17:20_843] # [T72628][VisionSlotAdd][1533]Old Vision Slot[1][1] Coord: 0: 2558, 16438; 1: 7581, 16662; 2: 7687, 14276; 3: 2664, 14053
[20240124_13:17:20_843] # [T72629][VisionSlotAddSlotWeightCal][1014]u32Weight: 11, CentreY: 2315.500, DisY: 1027.500, SlotAng: 177.000
[20240124_13:17:20_843] # [T72629][VisionSlotAdd][1576]New Vision Slot[1][1] Coord: 0: 2557, 16438; 1: 7581, 16662; 2: 7688, 14277; 3: 2663, 14053
[20240124_13:17:20_843] # [T72630][VisionSlotAdd][1600]vision slot [1][1], u32Weight: 11, Sum: 1272, SlotAng: 2.552, CurSlotAng: 2.675
[20240124_13:17:20_843] # [T72631][VisionSlotAddValidCheck][893]Vision slot Length: 2220,2221, Depth 4734,4734
[20240124_13:17:20_844] # [T72631][VisionSlotAdd][1521]Added Vision Slot[0][3] Num 4 OriCoord: 0: 3277, 3385; 1: 8009, 3220; 2: 7931, 1000; 3: 3199, 1166
[20240124_13:17:20_844] # [T72632][VisionSlotAdd][1522]VehCoordAndAngle: 22, 12971, ang -0.006 (-0.325)
[20240124_13:17:20_844] # [T72632][VisionSlotAdd][1523]Current VehPos: 23, 13096, ang -0.006 (-0.330)
[20240124_13:17:20_847] # [T72633][VisionSlotAdd][1528]Convert Vision Slot[0][3] Coord: 0: -3235, 16374; 1: -7967, 16236; 2: -7902, 14016; 3: -3169, 14155
[20240124_13:17:20_847] # [T72633][VisionSlotAdd][1533]Old Vision Slot[0][3] Coord: 0: -3234, 16364; 1: -8031, 16222; 2: -7965, 13989; 3: -3168, 14131
[20240124_13:17:20_847] # [T72634][VisionSlotAddSlotWeightCal][1014]u32Weight: 12, CentreY: 2275.500, DisY: 987.500, SlotAng: -2.003
[20240124_13:17:20_848] # [T72635][VisionSlotAdd][1576]New Vision Slot[0][3] Coord: 0: -3234, 16364; 1: -8030, 16222; 2: -7964, 13989; 3: -3168, 14131
[20240124_13:17:20_848] # [T72635][VisionSlotAdd][1600]vision slot [0][3], u32Weight: 12, Sum: 1324, SlotAng: -178.304, CurSlotAng: -178.322
[20240124_13:17:20_848] # [T72637][APARadarFilterSaveOblPointToSlotBuf][832]******  Outline[1] cnt [31] Point[29]  *******
[20240124_13:17:20_853] # [T72637][APARadarFilterSaveOblPointToSlotBuf][833]VehCoord[1][29]: 22, 12971, VehAng: -5
[20240124_13:17:20_853] # [T72638][APARadarFilterSaveOblPointToSlotBuf][834]OblCoord[1][29]: 3716, 16603, Dis: 2739, Big: 0
[20240124_13:17:20_853] # 
[20240124_13:17:20_854] # [T72638][APARadarFilterSaveOblPointToSlotBuf][832]******  Outline[0] cnt [41] Point[39]  *******
[20240124_13:17:20_854] # [T72639][APARadarFilterSaveOblPointToSlotBuf][833]VehCoord[0][39]: 22, 12971, VehAng: -5
[20240124_13:17:20_858] # [T72640][APARadarFilterSaveOblPointToSlotBuf][834]OblCoord[0][39]: -3486, 16618, Dis: 2594, Big: 0
[20240124_13:17:20_858] # 
[20240124_13:17:20_884] # [T72667][AX70VC_VehicleCtrlTask][1681]signal err, enter fault state! [0 1 0]
[20240124_13:17:20_884] # [T72673][APARadarFilterSaveOblPointToSlotBuf][832]******  Outline[1] cnt [32] Point[30]  *******
[20240124_13:17:20_884] # [T72673][APARadarFilterSaveOblPointToSlotBuf][833]VehCoord[1][30]: 22, 12999, VehAng: -5
[20240124_13:17:20_884] # [T72674][APARadarFilterSaveOblPointToSlotBuf][834]OblCoord[1][30]: 3715, 16630, Dis: 2738, Big: 0
[20240124_13:17:20_884] # 
[20240124_13:17:20_888] # [T72675][APARadarFilterSaveOblPointToSlotBuf][832]******  Outline[0] cnt [42] Point[40]  *******
[20240124_13:17:20_888] # [T72675][APARadarFilterSaveOblPointToSlotBuf][833]VehCoord[0][40]: 22, 12999, VehAng: -5
[20240124_13:17:20_904] # [T72675][APARadarFilterSaveOblPointToSlotBuf][834]OblCoord[0][40]: -3482, 16645, Dis: 2591, Big: 0
[20240124_13:17:20_904] # 
[20240124_13:17:20_911] # [T72701][APAVisionOblAdd][1323]Vision Obl merge: 62
[20240124_13:17:20_911] # [T72701][APAVisionOblAdd][1326]Receive Vision Obl CrossPointCoord: 0: -7955, 16239; 1: -3268, 16377
[20240124_13:17:20_913] # [T72701][APAVisionOblInfoDebugPrint][118]VisionOblInfo:
[20240124_13:17:20_913] # [T72702][APAVisionOblInfoDebugPrint][119]OblType: 0, bIsMerge 0, DetectCount 100
[20240124_13:17:20_919] # [T72702][APAVisionOblInfoDebugPrint][122]CrossPointCoord: 0: -8037, 16232; 1: -3238, 16383
[20240124_13:17:20_919] # [T72703][APAVisionOblInfoDebugPrint][125]OriginCrossPointCoord: 0: 7997, 3175; 1: 3311, 3339
[20240124_13:17:20_919] # [T72703][APAVisionOblInfoDebugPrint][126]VehCoordAndAng: 22, 13019, ang -0.006(-0.327)
[20240124_13:17:20_919] # [T72704][APAVisionOblInfoDebugPrint][127] 
[20240124_13:17:20_919] # [T72704][APAVisionOblAdd][1323]Vision Obl merge: 63
[20240124_13:17:20_920] # [T72704][APAVisionOblAdd][1326]Receive Vision Obl CrossPointCoord: 0: 2506, 16431; 1: 7577, 16668
[20240124_13:17:20_920] # [T72705][APAVisionOblInfoDebugPrint][118]VisionOblInfo:
[20240124_13:17:20_920] # [T72705][APAVisionOblInfoDebugPrint][119]OblType: 0, bIsMerge 0, DetectCount 100
[20240124_13:17:20_920] # [T72706][APAVisionOblInfoDebugPrint][122]CrossPointCoord: 0: 2546, 16443; 1: 7565, 16673
[20240124_13:17:20_920] # [T72706][APAVisionOblInfoDebugPrint][125]OriginCrossPointCoord: 0: -2464, 3426; 1: -7534, 3692
[20240124_13:17:20_920] # [T72707][APAVisionOblInfoDebugPrint][126]VehCoordAndAng: 22, 13019, ang -0.006(-0.327)
[20240124_13:17:20_921] # [T72707][APAVisionOblInfoDebugPrint][127] 
[20240124_13:17:20_921] # [T72707][VisionSlotAddValidCheck][893]Vision slot Length: 2178,2178, Depth 4688,4688
[20240124_13:17:20_921] # [T72708][VisionSlotAdd][1521]Added Vision Slot[0][3] Num 4 OriCoord: 0: 3311, 3339; 1: 7997, 3175; 2: 7921, 998; 3: 3235, 1162
[20240124_13:17:20_921] # [T72708][VisionSlotAdd][1522]VehCoordAndAngle: 22, 13019, ang -0.006 (-0.327)
[20240124_13:17:20_926] # [T72709][VisionSlotAdd][1523]Current VehPos: 23, 13144, ang -0.006 (-0.332)
[20240124_13:17:20_926] # [T72709][VisionSlotAdd][1528]Convert Vision Slot[0][3] Coord: 0: -3268, 16377; 1: -7955, 16239; 2: -7892, 14062; 3: -3205, 14199
[20240124_13:17:20_926] # [T72710][VisionSlotAdd][1533]Old Vision Slot[0][3] Coord: 0: -3234, 16364; 1: -8030, 16222; 2: -7964, 13989; 3: -3168, 14131
[20240124_13:17:20_927] # [T72711][VisionSlotAddSlotWeightCal][1014]u32Weight: 12, CentreY: 2250.500, DisY: 962.500, SlotAng: -2.004
[20240124_13:17:20_927] # [T72711][VisionSlotAdd][1576]New Vision Slot[0][3] Coord: 0: -3235, 16365; 1: -8030, 16223; 2: -7964, 13989; 3: -3169, 14131
[20240124_13:17:20_927] # [T72712][VisionSlotAdd][1600]vision slot [0][3], u32Weight: 12, Sum: 1336, SlotAng: -178.304, CurSlotAng: -178.323
[20240124_13:17:20_927] # [T72713][VisionSlotAddValidCheck][893]Vision slot Length: 2353,2354, Depth 5076,5076
[20240124_13:17:20_927] # [T72713][VisionSlotAdd][1521]Added Vision Slot[1][1] Num 2 OriCoord: 0: -2464, 3426; 1: -7534, 3692; 2: -7657, 1341; 3: -2587, 1076
[20240124_13:17:20_928] # [T72714][VisionSlotAdd][1522]VehCoordAndAngle: 22, 13019, ang -0.006 (-0.327)
[20240124_13:17:20_928] # [T72714][VisionSlotAdd][1523]Current VehPos: 23, 13144, ang -0.006 (-0.332)
[20240124_13:17:20_928] # [T72715][VisionSlotAdd][1528]Convert Vision Slot[1][1] Coord: 0: 2506, 16431; 1: 7577, 16668; 2: 7687, 14316; 3: 2616, 14080
[20240124_13:17:20_928] # [T72715][VisionSlotAdd][1533]Old Vision Slot[1][1] Coord: 0: 2557, 16438; 1: 7581, 16662; 2: 7688, 14277; 3: 2663, 14053
[20240124_13:17:20_928] # [T72716][VisionSlotAddSlotWeightCal][1014]u32Weight: 12, CentreY: 2251.000, DisY: 963.000, SlotAng: 177.002
[20240124_13:17:20_933] # [T72717][VisionSlotAdd][1576]New Vision Slot[1][1] Coord: 0: 2557, 16438; 1: 7581, 16662; 2: 7688, 14277; 3: 2663, 14053
[20240124_13:17:20_933] # [T72717][VisionSlotAdd][1600]vision slot [1][1], u32Weight: 12, Sum: 1284, SlotAng: 2.553, CurSlotAng: 2.671
[20240124_13:17:20_936] # [T72719][APAPOEraseSlotTypeByFlash][118]Parking Out: Erase Flash Successfully
[20240124_13:17:20_937] # [T72724][APARadarFilterSaveOblPointToSlotBuf][832]******  Outline[1] cnt [33] Point[31]  *******
[20240124_13:17:20_937] # [T72725][APARadarFilterSaveOblPointToSlotBuf][833]VehCoord[1][31]: 23, 13023, VehAng: -5
[20240124_13:17:20_937] # [T72725][APARadarFilterSaveOblPointToSlotBuf][834]OblCoord[1][31]: 3720, 16655, Dis: 2742, Big: 0
[20240124_13:17:20_937] # 
[20240124_13:17:20_938] # [T72726][APARadarFilterSaveOblPointToSlotBuf][832]******  Outline[0] cnt [43] Point[41]  *******
[20240124_13:17:20_949] # [T72726][APARadarFilterSaveOblPointToSlotBuf][833]VehCoord[0][41]: 23, 13023, VehAng: -5
[20240124_13:17:20_949] # [T72727][APARadarFilterSaveOblPointToSlotBuf][834]OblCoord[0][41]: -3259, 16629, Dis: 2369, Big: 0
[20240124_13:17:20_949] # 
[20240124_13:17:20_984] # [T72775][APARadarFilterSaveOblPointToSlotBuf][832]******  Outline[0] cnt [44] Point[42]  *******
[20240124_13:17:20_988] # [T72775][APARadarFilterSaveOblPointToSlotBuf][833]VehCoord[0][42]: 23, 13048, VehAng: -5
[20240124_13:17:20_992] # [T72776][APARadarFilterSaveOblPointToSlotBuf][834]OblCoord[0][42]: -3249, 16652, Dis: 2358, Big: 0
[20240124_13:17:20_992] # 
[20240124_13:17:20_993] # [T72782][APAVisionOblAdd][1323]Vision Obl merge: 63
[20240124_13:17:20_993] # [T72782][APAVisionOblAdd][1326]Receive Vision Obl CrossPointCoord: 0: 2509, 16470; 1: 7670, 16712
[20240124_13:17:20_993] # [T72782][APAVisionOblInfoDebugPrint][118]VisionOblInfo:
[20240124_13:17:20_998] # [T72783][APAVisionOblInfoDebugPrint][119]OblType: 0, bIsMerge 0, DetectCount 100
[20240124_13:17:20_999] # [T72783][APAVisionOblInfoDebugPrint][122]CrossPointCoord: 0: 2546, 16443; 1: 7565, 16673
[20240124_13:17:20_999] # [T72784][APAVisionOblInfoDebugPrint][125]OriginCrossPointCoord: 0: -2467, 3419; 1: -7626, 3690
[20240124_13:17:20_999] # [T72784][APAisionOblInfoDebugPrint][126]VehCoordAndAng: 23, 13065, ang -0.006(-0.329)
[20240124_13:17:20_999] # [T72785][APAVisionOblInfoDebugPrint][127] 
[20240124_13:17:20_999] # [T72785][APAVisionOblAdd][1323]Vision Obl merge: 62
[20240124_13:17:21_000] # [T72785][APAVisionOblAdd][1326]Receive Vision Obl CrossPointCoord: 0: -7988, 16246; 1: -3270, 16384
[20240124_13:17:21_000] # [T72786][APAVisionOblInfoDebugPrint][118]VisionOblInfo:
[20240124_13:17:21_000] # [T72786][APAVisionOblInfoDebugPrint][119]OblType: 0, bIsMerge 0, DetectCount 100
[20240124_13:17:21_000] # [T72786][APAVisionOblInfoDebugPrint][122]CrossPointCoord: 0: -8037, 16232; 1: -3238, 16383
[20240124_13:17:21_000] # [T72787][APAVisionOblInfoDebugPrint][125]OriginCrossPointCoord: 0: 8030, 3135; 1: 3313, 3300
[20240124_13:17:21_001] # [T72787][APAVisionOblInfoDebugPrint][126]VehCoordAndAng: 23, 13065, ang -0.006(-0.329)
[20240124_13:17:21_001] # [T72788][APAVisionOblInfoDebugPrint][127] 
[20240124_13:17:21_001] # [T72788][VisionSlotAddValidCheck][893]Vision slot Length: 2420,2420, Depth 5166,5167
[20240124_13:17:21_001] # [T72789][VisionSlotAdd][1521]Added Vision Slot[1][1] Num 2 OriCoord: 0: -2467, 3419; 1: -7626, 3690; 2: -7753, 1273; 3: -2593, 1002
[20240124_13:17:21_006] # [T72789][VisionSlotAdd][1522]VehCoordAndAngle: 23, 13065, ang -0.006 (-0.329)
[20240124_13:17:21_006] # [T72790][VisionSlotAdd][1523]Current VehPos: 23, 13193, ang -0.006 (-0.334)
[20240124_13:17:21_006] # [T72790][VisionSlotAdd][1528]Convert Vision Slot[1][1] Coord: 0: 2509, 16470; 1: 7670, 16712; 2: 7783, 14294; 3: 2621, 14052
[20240124_13:17:21_006] # [T72791][VisionSlotAdd][1533]Old Vision Slot[1][1] Coord: 0: 2557, 16438; 1: 7581, 16662; 2: 7688, 14277; 3: 2663, 14053
[20240124_13:17:21_006] # [T72792][VisionSlotAddSlotWeightCal][1014]u32Weight: 13, CentreY: 2210.500, DisY: 922.500, SlotAng: 176.993
[20240124_13:17:21_007] # [T72792][VisionSlotAdd][1576]New Vision Slot[1][1] Coord: 0: 2556, 16438; 1: 7582, 16663; 2: 7689, 14277; 3: 2662, 14053
[20240124_13:17:21_007] # [T72793][VisionSlotAdd][1600]vision slot [1][1], u32Weight: 13, Sum: 1297, SlotAng: 2.555, CurSlotAng: 2.678
[20240124_13:17:21_007] # [T72794][VisionSlotAddValidCheck][893]Vision slot Length: 2167,2167, Depth 4719,4720
[20240124_13:17:21_007] # [T72794][VisionSlotAdd][1521]Added Vision Slot[0][3] Num 4 OriCoord: 0: 3313, 3300; 1: 8030, 3135; 2: 7955, 969; 3: 3237, 1134
[20240124_13:17:21_007] # [T72795][VisionSlotAdd][1522]VehCoordAndAngle: 23, 13065, ang -0.006 (-0.329)
[20240124_13:17:21_008] # [T72795][VisionSlotAdd][1523]Current VehPos: 23, 13193, ang -0.006 (-0.334)
[20240124_13:17:21_008] # [T72796][VisionSlotAdd][1528]Convert Vision Slot[0][3] Coord: 0: -3270, 16384; 1: -7988, 16246; 2: -7926, 14080; 3: -3207, 14218
[20240124_13:17:21_011] # [T72796][VisionSlotAdd][1533]Old Vision Slot[0][3] Coord: 0: -3235, 16365; 1: -8030, 16223; 2: -7964, 13989; 3: -3169, 14131
[20240124_13:17:21_011] # [T72797][VisionSlotAddSlotWeightCal][1014]u32Weight: 12, CentreY: 2217.000, DisY: 929.000, SlotAng: -2.003
[20240124_13:17:21_025] # [T72798][VisionSlotAdd][1576]New Vision Slot[0][3] Coord: 0: -3235, 16365; 1: -8029, 16223; 2: -7963, 13990; 3: -3169, 14132
[20240124_13:17:21_026] # [T72798][VisionSlotAdd][1600]vision slot [0][3], u32Weight: 12, Sum: 1348, SlotAng: -178.304, CurSlotAng: -178.326
[20240124_13:17:21_035] # [T72826][APARadarFilterSaveOblPointToSlotBuf][832]******  Outline[1] cnt [34] Point[32]  *******
[20240124_13:17:21_038] # [T72826][APARadarFilterSaveOblPointToSlotBuf][833]VehCoord[1][32]: 23, 13067, VehAng: -5
[20240124_13:17:21_058] # [T72827][APARadarFilterSaveOblPointToSlotBuf][834]OblCoord[1][32]: 2844, 16550, Dis: 1867, Big: 0
[20240124_13:17:21_058] # 
[20240124_13:17:21_073] # [T72862][APAVisionOblAdd][1323]Vision Obl merge: 63
[20240124_13:17:21_073] # [T72862][APAVisionOblAdd][1326]Receive Vision Obl CrossPointCoord: 0: 2517, 16447; 1: 7619, 16685
[20240124_13:17:21_074] # [T72862][APAVisionOblInfoDebugPrint][118]VisionOblInfo:
[20240124_13:17:21_074] # [T72863][APAVisionOblInfoDebugPrint][119]OblType: 0, bIsMerge 0, DetectCount 100
[20240124_13:17:21_074] # [T72863][APAVisionOblInfoDebugPrint][122]CrossPointCoord: 0: 2546, 16443; 1: 7565, 16673
[20240124_13:17:21_079] # [T72864][APAVisionOblInfoDebugPrint][125]OriginCrossPointCoord: 0: -2475, 3348; 1: -7575, 3616
[20240124_13:17:21_080] # [T72864][PAVisionOblInfoDebugPrint][126]VehCoordAndAng: 23, 13113, ang -0.006(-0.331)
[20240124_13:17:21_080] # [T72865][APAVisionOblInfoDebugPrint][127] 
[20240124_13:17:21_080] # [T72865][APAVisionOblAdd][1323]Vision Obl merge: 62
[20240124_13:17:21_080] # [T72865][APAVisionOblAdd][1326]Receive Vision Obl CrossPointCoord: 0: -8027, 16258; 1: -3224, 16399
[20240124_13:17:21_080] # [T72866][APAVisionOblInfoDebugPrint][118]VisionOblInfo:
[20240124_13:17:21_081] # [T72866][APAVisionOblInfoDebugPrint][119]OblType: 0, bIsMerge 0, DetectCount 100
[20240124_13:17:21_081] # [T72867][APAVisionOblInfoDebugPrint][122]CrossPointCoord: 0: -8037, 16232; 1: -3238, 16383
[20240124_13:17:21_081] # [T72867][APAVisionOblInfoDebugPrint][125]OriginCrossPointCoord: 0: 8069, 3099; 1: 3267, 3267
[20240124_13:17:21_081] # [T72868][APAVisionOblInfoDebugPrint][126]VehCoordAndAng: 23, 13113, ang -0.006(-0.331)
[20240124_13:17:21_081] # [T72868][APAVisionOblInfoDebugPrint][127] 
[20240124_13:17:21_081] # [T72868][VisionSlotAddValidCheck][893]Vision slot Length: 2399,2399, Depth 5107,5107
[20240124_13:17:21_085] # [T72869][VisionSlotAdd][1521]Added Vision Slot[1][1] Num 2 OriCoord: 0: -2475, 3348; 1: -7575, 3616; 2: -7700, 1220; 3: -2600, 952
[20240124_13:17:21_085] # [T72870][VisionSlotAdd][1522]VehCoordAndAngle: 23, 13113, ang -0.006 (-0.331)
[20240124_13:17:21_085] # [T72870][VisionSlotAdd][1523]Current VehPos: 24, 13241, ang -0.006 (-0.336)
[20240124_13:17:21_086] # [T72870][VisionSlotAdd][1528]Convert Vision Slot[1][1] Coord: 0: 2517, 16447; 1: 7619, 16685; 2: 7730, 14288; 3: 2628, 14050
[20240124_13:17:21_086] # [T72871][VisionSlotAdd][1533]Old Vision Slot[1][1] Coord: 0: 2556, 16438; 1: 7582, 16663; 2: 7689, 14277; 3: 2662, 14053
[20240124_13:17:21_086] # [T72872][VisionSlotAddSlotWeightCal][1014]u32Weight: 13, CentreY: 2150.000, DisY: 862.000, SlotAng: 176.992
[20240124_13:17:21_087] # [T72872][VisionSlotAdd][1576]New Vision Slot[1][1] Coord: 0: 2556, 16438; 1: 7582, 16663; 2: 7689, 14277; 3: 2662, 14053
[20240124_13:17:21_087] # [T72873][VisionSlotAdd][1600]vision slot [1][1], u32Weight: 13, Sum: 1310, SlotAng: 2.556, CurSlotAng: 2.677
[20240124_13:17:21_087] # [T72874][VisionSlotAddValidCheck][893]Vision slot Length: 2199,2199, Depth 4804,4803
[20240124_13:17:21_087] # [T72874][VisionSlotAdd][1521]Added Vision Slot[0][3] Num 4 OriCoord: 0: 3267, 3267; 1: 8069, 3099; 2: 7992, 901; 3: 3191, 1069
[20240124_13:17:21_087] # [T72875][VisionSlotAdd][1522]VehCoordAndAngle: 23, 13113, ang -0.006 (-0.331)
[20240124_13:17:21_087] # [T72875][VisionSlotAdd][1523]Current VehPos: 24, 13241, ang -0.006 (-0.336)
[20240124_13:17:21_092] # [T72876][VisionSlotAdd][1528]Convert Vision Slot[0][3] Coord: 0: -3224, 16399; 1: -8027, 16258; 2: -7963, 14060; 3: -3161, 14200
[20240124_13:17:21_092] # [T72876][VisionSlotAdd][1533]Old Vision Slot[0][3] Coord: 0: -3235, 16365; 1: -8029, 16223; 2: -7963, 13990; 3: -3169, 14132
[20240124_13:17:21_093] # [T72877][VisionSlotAddSlotWeightCal][1014]u32Weight: 13, CentreY: 2168.000, DisY: 880.000, SlotAng: -2.004
[20240124_13:17:21_093] # [T72878][VisionSlotAdd][1576]New Vision Slot[0][3] Coord: 0: -3235, 16365; 1: -8029, 16223; 2: -7963, 13991; 3: -3169, 14133
[20240124_13:17:21_103] # [T72879][VisionSlotAdd][1600]vision slot [0][3], u32Weight: 13, Sum: 1361, SlotAng: -178.305, CurSlotAng: -178.327
[20240124_13:17:21_155] #   72937-task_radar-118: RadarCaptureCnt is 334 
[20240124_13:17:21_155] # 
[20240124_13:17:21_155] # [T72943][APAVisionOblAdd][1323]Vision Obl merge: 63
[20240124_13:17:21_155] # [T72943][APAVisionOblAdd][1326]Receive Vision Obl CrossPointCoord: 0: 2540, 16404; 1: 7655, 16642
[20240124_13:17:21_155] # [T72943][APAVisionOblInfoDebugPrint][118]VisionOblInfo:
[20240124_13:17:21_155] # [T72944][APAVisionOblInfoDebugPrint][119]OblType: 0, bIsMerge 0, DetectCount 100
[20240124_13:17:21_157] # [T72944][APAVisionOblInfoDebugPrint][122]CrossPointCoord: 0: 2546, 16443; 1: 7565, 16673
[20240124_13:17:21_157] # [T72945][APAVisionOblInfoDebugPrint][125]OriginCrossPointCoord: 0: -2498, 3259; 1: -7611, 3527
[20240124_13:17:21_157] # [T72945][APAVisionOblInfoDebugPrint][126]VehCoordAndAng: 23, 13160, ang -0.006(-0.333)
[20240124_13:17:21_160] # [T72946][APAVisionOblInfoDebugPrint][127] 
[20240124_13:17:21_161] # [T72946][APAVisionOblAdd][1323]Vision Obl merge: 62
[20240124_13:17:21_161] # [T72946][APAVisionOblAdd][1326]Receive Vision Obl CrossPointCoord: 0: -8031, 1627; 1: -3230, 16416
[20240124_13:17:21_161] # [T72947][APAVisionOblInfoDebugPrint][118]VisionOblInfo:
[20240124_13:17:21_161] # [T72947][APAVisionOblInfoDebugPrint][119]OblType: 0, bIsMerge 0, DetectCount 100
[20240124_13:17:21_161] # [T72947][APAVisionOblInfoDebugPrint][122]CrossPointCoord: 0: -8037, 16232; 1: -3238, 16383
[20240124_13:17:21_161] # [T72948][APAVisionOblInfoDebugPrint][125]OriginCrossPointCoord: 0: 8073, 3070; 1: 3273, 3237
[20240124_13:17:21_161] # [T72948][APAVisionOblInfoDebugPrint][126]VehCoordAndAng: 23, 13160, ang -0.006(-0.333)
[20240124_13:17:21_161] # [T72949][APAVisionOblInfoDebugPrint][127] 
[20240124_13:17:21_162] # [T72949][VisionSlotAddValidCheck][893]Vision slot Length: 2380,2380, Depth 5120,5120
[20240124_13:17:21_162] # [T72950][VisionSlotAdd][1521]Added Vision Slot[1][1] Num 2 OriCoord: 0: -2498, 3259; 1: -7611, 3527; 2: -7736, 1150; 3: -2623, 882
[20240124_13:17:21_165] # [T72950][VisionSlotAdd][1522]VehCoordAndAngle: 23, 13160, ang -0.006 (-0.333)
[20240124_13:17:21_166] # [T72951][VisionSlotAdd][1523]Current VehPos: 24, 13290, ang -0.006 (-0.338)
[20240124_13:17:21_166] # [T72951][VisionSlotAdd][1528]Convert Vision Slot[1][1] Coord: 0: 2540, 16404; 1: 7655, 16642; 2: 7766, 14265; 3: 2651, 14026
[20240124_13:17:21_166] # [T72952][VisionSlotAdd][1533]Old Vision Slot[1][1] Coord: 0: 2556, 16438; 1: 7582, 16663; 2: 7689, 14277; 3: 2662, 14053
[20240124_13:17:21_167] # [T72953][VisionSlotAddSlotWeightCal][1014]u32Weight: 14, CentreY: 2070.500, DisY: 782.500, SlotAng: 177.000
[20240124_13:17:21_167] # [T72953][VisionSlotAdd][1576]New Vision Slot[1][1] Coord: 0: 2556, 16438; 1: 7583, 16663; 2: 7690, 14277; 3: 2662, 14053
[20240124_13:17:21_167] # [T72954][VisionSlotAdd][1600]vision slot [1][1], u32Weight: 14, Sum: 1324, SlotAng: 2.557, CurSlotAng: 2.668
[20240124_13:17:21_167] # [T72954][VisionSlotAddValidCheck][893]Vision slot Length: 2217,2217, Depth 4802,4802
[20240124_13:17:21_167] # [T72955][VisionSlotAdd][1521]Added Vision Slot[0][3] Num 4 OriCoord: 0: 3273, 3237; 1: 8073, 3070; 2: 7996, 854; 3: 3196, 1021
[20240124_13:17:21_167] # [T72956][VisionSlotAdd][1522]VehCoordAndAngle: 23, 13160, ang -0.006 (-0.333)
[20240124_13:17:21_171] # [T72956][VisionSlotAdd][1523]Current VehPos: 24, 13290, ang -0.006 (-0.338)
[20240124_13:17:21_171] # [T72956][VisionSlotAdd][1528]Convert Vision Slot[0][3] Coord: 0: -3230, 16416; 1: -8031, 16277; 2: -7967, 14060; 3: -3166, 14199
[20240124_13:17:21_172] # [T72957][VisionSlotAdd][1533]Old Vision Slot[0][3] Coord: 0: -3235, 16365; 1: -8029, 16223; 2: -7963, 13991; 3: -3169, 14133
[20240124_13:17:21_172] # [T72958][VisionSlotAddSlotWeightCal][1014]u32Weight: 13, CentreY: 2129.000, DisY: 841.000, SlotAng: -1.993
[20240124_13:17:21_172] # [T72959][VisionSlotAdd][1576]New Vision Slot[0][3] Coord: 0: -3235, 16366; 1: -8029, 16224; 2: -7963, 13992; 3: -3169, 14133
[20240124_13:17:21_180] # [T72959][VisionSlotAdd][1600]vision slot [0][3], u32Weight: 13, Sum: 1374, SlotAng: -178.305, CurSlotAng: -178.340
[20240124_13:17:21_240] # [T73024][APAVisionOblAdd][1323]Vision Obl merge: 63
[20240124_13:17:21_240] # [T73024][APAVisionOblAdd][1326]Receive Vision Obl CrossPointCoord: 0: 2501, 16455; 1: 7692, 16696
[20240124_13:17:21_240] # [T73024][APAVisionOblInfoDebugPrint][118]VisionOblInfo:
[20240124_13:17:21_240] # [T73025][APAVisionOblInfoDebugPrint][119]OblType: 0, bIsMerge 0, DetectCount 100
[20240124_13:17:21_240] # [T73025][APAVisionOblInfoDebugPrint][122]CrossPointCoord: 0: 2546, 16443; 1: 7565, 16673
[20240124_13:17:21_241] # [T73026][APAVisionOblInfoDebugPrint][125]OriginCrossPointCoord: 0: -2458, 3271; 1: -7648, 3543
[20240124_13:17:21_241] # [T73026][APAVisionOblInfoDebugPrint][126]VehCoordAndAng: 24, 13198, ang -0.006(-0.334)
[20240124_13:17:21_241] # [T73027][APAVisionOblInfoDebugPrint][127] 
[20240124_13:17:21_241] # [T73027][APAVisionOblAdd][1323]Vision Obl merge: 62
[20240124_13:17:21_241] # [T73027][APAVisionOblAdd][1326]Receive Vision Obl CrossPointCoord: 0: -8008, 16274; 1: -3195, 16414
[20240124_13:17:21_245] # [T73028][AAVisionOblInfoDebugPrint][118]VisionOblInfo:
[20240124_13:17:21_245] # [T73028][APAVisionOblInfoDebugPrint][119]OblType: 0, bIsMerge 0, DetectCount 100
[20240124_13:17:21_245] # [T73028][APAVisionOblInfoDebugPrint][122]CrossPointCoord: 0: -8037, 16232; 1: -3238, 16383
[20240124_13:17:21_246] # [T73029][APAVisionOblInfoDebugPrint][125]OriginCrossPointCoord: 0: 8050, 3029; 1: 3238, 3197
[20240124_13:17:21_246] # [T73029][APAVisionOblInfoDebugPrint][126]VehCoordAndAng: 24, 13198, ang -0.006(-0.334)
[20240124_13:17:21_246] # [T73030][APAVisionOblInfoDebugPrint][127] 
[20240124_13:17:21_246] # [T73030][VisionSlotAddValidCheck][893]Vision slot Length: 2422,2422, Depth 5197,5196
[20240124_13:17:21_246] # [T73031][VisionSlotAdd][1521]Added Vision Slot[1][1] Num 2 OriCoord: 0: -2458, 3271; 1: -7648, 3543; 2: -7774, 1124; 3: -2585, 852
[20240124_13:17:21_246] # [T73031][VisionSlotAdd][1522]VehCoordAndAngle: 24, 13198, ang -0.006 (-0.334)
[20240124_13:17:21_247] # [T73032][VisionSlotAdd][1523]Current VehPos: 24, 13338, ang -0.006 (-0.340)
[20240124_13:17:21_247] # [T73032][VisionSlotAdd][1528]Convert Vision Slot[1][1] Coord: 0: 2501, 16455; 1: 7692, 16696; 2: 7804, 14277; 3: 2613, 14035
[20240124_13:17:21_247] # [T73033][VisionSlotAdd][1533]Old Vision Slot[1][1] Coord: 0: 2556, 16438; 1: 7583, 16663; 2: 7690, 14277; 3: 2662, 14053
[20240124_13:17:21_247] # [T73034][VisionSlotAddSlotWeightCal][1014]u32Weight: 14, CentreY: 2061.500, DisY: 773.500, SlotAng: 177.000
[20240124_13:17:21_250] # [T73034][VisionSlotAdd][1576]New Vision Slot[1][1] Coord: 0: 2555, 16438; 1: 7584, 16663; 2: 7691, 14277; 3: 2662, 14053
[20240124_13:17:21_250] # [T73035][VisionSlotAdd][1600]vision slot [1][1], u32Weight: 14, Sum: 1338, SlotAng: 2.558, CurSlotAng: 2.666
[20240124_13:17:21_250] # [T73035][VisionSlotAddValidCheck][893]Vision slot Length: 2207,2207, Depth 4814,4814
[20240124_13:17:21_251] # [T73036][VisionSlotAdd][1521]Added Vision Slot[0][3] Num 4 OriCoord: 0: 3238, 3197; 1: 8050, 3029; 2: 7973, 823; 3: 3161, 991
[20240124_13:17:21_251] # [T73037][VisionSlotAdd][1522]VehCoordAndAngle: 24, 13198, ang -0.006 (-0.334)
[20240124_13:17:21_251] # [T73037][VisionSlotAdd][1523]Current VehPos: 24, 13338, ang -0.006 (-0.340)
[20240124_13:17:21_251] # [T73037][VisionSlotAdd][1528]Convert Vision Slot[0][3] Coord: 0: -3195, 16414; 1: -8008, 16274; 2: -7944, 14068; 3: -3131, 14208
[20240124_13:17:21_251] # [T73038][VisionSlotAdd][1533]Old Vision Slot[0][3] Coord: 0: -3235, 16366; 1: -8029, 16224; 2: -7963, 13992; 3: -3169, 14133
[20240124_13:17:21_251] # [T73039][VisionSlotAddSlotWeightCal][1014]u32Weight: 14, CentreY: 2094.000, DisY: 806.000, SlotAng: -2.000
[20240124_13:17:21_252] # [T73039][VisionSlotAdd][1576]New Vision Slot[0][3] Coord: 0: -3234, 16366; 1: -8029, 16224; 2: -7963, 13992; 3: -3168, 14134
[20240124_13:17:21_254] # [T73040][VisionSlotAdd][1600]vision slot [0][3], u32Weight: 14, Sum: 1388, SlotAng: -178.305, CurSlotAng: -178.335
[20240124_13:17:21_254] # [T73042][APARadarFilterSaveOblPointToSlotBuf][832]******  Outline[0] cnt [45] Point[43]  *******
[20240124_13:17:21_273] # [T73043][APARadarFilterSaveOblPointToSlotBuf][833]VehCoord[0][43]: 23, 13188, VehAng: -5
[20240124_13:17:21_273] # [T73043][APARadarFilterSaveOblPointToSlotBuf][834]OblCoord[0][43]: -3237, 16791, Dis: 2347, Big: 0
[20240124_13:17:21_273] # 
[20240124_13:17:21_293] # [T73082][APARadarFilterSaveOblPointToSlotBuf][832]******  Outline[0] cnt [46] Point[44]  *******
[20240124_13:17:21_294] # [T73083][APARadarFilterSaveOblPointToSlotBuf][833]VehCoord[0][44]: 24, 13217, VehAng: -5
[20240124_13:17:21_303] # [T73083][APARadarFilterSaveOblPointToSlotBuf][834]OblCoord[0][44]: -3467, 16862, Dis: 2579, Big: 0
[20240124_13:17:21_303] # 
[20240124_13:17:21_315] # [T73105][APAVisionOblAdd][1323]Vision Obl merge: 63
[20240124_13:17:21_315] # [T73105][APAVisionOblAdd][1326]Receive Vision Obl CrossPointCoord: 0: 2528, 16467; 1: 7691, 16708
[20240124_13:17:21_317] # [T73105][APAVisionOblInfoDebugPrint][118]VisionOblInfo:
[20240124_13:17:21_320] # [T73106][APAVisionOblInfoDebugPrint][119]OblType: 0, bIsMerge 0, DetectCount 100
[20240124_13:17:21_321] # [T73106][APAVisionOblInfoDebugPrint][122]CrossPointCoord: 0: 2546, 16443; 1: 7565, 16673
[20240124_13:17:21_321] # [T73107][APAVisionOblInfoDebugPrint][125]OriginCrossPointCoord: 0: -2485, 3246; 1: -7647, 3517
[20240124_13:17:21_321] # [T73107][APAVisionOblInfoDebugPrint][126]VehCoordAndAng: 24, 13236, ang -0.006(-0.336)
[20240124_13:17:21_321] # [T73108][APAVisionOblInfoDebugPrint][127] 
[20240124_13:17:21_321] # [T73108][APAVisionOblAdd][1323]Vision Obl merge: 62
[20240124_13:17:21_321] # [T73108][APAVisionOblAdd][1326]Receive Vision Obl CrossPointCoord: 0: -7951, 16255; 1: -3283, 16390
[20240124_13:17:21_322] # [T73109][APAVisionOblInfoDebugPrint][118]VisionOblInfo:
[20240124_13:17:21_322] # [T73109][APAVisionOblInfoDebugPrint][119]OblType: 0, bIsMerge 0, DetectCount 100
[20240124_13:17:21_322] # [T73110][APAVisionOblInfoDebugPrint][122]CrossPointCoord: 0: -8037, 16232; 1: -3238, 16383
[20240124_13:17:21_322] # [T73110][APAVisionOblInfoDebugPrint][125]OriginCrossPointCoord: 0: 7993, 2972; 1: 3326, 3135
[20240124_13:17:21_323] # [T73111][APAVisionOblInfoDebugPrint][126]VehCoordAndAng: 24, 13236, ang -0.006(-0.336)
[20240124_13:17:21_323] # [T73111][APAVisionOblInfoDebugPrint][127] 
[20240124_13:17:21_326] # [T73111][VisionSlotAddValidCheck][893]Vision slot Length: 2418,2418, Depth 5169,5170
[20240124_13:17:21_326] # [T73112][VisionSlotAdd][1521]Added Vision Slot[1][1] Num 2 OriCoord: 0: -2485, 3246; 1: -7647, 3517; 2: -7774, 1102; 3: -2611, 831
[20240124_13:17:21_326] # [T73112][VisionSlotAdd][1522]VehCoordAndAngle: 24, 13236, ang -0.006 (-0.336)
[20240124_13:17:21_326] # [T73113][VisionSlotAdd][1523]Current VehPos: 25, 13405, ang -0.006 (-0.343)
[20240124_13:17:21_328] # [T73113][VisionSlotAdd][1528]Convert Vision Slot[1][1] Coord: 0: 2528, 16467; 1: 7691, 16708; 2: 7804, 14292; 3: 2640, 14052
[20240124_13:17:21_328] # [T73114][VisionSlotAdd][1533]Old Vision Slot[1][1] Coord: 0: 2555, 16438; 1: 7584, 16663; 2: 7691, 14277; 3: 2662, 14053
[20240124_13:17:21_328] # [T73115][VisionSlotAddSlotWeightCal][1014]u32Weight: 14, CentreY: 2038.500, DisY: 750.500, SlotAng: 176.995
[20240124_13:17:21_328] # [T73115][VisionSlotAdd][1576]New Vision Slot[1][1] Coord: 0: 2555, 16439; 1: 7585, 16663; 2: 7692, 14277; 3: 2661, 14053
[20240124_13:17:21_328] # [T73116][VisionSlotAdd][1600]vision slot [1][1], u32Weight: 14, Sum: 1352, SlotAng: 2.560, CurSlotAng: 2.669
[20240124_13:17:21_329] # [T73117][VisionSlotAddValidCheck][893]Vision slot Length: 2201,2201, Depth 4669,4668
[20240124_13:17:21_332] # [T73117][VisionSlotAdd][1521]Added Vision Slot[0][3] Num 4 OriCoord: 0: 3326, 3135; 1: 7993, 2972; 2: 7916, 772; 3: 3250, 935
[20240124_13:17:21_332] # [T73118][VisionSlotAdd][1522]VehCoordAndAngle: 24, 13236, ang -0.006 (-0.336)
[20240124_13:17:21_332] # [T73118][VisionSlotAdd][1523]Current VehPos: 25, 13405, ang -0.006 (-0.343)
[20240124_13:17:21_332] # [T73119][VisionSlotAdd][1528]Convert Vision Slot[0][3] Coord: 0: -3283, 16390; 1: -7951, 16255; 2: -7887, 14054; 3: -3220, 14190
[20240124_13:17:21_332] # [T73119][VisionSlotAdd][1533]Old Vision Slot[0][3] Coord: 0: -3234, 16366; 1: -8029, 16224; 2: -7963, 13992; 3: -3168, 14134
[20240124_13:17:21_334] # [T73120][VisionSlotAddSlotWeightCal][1014]u32Weight: 15, CentreY: 2035.000, DisY: 747.000, SlotAng: -2.001
[20240124_13:17:21_334] # [T73121][VisionSlotAdd][1576]New Vision Slot[0][3] Coord: 0: -3235, 16366; 1: -8028, 16225; 2: -7962, 13993; 3: -3169, 14135
[20240124_13:17:21_340] # [T73121][VisionSlotAdd][1600]vision slot [0][3], u32Weight: 15, Sum: 1403, SlotAng: -178.306, CurSlotAng: -178.335
[20240124_13:17:21_344] # [T73132][APARadarFilterSaveOblPointToSlotBuf][832]******  Outline[0] cnt [47] Point[45]  *******
[20240124_13:17:21_352] # [T73132][APARadarFilterSaveOblPointToSlotBuf][833]VehCoord[0][45]: 24, 13241, VehAng: -5
[20240124_13:17:21_353] # [T73133][APARadarFilterSaveOblPointToSlotBuf][834]OblCoord[0][45]: -3452, 16883, Dis: 2563, Big: 0
[20240124_13:17:21_353] # 
[20240124_13:17:21_395] # [T73183][APARadarFilterSaveOblPointToSlotBuf][832]******  Outline[0] cnt [48] Point[46]  *******
[20240124_13:17:21_395] # [T73183][APARadarFilterSaveOblPointToSlotBuf][833]VehCoord[0][46]: 24, 13265, VehAng: -5
[20240124_13:17:21_400] # [T73184][APARadarFilterSaveOblPointToSlotBuf][834]OblCoord[0][46]: -3227, 16866, Dis: 2338, Big: 0
[20240124_13:17:21_400] # 
[20240124_13:17:21_400] # [T73185][APAVisionOblAdd][1323]Vision Obl merge: 63
[20240124_13:17:21_401] # [T73185][APAVisionOblAdd][1326]Receive Vision Obl CrossPointCoord: 0: 2508, 16494; 1: 7736, 16737
[20240124_13:17:21_401] # [T73185][APAVisionOblInfoDebugPrint][118]VisionOblInfo:
[20240124_13:17:21_401] # [T73186][APAVisionOblInfoDebugPrint][119]OblType: 0, bIsMerge 0, DetectCount 100
[20240124_13:17:21_401] # [T73186][APAVisionOblInfoDebugPrint][122]CrossPointCoord: 0: 2546, 16443; 1: 7565, 16673
[20240124_13:17:21_402] # [T73187][APAVisionOblInfoDebugPrint][125]OriginCrossPointCoord: 0: -2465, 3204; 1: -7691, 3478
[20240124_13:17:21_402] # [T73187][APAVisionOblInfoDebugPrint][126]VehCoordAndAng: 24, 13304, ang -0.006(-0.339)
[20240124_13:17:21_402] # [T73188][APAVisionOblInfoDebugPrint][127] 
[20240124_13:17:21_402] # [T73188][APAVisionOblAdd][1323]Vision Obl merge: 62
[20240124_13:17:21_402] # [T73188][APAVisionOblAdd][1326]Receive Vision Obl CrossPointCoord: 0: -7969, 16310; 1: -3239, 16447
[20240124_13:17:21_402] # [T73189][APAVisionOblInfoDebugPrint][118]VisionOblInfo:
[20240124_13:17:21_402] # [T73189][APAVisionOblInfoDebugPrint][119]OblType: 0, bIsMerge 0, DetectCount 100
[20240124_13:17:21_403] # [T73190][APAVisionOblInfoDebugPrint][122]CrossPointCoord: 0: -8037, 16232; 1: -3238, 16383
[20240124_13:17:21_403] # [T73190][APAVisionOblInfoDebugPrint][125]OriginCrossPointCoord: 0: 8012, 2958; 1: 3283, 3123
[20240124_13:17:21_406] # [T73191][APAVisionOblInfoDebugPrint][126]VehCoordAndAng: 24, 13304, ang -0.006(-0.339)
[20240124_13:17:21_407] # [T73191][APAVisionOblInfoDebugPrint][127] 
[20240124_13:17:21_407] # [T73191][VisionSlotAddValidCheck][893]Vision slot Length: 2434,2435, Depth 5233,5232
[20240124_13:17:21_407] # [T73192][VisionSlotAdd][1521]Added Vision Slot[1][1] Num 2 OriCoord: 0: -2465, 3204; 1: -7691, 3478; 2: -7818, 1046; 3: -2593, 773
[20240124_13:17:21_407] # [T73192][VisionSlotAdd][1522]VehCoordAndAngle: 24, 13304, ang -0.006 (-0.339)
[20240124_13:17:21_408] # [T73193][VisionSlotAdd][1523]Current VehPos: 25, 13453, ang -0.006 (-0.345)
[20240124_13:17:21_408] # [T73193][VisionSlotAdd][1528]Convert Vision Slot[1][1] Coord: 0: 2508, 16494; 1: 7736, 16737; 2: 7848, 14304; 3: 2622, 14062
[20240124_13:17:21_408] # [T73194][VisionSlotAdd][1533]Old Vision Slot[1][1] Coord: 0: 2555, 16439; 1: 7585, 16663; 2: 7692, 14277; 3: 2661, 14053
[20240124_13:17:21_408] # [T73195][VisionSlotAddSlotWeightCal][1014]u32Weight: 15, CentreY: 1988.500, DisY: 700.500, SlotAng: 177.004
[20240124_13:17:21_408] # [T73195][VisionSlotAdd][1576]New Vision Slot[1][1] Coord: 0: 2554, 16439; 1: 7587, 16664; 2: 7694, 14278; 3: 2661, 14053
[20240124_13:17:21_412] # [T73196][VisionSlotAdd][1600]vision slot [1][1], u32Weight: 15, Sum: 1367, SlotAng: 2.561, CurSlotAng: 2.657
[20240124_13:17:21_412] # [T73197][VisionSlotAddValidCheck][893]Vision slot Length: 2212,2213, Depth 4731,4731
[20240124_13:17:21_413] # [T73197][VisionSlotAdd][1521]Added Vision Slot[0][3] Num 4 OriCoord: 0: 3283, 3123; 1: 8012, 2958; 2: 7935, 746; 3: 3206, 912
[20240124_13:17:21_413] # [T73198][VisionSlotAdd][1522]VehCoordAndAngle: 24, 13304, ang -0.006 (-0.339)
[20240124_13:17:21_413] # [T73198][VisionSlotAdd][1523]Current VehPos: 25, 13453, ang -0.006 (-0.345)
[20240124_13:17:21_413] # [T73199][VisionSlotAdd][1528]Convert Vision Slot[0][3] Coord: 0: -3239, 16447; 1: -7969, 16310; 2: -7905, 14097; 3: -3175, 14235
[20240124_13:17:21_414] # [T73199][VisionSlotAdd][1533]Old Vision Slot[0][3] Coord: 0: -3235, 16366; 1: -8028, 16225; 2: -7962, 13993; 3: -3169, 14135
[20240124_13:17:21_414] # [T73200][VisionSlotAddSlotWeightCal][1014]u32Weight: 15, CentreY: 2017.500, DisY: 729.500, SlotAng: -2.004
[20240124_13:17:21_428] # [T73201][VisionSlotAdd][1576]New Vision Slot[0][3] Coord: 0: -3235, 16367; 1: -8028, 16225; 2: -7962, 13994; 3: -3169, 14136
[20240124_13:17:21_428] # [T73201][VisionSlotAdd][1600]vision slot [0][3], u32Weight: 15, Sum: 1418, SlotAng: -178.306, CurSlotAng: -178.334
[20240124_13:17:21_444] # [T73234][APARadarFilterSaveOblPointToSlotBuf][832]******  Outline[0] cnt [49] Point[47]  *******
[20240124_13:17:21_445] # [T73234][APARadarFilterSaveOblPointToSlotBuf][833]VehCoord[0][47]: 24, 13313, VehAng: -5
[20240124_13:17:21_460] # [T73235][APARadarFilterSaveOblPointToSlotBuf][834]OblCoord[0][47]: -3227, 16914, Dis: 2338, Big: 0
[20240124_13:17:21_460] # 
[20240124_13:17:21_477] # [T73266][APAVisionOblAdd][1323]Vision Obl merge: 62
[20240124_13:17:21_477] # [T73266][APAVisionOblAdd][1326]Receive Vision Obl CrossPointCoord: 0: -7977, 16305; 1: -3226, 16442
[20240124_13:17:21_477] # [T73266][APAVisionOblInfoDebugPrint][118]VisionOblInfo:
[20240124_13:17:21_483] # [T73267][APAVisionOblInfoDebugPrint][119]OblType: 0, bIsMerge 0, DetectCount 100
[20240124_13:17:21_484] # [T73267][APAVisionOblInfoDebugPrint][122]CrossPointCoord: 0: -8037, 16232; 1: -3238, 16383
[20240124_13:17:21_484] # [T73268][APAVisionOblInfoDebugPrint][125]OriginCrossPointCoord: 0: 8020, 2905; 1: 3270, 3071
[20240124_13:17:21_484] # [T73268][APAVisionOblInfoDebugPrint][126]VehCoordAndAng: 24, 13352, ang -0.006(-0.341)
[20240124_13:17:21_484] # [T73269][APAVisionOblInfoDebugPrint][127] 
[20240124_13:17:21_484] # [T73269][APAVisionOblAdd][1323]Vision Obl merge: 63
[20240124_13:17:21_484] # [T73269][APAVisionOblAdd][1326]Receive Vision Obl CrossPointCoord: 0: 2560, 16470; 1: 7725, 16710
[20240124_13:17:21_485] # [T73270][APAVisionOblInfoDebugPrint][118]VisionOblInfo:
[20240124_13:17:21_485] # [T73270][APAVisionOblInfoDebugPrint][119]OblType: 0, bIsMerge 0, DetectCount 100
[20240124_13:17:21_485] # [T73270][APAVisionOblInfoDebugPrint][122]CrossPointCoord: 0: 2546, 16443; 1: 7565, 16673
[20240124_13:17:21_485] # [T73271][APAVisionOblInfoDebugPrint][125]OriginCrossPointCoord: 0: -2517, 3133; 1: -7680, 3404
[20240124_13:17:21_485] # [T73271][APAVisionOblInfoDebugPrint][126]VehCoordAndAng: 24, 13352, ang -0.006(-0.341)
[20240124_13:17:21_485] # [T73272][APAVisionOblInfoDebugPrint][127] 
[20240124_13:17:21_486] # [T73272][VisionSlotAddValidCheck][893]Vision slot Length: 2203,2203, Depth 4752,4752
[20240124_13:17:21_486] # [T73273][VisionSlotAdd][1521]Added Vision Slot[0][3] Num 4 OriCoord: 0: 3270, 3071; 1: 8020, 2905; 2: 7943, 703; 3: 3193, 869
[20240124_13:17:21_486] # [T73273][VisionSlotAdd][1522]VehCoordAndAngle: 24, 13352, ang -0.006 (-0.341)
[20240124_13:17:21_493] # [T73274][VisionSlotAdd][1523]Current VehPos: 25, 13501, ang -0.006 (-0.347)
[20240124_13:17:21_493] # [T73274][VisionSlotAdd][1528]Convert Vision Slot[0][3] Coord: 0: -3226, 16442; 1: -7977, 16305; 2: -7913, 14102; 3: -3162, 14240
[20240124_13:17:21_493] # [T73275][VisionSlotAdd][1533]Old Vision Slot[0][3] Coord: 0: -3235, 16367; 1: -8028, 16225; 2: -7962, 13994; 3: -3169, 14136
[20240124_13:17:21_493] # [T73276][VisionSlotAddSlotWeightCal][1014]u32Weight: 15, CentreY: 1970.000, DisY: 682.000, SlotAng: -2.002
[20240124_13:17:21_494] # [T73276][VisionSlotAdd][1576]New Vision Slot[0][3] Coord: 0: -3235, 16368; 1: -8027, 16226; 2: -7961, 13995; 3: -3169, 14137
[20240124_13:17:21_494] # [T73277][VisionSlotAdd][1600]vision slot [0][3], u32Weight: 15, Sum: 1433, SlotAng: -178.306, CurSlotAng: -178.339
[20240124_13:17:21_494] # [T73278][VisionSlotAddValidCheck][893]Vision slot Length: 2395,2395, Depth 5170,5169
[20240124_13:17:21_494] # [T73278][VisionSlotAdd][1521]Added Vision Slot[1][1] Num 2 OriCoord: 0: -2517, 3133; 1: -7680 3404; 2: -7805, 1012; 3: -2643, 741
[20240124_13:17:21_494] # [T73279][VisionSlotAdd][1522]VehCoordAndAngle: 24, 13352, ang -0.006 (-0.341)
[20240124_13:17:21_494] # [T73279][VisionSlotAdd][1523]Current VehPos: 25, 13501, ang -0.006 (-0.347)
[20240124_13:17:21_495] # [T73280][VisionSlotAdd][1528]Convert Vision Slot[1][1] Coord: 0: 2560, 16470; 1: 7725, 16710; 2: 7835, 14317; 3: 2672, 14077
[20240124_13:17:21_495] # [T73280][VisionSlotAdd][1533]Old Vision Slot[1][1] Coord: 0: 2554, 16439; 1: 7587, 16664; 2: 7694, 14278; 3: 2661, 14053
[20240124_13:17:21_495] # [T73281][VisionSlotAddSlotWeightCal][1014]u32Weight: 16, CentreY: 1937.000, DisY: 649.000, SlotAng: 176.995
[20240124_13:17:21_495] # [T73282][VisionSlotAdd][1576]New Vision Slot[1][1] Coord: 0: 2554, 16439; 1: 7589, 16665; 2: 7696, 14278; 3: 2661, 14053
[20240124_13:17:21_506] # [T73283][VisionSlotAdd][1600]vision slot [1][1], u32Weight: 16, Sum: 1383, SlotAng: 2.562, CurSlotAng: 2.664
[20240124_13:17:21_567] # [T73357][APAVisionOblAdd][1323]Vision Obl merge: 62
[20240124_13:17:21_572] # [T73357][APAVisionOblAdd][1326]Receive Vision Obl CrossPointCoord: 0: -7977, 16367; 1: -3174, 16422
[20240124_13:17:21_572] # [T73357][APAVisionOblInfoDebugPrint][118]VisionOblInfo:
[20240124_13:17:21_572] # [T73358][APAVisionOblInfoDebugPrint][119]OblType: 0, bIsMerge 0, DetectCount 100
[20240124_13:17:21_573] # [T73358][APAVisionOblInfoDebugPrint][122]CrossPointCoord: 0: -8037, 16232; 1: -3238, 16383
[20240124_13:17:21_573] # [T73359][APAVisionOblInfoDebugPrint]125]OriginCrossPointCoord: 0: 8020, 2914; 1: 3218, 2998
[20240124_13:17:21_573] # [T73359][APAVisionOblInfoDebugPrint][126]VehCoordAndAng: 25, 13405, ang -0.006(-0.343)
[20240124_13:17:21_573] # [T73360][APAVisionOblInfoDebugPrint][127] 
[20240124_13:17:21_573] # [T73360][APAVisionOblAdd][1323]Vision Obl merge: 63
[20240124_13:17:21_573] # [T73360][APAVisionOblAdd][1326]Receive Vision Obl CrossPointCoord: 0: 2543, 16471; 1: 7704, 16711
[20240124_13:17:21_577] # [T73361][APAisionOblInfoDebugPrint][118]VisionOblInfo:
[20240124_13:17:21_577] # [T73361][APAVisionOblInfoDebugPrint][119]OblType: 0, bIsMerge 0, DetectCount 100
[20240124_13:17:21_577] # [T73361][APAVisionOblInfoDebugPrint][122]CrossPointCoord: 0: 2546, 16443; 1: 7565, 16673
[20240124_13:17:21_578] # [T73362][APAVisionOblInfoDebugPrint][125]OriginCrossPointCoord: 0: -2500, 3081; 1: -7659, 3352
[20240124_13:17:21_578] # [T73362][APAVisionOblInfoDebugPrint][126]VehCoordAndAng: 25, 13405, ang -0.006(-0.343)
[20240124_13:17:21_578] # [T73363][APAVisionOblInfoDebugPrint][127] 
[20240124_13:17:21_578] # [T73363][VisionSlotAddValidCheck][893]Vision slot Length: 2222,2222, Depth 4802,4802
[20240124_13:17:21_578] # [T73364][VisionSlotAdd][1521]Added Vision Slot[0][3] Num 4 OriCoord: 0: 3218, 2998; 1: 8020, 2914; 2: 7981, 692; 3: 3179, 776
[20240124_13:17:21_578] # [T73364][VisionSlotAdd][1522]VehCoordAndAngle: 25, 13405, ang -0.006 (-0.343)
[20240124_13:17:21_579] # [T73365][VisionSlotAdd][1523]Current VehPos: 26, 13555, ang -0.006 (-0.349)
[20240124_13:17:21_579] # [T73365][VisionSlotAdd][1528]Convert Vision Slot[0][3] Coord: 0: -3174, 16422; 1: -7977, 16367; 2: -7951, 14144; 3: -3149, 14200
[20240124_13:17:21_579] # [T73366][VisionSlotAdd][1533]Old Vision Slot[0][3] Coord: 0: -3235, 16368; 1: -8027, 16226; 2: -7961, 13995; 3: -3169, 14137
[20240124_13:17:21_582] # [T73367][VisionSlotAddSlotWeightCal][1014]u32Weight: 16, CentreY: 1887.000, DisY: 599.000, SlotAng: -1.002
[20240124_13:17:21_582] # [T73367][VisionSlotAdd][1576]New Vision Slot[0][3] Coord: 0: -3234, 16369; 1: -8027, 16228; 2: -7961, 13997; 3: -3169, 14138
[20240124_13:17:21_583] # [T73368][VisionSlotAdd][1600]vision slot [0][3], u32Weight: 16, Sum: 1449, SlotAng: -178.318, CurSlotAng: -179.341
[20240124_13:17:21_583] # [T73369][VisionSlotAddValidCheck][893]Vision slot Length: 2383,2384, Depth 5166,5166
[20240124_13:17:21_583] # [T73369][VisionSlotAdd][1521]Added Vision Slot[1][1] Num 2 OriCoord: 0: -2500, 3081; 1: -7659, 3352; 2: -7784, 971; 3: -2625, 701
[20240124_13:17:21_583] # [T73370][VisionSlotAdd][1522]VehCoordAndAngle: 25, 13405, ang -0.006 (-0.343)
[20240124_13:17:21_583] # [T73370][VisionSlotAdd][1523]Current VehPos: 26, 13555, ang -0.006 (-0.349)
[20240124_13:17:21_584] # [T73371][VisionSlotAdd][1528]Convert Vision Slot[1][1] Coord: 0: 2543, 16471; 1: 7704, 16711; 2: 7814, 14329; 3: 2654, 14090
[20240124_13:17:21_584] # [T73371][VisionSlotAdd][1533]Old Vision Slot[1][1] Coord: 0: 2554, 16439; 1: 7589, 16665; 2: 7696, 14278; 3: 2661, 14053
[20240124_13:17:21_588] # [T73372][VisionSlotAddSlotWeightCal][1014]u32Weight: 16, CentreY: 1891.000, DisY: 603.000, SlotAng: 176.999
[20240124_13:17:21_588] # [T73373][VisionSlotAdd][1576]New Vision Slot[1][1] Coord: 0: 2554, 16440; 1: 7590, 16665; 2: 7697, 14279; 3: 2661, 14053
[20240124_13:17:21_600] # [T73373][VisionSlotAdd][1600]vision slot [1][1], u32Weight: 16, Sum: 1399, SlotAng: 2.563, CurSlotAng: 2.659
[20240124_13:17:21_649] #   73438-task_radar-118: RadarCaptureCnt is 335 
[20240124_13:17:21_649] # 
[20240124_13:17:21_649] # [T73438][APAVisionOblAdd][1323]Vision Obl merge: 62
[20240124_13:17:21_649] # [T73439][APAVisionOblAdd][1326]Receive Vision Obl CrossPointCoord: 0: -7944, 16312; 1: -3255, 16448
[20240124_13:17:21_655] # [T73439][APAVisionOblInfoDebugPrint][118]VisionOblInfo:
[20240124_13:17:21_655] # [T73439][APAVisionOblInfoDebugPrint][119]OblType: 0, bIsMerge 0, DetectCount 100
[20240124_13:17:21_656] # [T73440][APAVisionOblInfoDebugPrint][122]CrossPointCoord: 0: -8037, 16232; 1: -3238, 16383
[20240124_13:17:21_656] # [T73440][APAVisionOblInfoDebugPrint][125]OriginCrossPointCoord: 0: 7987, 2811; 1: 3299, 2975
[20240124_13:17:21_656] # [T73441][APAVisionOblInfoDebugPrint][126]VehCoordAndAng: 25, 13453, ang -0.006(-0.345)
[20240124_13:17:21_656] # [T73441][APAVisionOblInfoDebugPrint][127] 
[20240124_13:17:21_656] # [T73442][APAVisionOblAdd][1323]Vision Obl merge: 63
[20240124_13:17:21_656] # [T73442][APAVisionOblAdd][1326]Receive Vision Obl CrossPointCoord: 0: 2531, 16503; 1: 7715, 16744
[20240124_13:17:21_656] # [T73442][APAVisionOblInfoDebugPrint][118]VisionOblInfo:
[20240124_13:17:21_656] # [T73443][APAVisionOblInfoDebugPrint][119]OblType: 0, bIsMerge 0, DetectCount 100
[20240124_13:17:21_657] # [T73443][APAVisionOblInfoDebugPrint][122]CrossPointCoord: 0: 2546, 16443; 1: 7565, 16673
[20240124_13:17:21_657] # [T73444][APAVisionOblInfoDebugPrint][125]OriginCrossPointCoord: 0: -2488, 3065; 1: -7670, 3337
[20240124_13:17:21_657] # [T73444][APAVisionOblInfoDebugPrint][126]VehCoordAndAng: 25, 13453, ang -0.006(-0.345)
[20240124_13:17:21_657] # [T73445][APAVisionOblInfoDebugPrint][127] 
[20240124_13:17:21_661] # [T73445][VisionSlotAddValidCheck][893]Vision slot Length: 2212,2212, Depth 4690,4690
[20240124_13:17:21_662] # [T73445][VisionSlotAdd][1521]Added Vision Slot[0][3] Num 4 OriCoord: 0: 3299, 2975; 1: 7987, 2811; 2: 7910, 600; 3: 3222, 764
[20240124_13:17:21_662] # [T73446][VisionSlotAdd][1522]VehCoordAndAngle: 25, 13453, ang -0.006 (-0.345)
[20240124_13:17:21_662] # [T73446][VisionSlotAdd][1523]Current VehPos: 26, 13604, ang -0.006 (-0.351)
[20240124_13:17:21_662] # [T73447][VisionSlotAdd][1528]Convert Vision Slot[0][3] Coord: 0: -3255, 16448; 1: -7944, 16312; 2: -7880, 14100; 3: -3191, 14236
[20240124_13:17:21_663] # [T73448][VisionSlotAdd][1533]Old Vision Slot[0][3] Coord: 0: -3234, 16369; 1: -8027, 16228; 2: -7961, 13997; 3: -3169, 14138
[20240124_13:17:21_663] # [T73448][VisionSlotAddSlotWeightCal][1014]u32Weight: 16, CentreY: 1869.500, DisY: 581.500, SlotAng: -2.004
[20240124_13:17:21_663] # [T73449][VisionSlotAdd][1576]New Vision Slot[0][3] Coord: 0: -3234, 16369; 1: -8026, 16229; 2: -7960, 13998; 3: -3169, 14139
[20240124_13:17:21_663] # [T73450][VisionSlotAdd][1600]vision slot [0][3], u32Weight: 16, Sum: 1465, SlotAng: -178.318, CurSlotAng: -178.341
[20240124_13:17:21_664] # [T73450][VisionSlotAddValidCheck][893]Vision slot Length: 2428,2429, Depth 5189,5190
[20240124_13:17:21_664] # [T73451][VisionSlotAdd][1521]Added Vision Slot[1][1] Num 2 OriCoord: 0: -2488, 3065; 1: -7670, 3337; 2: -7798, 911; 3: -2615, 640
[20240124_13:17:21_664] # [T73451][VisionSlotAdd][1522]VehCoordAndAngle: 25, 13453, ang -0.006 (-0.345)
[20240124_13:17:21_668] # [T73452][VisionSlotAdd][1523]Current VehPos: 26, 13604, ang -0.006 (-0.351)
[20240124_13:17:21_669] # [T73452][VisionSlotAdd][1528]Convert Vision Slot[1][1] Coord: 0: 2531, 16503; 1: 7715, 16744; 2: 7828, 14317; 3: 2644, 14077
[20240124_13:17:21_669] # [T73453][VisionSlotAdd][1533]Old Vision Slot[1][1] Coord: 0: 2554, 16440; 1: 7590, 16665; 2: 7697, 14279; 3: 2661, 14053
[20240124_13:17:21_669] # [T73454][VisionSlotAddSlotWeightCal][1014]u32Weight: 17, CentreY: 1852.500, DisY: 564.500, SlotAng: 177.001
[20240124_13:17:21_669] # [T73454][VisionSlotAdd][1576]New Vision Slot[1][1] Coord: 0: 2554, 16441; 1: 7592, 16666; 2: 7698, 14279; 3: 2661, 14054
[20240124_13:17:21_677] # [T73455][VisionSlotAdd][1600]vision slot [1][1], u32Weight: 17, Sum: 1416, SlotAng: 2.564, CurSlotAng: 2.654
[20240124_13:17:21_724] # [T73512][APAVisionOblAdd][1323]Vision Obl merge: 62
[20240124_13:17:21_724] # [T73512][APAVisionOblAdd][1326]Receive Vision Obl CrossPointCoord: 0: -7956, 16365; 1: -3217, 16419
[20240124_13:17:21_724] # [T73512][APAVisionOblInfoDebugPrint][118]VisionOblInfo:
[20240124_13:17:21_725] # [T73513][APAVisionOblInfoDebugPrint][119]OblType: 0, bIsMerge 0, DetectCount 100
[20240124_13:17:21_729] # [T73513][APAVisionOblInfoDebugPrint][122]CrossPointCoord: 0: -8037, 16232; 1: -3238, 16383
[20240124_13:17:21_729] # [T73514][APAVisionOblInfoDebugPrint][125]OriginCrossPointCoord: 0: 8000, 2815; 1: 3261, 2898
[20240124_13:17:21_729] # [T73514][APAVisionOblInfoDebugPrint][126]VehCoordAndAng: 25, 13501, ang -0.006(-0.347)
[20240124_13:17:21_729] # [T73515][APAVisionOblInfoDebugPrint][127] 
[20240124_13:17:21_729] # [T73515][APAVisionOblAdd][1323]Vision Obl merge: 63
[20240124_13:17:21_730] # [T73515][APAVisionOblAdd][1326]Receive Vision Obl CrossPointCoord: 0: 2496, 16535; 1: 7735, 16778
[20240124_13:17:21_730] # [T73516][APAVisionOblInfoDebugPrint][118]VisionOblInfo:
[20240124_13:17:21_730] # [T73516][APAVisionOblInfoDebugPrint][119]OblType: 0, bIsMerge 0, DetectCount 100
[20240124_13:17:21_730] # [T73516][APAVisionOblInfoDebugPrint][122]CrossPointCoord: 0: 2546, 16443; 1: 7565, 16673
[20240124_13:17:21_730] # [T73517][APAVisionOblInfoDebugPrint][125]OriginCrossPointCoord: 0: -2452, 3049; 1: -7690, 3323
[20240124_13:17:21_730] # [T73518][APAVisionOblInfoDebugPrint][126]VehCoordAndAng: 25, 13501, ang -0.006(-0.347)
[20240124_13:17:21_730] # [T73518][APAVisionOblInfoDebugPrint][127] 
[20240124_13:17:21_731] # [T73518][VisionSlotAddValidCheck][893]Vision slot Length: 2222,2222, Depth 4739,4739
[20240124_13:17:21_734] # [T73519][VisionSlotAdd][1521]Added Vision Slot[0][3] Num 4 OriCoord: 0: 3261, 2898; 1: 8000, 2815; 2: 7961, 593; 3: 3222, 676
[20240124_13:17:21_734] # [T73519][VisionSlotAdd][1522]VehCoordAndAngle: 25, 13501, ang -0.006 (-0.347)
[20240124_13:17:21_734] # [T73520][VisionSlotAdd][1523]Current VehPos: 26, 13646, ang -0.006 (-0.353)
[20240124_13:17:21_735] # [T73520][VisionSlotAdd][1528]Convert Vision Slot[0][3] Coord: 0: -3217, 16419; 1: -7956, 16365; 2: -7931, 14142; 3: -3192, 14197
[20240124_13:17:21_735] # [T73521][VisionSlotAdd][1533]Old Vision Slot[0][3] Coord: 0: -3234, 16369; 1: -8026, 16229; 2: -7960, 13998; 3: -3169, 14139
[20240124_13:17:21_735] # [T73522][VisionSlotAddSlotWeightCal][1014]u32Weight: 17, CentreY: 1787.000, DisY: 499.000, SlotAng: -1.003
[20240124_13:17:21_735] # [T73522][VisionSlotAdd][1576]New Vision Slot[0][3] Coord: 0: -3234, 16370; 1: -8025, 16230; 2: -7960, 14000; 3: -3169, 14139
[20240124_13:17:21_736] # [T73523][VisionSlotAdd][1600]vision slot [0][3], u32Weight: 17, Sum: 1482, SlotAng: -178.329, CurSlotAng: -179.343
[20240124_13:17:21_736] # [T73524][VisionSlotAddValidCheck][893]Vision slot Length: 2391,2390, Depth 5245,5245
[20240124_13:17:21_741] # [T73524][VisionSlotAdd][1521]Added Vision Slot[1][1] Num 2 OriCoord: 0: -2452, 3049; 1: -7690, 3323; 2: -7815, 936; 3: -2577, 661
[20240124_13:17:21_741] # [T73525][VisionSlotAdd][1522]VehCoordAndAngle: 25, 13501, ang -0.006 (-0.347)
[20240124_13:17:21_741] # [T73525][VisionSlotAdd][1523]Current VehPos: 26, 13646, ang -0.006 (-0.353)
[20240124_13:17:21_741] # [T73526][VisionSlotAdd][1528]Convert Vision Slot[1][1] Coord: 0: 2496, 16535; 1: 7735, 16778; 2: 7846, 14390; 3: 2606, 14147
[20240124_13:17:21_741] # [T73526][VisionSlotAdd][1533]Old Vision Slot[1][1] Coord: 0: 2554, 16441; 1: 7592, 16666; 2: 7698, 14279; 3: 2661, 14054
[20240124_13:17:21_742] # [T73527][VisionSlotAddSlotWeightCal][1014]u32Weight: 17, CentreY: 1855.000, DisY: 567.000, SlotAng: 177.000
[20240124_13:17:21_742] # [T73528][VisionSlotAdd][1576]New Vision Slot[1][1] Coord: 0: 2553, 16442; 1: 7593, 16668; 2: 7700, 14281; 3: 2660, 14055
[20240124_13:17:21_756] # [T73528][VisionSlotAdd][1600]vision slot [1][1], u32Weight: 17, Sum: 1433, SlotAng: 2.565, CurlotAng: 2.653
[20240124_13:17:21_804] # [T73593][APAVisionOblAdd][1323]Vision Obl merge: 62
[20240124_13:17:21_804] # [T73593][APAVisionOblAdd][1326]Receive Vision Obl CrossPointCoord: 0: -7981, 16285; 1: -3245, 16422
[20240124_13:17:21_805] # [T73593][APAVisionOblInfoDebugPrint][118]VisionOblInfo:
[20240124_13:17:21_805] # [T73594][APAVisionOblInfoDebugPrint][119]OblType: 0, bIsMerge 0, DetectCount 100
[20240124_13:17:21_809] # [T73594][APAVisionOblInfoDebugPrint][122]CrossPointCoord: 0: -8037, 16232; 1: -3238, 16383
[20240124_13:17:21_809] # [T73595][APAVisionOblInfoDebugPrint][125]OriginCrossPointCoord: 0: 8024, 2687; 1: 3289, 2853
[20240124_13:17:21_809] # [T73595][APAVisionOblInfoDebugPrint][126]VehCoordAndAng: 26, 13549, ang -0.006(-0.349)
[20240124_13:17:21_810] # [T73596][APAVisionOblInfoDebugPrint][127] 
[20240124_13:17:21_810] # [T7596][APAVisionOblAdd][1323]Vision Obl merge: 63
[20240124_13:17:21_810] # [T73596][APAVisionOblAdd][1326]Receive Vision Obl CrossPointCoord: 0: 2566, 16489; 1: 7752, 16728
[20240124_13:17:21_810] # [T73597][APAVisionOblInfoDebugPrint][118]VisionOblInfo:
[20240124_13:17:21_810] # [T73597][APAVisionOblInfoDebugPrint][119]OblType: 0, bIsMerge 0, DetectCount 100
[20240124_13:17:21_811] # [T73597][APAVisionOblInfoDebugPrint][122]CrossPointCoord: 0: 2546, 16443; 1: 7565, 16673
[20240124_13:17:21_811] # [T73598][APAVisionOblInfoDebugPrint][125]OriginCrossPointCoord: 0: -2522, 2955; 1: -7707, 3226
[20240124_13:17:21_811] # [T73598][APAVisionOblInfoDebugPrint][126]VehCoordAndAng: 26, 13549, ang -0.006(-0.349)
[20240124_13:17:21_811] # [T73599][APAVisionOblInfoDebugPrint][127] 
[20240124_13:17:21_816] # [T73599][VisionSlotAddValidCheck][893]Vision slot Length: 2171,2171, Depth 4737,4737
[20240124_13:17:21_816] # [T73600][VisionSlotAdd][1521]Added Vision Slot[0][3] Num 4 OriCoord: 0: 3289, 2853; 1: 8024, 2687; 2: 7948, 517; 3: 3213, 683
[20240124_13:17:21_816] # [T73600][VisionSlotAdd][1522]VehCoordAndAngle: 26, 13549, ang -0.006 (-0.349)
[20240124_13:17:21_816] # [T73601][VisionSlotAdd][1523]Current VehPos: 27, 13718, ang -0.006 (-0.356)
[20240124_13:17:21_816] # [T73601][VisionSlotAdd][1528]Convert Vision Slot[0][3] Coord: 0: -3245, 16422; 1: -7981, 16285; 2: -7918, 14115; 3: -3182, 14252
[20240124_13:17:21_817] # [T73602][VisionSlotAdd][1533]Old Vision Slot[0][3] Coord: 0: -3234, 16370; 1: -8025, 16230; 2: -7960, 14000; 3: -3169, 14139
[20240124_13:17:21_817] # [T73603][VisionSlotAddSlotWeightCal][1014]u32Weight: 17, CentreY: 1768.000, DisY: 480.000, SlotAng: -2.008
[20240124_13:17:21_817] # [T73603][VisionSlotAdd][1576]New Vision Slot[0][3] Coord: 0: -3234, 16371; 1: -8024, 16231; 2: -7959, 14001; 3: -3169, 14141
[20240124_13:17:21_817] # [T73604][VisionSlotAdd][1600]vision slot [0][3], u32Weight: 17, Sum: 1499, SlotAng: -178.330, CurSlotAng: -178.341
[20240124_13:17:21_817] # [T73605][VisionSlotAddValidCheck][893]Vision slot Length: 2343,2342, Depth 5192,5191
[20240124_13:17:21_822] # [T73605][VisionSlotAdd][1521]Added Vision Slot[1][1] Num 2 OriCoord: 0: -2522, 2955; 1: -7707, 3226; 2: -7829, 887; 3: -2645, 615
[20240124_13:17:21_822] # [T73606][VisionSlotAdd][1522]VehCoordAndAngle: 26, 13549, ang -0.006 (-0.349)
[20240124_13:17:21_822] # [T73606][VisionSlotAdd][1523]Current VehPos: 27, 13718, ang -0.006 (-0.356)
[20240124_13:17:21_822] # [T73607][VisionSlotAdd][1528]Convert Vision Slot[1][1] Coord: 0: 2566, 16489; 1: 7752, 16728; 2: 7860, 14389; 3: 2674, 14148
[20240124_13:17:21_822] # [T73607][VisionSlotAdd][1533]Old Vision Slot[1][1] Coord: 0: 2553, 16442; 1: 7593, 16668; 2: 7700, 14281; 3: 2660, 14055
[20240124_13:17:21_823] # [T73608][VisionSlotAddSlotWeightCal][1014]u32Weight: 17, CentreY: 1785.000, DisY: 497.000, SlotAng: 177.002
[20240124_13:17:21_823] # [T73608][VisionSlotAdd][1576]New Vision Slot[1][1] Coord: 0: 2553, 16442; 1: 7595, 16668; 2: 7702, 14282; 3: 2660, 14056
[20240124_13:17:21_834] # [T73609][VisionSlotAdd][1600]vision slot [1][1], u32Weight: 17, Sum: 1450, SlotAng: 2.566, CurSlotAng: 2.649
[20240124_13:17:21_885] # [T73674][APAVisionOblAdd][1323]Vision Obl merge: 62
[20240124_13:17:21_885] # [T73674][APAVisionOblAdd][1326]Receive Vision Obl CrossPointCoord: 0: -8013, 16313; 1: -3224, 16452
[20240124_13:17:21_886] # [T73674][APAVisionOblInfoDebugPrint][118]VisionOblInfo:
[20240124_13:17:21_886] # [T73675][APAVisionOblInfoDebugPrint][119]OblType: 0, bIsMerge 0, DetectCount 100
[20240124_13:17:21_891] # [T73675][APAVisionOblInfoDebugPrint][122]CrossPointCoord: 0: -8037, 16232; 1: -3238, 16383
[20240124_13:17:21_891] # [T73676][APAVisionOblInfoDebugPrint][125]OriginCrossPointCoord: 0: 8056, 2651; 1: 3268, 2819
[20240124_13:17:21_892] # [T73676][APAVisionOblInfoDebugPrint][126]VehCoordAndAng: 26, 13613, ang -0.006(-0.351)
[20240124_13:17:21_892] # [T73677][APAVisionOblInfoDebugPrint][127] 
[20240124_13:17:21_892] # [T73677][APAVisionOblAdd][1323]Vision Obl merge: 63
[20240124_13:17:21_892] # [T73677][APAVisionOblAdd][1326]Receive Vision Obl CrossPointCoord: 0: 2508, 16542; 1: 7786, 16785
[20240124_13:17:21_892] # [T73678][APAVisionOblInfoDebugPrint][118]VisionOblInfo:
[20240124_13:17:21_893] # [T73678][APAVisionOblInfoDebugPrint][119]OblType: 0, bIsMerge 0, DetectCount 100
[20240124_13:17:21_893] # [T73678][APAVisionOblInfoDebugPrint][122]CrossPointCoord: 0: 2546, 16443; 1: 7565, 16673
[20240124_13:17:21_893] # [T73679][APAVisionOblInfoDebugPrint][125]OriginCrossPointCoord: 0: -2464, 2944; 1: -7740, 3220
[20240124_13:17:21_893] # [T73679][APAVisionOblInfoDebugPrint][126]VehCoordAndAng: 26, 13613, ang -0.006(-0.351)
[20240124_13:17:21_893] # [T73680][APAVisionOblInfoDebugPrint][127] 
[20240124_13:17:21_897] # [T73680][VisionSlotAddValidCheck][893]Vision slot Length: 2235,2235, Depth 4790,4790
[20240124_13:17:21_897] # [T73681][VisionSlotAdd][1521]Added Vision Slot[0][3] Num 4 OriCoord: 0: 3268, 2819; 1: 8056, 2651; 2: 7978, 417; 3: 3190, 585
[20240124_13:17:21_898] # [T73681][VisionSlotAdd][1522]VehCoordAndAngle: 26, 13613, ang -0.006 (-0.351)
[20240124_13:17:21_898] # [T73682][VisionSlotAdd][1523]Current VehPos: 27, 13766, ang -0.006 (-0.358)
[20240124_13:17:21_898] # [T73682][VisionSlotAdd][1528]Convert Vision Slot[0][3] Coord: 0: -3224, 16452; 1: -8013, 16313; 2: -7948, 14079; 3: -3159, 14217
[20240124_13:17:21_898] # [T73683][VisionSlotAdd][1533]Old Vision Slot[0][3] Coord: 0: -3234, 16371; 1: -8024, 16231; 2: -7959, 14001; 3: -3169, 14141
[20240124_13:17:21_898] # [T73684][VisionSlotAddSlotWeightCal][1014]u32Weight: 18, CentreY: 1702.000, DisY: 414.000, SlotAng: -2.010
[20240124_13:17:21_899] # [T73684][VisionSlotAdd][1576]New Vision Slot[0][3] Coord: 0: -3234, 16372; 1: -8024, 16232; 2: -7959, 14002; 3: -3169, 14142
[20240124_13:17:21_899] # [T73685][VisionSlotAdd][1600]vision slot [0][3], u32Weight: 18, Sum: 1517, SlotAng: -178.330, CurSlotAng: -178.342
[20240124_13:17:21_899] # [T73686][VisionSlotAddValidCheck][893]Vision slot Length: 2431,2431, Depth 5283,5283
[20240124_13:17:21_899] # [T73686][VisionSlotAdd][1521]Added Vision Slot[1][1] Num 2 OriCoord: 0: -2464, 2944; 1: -7740, 3220; 2: -7867, 792; 3: -2591, 516
[20240124_13:17:21_899] # [T73687][VisionSlotAdd][1522]VehCoordAndAngle: 26, 13613, ang -0.006 (-0.351)
[20240124_13:17:21_903] # [T73687][VisionSlotAdd][1523]Current VehPos: 27, 13766, ang -0.006 (-0.358)
[20240124_13:17:21_904] # [T73688][VisionSlotAdd][1528]Convert Vision Slot[1][1] Coord: 0: 2508, 16542; 1: 7786, 16785; 2: 7898, 14356; 3: 2620, 14113
[20240124_13:17:21_904] # [T73688][VisionSlotAdd][1533]Old Vision Slot[1][1] Coord: 0: 2553, 16442; 1: 7595, 16668; 2: 772, 14282; 3: 2660, 14056
[20240124_13:17:21_904] # [T73689][VisionSlotAddSlotWeightCal][1014]u32Weight: 18, CentreY: 1730.000, DisY: 442.000, SlotAng: 177.005
[20240124_13:17:21_904] # [T73690][VisionSlotAdd][1576]New Vision Slot[1][1] Coord: 0: 2553, 16443; 1: 7597, 16670; 2: 7704, 14283; 3: 2660, 14057
[20240124_13:17:21_904] # [T73690][VisionSlotAdd][1600]vision slot [1][1], u32Weight: 18, Sum: 1468, SlotAng: 2.567, CurSlotAng: 2.643
[20240124_13:17:21_905] # [T73691][DecisionParkInRequestCalPath][3130]CalID[4], SideIndex[0], SlotIndex[2], PlanCmd[3]
[20240124_13:17:21_905] # [T73691][APAParkManaParkingSetParkingSideSwitched][2622]Parking Side Switched Finish. LeftIndex[1], RightIndex[0], Side[1]
[20240124_13:17:21_905] # [T73692][APAParkManaParkingSetParkingSideSwitched][2637]Parking Slot Data Switch Finish.
[20240124_13:17:21_905] # [T73693][locate_position_set][337]locate reset pos@73693: 1  -27.536, 13778.980, 0.4, minus: 0.000
[20240124_13:17:21_905] # 
[20240124_13:17:21_909] # [T73693][VT_APAPathPlanningHandle][2279]after: 0  1  1
[20240124_13:17:21_909] # [T73693][VT_APAPathPlanningHandle][2280]!!  id:0  !! index = 2
[20240124_13:17:21_909] # 
[20240124_13:17:21_909] # [T73694][DebugInfoStartInStepN][11197]req-2
[20240124_13:17:21_909] # [T73694][DebugInfoStartInStepN][11199]******************** path planning information ******* [2] ****************[-27  13778]****
[20240124_13:17:21_910] # [T73695][DebugInfoStartInStepN][11200]start_pos x = 27 y = 13778  veh*10: -3
[20240124_13:17:21_910] # [T73695][DebugInfoStartInStepN][11201]TargetDriveDirection = 0
[20240124_13:17:21_910] # [T73696][DebugInfoStartInStepN][11202]obl1 = 0 0 obl2 = 200 0
[20240124_13:17:21_910] # [T73696][DebugInfoStartInStepN][11203]endpos = 0 0  veh*10: 0
[20240124_13:17:21_911] # [T73696][APAPathPlanningPerpendCalPath][10298]4  0
[20240124_13:17:21_911] # [T73697][APAPathPlanningStep1DataDuringSearchingSlot][8668]27000   13778000     0
[20240124_13:17:21_911] # [T73697][APAPathPlanningStep1DataDuringSearchingSlot][8669]0   5024000     0
[20240124_13:17:21_911] # [T73697][APAPathPlanningStep1DataDuringSearchingSlot][8670]159000   -1000     9373000
[20240124_13:17:21_911] # [T73698][APAPathPlanningStep1DataDuringSearchingSlot][8671]VehTurningCenterPt = 0, 0
[20240124_13:17:21_914] # [T73698][APAPathPlanningStep1DataDuringSearchingSlot][8672]VehRearAxisCenterTurningRadius = 0
[20240124_13:17:21_915] # [T73699][APAPathPlanningStep1DataDuringSearchingSlot][8673]CalResult = 1
[20240124_13:17:21_915] # [T73699][APAPathPlanningPerpendSearchSlotCalPath][10749]5
[20240124_13:17:21_915] # [T73700][APAPathPlanningPerpendSearchSlotCalPath][11419]42
[20240124_13:17:21_915] # [T73700][APAPathPlanningPerpendSearchSlotCalPath][11450]43
[20240124_13:17:21_915] # [T73700][APAPathPlanningPerpendSearchSlotCalPath][11532]false
[20240124_13:17:21_916] # [T73701][APAPathPlanningPerpendCalNewParkingPath][12119]p4 CalResult = 0        flag = 1
[20240124_13:17:21_916] # [T73701][APAPathPlanningPerpendCalNewParkingPath][12156]p6 0
[20240124_13:17:21_916] # [T73701][APAPathPlanningAddOneBackLine][10758]pts: 0     pt_line: 0     jiaodu(*100): 0
[20240124_13:17:21_922] # [T73702][DecisionParkInRequestCalPath][3150]Request Planning Failed: CalID[4], Side[0], Class[2], Type[2]
[20240124_13:17:21_922] # [T73711][DecisionParkInRequestCalPath][3130]CalID[3], SideIndex[0], SlotIndex[1], PlanCmd[3]
[20240124_13:17:21_922] # [T73712][DebugInfoStartInStepN][11197]req-2
[20240124_13:17:21_928] # [T73712][DebugInfoStartInStepN][11199]******************** path planning information ******* [2] ****************[-27  13796]****
[20240124_13:17:21_928] # [T73713][DebugInfoStartInStepN][11200]start_pos x = -27 y = 13796  veh*10: 3
[20240124_13:17:21_928] # [T73713][DebugInfoStartInStepN][11201]TargetDriveDirection = 0
[20240124_13:17:21_928] # [T73713][DebugInfoStartInStepN][11202]obl1 = 0 0 obl2 = 200 0
[20240124_13:17:21_928] # [T73714][DebugInfoStartInStepN][11203]endpos = 0 0  veh*10: 0
[20240124_13:17:21_929] # [T73714][APAPathPlanningPerpendCalPath][10298]4  0
[20240124_13:17:21_929] # [T73715][APAPathPlanningStep1DataDuringSearchingSlot][8668]-27000   13796000     0
[20240124_13:17:21_929] # [T73715][APAPathPlanningStep1DataDuringSearchingSlot][8669]0   5024000     0
[20240124_13:17:21_929] # [T73715][APAPathPlanningStep1DataDuringSearchingSlot][8670]-159000   -1000     9382000
[20240124_13:17:21_929] # [T73716][APAPathPlanningStep1DataDuringSearchingSlot][8671]VehTurningCenterPt = 0, 0
[20240124_13:17:21_929] # [T73716][APAPathPlanningStep1DataDuringSearchingSlot][8672]VehRearAxisCenterTurningRadius = 0
[20240124_13:17:21_930] # [T73717][APAPathPlanningStep1DataDuringSearchingSlot][8673]CalResult = 1
[20240124_13:17:21_932] # [T73717][APAPathPlanningPerpendSearchSlotCalPath][10749]5
[20240124_13:17:21_934] # [T73718][APAPathPlanningPerpendSearchSlotCalPath][11419]42
[20240124_13:17:21_934] # [T73718][APAPathPlanningPerpendSearchSlotCalPath][11450]43
[20240124_13:17:21_934] # [T73718][APAPathPlanningPerpendSearchSlotCalPath][11532]false
[20240124_13:17:21_934] # [T73719][APAPathPlanningPerpendCalNewParkingPath][12119]p4 CalResult = 0        flag = 1
[20240124_13:17:21_934] # [T73719][APAPathPlanningPerpendCalNewParkingPath][12156]p6 0
[20240124_13:17:21_935] # [T73719][APAPathPlanningAddOneBackLine][10758]pts: 0     pt_line: 0     jiaodu(*100): 0
[20240124_13:17:21_942] # [T73721][DecisionParkInRequestCalPath][3150]Request Planning Failed: CalID[3], Side[0], Class[2], Type[2]
[20240124_13:17:21_942] # [T73731][DecisionParkInRequestCalPath][3130]CalID[5], SideIndex[1], SlotIndex[1], PlanCmd[3]
[20240124_13:17:21_947] # [T73732][APAParkManaParkingSetParkingSideSwitched][2622]Parking Side Switched Finish. LeftIndex[0], RightIndex[1], Side[0]
[20240124_13:17:21_947] # [T73732][APAParkManaParkingSetParkingSideSwiched][2637]Parking Slot Data Switch Finish.
[20240124_13:17:21_948] # [T73733][locate_position_set][337]locate reset pos@73733: 0  27.807, 13822.164, -0.4, minus: 7.000
[20240124_13:17:21_948] # 
[20240124_13:17:21_948] # [T73734][VT_APAPathPlanningHandle][2279]after: 1  0  0
[20240124_13:17:21_948] # [T73734][VT_APAPathPlanningHandle][2280]!!  id:0  !! index = 1
[20240124_13:17:21_948] # 
[20240124_13:17:21_948] # [T73734][DebugInfoStartInStepN][11197]req-2
[20240124_13:17:21_948] # [T73734][DebugInfoStartInStepN][11199]******************** path planning information ******* [2] ****************[27  13822]****
[20240124_13:17:21_949] # [T73735][DebugInfoStartInStepN][11200]start_pos x = -27 y = 13822  veh*10: 3
[20240124_13:17:21_949] # [T73736][DebugInfoStartInStepN][11201]TargetDriveDirection = 0
[20240124_13:17:21_949] # [T73736][DebugInfoStartInStepN][11202]obl1 = 0 0 obl2 = 200 0
[20240124_13:17:21_949] # [T73736][DebugInfoStartInStepN][11203]endpos = 0 0  veh*10: 0
[20240124_13:17:21_949] # [T73737][APAPathPlanningPerpendCalPath][10298]4  0
[20240124_13:17:21_953] # [T73737][APAPathPlanningStep1DataDuringSearchingSlot][8668]-27000   13822000     0
[20240124_13:17:21_953] # [T73737][APAPathPlanningStep1DataDuringSearchingSlot][8669]0   5024000     0
[20240124_13:17:21_953] # [T73738][APAPathPlanningStep1DataDuringSearchingSlot][8670]-159000   -1000     9395000
[20240124_13:17:21_954] # [T73738][APAPathPlanningStep1DataDuringSearchingSlot][8671]VehTurningCenterPt = 0, 0
[20240124_13:17:21_954] # [T73739][APAPathPlanningStep1DataDuringSearchingSlot][8672]VehRearAxisCenterTurningRadius = 0
[20240124_13:17:21_954] # [T73739][APAPathPlanningStep1DataDuringSearchingSlot][8673]CalResult = 1
[20240124_13:17:21_954] # [T73740][APAPathPlanningPerpendSearchSlotCalPath][10749]5
[20240124_13:17:21_954] # [T73740][APAPathPlanningPerpendSearchSlotCalPath][11419]42
[20240124_13:17:21_954] # [T73740][APAPathPlanningPerpendSearchSlotCalPath][11450]43
[20240124_13:17:21_954] # [T73741][APAPathPlanningPerpendSearchSlotCalPath][11532]false
[20240124_13:17:21_955] # [T73741][APAPathPlanningPerpendCalNewParkingPath][12119]p4 CalResult = 0        flag = 1
[20240124_13:17:21_955] # [T73741][APAPathPlanningPerpendCalNewParkingPath][12156]p6 0
[20240124_13:17:21_961] # [T73742][APAPathPlanningAddOneBackLine][10758]pts: 0     pt_line: 0     jiaodu(*100): 0
[20240124_13:17:21_961] # [T73743][DecisionParkInRequestCalPath][3150]Request Planning Failed: CalID[5], Side[1], Class[2], Type[2]
[20240124_13:17:21_967] # [T73752][DecisionParkInRequestCalPath][3130]CalID[1], SideIndex[0], SlotIndex[0], PlanCmd[3]
[20240124_13:17:21_967] # [T73753][APAParkManaParkingSetParkingSideSwitched][2622]Parking Side Switched Finish. LeftIndex[1], RightIndex[0], Side[1]
[20240124_13:17:21_968] # [T73753][APAParkManaParkingSetParkingSideSwitched][2637]Parking Slot Data Switch Finish.
[20240124_13:17:21_968] # [T73754][locate_position_set][337]locate reset pos@73754: 1  -27.803, 13821.464, 0.4, minus: 6.300
[20240124_13:17:21_968] # 
[20240124_13:17:21_968] # [T73754][VT_APAPathPlanningHandle][2279]after: 0  1  1
[20240124_13:17:21_968] # [T73755][VT_APAPathPlanningHandle][2280]!!  id:0  !! index = 0
[20240124_13:17:21_968] # 
[20240124_13:17:21_968] # [T73755][DebugInfoStartInStepN][11197]req-2
[20240124_13:17:21_972] # [T73755][DebugInfoStartInStepN][11199]******************** path planning information ******* [2] ****************[-27  13821]****
[20240124_13:17:21_972] # [T73756][DebugInfoStartInStepN][11200]start_pos x = 27 y = 13821  veh*10: -3
[20240124_13:17:21_973] # [T73757][DebugInfoStartInStepN][11201]TargetDriveDirection = 0
[20240124_13:17:21_973] # [T73757][DebugInfoStartInStepN][11202]obl1 = 0 0 obl2 = 200 0
[20240124_13:17:21_973] # [T73757][DebugInfoStartInStepN][11203]endpos = 0 0  veh*10: 0
[20240124_13:17:21_973] # [T73758][APAPathPlanningPerpendCalPath][10298]4  0
[20240124_13:17:21_973] # [T73758][APAPathPlanningStep1DataDuringSearchingSlot][8668]27000   13821000     0
[20240124_13:17:21_974] # [T73758][APAPathPlanningStep1DataDuringSearchingSlot][8669]0   5024000     0
[20240124_13:17:21_974] # [T73759][APAPathPlanningStep1DataDuringSearchingSlot][8670]159000   -1000     9394000
[20240124_13:17:21_974] # [T73759][APAPathPlanningStep1DataDuringSearchingSlot][8671]VehTurningCenterPt = 0, 0
[20240124_13:17:21_974] # [T73760][APAPathPlanningStep1DataDuringSearchingSlot][8672]VehRearAxisCenterTurningRadius = 0
[20240124_13:17:21_974] # [T73760][APAPathPlanningStep1DataDuringSearchingSlot][8673]CalResult = 1
[20240124_13:17:21_975] # [T73761][APAPathPlanningPerpendSearchSlotCalPath][10749]5
[20240124_13:17:21_975] # [T73761][APAPathPlanningPerpendSearchSlotCalPath][11419]42
[20240124_13:17:21_975] # [T73761][APAPathPlanningPerpendSearchSlotCalPath][11450]43
[20240124_13:17:21_975] # [T73762][APAPathPlanningPerpendSearchSlotCalPath][11532]false
[20240124_13:17:21_978] # [T73762][APAPathPlanningPerpendCalNewParkingPath][12119]p4 CalResult = 0        flag = 1
[20240124_13:17:21_978] # [T73762][APAPathPlanningPerpendCalNewParkingPath][12156]p6 0
[20240124_13:17:21_978] # [T73763][APAPathPlanningAddOneBackLine][10758]pts: 0     pt_line: 0     jiaodu(*100): 0
[20240124_13:17:21_978] # [T73763][APAVisionOblAdd][1323]Vision Obl merge: 62
[20240124_13:17:21_979] # [T73764][APAVisionOblAdd][1326]Receive Vision Obl CrossPointCoord: 0: 7992, 16345; 1: 3205, 16484
[20240124_13:17:21_979] # [T73764][APAVisionOblInfoDebugPrint][118]VisionOblInfo:
[20240124_13:17:21_979] # [T73764][APAVisionOblInfoDebugPrint][119]OblType: 0, bIsMerge 0, DetectCount 100
[20240124_13:17:21_979] # [T73765][APAVisionOblInfoDebugPrint][122]CrossPointCoord: 0: 8037, 16232; 1: 3238, 16383
[20240124_13:17:21_979] # [T73765][APAVisionOblInfoDebugPrint][125]OriginCrossPointCoord: 0: 8036, 2630; 1: 3250, 2798
[20240124_13:17:21_979] # [T73766][APAVisionOblInfoDebugPrint][126]VehCoordAndAng: -26, 13666, ang 0.006(0.354)
[20240124_13:17:21_979] # [T73766][APAVisionOblInfoDebugPrint][127] 
[20240124_13:17:21_980] # [T73767][APAVisionOblAdd][1323]Vision Obl merge: 63
[20240124_13:17:21_980] # [T73767][APAVisionOblAdd][1326]Receive Vision Obl CrossPointCoord: 0: -2502, 16523; 1: -7776, 16766
[20240124_13:17:21_980] # [T73767][APAVisionOblInfoDebugPrint][118]VisionOblInfo:
[20240124_13:17:21_980] # [T73768][APAVisionOblInfoDebugPrint][119]OblType: 0, bIsMerge 0, DetectCount 100
[20240124_13:17:21_984] # [T73768][APAVisionOblInfoDebugPrint][122]CrossPointCoord: 0: -2546, 16443; 1: -7565, 16673
[20240124_13:17:21_984] # [T73769][APAVisionOblInfoDebugPrint][125]OriginCrossPointCoord: 0: -2458, 2872; 1: -7730, 3148
[20240124_13:17:21_985] # [T73769][APAVisionOblInfoDebugPrint][126]VehCoordAndAng: -26, 13666, ang 0.006(0.354)
[20240124_13:17:21_985] # [T73770][APAVisionOblInfoDebugPrint][127] 
[20240124_13:17:21_985] # [T73770][VisionSlotAddValidCheck][893]Vision slot Length: 2262,2261, Depth 4788,4787
[20240124_13:17:21_985] # [T73770][VisionSlotAdd][1521]Added Vision Slot[0][3] Num 4 OriCoord: 0: 3250, 2798; 1: 8036, 2630; 2: 7957, 370; 3: 3172, 537
[20240124_13:17:21_985] # [T73771][VisionSlotAdd][1522]VehCoordAndAngle: -26, 13666, ang 0.006 (0.354)
[20240124_13:17:21_985] # [T73772][VisionSlotAdd][1523]Current VehPos: -27, 13821, ang 0.006 (0.360)
[20240124_13:17:21_986] # [T73772][VisionSlotAdd][1528]Convert Vision Slot[0][3] Coord: 0: 3205, 16484; 1: 7992, 16345; 2: 7927, 14085; 3: 3141, 14222
[20240124_13:17:21_986] # [T73773][VisionSlotAdd][1533]Old Vision Slot[0][3] Coord: 0: 3234, 16372; 1: 8024, 16232; 2: 7959, 14002; 3: 3169, 14142
[20240124_13:17:21_986] # [T73773][VisionSlotAddSlotWeightCal][1014]u32Weight: 19, CentreY: 1667.500, DisY: 379.500, SlotAng: -2.005
[20240124_13:17:21_988] # [T73774][VisionSlotAdd][1576]New Vision Slot[0][3] Coord: 0: 3234, 16373; 1: 8024, 16233; 2: 7959, 14003; 3: 3169, 14143
[20240124_13:17:21_988] # [T73775][VisionSlotAdd][1600]vision slot [0][3], u32Weight: 19, Sum: 1536, SlotAng: -1.670, CurSlotAng: -1.651
[20240124_13:17:21_989] # [T73775][VisionSlotAddValidCheck][893]Vision slot Length: 2439,2439, Depth 5279,5279
[20240124_13:17:21_989] # [T73776][VisionSlotAdd][1521]Added Vision Slot[1][1] Num 2 OriCoord: 0: -2458, 2872; 1: -7730, 3148; 2: -7858, 712; 3: -2586, 436
[20240124_13:17:21_989] # [T73776][VisionSlotAdd][1522]VehCoordAndAngle: -26, 13666, ang 0.006 (0.354)
[20240124_13:17:21_989] # [T73777][VisionSlotAdd][1523]Current VehPos: -27, 13821, ang 0.006 (0.360)
[20240124_13:17:21_989] # [T73777][VisionSlotAdd][1528]Convert Vision Slot[1][1] Coord: 0: -2502, 16523; 1: -7776, 16766; 2: -7889, 14329; 3: -2615, 14086
[20240124_13:17:21_993] # [T73778][VisionSlotAdd][1533]Old Vision Slot[1][1] Coord: 0: -2553, 16443; 1: -7597, 16670; 2: -7704, 14283; 3: -2660, 14057
[20240124_13:17:21_993] # [T73779][VisionSlotAddSlotWeightCal][1014]u32Weight: 19, CentreY: 1654.000, DisY: 366.000, SlotAng: 177.003
[20240124_13:17:21_994] # [T73779][VisionSlotAdd][1576]New Vision Slot[1][1] Coord: 0: -2552, 16445; 1: -7600, 16671; 2: -7707, 14283; 3: -2659, 14057
[20240124_13:17:21_994] # [T73780][VisionSlotAdd][1600]vision slot [1][1], u32Weight: 19, Sum: 1487, SlotAng: 177.432, CurSlotAng: 177.357
[20240124_13:17:22_002] # [T73781][DecisionParkInRequestCalPath][3150]Request Planning Failed: CalID[1], Side[0], Class[2], Type[2]
[20240124_13:17:22_002] # [T73790][DecisionParkInRequestCalPath][3130]CalID[2], SideIndex[1], SlotIndex[0], PlanCmd[3]
[20240124_13:17:22_002] # [T73791][APAParkManaParkingSetParkingSideSwitched][2622]Parking Side Switched Finish. LeftIndex[0], RightIndex[1], Side[0]
[20240124_13:17:22_003] # [T73791][APAParkManaParkingSetParkingSideSwitched][2637]Parking Slot Data Switch Finish.
[20240124_13:17:22_008] # [T73792][locate_position_set][337]locate reset pos@73792: 0  28.031, 13857.634, -0.4, minus: 6.300
[20240124_13:17:22_008] # 
[20240124_13:17:22_008] # [T73792][VT_APAPathPlanningHandle][2279]after: 1  0  0
[20240124_13:17:22_009] # [T73793][VT_APAPathPlanningHandle][2280]!!  id:0  !! index = 0
[20240124_13:17:22_009] # 
[20240124_13:17:22_009] # [T73793][DebugInfoStartInStepN][11197]req-2
[20240124_13:17:22_009] # [T73793][DebugInfoStartInStepN][11199]******************** path planning information ******* [2] ****************[28  13857]****
[20240124_13:17:22_009] # [T73794][DebugInfoStartInStepN][11200]start_pos x = -28 y = 13857  veh*10: 3
[20240124_13:17:22_009] # [T73794][DebugInfoStartInStepN][11201]TargeDriveDirection = 0
[20240124_13:17:22_010] # [T73795][DebugInfoStartInStepN][11202]obl1 = 0 0 obl2 = 200 0
[20240124_13:17:22_010] # [T73795][DebugInfoStartInStepN][11203]endpos = 0 0  veh*10: 0
[20240124_13:17:22_010] # [T73796][APAPathPlanningPerpendCalPath][10298]4  0
[20240124_13:17:22_010] # [T73796][APAPathPlanningStep1DataDuringSearchingSlot][8668]-28000   13857000     0
[20240124_13:17:22_010] # [T73796][APAPathPlanningStep1DataDuringSearchingSlot][8669]0   5024000     0
[20240124_13:17:22_010] # [T73797][APAPathPlanningStep1DataDuringSearchingSlot][8670]-158000   -1000     9413000
[20240124_13:17:22_010] # [T73797][APAPathPlanningStep1DataDuringSearchingSlot][8671]VehTurningCenterPt = 0, 0
[20240124_13:17:22_013] # [T73798][APAPathPlanningStep1DataDuringSearchingSlot][8672]VehRearAxisCenterTuringRadius = 0
[20240124_13:17:22_013] # [T73798][APAPathPlanningStep1DataDuringSearhingSlot][8673]CalResult = 1
[20240124_13:17:22_014] # [T73799][APAPathPlanningPerpendSearchSlotCalPath][10749]5
[20240124_13:17:22_014] # [T73799][APAPathPlanningPerpendSearchSlotCalPath][11419]42
[20240124_13:17:22_014] # [T73799][APAPathPlanningPerpendSearchSlotCalPath][11450]43
[20240124_13:17:22_014] # [T73800][APAPathPlanningPerpendSearchSlotCalPath][11532]false
[20240124_13:17:22_014] # [T73800][APAPathPlanningPerpendCalNewParkingPath][12119]p4 CalResult = 0        flag = 1
[20240124_13:17:22_014] # [T73800][APAPathPlanningPerpendCalNewParkingPath][12156]p6 0
[20240124_13:17:22_015] # [T73801][APAPathPlanningAddOneBackLine][10758]pts: 0     pt_line: 0     jiaodu(*100): 0
[20240124_13:17:22_015] # [T73802][APARadarFilterSaveOblPointToSlotBuf][832]******  Outline[0] cnt [50] Point[48]  *******
[20240124_13:17:22_015] # [T73802][APARadarFilterSaveOblPointToSlotBuf][833]VehCoord[0][48]: 25, 13435, VehAng: -6
[20240124_13:17:22_019] # [T73803][APARadarFilterSaveOblPointToSlotBuf][834]OblCoord[0][48]: -3209, 17033, Dis: 2322, Big: 0
[20240124_13:17:22_019] # 
[20240124_13:17:22_022] # [T73803][DecisionParkInRequestCalPath][3150]Request Planning Failed: CalID[2], Side[1], Class[2], Type[2]
[20240124_13:17:22_048] # [T73835][APAVisionOblAdd][1323]Vision Obl merge: 62
[20240124_13:17:22_048] # [T73835][APAVisionOblAdd][1326]Receive Vision Obl CrossPointCoord: 0: -8029, 16345; 1: -3256, 16483
[20240124_13:17:22_048] # [T73835][APAVisionOblInfoDebugPrint][118]VisionOblInfo:
[20240124_13:17:22_048] # [T73836][APAVisionOblInfoDebugPrint][119]OblType: 0, bIsMerge 0, DetectCount 100
[20240124_13:17:22_052] # [T73836][APAVisionOblInfoDebugPrint][122]CrossPointCoord: 0: -8037, 16232; 1: -3238, 16383
[20240124_13:17:22_052] # [T73837][APAVisionOblInfoDebugPrint][125]OriginCrossPointCoord: 0: 8073, 2577; 1: 3301, 2744
[20240124_13:17:22_052] # [T73837][APAVisionOblInfoDebugPrint][126]VehCoordAndAng: 27, 13718, ang -0.006(-0.356)
[20240124_13:17:22_052] # [T73838][APAVisionOblInfoDebugPrint][127] 
[20240124_13:17:22_053] # [T73838][APAVisionOblAdd][1323]Vision Obl merge: 63
[20240124_13:17:22_053] # [T73838][APAVisinOblAdd][1326]Receive Vision Obl CrossPointCoord: 0: 2549, 16513; 1: 7769, 16753
[20240124_13:17:22_053] # [T73839][APAVisionOblInfoDebugPrint][118]VisionOblInfo:
[20240124_13:17:22_053] # [T73839][APAVisionOblInfoDebugPrint][119]OblType: 0, bIsMerge 0, DetectCount 100
[20240124_13:17:22_053] # [T73839][APAVisionOblInfoDebugPrint][122]CrossPointCoord: 0: 2546, 16443; 1: 7565, 16673
[20240124_13:17:22_053] # [T73840][APAVisionOblInfoDebugPrint][125]OriginCrossPointCoord: 0: -2505, 2810; 1: -7723, 3083
[20240124_13:17:22_057] # [T73841][APAVisionOblInfoDebugPrint][126]VehCoordAndAng: 27, 13718, ang -0.006(-0.356)
[20240124_13:17:22_057] # [T73841][APAVisionOblInfoDebugPrint][127] 
[20240124_13:17:22_057] # [T73841][VisionSlotAddValidCheck][893]Vision slot Length: 2307,2306, Depth 4774,4774
[20240124_13:17:22_058] # [T73842][VisionSlotAdd][1521]Added Vision Slot[0][3] Num 4 OriCoord: 0: 3301, 2744; 1: 8073, 2577; 2: 7992, 272; 3: 3220, 438
[20240124_13:17:22_058] # [T73842][VisionSlotAdd][1522]VehCoordAndAngle: 27, 13718, ang -0.006 (-0.356)
[20240124_13:17:22_058] # [T73843][VisionSlotAdd][1523]Current VehPos: 28, 13894, ang -0.006 (-0.363)
[20240124_13:17:22_058] # [T73843][VisionSlotAdd][1528]Convert Vision Slot[0][3] Coord: 0: -3256, 16483; 1: -8029, 16345; 2: -7962, 14040; 3: -3190, 14176
[20240124_13:17:22_058] # [T73844][VisionSlotAdd][1533]Old Vision Slot[0][3] Coord: 0: -3234, 16373; 1: -8024, 16233; 2: -7959, 14003; 3: -3169, 14143
[20240124_13:17:22_059] # [T73845][VisionSlotAddSlotWeightCal][1014]u32Weight: 19, CentreY: 1591.000, DisY: 303.000, SlotAng: -1.998
[20240124_13:17:22_059] # [T73845][VisionSlotAdd][1576]New Vision Slot[0][3] Coord: 0: -3234, 16374; 1: -8024, 16235; 2: -7959, 14003; 3: -3169, 14143
[20240124_13:17:22_062] # [T73846][VisionSlotAdd][1600]vision slot [0][3], u32Weight: 19, Sum: 1555, SlotAng: -178.330, CurSlotAng: -178.357
[20240124_13:17:22_062] # [T73847][VisionSlotAddValidCheck][893]Vision slot Length: 2442,2442, Depth 5225,5226
[20240124_13:17:22_062] # [T73847][VisionSlotAdd][1521]Added Vision Slot[1][1] Num 2 OriCoord: 0: -2505, 2810; 1: -7723, 3083; 2: -7851, 644; 3: -2632, 371
[20240124_13:17:22_062] # [T73848][VisionSlotAdd][1522]VehCoordAndAngle: 27, 13718, ang -0.006 (-0.356)
[20240124_13:17:22_062] # [T73848][VisionSlotAdd][1523]Current VehPos: 28, 13894, ang -0.006 (-0.363)
[20240124_13:17:22_062] # [T73849][VisionSlotAdd][1528]Convert Vision Slot[1][1] Coord: 0: 2549, 16513; 1: 7769, 16753; 2: 7882, 14313; 3: 2661, 14073
[20240124_13:17:22_063] # [T73849][VisionSlotAdd][1533]Old Vision Slot[1][1] Coord: 0: 2552, 16445; 1: 7600, 16671; 2: 7707, 14283; 3: 2659, 14057
[20240124_13:17:22_063] # [T73850][VisionSlotAddSlotWeightCal][1014]u32Weight: 19, CentreY: 1590.500, DisY: 302.500, SlotAng: 177.005
[20240124_13:17:22_063] # [T73851][VisionSlotAdd][1576]New Vision Slot[1][1] Coord: 0: 2552, 16445; 1: 7602, 16672; 2: 7709, 14284; 3: 2659, 14057
[20240124_13:17:22_070] # [T73851][VisionSlotAdd][1600]vision slot [1][1], u32Weight: 19, Sum: 1506, SlotAng: 2.569, CurSlotAng: 2.639
[20240124_13:17:22_129] # [T73917][APAVisionOblAdd][1323]Vision Obl merge: 63
[20240124_13:17:22_129] # [T73917][APAVisionOblAdd][1326]Receive Vision Obl CrossPointCoord: 0: 2568, 16502; 1: 7783, 16743
[20240124_13:17:22_129] # [T73918][APAVisionOblInfoDebugPrint][118]VisionOblInfo:
[20240124_13:17:22_134] # [T73918][APAVisionOblInfoDebugPrint][119]OblType: 0, bIsMerge 0, DetectCount 100
[20240124_13:17:22_135] # [T73918][APAVisionOblInfoDebugPrint][122]CrossPointCoord: 0: 2546, 16443; 1: 7565, 16673
[20240124_13:17:22_135] # [T73919][APAVisionOblInfoDebugPrint][125]OriginCrossPointCoord: 0: -2524, 2744; 1: -7737, 3018
[20240124_13:17:22_135] # [T73919][APAVisionOblInfoDebugPrint][126]VehCoordAndAng: 27, 13774, ang -0.006(-0.358)
[20240124_13:17:22_135] # [T73920][APAVisionOblInfoDebugPrint][127] 
[20240124_13:17:22_136] # [T73920][APAVisionOblAdd][1323]Vision Obl merge: 62
[20240124_13:17:22_136] # [T73920][APAVisionOblAdd][1326]Receive Vision Obl CrossPointCoord: 0: -8035, 16333; 1: -3252, 16470
[20240124_13:17:22_136] # [T73921][APAVisionOblInfoDebugPrint][118]VisionOblInfo:
[20240124_13:17:22_136] # [T73921][APAVisionOblInfoDebugPrint][119]OblType: 0, bIsMerge 0, DetectCount 100
[20240124_13:17:22_136] # [T73922][APAVisionOblInfoDebugPrint][122]CrossPointCoord: 0: -8037, 16232; 1: -3238, 16383
[20240124_13:17:22_137] # [T73922][APAVisionOblInfoDebugPrint][125]OriginCrossPointCoord: 0: 8079, 2509; 1: 3297, 2676
[20240124_13:17:22_137] # [T73923][APAVisionOblInfoDebugPrint][126]VehCoordAndAng: 27, 13774, ang -0.006(-0.358)
[20240124_13:17:22_137] # [T73923][APAVisionOblInfoDebugPrint][127] 
[20240124_13:17:22_137] # [T73923][VisionSlotAddValidCheck][893]Vision slot Length: 2433,2434, Depth 5220,5221
[20240124_13:17:22_140] # [T73924][VisionSlotAdd][1521]Added Vision Slot[1][1] Num 2 OriCoord: 0: -2524, 2744; 1: -7737, 3018; 2: -7865, 587; 3: -2651, 314
[20240124_13:17:22_141] # [T73925][VisionSlotAdd][1522]VehCoordAndAngle: 27, 13774, ang -0.006 (-0.358)
[20240124_13:17:22_141] # [T73925][VisionSlotAdd][1523]Current VehPos: 28, 13942, ang -0.006 (-0.365)
[20240124_13:17:22_141] # [T73925][VisionSlotAdd][1528]Convert Vision Slot[1][1] Coord: 0: 2568, 16502; 1: 7783, 16743; 2: 7896, 14311; 3: 2680, 14071
[20240124_13:17:22_141] # [T73926][VisionSlotAdd][1533]Old Vision Slot[1][1] Coord: 0: 2552, 16445; 1: 7602, 16672; 2: 7709, 14284; 3: 2659, 14057
[20240124_13:17:22_142] # [T73927][VisionSlotAddSlotWeightCal][1014]u32Weight: 20, CentreY: 1529.000, DisY: 241.000, SlotAng: 176.997
[20240124_13:17:22_142] # [T73927][VisionSlotAdd][1576]New Vision Slot[1][1] Coord: 0: 2552, 16446; 1: 7604, 16673; 2: 7711, 14284; 3: 2659, 14057
[20240124_13:17:22_142] # [T73928][VisionSlotAdd][1600]vision slot [1][1], u32Weight: 20, Sum: 1526, SlotAng: 2.570, CurSlotAng: 2.645
[20240124_13:17:22_142] # [T73929][VisionSlotAddValidCheck][893]Vision slot Length: 2257,2257, Depth 4784,4784
[20240124_13:17:22_142] # [T73929][VisionSlotAdd][1521]Added Vision Slot[0][3] Num 4 OriCoord: 0: 3297, 2676; 1: 8079, 2509; 2: 8000, 253; 3: 3218, 420
[20240124_13:17:22_145] # [T73930][VisionSlotAdd][1522]VehCoordAndAngle: 27, 13774, ang -0.006 (-0.358)
[20240124_13:17:22_146] # [T73930][VisionSlotAdd][1523]Current VehPos: 28, 13942, ang -0.006 (-0.365)
[20240124_13:17:22_146] # [T73931][VisionSlotAdd][1528]Convert Vision Slot[0][3] Coord: 0: -3252, 16470; 1: -8035, 16333; 2: -7970, 14077; 3: -3187, 14214
[20240124_13:17:22_146] # [T73932][VisionSlotAdd][1533]Old Vision Slot[0][3] Coord: 0: -3234, 16374; 1: -8024, 16235; 2: -7959, 14003; 3: -3169, 14143
[20240124_13:17:22_146] # [T73932][VisionSlotAddSlotWeightCal][1014]u32Weight: 20, CentreY: 1548.000, DisY: 260.000, SlotAng: -2.000
[20240124_13:17:22_147] # [T73933][VisionSlotAdd][1576]New Vision Slot[0][3] Coord: 0: -3234, 16375; 1: -8024, 16236; 2: -7959, 14004; 3: -3169, 14144
[20240124_13:17:22_149] # [T73934][VisionSlotAdd][1600]vision slot [0][3], u32Weight: 20, Sum: 1575, SlotAng: -178.331, CurSlotAng: -178.358
[20240124_13:17:22_163] #   73936-task_radar-118: RadarCaptureCnt is 343 
[20240124_13:17:22_163] # 
[20240124_13:17:22_211] # [T73997][APAVisionOblAdd][1323]Vision Obl merge: 62
[20240124_13:17:22_211] # [T73997][APAVisionOblAdd][1326]Receive Vision Obl CrossPointCoord: 0: -8011, 16331; 1: -3269, 16466
[20240124_13:17:22_211] # [T73997][APAVisionOblInfoDebugPrint][118]VisonOblInfo:
[20240124_13:17:22_211] # [T73998][APAVisionOblInfoDebugPrint][119]OblType: 0, bIsMerge 0, DetectCount 100
[20240124_13:17:22_211] # [T73998][APAVisionOblInfoDebugPrint][122]CrossPointCoord: 0: -8037, 16232; 1: -3238, 16383
[20240124_13:17:22_212] # [T73999][APAVisionOblInfoDebugPrint][125]OriginCrossPointCoord: 0: 8055, 2444; 1: 3314, 2609
[20240124_13:17:22_212] # [T73999][APAVisionOblInfoDebugPrint][126]VehCoordAndAng: 27, 13837, ang -0.006(-0.361)
[20240124_13:17:22_212] # [T74000][APAVisionOblInfoDebugPrint][127] 
[20240124_13:17:22_215] # [T74000][APAVisionOblAdd][1323]Vision Obl merge: 63
[20240124_13:17:22_215] # [T74000][APAVisionOblAdd][1326]Receive Vision Obl CrossPointCoord: 0: 2520, 16536; 1: 7769, 16778
[20240124_13:17:22_215] # [T74001][APAVisionOblInfoDebugPrint][118]VisionOblInfo:
[20240124_13:17:22_217] # [T74001][APAVisionOblInfoDebugPrint][119]OblType: 0, bIsMerge 0, DetectCount 100
[20240124_13:17:22_217] # [T74002][APAVisionOblInfoDebugPrint][122]CrossPointCoord: 0: 2546, 16443; 1: 7565, 16673
[20240124_13:17:22_217] # [T74002][APAVisionOblInfoDebugPrint][125]OriginCrossPointCoord: 0: -2476, 2715; 1: -7723, 2990
[20240124_13:17:22_217] # [T74003][APAVisionOblInfoDebugPrint][126]VehCoordAndAng: 27, 13837, ang -0.006(-0.361)
[20240124_13:17:22_217] # [T74003][APAVisionOblInfoDebugPrint][127] 
[20240124_13:17:22_217] # [T74003][VisionSlotAddValidCheck][893]Vision slot Length: 2226,2227, Depth 4743,4743
[20240124_13:17:22_217] # [T74004][VisionSlotAdd][1521]Added Vision Slot[0][3] Num 4 OriCoord: 0: 3314, 2609; 1: 8055, 2444; 2: 7977, 218; 3: 3236, 384
[20240124_13:17:22_217] # [T74004][VisionSlotAdd][1522]VehCoordAndAngle: 27, 13837, ang -0.006 (-0.361)
[20240124_13:17:22_217] # [T74005][VisionSlotAdd][1523]Current VehPos: 29, 14015, ang -0.006 (-0.368)
[20240124_13:17:22_219] # [T74005][VisionSlotAdd][1528]Convert Vision Slot[0][3] Coord: 0: -3269, 16466; 1: -8011, 16331; 2: -7947, 14105; 3: -3205, 14241
[20240124_13:17:22_221] # [T74006][VisionSlotAdd][1533]Old Vision Slot[0][3] Coord: 0: -3234, 16375; 1: -8024, 16236; 2: -7959, 14004; 3: -3169, 14144
[20240124_13:17:22_221] # [T74007][VisionSlotAddSlotWeightCal][1014]u32Weight: 20, CentreY: 1496.500, DisY: 208.500, SlotAng: -1.999
[20240124_13:17:22_221] # [T74007][VisionSlotAdd][1576]New Vision Slot[0][3] Coord: 0: -3235, 16377; 1: -8024, 16237; 2: -7959, 14006; 3: -3170, 14145
[20240124_13:17:22_222] # [T74008][VisionSlotAdd][1600]vision slot [0][3], u32Weight: 20, Sum: 1595, SlotAng: -178.331, CurSlotAng: -178.361
[20240124_13:17:22_222] # [T74009][VisionSlotAddValidCheck][893]Vision slot Length: 2461,2461, Depth 5254,5254
[20240124_13:17:22_222] # [T74009][VisionSlotAdd][1521]Added Vision Slot[1][1] Num 2 OriCoord: 0: -2476, 2715; 1: -7723, 2990; 2: -7852, 532; 3: -2605, 257
[20240124_13:17:22_226] # [T74010][VisionSlotAdd][1522]VehCoordAndAngle: 27, 13837, ang -0.006 (-0.361)
[20240124_13:17:22_227] # [T74010][VisonSlotAdd][1523]Current VehPos: 29, 14015, ang -0.006 (-0.368)
[20240124_13:17:22_227] # [T74011][VisionSlotAdd][1528]Convert Vision Slot[1][1] Coord: 0: 2520, 16536; 1: 7769, 16778; 2: 7883, 14319; 3: 2634, 14077
[20240124_13:17:22_227] # [T74011][VisionSlotAdd][1533]Old Vision Slot[1][1] Coord: 0: 2552, 16446; 1: 7604, 16673; 2: 7711, 14284; 3: 2659, 14057
[20240124_13:17:22_227] # [T74012][VisionSlotAddSlotWeightCal][1014]u32Weight: 20, CentreY: 1486.000, DisY: 198.000, SlotAng: 177.000
[20240124_13:17:22_228] # [T74013][VisionSlotAdd][1576]New Vision Slot[1][1] Coord: 0: 2552, 16447; 1: 7606, 16674; 2: 7714, 14284; 3: 2659, 14058
[20240124_13:17:22_239] # [T74013][VisionSlotAdd][1600]vision slot [1][1], u32Weight: 20, Sum: 1546, SlotAng: 2.571, CurSlotAng: 2.640
[20240124_13:17:22_289] # [T74078][APAVisionOblInsert][847]Vision Obl insert: 62
[20240124_13:17:22_289] # [T74078][APAVisionOblInfoDebugPrint][118]VisionOblInfo:
[20240124_13:17:22_291] # [T74078][APAVisionOblInfoDebugPrint][119]OblType: 0, bIsMerge 0, DetectCount 1
[20240124_13:17:22_291] # [T74079][APAVisionOblInfoDebugPrint][122]CrossPointCoord: 0: -7991, 16385; 1: -3200, 16439
[20240124_13:17:22_291] # [T74079][APAVisionOblInfoDebugPrint][125]OriginCrossPointCoord: 0: 8035, 2447; 1: 3245, 2531
[20240124_13:17:22_296] # [T74080][APAVisionOblInfoDebugPrint][126]VehCoordAndAng: 28, 13887, ang -0.006(-0.363)
[20240124_13:17:22_296] # [T74080][APAVisionOblInfoDebugPrint][127] 
[20240124_13:17:22_296] # [T74080][APAVisionOblAdd][1323]Vision Obl merge: 63
[20240124_13:17:22_296] # [T74081][APAVisionOblAdd][1326]Receive Vision Obl CrossPointCoord: 0: 2554, 16454; 1: 7746, 16693
[20240124_13:17:22_296] # [T74081][APAVisionOblInfoDebugPrint][118]VisionOblInfo:
[20240124_13:17:22_296] # [T74082][APAVisionOblInfoDebugPrint][119]OblType: 0, bIsMerge 0, DetectCount 100
[20240124_13:17:22_297] # [T74082][APAVisionOblInfoDebugPrint][122]CrossPointCoord: 0: 2546, 16443; 1: 7565, 16673
[20240124_13:17:22_297] # [T74082][APAVisionOblInfoDebugPrint][125]OriginCrossPointCoord: 0: -2510, 2583; 1: -7700, 2855
[20240124_13:17:22_297] # [T74083][APAVisionOblInfoDebugPrint][126]VehCoordAndAng: 28, 13887, ang -0.006(-0.363)
[20240124_13:17:22_297] # [T74084][APAVisionOblInfoDebugPrint][127] 
[20240124_13:17:22_297] # [T74084][VisionSlotAddValidCheck][893]Vision slot Length: 2222,2222, Depth 4790,4791
[20240124_13:17:22_297] # [T74084][VisionSlotAdd][1521]Added Vision Slot[0][3] Num 4 OriCoord: 0: 3245, 2531; 1: 8035, 2447; 2: 7997, 225; 3: 3206, 309
[20240124_13:17:22_301] # [T74085][VisionSlotAdd][1522]VehCoordAndAngle: 28, 13887, ang -0.006 (-0.363)
[20240124_13:17:22_301] # [T74085][VisionSlotAdd][1523]Current VehPos: 29, 14075, ang -0.006 (-0.370)
[20240124_13:17:22_301] # [T74086][VisionSlotAdd][1528]Convert Vision Slot[0][3] Coord: 0: -3200, 16439; 1: -7991, 16385; 2: -7967, 14163; 3: -3175, 14216
[20240124_13:17:22_301] # [T74086][VisionSlotAdd][1533]Old Vision Slot[0][3] Coord: 0: -3235, 16377; 1: -8024, 16237; 2: -7959, 14006; 3: -3170, 14145
[20240124_13:17:22_302] # [T74087][VisionSlotAddSlotWeightCal][1014]u32Weight: 20, CentreY: 1420.000, DisY: 132.000, SlotAng: -1.005
[20240124_13:17:22_302] # [T74088][VisionSlotAdd][1576]New Vision Slot[0][3] Coord: 0: -3234, 16377; 1: -8024, 16239; 2: -7959, 14007; 3: -3170, 14146
[20240124_13:17:22_302] # [T74088][VisionSlotAdd][1600]vision slot [0][3], u32Weight: 20, Sum: 1615, SlotAng: -178.344, CurSlotAng: -179.358
[20240124_13:17:22_302] # [T74089][VisionSlotAddValidCheck][893]Vision slot Length: 2437,2437, Depth 5197,5196
[20240124_13:17:22_302] # [T74090][VisionSlotAdd][1521]Added Vision Slot[1][1] Num 2 OriCoord: 0: -2510, 2583; 1: -7700, 2855; 2: -7827, 421; 3: -2638, 149
[20240124_13:17:22_303] # [T74090][VisionSlotAdd][1522]VehCoordAndAngle: 28, 13887, ang -0.006 (-0.363)
[20240124_13:17:22_305] # [T74091][VisionSlotAdd][1523]Current VehPos: 29, 14075, ang -0.006 (-0.370)
[20240124_13:17:22_306] # [T74091][VisionSlotAdd][1528]Convert Vision Slot[1][1] Coord: 0: 2554, 16454; 1: 7746, 16693; 2: 7857, 14258; 3: 2667, 14019
[20240124_13:17:22_306] # [T74092][VisionSlotAdd][1533]Old Vision Slot[1][1] Coord: 0: 2552, 16447; 1: 7606, 16674; 2: 7714, 14284; 3: 2659, 14058
[20240124_13:17:22_306] # [T74093][VisionSlotAddSlotWeightCal][1014]u32Weight: 20, CentreY: 1366.000, DisY: 78.000, SlotAng: 177.000
[20240124_13:17:22_318] # [T74093][VisionSlotAdd][1576]New Vision Slot[1][1] Coord: 0: 2552, 16447; 1: 7608, 16674; 2: 7716, 14284; 3: 2659, 14057
[20240124_13:17:22_319] # [T74094][VisionSlotAdd][1600]vision slot [1][1], u32Weight: 20, Sum: 1566, SlotAng: 2.572, CurSlotAng: 2.638
[20240124_13:17:22_371] # [T74159][APAVisionOblAdd][1323]Vision Obl merge: 63
[20240124_13:17:22_371] # [T74159][APAVisionOblAdd][1326]Receive Vision Obl CrossPointCoord: 0: 2502, 16477; 1: 7770, 16719
[20240124_13:17:22_371] # [T74159][APAVisionOblInfoDebugPrint][118]VisionOblInfo:
[20240124_13:17:22_371] # [T74160][APAVisionOblInfoDebugPrint][119]OblType: 0, bIsMerge 0, DetectCount 100
[20240124_13:17:22_371] # [T74160][APAVisionOblInfoDebugPrint][122]CrossPointCoord: 0: 2546, 16443; 1: 7565, 16673
[20240124_13:17:22_377] # [T74161][APAVisionOblInfoDebugPrint][125]OriginCrossPointCoord: 0: -2458, 2537; 1: -7724, 2813
[20240124_13:17:22_378] # [T74161][APAVisionOblInfoDebugPrint][126]VehCoordAndAng: 28, 13956, ang -0.006(-0.365)
[20240124_13:17:22_378] # [T74162][APAVisionOblInfoDebugPrint][127] 
[20240124_13:17:22_378] # [T74162][APAVisionOblAdd][1323]Vision Obl merge: 63
[20240124_13:17:22_378] # [T74162][APAVisionOblAdd][1326]Receive Vision Obl CrossPointCoord: 0: -8002, 16434; 1: -3206, 16487
[20240124_13:17:22_378] # [T74163][APAVisionOblInfoDebugPrint][118]VisionOblInfo:
[20240124_13:17:22_378] # [T74163][APAVisionOblInfoDebugPrint][119]OblType: 0, bIsMerge 0, DetectCount 100
[20240124_13:17:22_378] # [T74163][APAVisionOblInfoDebugPrint][122]CrossPointCoord: 0: 2546, 16443; 1: 7565, 16673
[20240124_13:17:22_379] # [T74164][APAVisionOblInfoDebugPrint][125]OriginCrossPointCoord: 0: 8047, 2427; 1: 3251, 2511
[20240124_13:17:22_379] # [T74164][APAVisionOblInfoDebugPrint][126]VehCoordAndAng: 28, 13956, ang -0.006(-0.365)
[20240124_13:17:22_379] # [T74165][APAVisionOblInfoDebugPrint][127] 
[20240124_13:17:22_379] # [T74165][VisionSlotAddValidCheck][893]Vision slot Length: 2448,2448, Depth 5273,5273
[20240124_13:17:22_379] # [T74166][VisionSlotAdd][1521]Added Vision Slot[1][1] Num 2 OriCoord: 0: -2458, 2537; 1: -7724, 2813; 2: -7852, 368; 3: -2586, 92
[20240124_13:17:22_380] # [T74166][VisionSlotAdd][1522]VehCoordAndAngle: 28, 13956, ang -0.006 (-0.365)
[20240124_13:17:22_383] # [T74167][VisionSlotAdd][1523]Current VehPos: 29, 14136, ang -0.007 (-0.373)
[20240124_13:17:22_383] # [T74167][VisionSlotAdd][1528]Convert Vision Slot[1][1] Coord: 0: 2502, 16477; 1: 7770, 16719; 2: 7882, 14274; 3: 2615, 14031
[20240124_13:17:22_385] # [T74168][VisionSlotAdd][1533]Old Vision Slot[1][1] Coord: 0: 2552, 16447; 1: 7608, 16674; 2: 7716, 14284; 3: 2659, 14057
[20240124_13:17:22_385] # [T74169][VisionSlotAddSlotWeightCal][1014]u32Weight: 20, CentreY: 1314.500, DisY: 26.500, SlotAng: 177.000
[20240124_13:17:22_385] # [T74169][VisionSlotAdd][1576]New Vision Slot[1][1] Coord: 0: 2551, 16448; 1: 7610, 16675; 2: 7718, 14284; 3: 2659, 14057
[20240124_13:17:22_385] # [T74170][VisionSlotAdd][1600]vision slot [1][1], u32Weight: 20, Sum: 1586, SlotAng: 2.573, CurSlotAng: 2.635
[20240124_13:17:22_385] # [T74170][VisionSlotAddValidCheck][893]Vision slot Length: 2296,2296, Depth 4796,4796
[20240124_13:17:22_386] # [T74171][VisionSlotAdd][1521]Added Vision Slot[0][3] Num 4 OriCoord: 0: 3251, 2511; 1: 8047, 2427; 2: 8007, 131; 3: 3211, 215
[20240124_13:17:22_386] # [T74172][VisionSlotAdd][1522]VehCoordAndAngle: 28, 13956, ang -0.006 (-0.365)
[20240124_13:17:22_386] # [T74172][VisionSlotAdd][1523]Current VehPos: 29, 14136, ang -0.007 (-0.373)
[20240124_13:17:22_390] # [T74172][VisionSlotAdd][1528]Convert Vision Slot[0][3] Coord: 0: -3206, 16487; 1: -8002, 16434; 2: -7977, 14138; 3: -3180, 14191
[20240124_13:17:22_391] # [T74173][VisionSlotAdd][1533]Old Vision Slot[0][3] Coord: 0: -3234, 16377; 1: -8024, 16239; 2: -7959, 14007; 3: -3170, 14146
[20240124_13:17:22_391] # [T74174][VisionSlotAddSlotWeightCal][1014]u32Weight: 20, CentreY: 1363.000, DisY: 75.000, SlotAng: -1.003
[20240124_13:17:22_392] # [T74174][VisionSlotAdd][1576]New Vision Slot[0][3] Coord: 0: -3234, 16379; 1: -8023, 16241; 2: -7959, 14009; 3: -3170, 14147
[20240124_13:17:22_397] # [T74175][VisionSlotAdd][1600]vision slot [0][3], u32Weight: 20, Sum: 1635, SlotAng: -178.356, CurSlotAng: -179.362
[20240124_13:17:22_412] # [T74186][APAPOEraseSlotTypeByFlash][118]Parking Out: Erase Flash Successfully
[20240124_13:17:22_454] # [T74240][APAVisionOblAdd][1323]Vision Obl merge: 63
[20240124_13:17:22_455] # [T74240][APAVisionOblAdd][1326]Receive Vision Obl CrossPointCoord: 0: 2580, 16515; 1: 7780, 16754
[20240124_13:17:22_455] # [T74240][APAVisionOblInfoDebugPrint][118]VisionOblInfo:
[20240124_13:17:22_455] # [T74241][APAVisionOblInfoDebugPrint][119]OblType: 0, bIsMerge 0, DetectCount 100
[20240124_13:17:22_455] # [T74241][APAVisionOblInfoDebugPrint][122]CrossPointCoord: 0: 2546, 16443; 1: 7565, 16673
[20240124_13:17:22_461] # [T74242][APAVisionOblInfoDebugPrint][125]OriginCrossPointCoord: 0: -2535, 2513; 1: -7734, 2786
[20240124_13:17:22_461] # [T74242][APAVisionOblInfoDebugPrint][126]VehCoordAndAng: 29, 14018, ang -0.006(-0.368)
[20240124_13:17:22_461] # [T74243][APAVisionOblInfoDebugPrint][127] 
[20240124_13:17:22_461] # [T74243][APAVisionOblAdd][1323]Vision Obl merge: 63
[20240124_13:17:22_461] # [T74243][APAVisionOblAdd][1326]Receive Vision Obl CrossPointCoord: 0: -7982, 16456; 1: -3241, 16508
[20240124_13:17:22_462] # [T74244][APAVisionOblInfoDebugPrint][118]VisionOblInfo:
[20240124_13:17:22_462] # [T74244][APAVisionOblInfoDebugPrint][119]OblType: 0, bIsMerge 0, DetectCount 100
[20240124_13:17:22_462] # [T74244][APAVisionOblInfoDebugPrint][122]CrossPointCoord: 0: 2546, 16443; 1: 7565, 16673
[20240124_13:17:22_462] # [T74245][APAVisionOblInfoDebugPrint][125]OriginCrossPointCoord: 0: 8027, 2386; 1: 3286, 2469
[20240124_13:17:22_462] # [T74245][APAVisionOblInfoDebugPrint][126]VehCoordAndAng: 29, 14018, ang -0.006(-0.368)
[20240124_13:17:22_462] # [T74246][APAVisionOblInfoDebugPrint][127] 
[20240124_13:17:22_463] # [T74246][VisionSlotAddValidCheck][893]Vision slot Length: 2464,2465, Depth 5206,5206
[20240124_13:17:22_463] # [T74247][VisionSlotAdd][1521]Added Vision Slot[1][1] Num 2 OriCoord: 0: -2535, 2513; 1: -7734, 2786; 2: -7863, 324; 3: -2664, 52
[20240124_13:17:22_463] # [T74247][VisionSlotAdd][1522]VehCoordAndAngle: 29, 14018, ang -0.006 (-0.368)
[20240124_13:17:22_463] # [T74248][VisionSlotAdd][1523]Current VehPos: 30, 14209, ang -0.007 (-0.376)
[20240124_13:17:22_463] # [T74248][VisionSlotAdd][1528]Convert Vision Slot[1][1] Coord: 0: 2580, 16515; 1: 7780, 16754; 2: 7893, 14292; 3: 2693, 14053
[20240124_13:17:22_467] # [T74249][VisionSlotAdd][1533]Old Vision Slot[1][1] Coord: 0: 2551, 16448; 1: 7610, 16675; 2: 7718, 14284; 3: 2659, 14057
[20240124_13:17:22_467] # [T74250][VisionSlotAddSlotWeightCal][1014]u32Weight: 20, CentreY: 1282.500, DisY: 5.500, SlotAng: 177.000
[20240124_13:17:22_467] # [T74250][VisionSlotAdd][1576]New Vision Slot[1][1] Coord: 0: 2552, 16449; 1: 7612, 16676; 2: 7720, 14284; 3: 2659, 14057
[20240124_13:17:22_467] # [T74251][VisionSlotAdd][1600]vision slot [1][1], u32Weight: 20, Sum: 1606, SlotAng: 2.574, CurSlotAng: 2.632
[20240124_13:17:22_467] # [T74251][VisionSlotAddValidCheck][893]Vision slot Length: 2322,2322, Depth 4741,4740
[20240124_13:17:22_468] # [T74252][VisionSlotAdd][1521]Added Vision Slot[0][3] Num 4 OriCoord: 0: 3286, 2469; 1: 8027, 2386; 2: 7986, 64; 3: 3246, 147
[20240124_13:17:22_468] # [T74253][VisionSlotAdd][1522]VehCoordAndAngle: 29, 14018, ang -0.006 (-0.368)
[20240124_13:17:22_468] # [T74253][VisionSlotAdd][1523]Current VehPos: 30, 14209, ang -0.007 (-0.376)
[20240124_13:17:22_468] # [T74253][VisionSlotAdd][1528]Convert Vision Slot[0][3] Coord: 0: -3241, 16508; 1: -7982, 16456; 2: -7956, 14133; 3: -3215, 14186
[20240124_13:17:22_468] # [T74254][VisionSlotAdd][1533]Old Vision Slot[0][3] Coord: 0: -3234, 16379; 1: -8023, 16241; 2: -7959, 14009; 3: -3170, 14147
[20240124_13:17:22_469] # [T74255][VisionSlotAddSlotWeightCal][1014]u32Weight: 20, CentreY: 1308.000, DisY: 20.000, SlotAng: -1.003
[20240124_13:17:22_471] # [T74256][VisionSlotAdd][1576]New Vision Slot[0][3] Coord: 0: -3234, 16380; 1: -8023, 16244; 2: -7959, 14011; 3: -3171, 14147
[20240124_13:17:22_489] # [T74256][VisionSlotAdd][1600]vision slot [0][3], u32Weight: 20, Sum: 1655, SlotAng: -178.368, CurSlotAng: -179.365
[20240124_13:17:22_532] # [T74320][APAVisionOblAdd][1323]Vision Obl merge: 63
[20240124_13:17:22_532] # [T74320][APAVisionOblAdd][1326]Receive Vision Obl CrossPointCoord: 0: 2515, 16516; 1: 7725, 16755
[20240124_13:17:22_532] # [T74320][APAVisionOblInfoDebugPrint][118]VisionOblInfo:
[20240124_13:17:22_539] # [T74321][APAVisionOblInfoDebugPrint][119]OblType: 0, bIsMerge 0, DetectCount 100
[20240124_13:17:22_539] # [T74321][APAVisionOblInfoDebugPrint][122]CrossPointCoord: 0: 2546, 16443; 1: 7565, 16673
[20240124_13:17:22_539] # [T74322][APAVisionOblInfoDebugPrint][125]OriginCrossPointCoord: 0: -2470, 2453; 1: -7679, 2726
[20240124_13:17:22_540] # [T74322][APAVisionOblInfoDebugPrint][126]VehCoordAndAng: 29, 14079, ang -0.006(-0.370)
[20240124_13:17:22_540] # [T74323][APAVisionOblInfoDebugPrint][127] 
[20240124_13:17:22_540] # [T74323][APAVisionOblAdd][1323]Vision Obl merge: 62
[20240124_13:17:22_540] # [T74323][APAVisionOblAdd][1326]Receive Vision Obl CrossPointCoord: 0: -7964, 16419; 1: -3237, 16471
[20240124_13:17:22_540] # [T74324][APAVisionOblInfoDebugPrint][118]VisionOblInfo:
[20240124_13:17:22_541] # [T74324][APAVisionOblInfoDebugPrint][119]OblType: 0, bIsMerge 0, DetectCount 2
[20240124_13:17:22_541] # [T74325][APAVisionOblInfoDebugPrint][122]CrossPointCoord: 0: -7977, 16402; 1: -3218, 16455
[20240124_13:17:22_541] # [T74325][APAVisionOblInfoDebugPrint][125]OriginCrossPointCoord: 0: 8009, 2289; 1: 3282, 2371
[20240124_13:17:22_541] # [T74326][APAVisionOblInfoDebugPrint][126]VehCoordAndAng: 29, 14079, ang -0.006(-0.370)
[20240124_13:17:22_541] # [T74326][APAVisionOblInfoDebugPrint][127] 
[20240124_13:17:22_541] # [T74326][VisionSlotAddValidCheck][893]Vision slot Length: 2425,2425, Depth 5216,5216
[20240124_13:17:22_542] # [T74327][VisionSlotAdd][1521]Added Vision Slot[1][1] Num 2 OriCoord: 0: -2470, 2453; 1: -7679, 2726; 2: -7806, 304; 3: -2597, 31
[20240124_13:17:22_542] # [T74327][VisionSlotAdd][1522]VehCoordAndAngle: 29, 14079, ang -0.006 (-0.370)
[20240124_13:17:22_542] # [T74328][VisionSlotAdd][1523]Current VehPos: 30, 14281, ang -0.007 (-0.379)
[20240124_13:17:22_547] # [T74328][VisionSlotAdd][1528]Convert Vision Slot[1][1] Coord: 0: 2515, 16516; 1: 7725, 16755; 2: 7837, 14332; 3: 2626, 14093
[20240124_13:17:22_547] # [T74329][VisionSlotAdd][1533]Old Vision Slot[1][1] Coord: 0: 2552, 16449; 1: 7612, 16676; 2: 7720, 14284; 3: 2659, 14057
[20240124_13:17:22_547] # [T74330][VisionSlotAddSlotWeightCal][1014]u32Weight: 20, CentreY: 1242.000, DisY: 46.000, SlotAng: 177.000
[20240124_13:17:22_548] # [T74330][VisionSlotAdd][1576]New Vision Slot[1][1] Coord: 0: 2551, 16449; 1: 7614, 16677; 2: 7721, 14285; 3: 2659, 14057
[20240124_13:17:22_548] # [T74331][VisionSlotAdd][1600]vision slot [1][1], u32Weight: 20, Sum: 1626, SlotAng: 2.574, CurSlotAng: 2.630
[20240124_13:17:22_548] # [T74332][VisionSlotAddValidCheck][893]Vision slot Length: 2332,2331, Depth 4727,4727
[20240124_13:17:22_548] # [T74332][VisionSlotAdd][1521]Added Vision Slot[0][3] Num 4 OriCoord: 0: 3282, 2371; 1: 8009, 2289; 2: 7969, -42; 3: 3242, 39
[20240124_13:17:22_548] # [T74333][VisionSlotAdd][1522]VehCoordAndAngle: 29, 14079, ang -0.006 (-0.370)
[20240124_13:17:22_548] # [T74333][VisionSlotAdd][1523]Current VehPos: 30, 14281, ang -0.007 (-0.379)
[20240124_13:17:22_549] # [T74334][VisionSlotAdd][1528]Convert Vision Slot[0][3] Coord: 0: -3237, 16471; 1: -7964, 16419; 2: -7939, 14088; 3: -3212, 14139
[20240124_13:17:22_549] # [T74334][VisionSlotAdd][1533]Old Vision Slot[0][3] Coord: 0: -3234, 16380; 1: -8023, 16244; 2: -7959, 14011; 3: -3171, 14147
[20240124_13:17:22_549] # [T74335][VisionSlotAddSlotWeightCal][1014]u32Weight: 20, CentreY: 1205.000, DisY: 83.000, SlotAng: -0.988
[20240124_13:17:22_553] # [T74336][VisionSlotAdd][1576]New Vision Slot[0][3] Coord: 0: -3234, 16381; 1: -8022, 16246; 2: -7959, 14011; 3: -3171, 14147
[20240124_13:17:22_567] # [T74336][VisionSlotAdd][1600]vision slot [0][3], u32Weight: 20, Sum: 1675, SlotAng: -178.380, CurSlotAng: -179.383
[20240124_13:17:22_568] # [T74356][APARadarFilterSaveOblPointToSlotBuf][832]******  Outline[1] cnt [33] Point[31]  *******
[20240124_13:17:22_586] # [T74356][APARadarFilterSaveOblPointToSlotBuf][833]VehCoord[1][31]: 26, 13531, VehAng: -6
[20240124_13:17:22_587] # [T74357][APARadarFilterSaveOblPointToSlotBuf][834]OblCoord[1][31]: 2763, 16998, Dis: 1782, Big: 0
[20240124_13:17:22_587] # 
[20240124_13:17:22_614] # [T74401][APAVisionOblAdd][1323]Vision Obl merge: 63
[20240124_13:17:22_614] # [T74401][APAVisionOblAdd][1326]Receive Vision Obl CrossPointCoord: 0: 2574, 16504; 1: 7712, 16739
[20240124_13:17:22_614] # [T74401][APAVisionOblInfoDebugPrint][118]VisionOblInfo:
[20240124_13:17:22_615] # [T74402][APAVisionOblInfoDebugPrint][119]OblType: 0, bIsMerge 0, DetectCount 100
[20240124_13:17:22_615] # [T74402][APAVisionOblInfoDebugPrint][122]CrossPointCoord: 0: 2546, 16443; 1: 7565, 16673
[20240124_13:17:22_615] # [T74403][APAVisionOblInfoDebugPrint][125]OriginCrossPointCoord: 0: -2529, 2370; 1: -7666, 2639
[20240124_13:17:22_620] # [T74403][APAVisionOblInfoDebugPrint][126]VehCoordAndAng: 29, 14150, ang -0.007(-0.373)
[20240124_13:17:22_621] # [T74404][APAVisionOblInfoDebugPrint][127] 
[20240124_13:17:22_621] # [T74404][APAVisionOblAdd][1323]Vision Obl merge: 63
[20240124_13:17:22_621] # [T74404][APAVisionOblAdd][1326]Receive Vision Obl CrossPointCoord: 0: -7984, 16444; 1: -3127, 16498
[20240124_13:17:22_621] # [T74405][APAVisionOblInfoDebugPrint][118]VisionOblInfo:
[20240124_13:17:22_621] # [T74405][APAVisionOblInfoDebugPrint][119]OblType: 0, bIsMerge 0, DetectCount 100
[20240124_13:17:22_622] # [T74405][APAVisionOblInfoDebugPrint][122]CrossPointCoord: 0: 2546, 16443; 1: 7565, 16673
[20240124_13:17:22_622] # [T74406][APAVisionOblInfoDebugPrint][125]OriginCrossPointCoord: 0: 8029, 2242; 1: 3173, 2327
[20240124_13:17:22_622] # [T74406][APAVisionOblInfoDebugPrint][126]VehCoordAndAng: 29, 14150, ang -0.007(-0.373)
[20240124_13:17:22_622] # [T74407][APAVisionOblInfoDebugPrint][127] 
[20240124_13:17:22_622] # [T74407][VisionSlotAddValidCheck][893]Vision slot Length: 2417,2418, Depth 5144,5142
[20240124_13:17:22_622] # [T74408][VisionSlotAdd][1521]Added Vision Slot[1][1] Num 2 OriCoord: 0: -2529, 2370; 1: -7666, 2639; 2: -7792, 224; 3: -2656, -44
[20240124_13:17:22_623] # [T74409][VisionSlotAdd][1522]VehCoordAndAngle: 29, 14150, ang -0.007 (-0.373)
[20240124_13:17:22_627] # [T74409][VisionSlotAdd][1523]Current VehPos: 31, 14354, ang -0.007 (-0.382)
[20240124_13:17:22_627] # [T74409][VisionSlotAdd][1528]Convert Vision Slot[1][1] Coord: 0: 2574, 16504; 1: 7712, 16739; 2: 7823, 14323; 3: 2685, 14089
[20240124_13:17:22_627] # [T74410][VisionSlotAdd][1533]Old Vision Slot[1][1] Coord: 0: 2551, 16449; 1: 7614, 16677; 2: 7721, 14285; 3: 2659, 14057
[20240124_13:17:22_628] # [T74411][VisionSlotAddSlotWeightCal][1014]u32Weight: 20, CentreY: 1163.000, DisY: 125.000, SlotAng: 177.008
[20240124_13:17:22_628] # [T74411][VisionSlotAdd][1576]New Vision Slot[1][1] Coord: 0: 2551, 16450; 1: 7615, 16678; 2: 7723, 14285; 3: 2659, 14057
[20240124_13:17:22_628] # [T74412][VisionSlotAdd][1600]vision slot [1][1], u32Weight: 20, Sum: 1646, SlotAg: 2.575, CurSlotAng: 2.619
[20240124_13:17:22_629] # [T74413][VisionSlotAddValidCheck][893]Vision slot Length: 2275,2274, Depth 4856,4856
[20240124_13:17:22_629] # [T74413][VisionSlotAdd][1521]Added Vision Slot[0][3] Num 4 OriCoord: 0: 3173, 2327; 1: 8029, 2242; 2: 7989, -32; 3: 3133, 52
[20240124_13:17:22_629] # [T74414][VisionSlotAdd][1522]VehCoordAndAngle: 29, 14150, ang -0.007 (-0.373)
[20240124_13:17:22_629] # [T74414][VisionSlotAdd][1523]Current VehPos: 31, 14354, ang -0.007 (-0.382)
[20240124_13:17:22_633] # [T74415][VisionSlotAdd][1528]Convert Vision Slot[0][3] Coord: 0: -3127, 16498; 1: -7984, 16444; 2: -7959, 14170; 3: -3102, 14222
[20240124_13:17:22_634] # [T74415][VisionSlotAdd][1533]Old Vision Slot[0][3] Coord: 0: -3234, 16381; 1: -8022, 16246; 2: -7959, 14011; 3: -3171, 14147
[20240124_13:17:22_634] # [T74416][VisionSlotAddSlotWeightCal][1014]u32Weight: 20, CentreY: 1189.500, DisY: 98.500, SlotAng: -0.997
[20240124_13:17:22_634] # [T74417][VisionSlotAdd][1576]New Vision Slot[0][3] Coord: 0: -3233, 16383; 1: -8022, 16248; 2: -7959, 14013; 3: -3170, 14148
[20240124_13:17:22_634] # [T74418][VisionSlotAdd][1600]vision slot [0][3], u32Weight: 20, Sum: 1695, SlotAng: -178.392, CurSlotAng: -179.376
[20240124_13:17:22_634] # [T74418][APARadarFilterSaveOblPointToSlotBuf][832]******  Outline[0] cnt [50] Point[48]  *******
[20240124_13:17:22_645] # [T74419][APARadarFilterSaveOblPointToSlotBuf][833]VehCoord[0][48]: 26, 13573, VehAng: -6
[20240124_13:17:22_646] # [T74419][APARadarFilterSaveOblPointToSlotBuf][834]OblCoord[0][48]: -3208, 17172, Dis: 2322, Big: 0
[20240124_13:17:22_646] # 
[20240124_13:17:22_662] #   74437-task_radar-118: RadarCaptureCnt is 349 
[20240124_13:17:22_662] # 
[20240124_13:17:22_693] # [T74481][VisionSlotAddValidCheck][893]Vision slot Length: 2457,2458, Depth 5219,5219
[20240124_13:17:22_693] # [T74481][VisionSlotAdd][1521]Added Vision Slot[1][1] Num 2 OriCoord: 0: -2510, 2325; 1: -7722, 2598; 2: -7851, 143; 3: -2639, -129
[20240124_13:17:22_698] # [T74482][VisionSlotAdd][1522]VehCoordAndAngle: 30, 14220, ang -0.007 (-0.376)
[20240124_13:17:22_699] # [T74482][VisionSlotAdd][1523]Current VehPos: 31, 14423, ang -0.007 (-0.384)
[20240124_13:17:22_699] # [T74483][VisionSlotAdd][1528]Convert Vision Slot[1][1] Coord: 0: 2555, 16528; 1: 7769, 16767; 2: 7882, 14311; 3: 2668, 14074
[20240124_13:17:22_699] # [T74483][VisionSlotAdd][1533]Old Vision Slot[1][1] Coord: 0: 2551, 16450; 1: 7615, 16678; 2: 7723, 14285; 3: 2659, 14057
[20240124_13:17:22_700] # [T74484][VisionSlotAddSlotWeightCal][1014]u32Weight: 20, CentreY: 1098.000, DisY: 190.000, SlotAng: 177.007
[20240124_13:17:22_700] # [T74484][VisionSlotAdd][1576]New Vision Slot[1][1] Coord: 0: 2552, 16451; 1: 7617, 16679; 2: 7724, 14285; 3: 2659, 14058
[20240124_13:17:22_700] # [T74485][VisionSlotAdd][1600]vision slot [1][1], u32Weight: 20, Sum: 1666, SlotAng: 2.575, CurSlotAng: 2.617
[20240124_13:17:22_700] # [T74486][VisionSlotAddValidCheck][893]Vision slot Length: 2256,2256, Depth 4871,4871
[20240124_13:17:22_700] # [T74486][VisionSlotAdd][1521]Added Vision Slot[0][3] Num 4 OriCoord: 0: 3161, 2207; 1: 8032, 2207; 2: 8032, -49; 3: 3161, -49
[20240124_13:17:22_700] # [T74487][VisionSlotAdd][1522]VehCoordAndAngle: 30, 14220, ang -0.007 (-0.376)
[20240124_13:17:22_704] # [T74487][VisionSlotAdd][1523]Current VehPos: 31, 14423, ang -0.007 (-0.384)
[20240124_13:17:22_704] # [T74488][VisionSlotAdd][1528]Convert Vision Slot[][3] Coord: 0: -3116, 16448; 1: -7986, 16480; 2: -8001, 14224; 3: -3130, 14192
[20240124_13:17:22_705] # [T74489][VisionSlotAdd][1533]Old Vision Slot[0][3] Coord: 0: -3233, 16383; 1: -8022, 16248; 2: -7959, 14013; 3: -3170, 14148
[20240124_13:17:22_705] # [T74489][VisionSlotAddSlotWeightCal][1014]u32Weight: 20, CentreY: 1079.000, DisY: 209.000, SlotAng: 0.000
[20240124_13:17:22_705] # [T74490][VisionSlotAdd][1576]New Vision Slot[0][3] Coord: 0: -3232, 16383; 1: -8021, 16251; 2: -7959, 14016; 3: -3170, 14148
[20240124_13:17:22_705] # [T74490][VisionSlotAdd][1600]vision slot [0][3], u32Weight: 20, Sum: 1715, SlotAng: -178.416, CurSlotAng: 179.624
[20240124_13:17:22_705] # [T74491][APAVisionOblAdd][1323]Vision Obl merge: 63
[20240124_13:17:22_706] # [T74491][APAVisionOblAdd][1326]Receive Vision Obl CrossPointCoord: 0: 2555, 16528; 1: 7769, 16767
[20240124_13:17:22_706] # [T74492][APAVisionOblInfoDebugPrint][118]VisionOblInfo:
[20240124_13:17:22_706] # [T7442][APAVisionOblInfoDebugPrint][119]OblType: 0, bIsMerge 0, DetectCount 100
[20240124_13:17:22_710] # [T74493][APAVisionOblInfoDebugPrint][122]CrossPointCoord: 0: 2546, 16443; 1: 7565, 16673
[20240124_13:17:22_711] # [T74493][APAVisionOblInfoDebugPrint][125]OriginCrossPointCoord: 0: -2510, 2325; 1: -7722, 2598
[20240124_13:17:22_711] # [T74494][APAVisionOblInfoDebugPrint][126]VehCoordAndAng: 30, 14220, ang -0.007(-0.376)
[20240124_13:17:22_711] # [T74494][APAVisionOblInfoDebugPrint][127] 
[20240124_13:17:22_711] # [T74495][APAVisionOblAd][1323]Vision Obl merge: 62
[20240124_13:17:22_711] # [T74495][APAVisionOblAdd][1326]Receive Vision Obl CrossPointCoord: 0: -3116, 16448; 1: -7986, 16480
[20240124_13:17:22_711] # [T74495][APAVisionOblInfoDebugPrint][118]VisionOblInfo:
[20240124_13:17:22_712] # [T74496][APAVisionOblInfoDebugPrint][119]OblType: 0, bIsMerge 0, DetectCount 3
[20240124_13:17:22_712] # [T74496][APAVisionOblInfoDebugPrint][122]CrossPointCoord: 0: -6357, 16417; 1: -4808, 16463
[20240124_13:17:22_712] # [T74497][APAVisionOblInfoDebugPrint][125]OriginCrossPointCoord: 0: 3161, 2207; 1: 8032, 2207
[20240124_13:17:22_724] # [T74497][APAVisionOblInfoDebugPrint][126]VehCoordAndAng: 30, 14220, ang -0.007(-0.376)
[20240124_13:17:22_726] # [T74498][APAVisionOblInfoDebugPrint][127] 
[20240124_13:17:22_772] # [T74560][APARadarFilterSaveOblPointToSlotBuf][832]******  Outline[1] cnt [33] Point[31]  *******
[20240124_13:17:22_773] # [T74560][APARadarFilterSaveOblPointToSlotBuf][833]VehCoord[1][31]: 29, 14015, VehAng: -6
[20240124_13:17:22_780] # [T74561][APARadarFilterSaveOblPointToSlotBuf][834]OblCoord[1][31]: 2747, 17478, Dis: 1761, Big: 0
[20240124_13:17:22_780] # 
[20240124_13:17:22_780] # [T74562][APAVisionOblAdd][1323]Vision Obl merge: 63
[20240124_13:17:22_780] # [T74562][APAVisionOblAdd][1326]Receive Vision Obl CrossPointCoord: 0: 2561, 16475; 1: 7695, 16710
[20240124_13:17:22_781] # [T74562][APAVisionOblInfoDebugPrint][118]VisionOblInfo:
[20240124_13:17:22_781] # [T74563][APAVisionOblInfoDebugPrint][119]OblType: 0, bIsMerge 0, DetectCount 100
[20240124_13:17:22_781] # [T74563][APAVisionOblInfoDebugPrint][122]CrossPointCoord: 0: 2546, 16443; 1: 7565, 16673
[20240124_13:17:22_781] # [T74564][APAVisionOblInfoDebugPrint][125]OriginCrossPointCoord: 0: -2516, 2219; 1: -7649, 2488
[20240124_13:17:22_781] # [T74564][APAVisionOblInfoDebugPrint][126]VehCoordAndAng: 30, 14273, ang -0.007(-0.378)
[20240124_13:17:22_781] # [T74565][APAVisionOblInfoDebugPrint][127] 
[20240124_13:17:22_782] # [T74565][APAVisionOblAdd][1323]Vision Obl merge: 62
[20240124_13:17:22_782] # [T74565][APAVisionOblAdd][1326]Receive Vision Obl CrossPointCoord: 0: -7999, 16379; 1: -3185, 16431
[20240124_13:17:22_782] # [T74566][APAVisionOblInfoDebugPrint][118]VisionOblInfo:
[20240124_13:17:22_782] # [T74566][APAVisionOblInfoDebugPrint][119]OblType: 0, bIsMerge 0, DetectCount 4
[20240124_13:17:22_782] # [T74566][APAVisionOblInfoDebugPrint][122]CrossPointCoord: 0: -6767, 16408; 1: -4402, 16455
[20240124_13:17:22_784] # [T74567][APAVisionOblInfoDebugPrint][125]OriginCrossPointCoord: 0: 8044, 2053; 1: 3230, 2137
[20240124_13:17:22_788] # [T74567][APAVisionOblInfoDebugPrint][126]VehCoordAndAng: 30, 14273, ang -0.007(-0.378)
[20240124_13:17:22_788] # [T74568][APAVisionOblInfoDebugPrint][127] 
[20240124_13:17:22_788] # [T74568][VisionSlotAddValidCheck][893]Vision slot Length: 2404,2405, Depth 5140,5139
[20240124_13:17:22_789] # [T74569][VisionSlotAdd][1521]Added Vision Slot[1][1] Num 2 OriCoord: 0: -2516, 2219; 1: -7649, 2488; 2: -7775, 86; 3: -2642, -182
[20240124_13:17:22_789] # [T74569][VisionSlotAdd][1522]VehCoordAndAngle: 30, 14273, ang -0.007 (-0.378)
[20240124_13:17:22_789] # [T74570][VisionSlotAdd][1523]Current VehPos: 32, 14475, ang -0.007 (-0.387)
[20240124_13:17:22_789] # [T74570][VisionSlotAdd][1528]Convert Vision Slot[1][1] Coord: 0: 2561, 16475; 1: 7695, 16710; 2: 7806, 14308; 3: 2671, 14073
[20240124_13:17:22_789] # [T74571][VisionSlotAdd][1533]Old Vision Slot[1][1] Coord: 0: 2552, 16451; 1: 7617, 16679; 2: 7724, 14285; 3: 2659, 14058
[20240124_13:17:22_789] # [T74572][VisionSlotAddSlotWeightCal][1014]u32Weight: 20, CentreY: 1018.500, DisY: 269.500, SlotAng: 177.006
[20240124_13:17:22_790] # [T74572][VisionSlotAdd][1576]New Vision Slot[1][1] Coord: 0: 2552, 16451; 1: 7618, 16679; 2: 7725, 14286; 3: 2659, 14058
[20240124_13:17:22_790] # [T74573][VisionSlotAdd][1600]vision slot [1][1], u32Weight: 20, Sum: 1686, SlotAng: 2.576, CurSlotAng: 2.616
[20240124_13:17:22_790] # [T74573][VisionSlotAddValidCheck][893]Vision slot Length: 2216,2216, Depth 4814,4814
[20240124_13:17:22_790] # [T74574][VisionSlotAdd][1521]Added Vision Slot[0][3] Num 4 OriCoord: 0: 3230, 2137; 1: 8044, 2053; 2: 8005, -163; 3: 3191, -79
[20240124_13:17:22_790] # [T74575][VisionSlotAdd][1522]VehCoordAndAngle: 30, 14273, ang -0.007 (-0.378)
[20240124_13:17:22_790] # [T74575][VisionSlotAdd][1523]Current VehPos: 32, 14475, ang -0.007 (-0.387)
[20240124_13:17:22_791] # [T74575][VisionSotAdd][1528]Convert Vision Slot[0][3] Coord: 0: -3185, 16431; 1: -7999, 16379; 2: -7975, 14163; 3: -3160, 14215
[20240124_13:17:22_794] # [T74576][VisionSlotAdd][1533]Old Vision Slot[0][3] Coord: 0: -3232, 16383; 1: -8021, 16251; 2: -7959, 14016; 3: -3170, 14148
[20240124_13:17:22_794] # [T74577][VisionSlotAddSlotWeightCal][1014]u32Weight: 20, CentreY: 1029.000, DisY: 259.000, SlotAng: -1.000
[20240124_13:17:22_794] # [T74578][VisionSlotAdd][1576]New Vision Slot[0][3] Coord: 0: -3231, 16384; 1: -8021, 16252; 2: -7960, 14018; 3: -3170, 14149
[20240124_13:17:22_799] # [T74578][VisionSlotAdd][1600]vision slot [0][3], u32Weight: 20, Sum: 1735, SlotAng: -178.427, CurSlotAng: -179.379
[20240124_13:17:22_824] # [T74611][APARadarFilterSaveOblPointToSlotBuf][832]******  Outline[0] cnt [51] Point[49]  *******
[20240124_13:17:22_824] # [T74611][APARadarFilterSaveOblPointToSlotBuf][833]VehCoord[0][49]: 29, 14080, VehAng: -6
[20240124_13:17:22_831] # [T74612][APARadarFilterSaveOblPointToSlotBuf][834]OblCoord[0][49]: -3224, 17684, Dis: 2342, Big: 0
[20240124_13:17:22_831] # 
[20240124_13:17:22_855] # [T74642][APAVisionOblAdd][1323]Vision Obl merge: 62
[20240124_13:17:22_855] # [T74642][APAVisionOblAdd][1326]Receive Vision Obl CrossPointCoord: 0: -7994, 16416; 1: -3171, 16468
[20240124_13:17:22_855] # [T74642][APAVisionOblInfoDebugPrint][118]VisionOblInfo:
[20240124_13:17:22_857] # [T74643][APAVisionOblInfoDebugPrint][119]OblType: 0, bIsMerge 0, DetectCount 5
[20240124_13:17:22_857] # [T74643][APAVisionOblInfoDebugPrint][122]CrossPointCoord: 0: -7013, 16409; 1: -4156, 16458
[20240124_13:17:22_857] # [T74644][APAVisionOblInfoDebugPrint][125]OriginCrossPointCoord: 0: 8039, 2017; 1: 3217, 2101
[20240124_13:17:22_859] # [T74644][APAVisionOblInfoDebugPrint][126]VehCoordAndAng: 31, 14345, ang -0.007(-0.381)
[20240124_13:17:22_860] # [T74645][APAVisionOblInfoDebugPrint][127] 
[20240124_13:17:22_860] # [T74645][APAVisionOblAdd][1323]Vision Obl merge: 63
[20240124_13:17:22_861] # [T74645][APAVisionOblAdd][1326]Receive Vision Obl CrossPointCoord: 0: 2553, 16496; 1: 7688, 16730
[20240124_13:17:22_861] # [T74646][APAVisionOblInfoDebugPrint][118]VisionOblInfo:
[20240124_13:17:22_861] # [T74646][APAVisionOblInfoDebugPrint][119]OblType: 0, bIsMerge 0, DetectCount 100
[20240124_13:17:22_861] # [T74646][APAVisionOblInfoDebugPrint][122]CrossPointCoord: 0: 2546, 16443; 1: 7565, 16673
[20240124_13:17:22_861] # [T74647][APAVisionOblInfoDebugPrint][125]OriginCrossPointCoord: 0: -2508, 2167; 1: -7641, 2436
[20240124_13:17:22_862] # [T74647][APAVisionOblInfoDebugPrint][126]VehCoordAndAng: 31, 14345, ang -0.007(-0.381)
[20240124_13:17:22_862] # [T74648][APAVisionOblInfoDebugPrint][127] 
[20240124_13:17:22_864] # [T74648][VisionSlotAddValidCheck][893]Vision slot Length: 2265,2266, Depth 4822,4822
[20240124_13:17:22_864] # [T74649][VisionSlotAdd][1521]Added Vision Slot[0][3] Num 4 OriCoord: 0: 3217, 2101; 1: 8039, 2017; 2: 7999, -249; 3: 3177, -164
[20240124_13:17:22_864] # [T74649][VisionSlotAdd][1522]VehCoordAndAngle: 31, 14345, ang -0.007 (-0.381)
[20240124_13:17:22_864] # [T74650][VisionSlotAdd][1523]Current VehPos: 32, 14562, ang -0.007 (-0.390)
[20240124_13:17:22_866] # [T74650][VisionSlotAdd][1528]Convert Vision Slot[0][3] Coord: 0: -3171, 16468; 1: -7994, 16416; 2: -7969, 14149; 3: -3146, 14202
[20240124_13:17:22_866] # [T74651][VisionSlotAdd][1533]Old Vision Slot[0][3] Coord: 0: -3231, 16384; 1: -8021, 16252; 2: -7960, 14018; 3: -3170, 14149
[20240124_13:17:22_866] # [T74652][VisionSlotAddSlotWeightCal][1014]u32Weight: 19, CentreY: 968.500, DisY: 319.500, SlotAng: -1.004
[20240124_13:17:22_866] # [T74652][VisionSlotAdd][1576]New Vision Slot[0][3] Coord: 0: -3230, 16385; 1: -8021, 16254; 2: -7960, 14019; 3: -3169, 14150
[20240124_13:17:22_870] # [T74653][VisionSlotAdd][1600]vision slot [0][3], u32Weight: 19, Sum: 1754, SlotAng: -178.437, CurSlotAng: -179.377
[20240124_13:17:22_870] # [T74654][VisionSlotAddValidCheck][893]Vision slot Length: 2409,2410, Depth 5140,5139
[20240124_13:17:22_870] # [T74654][VisionSlotAdd][1521]Added Vision Slot[1][1] Num 2 OriCoord: 0: -2508, 2167; 1: -7641, 2436; 2: -7768, 29; 3: -2635, -239
[20240124_13:17:22_870] # [T74655][VisionSlotAdd][1522]VehCoordAndAngle: 31, 14345, ang -0.007 (-0.381)
[20240124_13:17:22_871] # [T74655][VisionSlotAdd][1523]Current VehPos: 32, 14562, ang -0.007 (-0.390)
[20240124_13:17:22_871] # [T74656][VisionSlotAdd][1528]Convert Vision Slot[1][1] Coord: 0: 2553, 16496; 1: 7688, 16730; 2: 7799, 14323; 3: 2664, 14089
[20240124_13:17:22_871] # [T74656][VisionSlotAdd][1533]Old Vision Slot[1][1] Coord: 0: 2552, 16451; 1: 7618, 16679; 2: 7725, 14286; 3: 2659, 14058
[20240124_13:17:22_871] # [T74657][VisionSlotAddSlotWeightCal][1014]u32Weight: 19, CentreY: 964.000, DisY: 324.000, SlotAng: 177.006
[20240124_13:17:22_874] # [T74658][VisionSlotAdd][1576]New Vision Slot[1][1] Coord: 0: 2552, 16452; 1: 7618, 16680; 2: 7726, 14286; 3: 2659, 14058
[20240124_13:17:22_874] # [T74658][VisionSlotAdd][1600]vision slot [1][1], u32Weight: 19, Sum: 1705, SlotAng: 2.576, CurSlotAng: 2.613
[20240124_13:17:22_875] # [T74662][APARadarFilterSaveOblPointToSlotBuf][832]******  Outline[1] cnt [33] Point[31]  *******
[20240124_13:17:22_875] # [T74662][APARadarFilterSaveOblPointToSlotBuf][833]VehCoord[1][31]: 30, 14297, VehAng: -6
[20240124_13:17:22_875] # [T74663][APARadarFilterSaveOblPointToSlotBuf][834]OblCoord[1][31]: 2740, 17758, Dis: 1753, Big: 0
[20240124_13:17:22_875] # 
[20240124_13:17:22_878] # [T74663][APARadarFilterSaveOblPointToSlotBuf][832]******  Outline[0] cnt [52] Point[50]  *******
[20240124_13:17:22_880] # [T74664][APARadarFilterSaveOblPointToSlotBuf][833]VehCoord[0][50]: 30, 14297, VehAng: -6
[20240124_13:17:22_894] # [T74664][APARadarFilterSaveOblPointToSlotBuf][834]OblCoord[0][50]: -3449, 17943, Dis: 2569, Big: 0
[20240124_13:17:22_894] # 
[20240124_13:17:22_926] # [T74713][APARadarFilterSaveOblPointToSlotBuf][832]******  Outline[0] cnt [53] Point[51]  *******
[20240124_13:17:22_926] # [T74713][APARadarFilterSaveOblPointToSlotBuf][833]VehCoord[0][51]: 31, 14354, VehAng: -6
[20240124_13:17:22_936] # [T74714][APARadarFilterSaveOblPointToSlotBuf][834]OblCoord[0][51]: -3450, 18000, Dis: 2571, Big: 0
[20240124_13:17:22_936] # 
[20240124_13:17:22_936] # [T74723][APAVisionOblAdd][1323]Vision Obl merge: 62
[20240124_13:17:22_937] # [T74723][APAVisionOblAdd][1326]Receive Vision Obl CrossPointCoord: 0: -8012, 16401; 1: -3169, 16452
[20240124_13:17:22_937] # [T74723][APAVisionOblInfoDebugPrint][118]VisionOblInfo:
[20240124_13:17:22_937] # [T74724][APAVisionOblInfoDebugPrint][119]OblType: 0, bIsMerge 0, DetectCount 6
[20240124_13:17:22_940] # [T74724][APAVisionOblInfoDebugPrint][122]CrossPointCoord: 0: -7179, 16408; 1: -3991, 16457
[20240124_13:17:22_940] # [T74725][APAVisionOblInfoDebugPrint][125]OriginCrossPointCoord: 0: 8057, 1921; 1: 3215, 2005
[20240124_13:17:22_941] # [T74725][APAVisionOblInfoDebugPrint][126]VehCoordAndAng: 31, 14426, ang -0.007(-0.385)
[20240124_13:17:22_941] # [T74726][APAVisionOblInfoDebugPrint][127] 
[20240124_13:17:22_941] # [T74726][APAVisionOblAdd][1323]Vision Obl merge: 63
[20240124_13:17:22_941] # [T74726][APAVisionOblAdd][1326]Receive Vision Obl CrossPointCoord: 0: 2587, 16496; 1: 7688, 16729
[20240124_13:17:22_942] # [T74727][APAVisionOblInfoDebugPrint][118]VisionOblInfo:
[20240124_13:17:22_942] # [T74727][APAVisionOblInfoDebugPrint][119]OblType: 0, bIsMerge 0, DetectCount 100
[20240124_13:17:22_942] # [T74727][APAVisionOblInfoDebugPrint][122]CrossPointCoord: 0: 2546, 16443; 1: 7565, 16673
[20240124_13:17:22_942] # [T74728][APAVisionOblInfoDebugPrint][125]OriginCrossPointCoord: 0: -2542, 2087; 1: -7641, 2355
[20240124_13:17:22_945] # [T74728][APAVisionOblInfoDebugPrint][126]VehCoordAndAng: 31, 14426, ang -0.007(-0.385)
[20240124_13:17:22_945] # [T74729][APAVisionOblInfoDebugPrint][127] 
[20240124_13:17:22_945] # [T74729][VisionSlotAddValidCheck][893]Vision slot Length: 2283,2283, Depth 4842,4842
[20240124_13:17:22_945] # [T74730][VisionSlotAdd][1521]Added Vision Slot[0][3] Num 4 OriCoord: 0: 3215, 2005; 1: 8057, 1921; 2: 8017, -362; 3: 3175, -278
[20240124_13:17:22_946] # [T74730][VisionSlotAdd][1522]VehCoordAndAngle: 31, 14426, ang -0.007 (-0.385)
[20240124_13:17:22_946] # [T74731][VisionSlotAdd][1523]Current VehPos: 33, 14632, ang -0.007 (-0.393)
[20240124_13:17:22_946] # [T74731][VisionSlotAdd][1528]Convert Vision Slot[0][3] Coord: 0: -3169, 16452; 1: -8012, 16401; 2: -7987, 14117; 3: -3145, 14169
[20240124_13:17:22_946] # [T74732][VisionSlotAdd][1533]Old Vision Slot[0][3] Coord: 0: -3230, 16385; 1: -8021, 16254; 2: -7960, 14019; 3: -3169, 14150
[20240124_13:17:22_946] # [T74733][VisionSlotAddSlotWeightCal][1014]u32Weight: 18, CentreY: 863.500, DisY: 424.500, SlotAng: -0.994
[20240124_13:17:22_949] # [T74733][VisionSlotAdd][1576]New Vision Slot[0][3] Coord: 0: -3230, 16386; 1: -8021, 16256; 2: -7960, 14020; 3: -3169, 14150
[20240124_13:17:22_950] # [T74734][VisionSlotAdd][1600]vision slot [0][3], u32Weight: 18, Sum: 1772, SlotAng: -178.447, CurSlotAng: -179.391
[20240124_13:17:22_950] # [T74735][VisionSlotAddValidCheck][893]Vision slot Length: 2397,2398, Depth 5106,5104
[20240124_13:17:22_950] # [T74735][VisionSlotAdd][1521]Added Vision Slot[1][1] Num 2 Orioord: 0: -2542, 2087; 1: -7641, 2355; 2: -7766, -40; 3: -2668, -307
[20240124_13:17:22_950] # [T74736][VisionSlotAdd][1522]VehCoordAndAngle: 31, 14426, ang -0.007 (-0.385)
[20240124_13:17:22_950] # [T74736][VisionSlotAdd][1523]Current VehPos: 33, 14632, ang -0.007 (-0.393)
[20240124_13:17:22_951] # [T74737][VisionSlotAdd][1528]Convert Vision Slot[1][1] Coord: 0: 2587, 16496; 1: 7688, 16729; 2: 7797, 14334; 3: 2697, 14101
[20240124_13:17:22_953] # [T74737][VisionSlotAdd][1533]Old Vision Slot[1][1] Coord: 0: 2552, 16452; 1: 7618, 16680; 2: 7726, 14286; 3: 2659, 14058
[20240124_13:17:22_954] # [T74738][VisionSlotAddSlotWeightCal][1014]u32Weight: 18, CentreY: 890.000, DisY: 398.000, SlotAng: 176.997
[20240124_13:17:22_971] # [T74739][VisionSlotAdd][1576]New Vision Slot[1][1] Coord: 0: 2552, 16452; 1: 7619, 16680; 2: 7727, 14287; 3: 2660, 14059
[20240124_13:17:22_971] # [T74739][VisionSlotAdd][1600]vision slot [1][1], u32Weight: 18, Sum: 1723, SlotAng: 2.577, CurSlotAng: 2.619
[20240124_13:17:22_976] # [T74764][APARadarFilterSaveOblPointToSlotBuf][832]******  Outline[1] cnt [34] Point[32]  *******
[20240124_13:17:22_976] # [T74764][APARadarFilterSaveOblPointToSlotBuf][833]VehCoord[1][32]: 31, 14442, VehAng: -6
[20240124_13:17:22_988] # [T74765][APARadarFilterSaveOblPointToSlotBuf][834]OblCoord[1][32]: 2741, 17902, Dis: 1752, Big: 0
[20240124_13:17:22_988] # 
[20240124_13:17:23_015] # [T74804][APAVisionOblAdd][1323]Vision Obl merge: 62
[20240124_13:17:23_020] # [T74804][APAVisionOblAdd][1326]Receive Vision Obl CrossPointCoord: 0: -8055, 16425; 1: -3170, 16478
[20240124_13:17:23_020] # [T74804][APAVisionOblInfoDebugPrint][118]VisionOblInfo:
[20240124_13:17:23_020] # [T74805][APAVisionOblInfoDebugPrint][119]OblType: 0, bIsMerge 0, DetectCount 7
[20240124_13:17:23_021] # [T74805][APAVisionOblInfoDebugPrint][122]CrossPointCoord: 0: -7304, 16410; 1: -3874, 16460
[20240124_13:17:23_021] # [T74806][APAVisionOblInfoDebugPrint][125]OriginCrossPointCoord: 0: 8101, 1863; 1: 3216, 1949
[20240124_13:17:23_021] # [T74806][APAVisionOblInfoDebugPrint][126]VehCoordAndAng: 32, 14507, ang -0.007(-0.388)
[20240124_13:17:23_021] # [T74807][APAVisioOblInfoDebugPrint][127] 
[20240124_13:17:23_021] # [T74807][APAVisionOblAdd][1323]Vision Obl merge: 63
[20240124_13:17:23_022] # [T74807][APAVisionOblAdd][1326]Receive Vision Obl CrossPointCoord: 0: 2573, 16528; 1: 7692, 16761
[20240124_13:17:23_022] # [T74808][APAVisionOblInfoDebugPrint][118]VisionOblInfo:
[20240124_13:17:23_022] # [T74808][APAVisionOblInfoDebugPrint][119]OblType: 0, bIsMerge 0, DetectCount 100
[20240124_13:17:23_022] # [T74808][APAVisionOblInfoDebugPrint][122]CrossPointCoord: 0: 2546, 16443; 1: 7565, 16673
[20240124_13:17:23_027] # [T74809][APAVisionOblInfoDebugPrint][125]OriginCrossPointCoord: 0: -2527, 2038; 1: -7645, 2306
[20240124_13:17:23_027] # [T74809][PAVisionOblInfoDebugPrint][126]VehCoordAndAng: 32, 14507, ang -0.007(-0.388)
[20240124_13:17:23_027] # [T74810][APAVisionOblInfoDebugPrint][127] 
[20240124_13:17:23_027] # [T74810][VisionSlotAddValidCheck][893]Vision slot Length: 2302,2302, Depth 4885,4885
[20240124_13:17:23_028] # [T74811][VisionSlotAdd][1521]Added Vision Slot[0][3] Num 4 OriCoord: 0: 3216, 1949; 1: 8101, 1863; 2: 8061, -439; 3: 3176, -353
[20240124_13:17:23_028] # [T74811][VisionSlotAdd][1522]VehCoordAndAngle: 32, 14507, ang -0.007 (-0.388)
[20240124_13:17:23_028] # [T74812][VisionSlotAdd][1523]Current VehPos: 33, 14707, ang -0.007 (-0.396)
[20240124_13:17:23_028] # [T74812][VisionSlotAdd][1528]Convert Vision Slot[0][3] Coord: 0: -3170, 16478; 1: -8055, 16425; 2: -8031, 14122; 3: -3146, 14175
[20240124_13:17:23_028] # [T74813][VisionSlotAdd][1533]Old Vision Slot[0][3] Coord: 0: -3230, 16386; 1: -8021, 16256; 2: -7960, 14020; 3: -3169, 14150
[20240124_13:17:23_028] # [T74814][VisionSlotAddSlotWeightCal][1014]u32Weight: 17, CentreY: 798.000, DisY: 490.000, SlotAng: -1.009
[20240124_13:17:23_029] # [T74814][VisionSlotAdd][1576]New Vision Slot[0][3] Coord: 0: -3229, 16387; 1: -8021, 16257; 2: -7961, 14021; 3: -3169, 14150
[20240124_13:17:23_032] # [T74815][VisionSlotAdd][1600]vision slot [0][3], u32Weight: 17, Sum: 1789, SlotAng: -178.456, CurSlotAng: -179.379
[20240124_13:17:23_032] # [T74816][VisionSlotAddValidCheck][893]Vision slot Length: 2345,2344, Depth 5125,5125
[20240124_13:17:23_033] # [T74816][VisionSlotAdd][1521]Added Vision Slot[1][1] Num 2 OriCoord: 0: -2527, 2038; 1: -7645, 2306; 2: -7768, -35; 3: -2650, -304
[20240124_13:17:23_033] # [T74817][VisionSlotAdd][1522]VehCoordAndAngle: 32, 14507, ang -0.007 (-0.388)
[20240124_13:17:23_033] # [T74817][VisionSlotAdd][1523]Current VehPos: 33, 14707, ang -0.007 (-0.396)
[20240124_13:17:23_033] # [T74818][VisionSlotAdd][1528]Convert Vision Slot[1][1] Coord: 0: 2573, 16528; 1: 7692, 16761; 2: 7799, 14419; 3: 2680, 14185
[20240124_13:17:23_033] # [T74818][VisionSlotAdd][1533]Old Vision Slot[1][1] Coord: 0: 2552, 16452; 1: 7619, 16680; 2: 7727, 14287; 3: 2660, 14059
[20240124_13:17:23_034] # [T74819][VisionSlotAddSlotWeightCal][1014]u32Weight: 18, CentreY: 867.000, DisY: 421.000, SlotAng: 176.997
[20240124_13:17:23_034] # [T74820][VisionSlotAdd][1576]New Vision Slot[1][1] Coord: 0: 2552, 16453; 1: 7620, 16681; 2: 7728, 14288; 3: 2660, 14060
[20240124_13:17:23_050] # [T74820][VisionSlotAdd][1600]vision slot [1][1], u32Weight: 18, Sum: 1741, SlotAng: 2.577, CurSlotAng: 2.615
[20240124_13:17:23_072] # [T74860][DecisionParkInRequestCalPath][3130]CalID[4], SideIndex[0], SlotIndex[2], PlanCmd[3]
[20240124_13:17:23_075] # [T74861][APAParkManaParkingSetParkingSideSwitched][2622]Parking Side Switched Finish. LeftIndex[1], RightIndex[0], Side[1]
[20240124_13:17:23_076] # [T74862][APAParkManaParkingSetParkingSideSwitched][2637]Parking Slot Data Switch Finish.
[20240124_13:17:23_076] # [T74862][locate_position_set][337]locate reset pos@74862: 1  -34.158, 14779.884, 0.4, minus: 0.000
[20240124_13:17:23_076] # 
[20240124_13:17:23_076] # [T74863][VT_APAPathPlanningHandle][2279]after: 0  1  1
[20240124_13:17:23_077] # [T74863][VT_APAPathPlanningHandle][2280]!!  id:0  !! index = 2
[20240124_13:17:23_077] # 
[20240124_13:17:23_077] # [T74863][DebugInfoStartInStepN][11197]req-2
[20240124_13:17:23_082] # [T74864][DebugInfoStartInStepN][11199]******************** path planning information ******* [2] ****************[-34  14779]****
[20240124_13:17:23_082] # [T74864][DebugInfoStartInStepN][11200]start_pos x = 34 y = 14779  veh*10: -3
[20240124_13:17:23_082] # [T74865][DebugInfoStartInStepN][11201]TargetDriveDirection = 0
[20240124_13:17:23_082] # [T74865][DebugInfoStartInStepN][11202]obl1 = 0 0 obl2 = 200 0
[20240124_13:17:23_082] # [T74865][DebugInfoStartInStepN][11203]endpos = 0 0  veh*10: 0
[20240124_13:17:23_083] # [T74866][APAPathPlanningPerpendCalPath][10298]4  0
[20240124_13:17:23_083] # [T74866][APAPathPlanningStep1DataDuringSearchingSlot][8668]34000   14779000     0
[20240124_13:17:23_083] # [T74866][APAPathPlanningStep1DataDuringSearchingSlot][8669]0   5024000     0
[20240124_13:17:23_083] # [T74867][APAPathPlanningStep1DataDuringSearchingSlot][8670]143000   -1000     9874000
[20240124_13:17:23_083] # [T74867][APAPathPlanningStep1DataDuringSearchingSlot][8671]VehTurningCenterPt = 0, 0
[20240124_13:17:23_083] # [T74868][APAPathPlanningStep1DataDuringSearchingSlot][8672]VehRearAxisCenterTurningRadius = 0
[20240124_13:17:23_084] # [T74868][APAPathPlanningStep1DataDuringSearchingSlot][8673]CalResult = 1
[20240124_13:17:23_084] # [T74869][APAPathPlanningPerpendSearchSlotCalPath][10749]5
[20240124_13:17:23_084] # [T74869][APAPathPlanningPerpendSearchSlotCalPath][11419]42
[20240124_13:17:23_084] # [T74869][APAPathPlanningPerpendSearchSlotCalPath][11450]43
[20240124_13:17:23_084] # [T74870][APAPathPlanningPerpendSearchSlotCalPath][11532]false
[20240124_13:17:23_087] # [T74870][APAPathPlanningPerpendCalNewParkingPath][12119]p4 CalResult = 0        flag = 1
[20240124_13:17:23_087] # [T74871][APAPathPlanningPerpendCalNewParkingPath][12156]p6 0
[20240124_13:17:23_087] # [T74871][APAPathPlanningAddOneBackLine][10758]pts: 0     pt_line: 0     jiaodu(*100): 0
[20240124_13:17:23_088] # [T74872][APARadarFilterSaveOblPointTolotBuf][832]******  Outline[0] cnt [53] Point[51]  *******
[20240124_13:17:23_088] # [T74872][APARadarFilterSaveOblPoinToSlotBuf][833]VehCoord[0][51]: -32, 14475, VehAng: 6
[20240124_13:17:23_088] # [T74873][APARadarFilterSaveOblPointToSlotBuf][834]OblCoord[0][51]: 3465, 18125, Dis: 2588, Big: 0
[20240124_13:17:23_088] # 
[20240124_13:17:23_096] # [T74874][DecisionParkInRequestCalPath][3150]Request Planning Failed: CalID[4], Side[0], Class[2], Type[2]
[20240124_13:17:23_096] # [T74883][DecisionParkInRequestCalPath][3130]CalID[3], SideIndex[0], SlotIndex[1], PlanCmd[3]
[20240124_13:17:23_096] # [T74883][DebugInfoStartInStepN][11197]req-2
[20240124_13:17:23_101] # [T74884][DebugInfoStartInStepN][11199]******************** path planning information ******* [2] ****************[-34  14804]****
[20240124_13:17:23_101] # [T74884][DebugInfoStartInStepN][11200]start_pos x = -34 y = 14804  veh*10: 3
[20240124_13:17:23_101] # [T74885][DebugInfoStartInStepN][11201]TargetDriveDirection = 0
[20240124_13:17:23_102] # [T74885][DebugInfoStartInStepN][11202]obl1 = 0 0 obl2 = 200 0
[20240124_13:17:23_102] # [T74886][DebugInfoStartInStepN][11203]endpos = 0 0  veh*10: 0
[20240124_13:17:23_102] # [T74886][APAPathPlanningPerpendCalPath][10298]4  0
[20240124_13:17:23_102] # [T74886][APAPathPlanningStep1DataDuringSearchingSlot][8668]-34000   14804000     0
[20240124_13:17:23_102] # [T74887][APAPathPlanningStep1DataDuringSearchingSlot][8669]0   5024000     0
[20240124_13:17:23_102] # [T74887][APAPathPlanningStep1DataDuringSearchingSlot][8670]-143000   -1000     9886000
[20240124_13:17:23_103] # [T74888][APAPathPlanningStep1DataDuringSearchingSlot][8671]VehTurningCenterPt = 0, 0
[20240124_13:17:23_103] # [T74888][APAPathPlanningStep1DataDuringSearchingSlot][8672]VehRearAxisCenterTurningRadius = 0
[20240124_13:17:23_103] # [T74889][APAPathPlanningStep1DataDuringSearchingSlot][8673]CalResult = 1
[20240124_13:17:23_103] # [T74889][APAPathPlanningPerpendSearchSlotCalPath][10749]5
[20240124_13:17:23_106] # [T74889][APAPathPlanningPerpendSearchSlotCalPath][11419]42
[20240124_13:17:23_106] # [T74890][APAPathPlanningPerpendSearchSlotCalPath][11450]43
[20240124_13:17:23_107] # [T74890][APAPathPlanningPerpendSearchSlotCalPath][11532]false
[20240124_13:17:23_107] # [T74890][APAPathPlanningPerpendCalNewParkingPath][12119]p4 CalResult = 0        flag = 1
[20240124_13:17:23_107] # [T74891][APAPathPlanningPerpendCalNewParkingPath][12156]p6 0
[20240124_13:17:23_107] # [T74891][APAPathPlanningAddOneBackLine][10758]pts: 0     pt_line: 0     jiaodu(*100): 0
[20240124_13:17:23_107] # [T74892][APAVisionOblAdd][1323]Vision Obl merge: 63
[20240124_13:17:23_108] # [T74892][APAVisionOblAdd][1326]Receive Vision Obl CrossPointCoord: 0: -2593, 16511; 1: -7582, 16738
[20240124_13:17:23_108] # [T74892][APAVisionOblInfoDebugPrint][118]VisionOblInfo:
[20240124_13:17:23_108] # [T74893][APAVisionOblInfoDebugPrint][119]OblType: 0, bIsMerge 0, DetectCount 100
[20240124_13:17:23_108] # [T74893][APAVisionOblInfoDebugPrint][122]CrossPointCoord: 0: -2546, 16443; 1: -7565, 16673
[20240124_13:17:23_108] # [T74894][APAVisionOblInfoDebugPrint][125]OriginCrossPointCoord: 0: -2547, 1946; 1: -7535, 2207
[20240124_13:17:23_108] # [T74894][APAVisionOblInfoDebugPrint][126]VehCoordAndAng: -32, 14583, ang 0.007(0.391)
[20240124_13:17:23_108] # [T74895][APAVisionOblInfoDebugPrint][127] 
[20240124_13:17:23_112] # [T74895][APAVisionOblAdd][1323]Vision Obl merge: 62
[20240124_13:17:23_113] # [T74895][APAVisionOblAdd][1326]Receive Vision Obl CrossPointCoord: 0: 8097, 16391; 1: 3216, 16528
[20240124_13:17:23_113] # [T74896][APAVisionOblInfoDebugPrint][118]VisionOblInfo:
[20240124_13:17:23_113] # [T74896][APAVisionOblInfoDebugPrint][119]OblType: 0, bIsMerge 0, DetectCount 8
[20240124_13:17:23_113] # [T74897][APAVisionOblInfoDebugPrint][122]CrossPointCoord: 0: 7403, 16408; 1: 3792, 16468
[20240124_13:17:23_113] # [T74897][APAVisionOblInfoDebugPrint][125]OriginCrossPointCoord: 0: 8142, 1753; 1: 3262, 1923
[20240124_13:17:23_113] # [T74898][APAVisionOblInfoDebugPrint][126]VehCoordAndAng: -32, 14583, ang 0.007(0.391)
[20240124_13:17:23_114] # [T74898][APAVisionOblInfoDebugPrint][127] 
[20240124_13:17:23_114] # [T74898][VisionSlotAddValidCheck][893]Vision slot Length: 2358,2358, Depth 4994,4994
[20240124_13:17:23_114] # [T74899][VisionSlotAdd][1521]Added Vision Slot[1][1] Num 2 OriCoord: 0: -2547, 1946; 1: -7535, 2207; 2: -7658, -148; 3: -2670, -409
[20240124_13:17:23_114] # [T74899][VisionSlotAdd][1522]VehCoordAndAngle: -32, 14583, ang 0.007 (0.391)
[20240124_13:17:23_114] # [T74900][VisionSlotAdd][1523]Current VehPos: -34, 14804, ang 0.007 (0.400)
[20240124_13:17:23_117] # [T74900][VisionSlotAdd][1528]Convert Vision Slot[1][1] Coord: 0: -2593, 16511; 1: -7582, 16738; 2: -7689, 14383; 3: -2699, 14156
[20240124_13:17:23_117] # [T74901][VisionSlotAdd][1533]Old Vision Slot[1][1] Coord: 0: -2552, 16453; 1: -7620, 16681; 2: -7728, 14288; 3: -2660, 14060
[20240124_13:17:23_118] # [T74902][VisionSlotAddSlotWeightCal][1014]u32Weight: 17, CentreY: 768.500, DisY: 519.500, SlotAng: 177.005
[20240124_13:17:23_118] # [T74902][VisionSlotAdd][1576]New Vision Slot[1][1] Coord: 0: -2553, 16454; 1: -7620, 16682; 2: -7727, 14289; 3: -2660, 14061
[20240124_13:17:23_118] # [T74903][VisionSlotAdd][1600]vision slot [1][1], u32Weight: 17, Sum: 1758, SlotAng: 177.423, CurSlotAng: 177.396
[20240124_13:17:23_118] # [T74904][VisionSlotAddValidCheck][893]Vision slot Length: 2270,2270, Depth 4882,4882
[20240124_13:17:23_119] # [T74904][VisionSlotAdd][1521]Added Vision Slot[0][3] Num 4 OriCoord: 0: 3262, 1923; 1: 8142, 1753; 2: 8063, -516; 3: 3183, -346
[20240124_13:17:23_119] # [T74905][VisionSlotAdd][1522]VehCoordAndAngle: -32, 14583, ang 0.007 (0.391)
[20240124_13:17:23_119] # [T74905][VisionSlotAdd][1523]Current VehPos: -34, 14804, ang 0.007 (0.400)
[20240124_13:17:23_123] # [T74906][VisionSlotAdd][1528]Convert Vision Slot[0][3] Coord: 0: 3216, 16528; 1: 8097, 16391; 2: 8033, 14122; 3: 3152, 14259
[20240124_13:17:23_123] # [T74906][VisionSlotAdd][1533]Old Vision Slot[0][3] Coord: 0: 3229, 16387; 1: 8021, 16257; 2: 7961, 14021; 3: 3169, 14150
[20240124_13:17:23_123] # [T74907][VisionSlotAddSlotWeightCal][1014]u32Weight: 17, CentreY: 788.500, DisY: 499.500, SlotAng: -1.995
[20240124_13:17:23_123] # [T74908][VisionSlotAdd][1576]New Vision Slot[0][3] Coord: 0: 3229, 16388; 1: 8022, 16259; 2: 7961, 14022; 3: 3169, 14151
[20240124_13:17:23_123] # [T74908][VisionSlotAdd][1600]vision slot [0][3], u32Weight: 17, Sum: 1806, SlotAng: -1.545, CurSlotAng: -1.604
[20240124_13:17:23_126] # [T74909][DecisionParkInRequestCalPath][3150]Request Planning Failed: CalID[3], Side[0], Class[2], Type[2]
[20240124_13:17:23_129] # [T74917][APARadarFilterSaveOblPointToSlotBuf][832]******  Outline[0] cnt [54] Point[52]  *******
[20240124_13:17:23_130] # [T74917][APARadarFilterSaveOblPointToSlotBuf][833]VehCoord[0][52]: -32, 14547, VehAng: 6
[20240124_13:17:23_134] # [T74918][APARadarFilterSaveOblPointToSlotBuf][834]OblCoord[0][52]: 3470, 18198, Dis: 2592, Big: 0
[20240124_13:17:23_134] # 
[20240124_13:17:23_135] # [T74919][APARadarFilterSaveOblPointToSlotBuf][832]******  Outline[1] cnt [35] Point[33]  *******
[20240124_13:17:23_135] # [T74919][APARadarFilterSaveOblPointToSlotBuf][833]VehCoord[1][33]: -32, 14547, VehAng: 6
[20240124_13:17:23_135] # [T74919][APARadarFilterSaveOblPointToSlotBuf][834]OblCoord[1][33]: -3099, 18068, Dis: 2109, Big: 0
[20240124_13:17:23_135] # 
[20240124_13:17:23_135] # [T74920][DecisionParkInRequestCalPath][3130]CalID[5], SideIndex[1], SlotIndex[1], PlanCmd[3]
[20240124_13:17:23_136] # [T74921][APAParkManaParkingSetParkingSideSwitched][2622]Parking Side Switched Finish. LeftIndex[0], RightIndex[1], Side[0]
[20240124_13:17:23_136] # [T74921][APAParkManaParkingSetParkingSideSwitched][2637]Parking Slot Data Switch Finish.
[20240124_13:17:23_136] # [T74922][locate_position_set][337]locate reset pos@74922: 0  34.495, 14828.120, -0.4, minus: 0.000
[20240124_13:17:23_136] # 
[20240124_13:17:23_136] # [T74922][VT_APAPathPlanningHandle][2279]after: 1  0  0
[20240124_13:17:23_136] # [T74923][VT_APAPathPlanningHandle][2280]!!  id:0  !! index = 1
[20240124_13:17:23_136] # 
[20240124_13:17:23_140] # [T74923][DebugInfoStartInStepN][11197]req-2
[20240124_13:17:23_140] # [T74923][DebugInfoStartInStepN][11199]******************** path planning information ******* [2] ****************[34  14828]****
[20240124_13:17:23_141] # [T74924][DebugInfoStartInStepN][11200]start_pos x = -34 y = 14828  veh*10: 4
[20240124_13:17:23_141] # [T74925][DebugInfoStartInStepN][11201]TargetDriveDirection = 0
[20240124_13:17:23_141] # [T74925][DebugInfoStartInStepN][11202]obl1 = 0 0 obl2 = 200 0
[20240124_13:17:23_141] # [T74925][DebugInfoStartInStepN][11203]endpos = 0 0  veh*10: 0
[20240124_13:17:23_141] # [T74926][APAPathPlanningPerpendCalPath][10298]4  0
[20240124_13:17:23_141] # [T74926][APAPathPlanningStep1DataDuringSearchingSlot][8668]-34000   14828000     0
[20240124_13:17:23_141] # [T74926][APAPathPlanningStep1DataDuringSearchingSlot][8669]0   5024000     0
[20240124_13:17:23_143] # [T74927][APAPathPlanningStep1DataDuringSearchingSlot][8670]-142000   -1000     9898000
[20240124_13:17:23_143] # [T74927][APAPathPlanningStep1DataDuringSearchingSlot][8671]VehTurningCenterPt = 0, 0
[20240124_13:17:23_143] # [T74928][APAPathPlanningStep1DataDuringSearchingSlot][8672]VehRearAxisCenterTurningRadius = 0
[20240124_13:17:23_146] # [T74928][APAPathPlanningStep1DataDuringSearchingSlot][8673]CalResult = 1
[20240124_13:17:23_146] # [T74929][APAPathPlanningPerpendSearchSlotCalPath][10749]5
[20240124_13:17:23_146] # [T74929][APAPathPlanningPerpendSearchSlotCalPath][11419]42
[20240124_13:17:23_146] # [T74929][APAPathPlanningPerpendSearchSlotCalPath][11450]43
[20240124_13:17:23_147] # [T74930][APAPathPlanningPerpendSearchSlotCalPath][11532]false
[20240124_13:17:23_147] # [T74930][APAPathPlanningPerpendCalNewParkingPath][12119]p4 CalResult = 0        flag = 1
[20240124_13:17:23_147] # [T74930][APAPathPlanningPerpendCalNewParkingPath][12156]p6 0
[20240124_13:17:23_147] # [T74931][APAPathPlanningAddOneBackLine][10758]pts: 0     pt_line: 0     jiaodu(*100): 0
[20240124_13:17:23_153] # [T74932][DecisionParkInRequestCalPath][3150]Request Planning Failed: CalID[5], Side[1], Class[2], Type[2]
[20240124_13:17:23_153] #   74935-task_radar-118: RadarCaptureCnt is 351 
[20240124_13:17:23_153] # 
[20240124_13:17:23_159] # [T74941][DecisionParkInRequestCalPath][3130]CalID[1], SideIndex[0], SlotIndex[0], PlanCmd[3]
[20240124_13:17:23_159] # [T74942][APAParkManaParkingSetParkingSideSwitched][2622]Parking Side Switched Finish. LeftIndex[1], RightIndex[0], Side[1]
[20240124_13:17:23_160] # [T74943][APAParkManaParkingSetParkingSideSwitched][2637]Parking Slot Data Switch Finish.
[20240124_13:17:23_160] # [T74943][locate_position_set][337]locate reset pos@74943: 1  -34.664, 14852.238, 0.4, minus: 0.000
[20240124_13:17:23_160] # 
[20240124_13:17:23_160] # [T74944][VT_APAPathPlanningHandle][2279]after: 0  1  1
[20240124_13:17:23_160] # [T74944][VT_APAPathPlanningHandle][2280]!!  id:0  !! index = 0
[20240124_13:17:23_160] # 
[20240124_13:17:23_160] # [T74944][DebugInfoStartInStepN][11197]req-2
[20240124_13:17:23_161] # [T74945][DebugInfoStartInStepN][11199]******************** path planning information ******* [2] ****************[-34  14852]****
[20240124_13:17:23_161] # [T74945][DebugInfoStartInStepN][11200]start_pos x = 34 y = 14852  veh*10: -4
[20240124_13:17:23_161] # [T74946][DebugInfoStartInStepN][11201]TargetDriveDirection = 0
[20240124_13:17:23_161] # [T74946][DebugInfoStartInStepN][11202]obl1 = 0 0 obl2 = 200 0
[20240124_13:17:23_165] # [T74946][DebugInfoStartInStepN][11203]endpos = 0 0  veh*10: 0
[20240124_13:17:23_165] # [T74947][APAPathPlanningPerpendCalPath][10298]4  0
[20240124_13:17:23_165] # [T74947][APAPathPlanningStep1DataDuringSearchingSlot][8668]34000   14852000     0
[20240124_13:17:23_165] # [T74948][APAPathPlanningStep1DataDuringSearchingSlot][8669]0   5024000     0
[20240124_13:17:23_165] # [T74948][APAPathPlanningStep1DataDuringSearchingSlot][8670]142000   -1000     9910000
[20240124_13:17:23_166] # [T74948][APAPathPlanningStep1DataDuringSearchingSlot][8671]VehTurningCenterPt = 0, 0
[20240124_13:17:23_166] # [T74949][APAPathPlanningStep1DataDuringSearchingSlot][8672]VehRearAxisCenterTurningRadius = 0
[20240124_13:17:23_166] # [T74949][APAPathPlanningStep1DataDuringSearchingSlot][8673]CalResult = 1
[20240124_13:17:23_166] # [T74950][APAPathPlanningPerpendSearchSlotCalPath][10749]5
[20240124_13:17:23_166] # [T74950][APAPathPlanningPerpendSearchSlotCalPath][11419]42
[20240124_13:17:23_166] # [T74950][APAPathPlanningPerpendSearchSlotCalPath][11450]43
[20240124_13:17:23_166] # [T74951][APAPathPlanningPerpendSearchSlotCalPath][11532]false
[20240124_13:17:23_167] # [T74951][APAPathPlanningPerpendCalNewParkingPath][12119]p4 CalResult = 0        flag = 1
[20240124_13:17:23_167] # [T74952][APAPathPlanningPerpendCalNewParkingPath][12156]p6 0
[20240124_13:17:23_167] # [T74952][APAPathPlanningAddOeBackLine][10758]pts: 0     pt_line: 0     jiaodu(*100): 0
[20240124_13:17:23_175] # [T74953][DecisionParkInRequestCalPath][3150]Request Planning Failed: CalID[1], Side[0], Class[2], Type[2]
[20240124_13:17:23_175] # [T74962][DecisionParkInRequestCalPath][3130]CalID[2], SideIndex[1], SlotIndex[0], PlanCmd[3]
[20240124_13:17:23_175] # [T74962][APAParkManaParkingSetParkingSideSwitched][2622]Parking Side Switched Finish. LeftIndex[0], RightIndex[1], Side[0]
[20240124_13:17:23_178] # [T74963][APAParkManaParkingSetParkingSideSwitched][2637]Parking Slot Data Switch Finish.
[20240124_13:17:23_179] # [T74964][locate_position_set][337]locate reset pos@74964: 0  34.834, 14876.356, -0.4, minus: 0.000
[20240124_13:17:23_179] # 
[20240124_13:17:23_179] # [T74964][VT_APAPathPlanningHandle][2279]after: 1  0  0
[20240124_13:17:23_179] # [T74964][VT_APAPathPlanningHandle][2280]!!  id:0  !! index = 0
[20240124_13:17:23_179] # 
[20240124_13:17:23_179] # [T74965][DebugInfoStartInStepN][11197]req-2
[20240124_13:17:23_180] # [T74965][DebugInfoStartInStepN][11199]******************** path planning information ******* [2] ****************[34  14876]****
[20240124_13:17:23_180] # [T74966][DebugInfoStartInStepN][11200]start_pos x = -34 y = 14876  veh*10: 4
[20240124_13:17:23_180] # [T74966][DebugInfoStartInStepN][11201]TargetDriveDirection = 0
[20240124_13:17:23_183] # [T74967][DebugInfoStartInStepN][11202]obl1 = 0 0 obl2 = 200 0
[20240124_13:17:23_183] # [T74967][DebugInfoStartInStepN][11203]endpos = 0 0  veh*10: 0
[20240124_13:17:23_183] # [T74967][APAPathPlanningPerpendCalPath][10298]4  0
[20240124_13:17:23_183] # [T74968][APAPathPlanningStep1DataDuringSearchingSlot][8668]-34000   14876000     0
[20240124_13:17:23_183] # [T74968][APAPathPlanningStep1DataDuringSearchingSlot][8669]0   5024000     0
[20240124_13:17:23_184] # [T74969][APAPathPlanningStep1DataDuringSearchingSlot][8670]-142000   -1000     9922000
[20240124_13:17:23_184] # [T74969][APAPathPlanningStep1DataDuringSearchingSlot][8671]VehTurningCenterPt = 0, 0
[20240124_13:17:23_184] # [T74969][APAPathPlanningStep1DataDuringSearchingSlot][8672]VehRearAxisCenterTurningRadius = 0
[20240124_13:17:23_184] # [T74970][APAPathPlanningStep1DataDuringSearchingSlot][8673]CalResult = 1
[20240124_13:17:23_184] # [T74970][APAPathPlanningPerpendSearchSlotCalPath][10749]5
[20240124_13:17:23_187] # [T74971][APAPathPlanningPerpendSearchSlotCalPath][11419]42
[20240124_13:17:23_187] # [T74971][APAPathPlanningPerpendSearchSlotCalPath][11450]43
[20240124_13:17:23_187] # [T74971][APAPathPlanningPerpendSearchSlotCalPath][11532]false
[20240124_13:17:23_187] # [T74972][APAPathPlanningPerpendCalNewParkingPath][12119]p4 CalResult = 0        flag = 1
[20240124_13:17:23_188] # [T74972][APAPathPlanningPerpendCalNewParkingPath][12156]p6 0
[20240124_13:17:23_188] # [T74973][APAPathPlanningAddOneBackLine][10758]pts: 0     pt_line: 0     jiaodu(*100): 0
[20240124_13:17:23_188] # [T74973][APAVisionOblAdd][1323]Vision Obl merge: 63
[20240124_13:17:23_188] # [T74973][APAVisionOblAdd][1326]Receive Vision Obl CrossPointCoord: 0: 2537, 16495; 1: 7619, 16726
[20240124_13:17:23_188] # [T74974][APAVisionOblInfoDebugPrint][118]VisionOblInfo:
[20240124_13:17:23_188] # [T74974][APAVisionOblInfoDebugPrint][119]OblType: 0, bIsMerge 0, DetectCount 100
[20240124_13:17:23_189] # [T74975][APAVisionOblInfoDebugPrint][122]CrossPointCoord: 0: 2546, 16443; 1: 7565, 16673
[20240124_13:17:23_192] # [T74975][APAVisionOblInfoDebugPrint][125]OriginCrossPointCoord: 0: -2491, 1858; 1: -7572, 2124
[20240124_13:17:23_192] # [T74976][APAVisionOblInfoDebugPrint][126]VehCoordAndAng: 33, 14654, ang -0.007(-0.394)
[20240124_13:17:23_193] # [T74976][APAVisionOblInfoDebugPrint][127] 
[20240124_13:17:23_193] # [T74977][APAVisionOblAdd][1323]Vision Obl merge: 61
[20240124_13:17:23_193] # [T74977][APAVisionOblAdd][1326]Receive Vision Obl CrossPointCoord: 0: -8086, 16355; 1: -3218, 16492
[20240124_13:17:23_193] # [T74977][APAVisionOblInfoDebugPrint][118]VisionOblInfo:
[20240124_13:17:23_193] # [T74978][APAVisionOblInfoDebugPrint][119]OblType: 0, bIsMerge 0, DetectCount 100
[20240124_13:17:23_193] # [T74978][APAVisionOblInfoDebugPrint][122]CrossPointCoord: 0: -8037, 16232; 1: -3238, 16383
[20240124_13:17:23_194] # [T74979][APAVisionOblInfoDebugPrint][125]OriginCrossPointCoord: 0: 8131, 1645; 1: 3264, 1815
[20240124_13:17:23_194] # [T74979][APAVisionOblInfoDebugPrint][126]VehCoordAndAng: 33, 14654, ang -0.007(-0.394)
[20240124_13:17:23_194] # [T74980][APAVisionOblInfoDebugPrint][127] 
[20240124_13:17:23_194] # [T74980][VisionSlotAddValidCheck][893]Vision slot Length: 2400,2400, Depth 5087,5086
[20240124_13:17:23_200] # [T74981][VisionSlotAdd][1521]Added Vision Slot[1][1] Num 2 OriCoord: 0: -2491, 1858; 1: -7572, 2124; 2: -7697, -273; 3: -2617, -539
[20240124_13:17:23_200] # [T74981][VisionSlotAdd][1522]VehCoordAndAngle: 33, 14654, ang -0.007 (-0.394)
[20240124_13:17:23_201] # [T74982][VisionSlotAdd][1523]Current VehPos: 34, 14876, ang -0.007 (-0.403)
[20240124_13:17:23_201] # [T74982][VisionSlotAdd][1528]Convert Vision Slot[1][1] Coord: 0: 2537, 16495; 1: 7619, 16726; 2: 7728, 14328; 3: 2646, 14097
[20240124_13:17:23_201] # [T74983][VisionSlotAdd][1533]Old Vision Slot[1][1] Coord: 0: 2553, 16454; 1: 7620, 16682; 2: 7727, 14289; 3: 2660, 14061
[20240124_13:17:23_201] # [T74984][VisionSlotAddSlotWeightCal][1014]u32Weight: 16, CentreY: 659.500, DisY: 628.500, SlotAng: 177.003
[20240124_13:17:23_201] # [T74984][VisionSlotAdd][1576]New Vision Slot[1][1] Coord: 0: 2552, 16454; 1: 7620, 16682; 2: 7727, 14289; 3: 2660, 14061
[20240124_13:17:23_202] # [T74985][VisionSlotAdd][1600]vision slot [1][1], u32Weight: 16, Sum: 1774, SlotAng: 2.578, CurSlotAng: 2.603
[20240124_13:17:23_202] # [T74985][VisionSlotAddValidCheck][893]Vision slot Length: 2258,2258, Depth 4869,4868
[20240124_13:17:23_202] # [T74986][VisionSlotAdd][1521]Added Vision Slot[0][3] Num 4 OriCoord: 0: 3264, 1815; 1: 8131, 1645; 2: 8052, -612; 3: 3186, -442
[20240124_13:17:23_202] # [T74987][VisionSlotAdd][1522]VehCoordAndAngle: 33, 14654, ang -0.007 (-0.394)
[20240124_13:17:23_202] # [T74987][VisionSlotAdd][1523]Current VehPos: 34, 14876, ang -0.007 (-0.403)
[20240124_13:17:23_203] # [T74987][VisionSlotAdd][1528]Convert Vision Slot[0][3] Coord: 0: -3218, 16492; 1: -8086, 16355; 2: -8022, 14098; 3: -3155, 14234
[20240124_13:17:23_206] # [T74988][VisionSlotAdd][1533]Old Vision Slot[0][3] Coord: 0: -3229, 16388; 1: -8022, 16259; 2: -7961, 14022; 3: -3169, 14151
[20240124_13:17:23_206] # [T74989][VisionSlotAddSlotWeightCal][1014]u32Weight: 16, CentreY: 686.500, DisY: 601.500, SlotAng: -2.001
[20240124_13:17:23_207] # [T74989][VisionSlotAdd][1576]New Vision Slot[0][3] Coord: 0: -3229, 16389; 1: -8022, 16259; 2: -7962, 14023; 3: -3169, 14152
[20240124_13:17:23_207] # [T74990][VisionSlotAdd][1600]vision slot [0][3], u32Weight: 16, Sum: 1822, SlotAng: -178.455, CurSlotAng: -178.393
[20240124_13:17:23_220] # [T74991][DecisionParkInRequestCalPath][3150]Request Planning Failed: CalID[2], Side[1], Class[2], Type[2]
[20240124_13:17:23_259] # [T75046][APAVisionOblAdd][1323]Vision Obl merge: 63
[20240124_13:17:23_260] # [T75046][APAVisionOblAdd][1326]Receive Vision Obl CrossPointCoord: 0: 2625, 16480; 1: 7664, 16709
[20240124_13:17:23_260] # [T75046][APAVisionOblInfoDebugPrint][118]VisionOblInfo:
[20240124_13:17:23_260] # [T75047][APAVisionOblInfoDebugPrint][119]OblType: 0, bIsMerge 0, DetectCount 100
[20240124_13:17:23_260] # [T75047][APAVisionOblInfoDebugPrint][122]CrossPointCoord: 0: 2546, 16443; 1: 7565, 16673
[20240124_13:17:23_260] # [T75048][APAVisionOblInfoDebugPrint][125]OriginCrossPointCoord: 0: -2580, 1771; 1: -7617, 2035
[20240124_13:17:23_264] # [T75048][APAVisionOblInfoDebugPrint][126]VehCoordAndAng: 33, 14727, ang -0.007(-0.397)
[20240124_13:17:23_264] # [T75049][APAVisionOblInfoDebugPrint][127] 
[20240124_13:17:23_264] # [T75049][APAVisionOblAdd][1323]Vision Obl merge: 62
[20240124_13:17:23_264] # [T75049][APAVisionOblAdd][1326]Receive Vision Obl CrossPointCoord: 0: -8052, 16402; 1: -3199, 16453
[20240124_13:17:23_264] # [T75050][APAVisionOblInfoDebugPrint][118]VisionOblInfo:
[20240124_13:17:23_264] # [T75050][APAVisionOblInfoDebugPrint][119]OblType: 0, bIsMerge 0, DetectCount 9
[20240124_13:17:23_265] # [T75050][APAVisionOblInfoDebugPrint][122]CrossPointCoord: 0: -7475, 16407; 1: -3726, 16467
[20240124_13:17:23_265] # [T75051][APAVisionOblInfoDebugPrint][125]OriginCrossPointCoord: 0: 8098, 1619; 1: 3245, 1704
[20240124_13:17:23_265] # [T75051][APAVisionOblInfoDebugPrint][126]VehCoordAndAng: 33, 14727, ang -0.007(-0.397)
[20240124_13:17:23_265] # [T75052][APAVisionOblInfoDebugPrint][127] 
[20240124_13:17:23_269] # [T75052][VisionSlotAddValidCheck][893]Vision slot Length: 2369,2369, Depth 5043,5043
[20240124_13:17:23_269] # [T75053][VisionSlotAdd][1521]Added Vision Slot[1][1] Num 2 OriCoord: 0: -2580, 1771; 1: -7617, 2035; 2: -7741, -331; 3: -2704, -595
[20240124_13:17:23_269] # [T75053][VisionSlotAdd][1522]VehCoordAndAngle: 33, 14727, ang -0.007 (-0.397)
[20240124_13:17:23_270] # [T75054][VisionSlotAdd][1523]Current VehPos: 35, 14948, ang -0.007 (-0.406)
[20240124_13:17:23_270] # [T75054][VisionSlotAdd][1528]Convert Vision Slot[1][1] Coord: 0: 2625, 16480; 1: 7664, 16709; 2: 7772, 14342;3: 2733, 14113
[20240124_13:17:23_270] # [T75055][VisionSlotAdd][1533]Old Vision Slot[1][1] Coord: 0: 2552, 16454; 1: 7620, 16682; 2: 7727, 14289; 3: 2660, 14061
[20240124_13:17:23_270] # [T75056][VisionSlotAddSlotWeightCal][1014]u32Weight: 15, CentreY: 588.000, DisY: 700.000, SlotAng: 177.000
[20240124_13:17:23_271] # [T75056][VisionSlotAdd][1576]New Vision Slot[1][1] Coord: 0: 2553, 16454; 1: 7620, 16682; 2: 7728, 14290; 3: 2661, 14062
[20240124_13:17:23_271] # [T75057][VisionSlotAdd][1600]vision slot [1][1], u32Weight: 15, Sum: 1789, SlotAng: 2.578, CurSlotAng: 2.603
[20240124_13:17:23_271] # [T75058][VisionSlotAddValidCheck][893]Vision slot Length: 2235,2235, Depth 4853,4853
[20240124_13:17:23_274] # [T75058][VisionSlotAdd][1521]Added Vision Slot[0][3] Num 4 OriCoord: 0: 3245, 1704; 1: 8098, 1619; 2: 8059, -616; 3: 3206, -531
[20240124_13:17:23_274] # [T75059][VisionSlotAdd][1522]VehCoordAndAngle: 33, 14727, ang -0.007 (-0.397)
[20240124_13:17:23_274] # [T75059][VisionSlotAdd][1523]Current VehPos: 35, 14948, ang -0.007 (-0.406)
[20240124_13:17:23_274] # [T75060][VisionSlotAdd][1528]Convert Vision Slot[0][3] Coord: 0: -3199, 16453; 1: -8052, 16402; 2: -8029, 14167; 3: -3175, 14218
[20240124_13:17:23_275] # [T75060][VisionSlotAdd][1533]Old Vision Slot[0][3] Coord: 0: -3229, 16389; 1: -8022, 16259; 2: -7962, 14023; 3: -3169, 14152
[20240124_13:17:23_275] # [T75061][VisionSlotAddSlotWeightCal][1014]u32Weight: 15, CentreY: 586.500, DisY: 701.500, SlotAng: -1.003
[20240124_13:17:23_275] # [T75062][VisionSlotAdd][1576]New Vision Slot[0][3] Coord: 0: -3229, 16389; 1: -8022, 16261; 2: -7962, 14024; 3: -3169, 14152
[20240124_13:17:23_284] # [T75062][VisionSlotAdd][1600]vision slot [0][3], u32Weight: 15, Sum: 1837, SlotAng: -178.463, CurSlotAng: -179.393
[20240124_13:17:23_284] # [T75070][APARadarFilterSaveOblPointToSlotBuf][832]******  Outline[1] cnt [35] Point[33]  *******
[20240124_13:17:23_299] # [T75070][APARadarFilterSaveOblPointToSlotBuf][833]VehCoord[1][33]: 33, 14683, VehAng: -6
[20240124_13:17:23_300] # [T75071][APARadarFilterSaveOblPointToSlotBuf][834]OblCoord[1][33]: 2918, 18173, Dis: 1927, Big: 0
[20240124_13:17:23_300] # 
[20240124_13:17:23_308] # [T75093][locate_position_set][337]locate reset pos@75093: 0  0.000, 5000.000, 0.0, minus: 10.000
[20240124_13:17:23_308] # 
[20240124_13:17:23_308] # [T75094][ParkSlotInfoSystemCoordinateSwitch][1019]Park Slot[0][0] before Coord: 0: -3016, 7857; 1: -7776, 7758; 2: -7728, 5444; 3: -2967, 5544
[20240124_13:17:23_312] # [T75095][ParkSlotInfoSystemCoordinateSwitch][1030]Park Slot[0][0] before Coord: 0: -3000, -2170; 1: -7760, -2304; 2: -7695, -4617; 3: -2935, -4483
[20240124_13:17:23_312] # [T75096][ParkSlotInfoSystemCoordinateSwitch][1019]Park Slot[0][1] before Coord: 0: -3071, 14264; 1: -8537, 14070; 2: -8447, 11533; 3: -2981, 11727
[20240124_13:17:23_312] # [T75096][ParkSlotInfoSystemCoordinateSwitch][1030]Park Slot[0][1] before Coord: 0: -3101, 4235; 1: -8566, 4002; 2: -8458, 1466; 3: -2993, 1698
[20240124_13:17:23_312] # [T75097][ParkSlotInfoSystemCoordinateSwitch][1019]Park Slot[0][2] before Coord: 0: -3229, 16389; 1: -8022, 16261; 2: -7962, 14024; 3: -3169, 14152
[20240124_13:17:23_313] # [T75098][ParkSlotInfoSystemCoordinateSwitch][1030]Park Slot[0][2] before Coord: 0: -3274, 6359; 1: -8067, 6196; 2: -7991, 3960; 3: -3198, 4123
[20240124_13:17:23_313] # [T75099][ParkSlotInfoSystemCoordinateSwitch][1019]Park Slot[1][0] before Coord: 0: 2616, 11747; 1: 7563, 11958; 2: 7663, 9613; 3: 2716, 9402
[20240124_13:17:23_313] # [T75100][ParkSlotInfoSystemCoordinateSwitch][1030]Park Slot[1][0] before Coord: 0: 2603, 1759; 1: 7549, 2005; 2: 7666, -339; 3: 2720, -584
[20240124_13:17:23_315] # [T75100][ParkSlotInfoSystemCoordinateSwitch][1019]Park Slot[1][1] before Coord: 0: 2553, 16454; 1: 7620, 16682; 2: 7728, 14290; 3: 2661, 14062
[20240124_13:17:23_329] # [T75101][ParkSlotInfoSystemCoordinateSwitch][1030]Park Slot[1][1] before Coord: 0: 2507, 6465; 1: 7572, 6729; 2: 7697, 4338; 3: 2632, 4073
[20240124_13:17:23_335] # [T75121][APARadarFilterSaveOblPointToSlotBuf][832]******  Outline[0] cnt [55] Point[53]  *******
[20240124_13:17:23_335] # [T75121][APARadarFilterSaveOblPointToSlotBuf][833]VehCoord[0][53]: 0, 4772, VehAng: 0
[20240124_13:17:23_339] # [T75122][APARadarFilterSaveOblPointToSlotBuf][834]OblCoord[0][53]: -3565, 8404, Dis: 2630, Big: 0
[20240124_13:17:23_339] # 
[20240124_13:17:23_339] # [T75127][APAVisionOblAdd][1323]Vision Obl merge: 63
[20240124_13:17:23_340] # [T75127][APAVisionOblAdd][1326]Receive Vision Obl CrossPointCoord: 0: 2522, 6534; 1: 7747, 6809
[20240124_13:17:23_340] # [T75127][APAVisionOblInfoDebugPrint][118]VisionOblInfo:
[20240124_13:17:23_345] # [T75128][APAVisionOblInfoDebugPrint][119]OblType: 0, bIsMerge 0, DetectCount 100
[20240124_13:17:23_345] # [T75128][APAVisionOblInfoDebugPrint][122]CrossPointCoord: 0: 2500, 6454; 1: 7518, 6720
[20240124_13:17:23_345] # [T75129][APAVisionOblInfoDebugPrint][125]OriginCrossPointCoord: 0: -2523, 1737; 1: -7748, 2011
[20240124_13:17:23_345] # [T75129][APAVisionOblInfoDebugPrint][126]VehCoordAndAng: 0, 4797, ang 0.000(0.008)
[20240124_13:17:23_345] # [T75130][APAVisionOblInfoDebugPrint][127] 
[20240124_13:17:23_345] # [T75130][APAVisionOblAdd][1323]Vision Obl merge: 62
[20240124_13:17:23_346] # [T75130][APAVisionOblAdd][1326]Receive Vision Obl CrossPointCoord: 0: -8137, 6345; 1: -3294, 6515
[20240124_13:17:23_346] # [T75131][APAVisionOblInfoDebugPrint][118]VisionOblInfo:
[20240124_13:17:23_346] # [T75131][APAVisionOblInfoDebugPrint][119]OblType: 0, bIsMerge 0, DetectCount 10
[20240124_13:17:23_346] # [T75132][APAVisionOblInfoDebugPrint][122]CrossPointCoord: 0: -7583, 6347; 1: -3724, 6441
[20240124_13:17:23_346] # [T75132][APAVisionOblInfoDebugPrint][125]OriginCrossPointCoord: 0: 8137, 1550; 1: 3294, 1719
[20240124_13:17:23_349] # [T75133][APAVisionOblInfoDebugPrint][126]VehCoordAndAng: 0, 4797, ang 0.000(0.008)
[20240124_13:17:23_350] # [T75133][APAVisionOblInfoDebugPrint][127] 
[20240124_13:17:23_350] # [T75133][VisionSlotAddValidCheck][893]Vision slot Length: 2422,2422, Depth 5232,5232
[20240124_13:17:23_350] # [T75134][VisionSlotAdd][1521]Added Vision Slot[1][1] Num 2 OriCoord: 0: -2523, 1737; 1: -7748, 2011; 2: -7875, -408; 3: -2650, -682
[20240124_13:17:23_350] # [T75134][VisionSlotAdd][1522]VehCoordAndAngle: 0, 4797, ang 0.000 (0.008)
[20240124_13:17:23_351] # [T75135][VisionSlotAdd][1523]Current VehPos: 0, 5038, ang -0.000 (-0.002)
[20240124_13:17:23_351] # [T75135][VisionSlotAdd][1528]Convert Vision Slot[1][1] Coord: 0: 2522, 6534; 1: 7747, 6809; 2: 7875, 4390; 3: 2650, 4115
[20240124_13:17:23_351] # [T75136][VisionSlotAdd][1533]Old Vision Slot[1][1] Coord: 0: 2507, 6465; 1: 7572, 6729; 2: 7697, 4338; 3: 2632, 4073
[20240124_13:17:23_351] # [T75137][VisionSlotAddSlotWeightCal][1014]u32Weight: 14, CentreY: 527.500, DisY: 760.500, SlotAng: 176.998
[20240124_13:17:23_356] # [T75137][VisionSlotAdd][1576]New Vision Slot[1][1] Coord: 0: 2507, 6466; 1: 7573, 6730; 2: 7698, 4338; 3: 2632, 4074
[20240124_13:17:23_356] # [T75138][VisionSlotAdd][1600]vision slot [1][1], u32Weight: 14, Sum: 1803, SlotAng: 2.986, CurSlotAng: 3.010
[20240124_13:17:23_356] # [T75138][VisionSlotAddValidCheck][893]Vision slot Length: 2285,2285, Depth 4845,4845
[20240124_13:17:23_356] # [T75139][VisionSlotAdd][1521]Added Vision Slot[0][3] Num 4 OriCoord: 0: 3294, 1719; 1: 8137, 1550; 2: 8057, -734; 3: 3214, -565
[20240124_13:17:23_357] # [T75140][VisionSlotAdd][1522]VehCoordAndAngle: 0, 4797, ang 0.000 (0.008)
[20240124_13:17:23_357] # [T75140][VisionSlotAdd][1523]Current VehPos: 0, 5038, ang -0.000 (-0.002)
[20240124_13:17:23_357] # [T75140][VisionSlotAdd][1528]Convert Vision Slot[0][3] Coord: 0: -3294, 6515; 1: -8137, 6345; 2: -8056, 4061; 3: -3213, 4231
[20240124_13:17:23_357] # [T75141][VisionSlotAdd][1533]Old Vision Slot[0][3] Coord: 0: -3274, 6359; 1: -8067, 6196; 2: -7991, 3960; 3: -3198, 4123
[20240124_13:17:23_357] # [T75142][VisionSlotAddSlotWeightCal][1014]u32Weight: 15, CentreY: 577.000, DisY: 711.000, SlotAng: -1.999
[20240124_13:17:23_357] # [T75142][VisionSlotAdd][1576]New Vision Slot[0][3] Coord: 0: -3274, 6360; 1: -8067, 6197; 2: -7992, 3961; 3: -3198, 4123
[20240124_13:17:23_363] # [T75143][VisionSlotAdd][1600]vision slot [0][3], u32Weight: 15, Sum: 1852, SlotAng: -178.054, CurSlotAng: -177.993
[20240124_13:17:23_420] # [T75207][APAVisionOblAdd][1323]Vision Obl merge: 62
[20240124_13:17:23_421] # [T75207][APAVisionOblAdd][1326]Receive Vision Obl CrossPointCoord: 0: -8134, 6389; 1: -3189, 6475
[20240124_13:17:23_421] # [T75207][APAVisionOblInfoDebugPrint][118]VisionOblInfo:
[20240124_13:17:23_421] # [T75208][APAVisionOblInfoDebugPrint][119]OblType: 0, bIsMerge 0, DetectCount 11
[20240124_13:17:23_421] # [T75208][APAVisionOblInfoDebugPrint][122]CrossPointCoord: 0: -7633, 6350; 1: -3675, 6444
[20240124_13:17:23_422] # [T75209][APAVisionOblInfoDebugPrint][125]OriginCrossPointCoord: 0: 8134, 1509; 1: 3189, 1595
[20240124_13:17:23_426] # [T75209][APAVisionOblInfoDebugPrint][126]VehCoordAndAng: 0, 4881, ang 0.000(0.005)
[20240124_13:17:23_426] # [T75210][APAVisionOblInfoDebugPrint][127] 
[20240124_13:17:23_426] # [T75210][APAVisionOblAdd][1323]Vision Obl merge: 63
[20240124_13:17:23_427] # [T75210][APAVisionOblAdd][1326]Receive Vision Obl CrossPointCoord: 0: 2603, 6583; 1: 7680, 6760
[20240124_13:17:23_427] # [T75211][APAVisionOblInfoDebugPrint][118]VisionOblInfo:
[20240124_13:17:23_427] # [T75211][APAVisionOblInfoDebugPrint][119]OblType: 0, bIsMerge 0, DetectCount 100
[20240124_13:17:23_427] # [T75211][APAVisionOblInfoDebugPrint][122]CrossPointCoord: 0: 2500, 6454; 1: 7518, 6720
[20240124_13:17:23_427] # [T75212][APAVisionOblInfoDebugPrint][125]OriginCrossPointCoord: 0: -2604, 1702; 1: -7681, 1879
[20240124_13:17:23_427] # [T75212][APAVisionOblInfoDebugPrint][126]VehCoordAndAng: 0, 4881, ang 0.000(0.005)
[20240124_13:17:23_428] # [T75213][APAVisionOblInfoDebugPrint][127] 
[20240124_13:17:23_428] # [T75213][VisionSlotAddValidCheck][893]Vision slot Length: 2310,2310, Depth 4945,4944
[20240124_13:17:23_428] # [T75214][VisionSlotAdd][1521]Added Vision Slot[0][3] Num 4 OriCoord: 0: 3189, 1595; 1: 8134, 509; 2: 8093, -801; 3: 3149, -715
[20240124_13:17:23_428] # [T75214][VisionSlotAdd][1522]VehCoordAndAngle: 0, 4881, ang 0.000 (0.005)
[20240124_13:17:23_431] # [T75215][VisionSlotAdd][1523]Current VehPos: 0, 5110, ang -0.000 (-0.005)
[20240124_13:17:23_432] # [T75215][VisionSlotAdd][1528]Convert Vision Slot[0][3] Coord: 0: -3189, 6475; 1: -8134, 6389; 2: -8092, 4079; 3: -3148, 4165
[20240124_13:17:23_432] # [T75216][VisionSlotAdd][1533]Old Vision Slot[0][3] Coord: 0: -3274, 6360; 1: -8067, 6197; 2: -7992, 3961; 3: -3198, 4123
[20240124_13:17:23_432] # [T75217][VisionSlotAddSlotWeightCal][1014]u32Weight: 13, CentreY: 440.000, DisY: 848.000, SlotAng: -0.996
[20240124_13:17:23_433] # [T75217][VisionSlotAdd][1576]New Vision Slot[0][3] Coord: 0: -3274, 6361; 1: -8068, 6199; 2: -7992, 3961; 3: -3198, 4124
[20240124_13:17:23_433] # [T75218][VisionSlotAdd][1600]vision slot [0][3], u32Weight: 13, Sum: 1865, SlotAng: -178.061, CurSlotAng: -178.999
[20240124_13:17:23_433] # [T75218][VisionSlotAddValidCheck][893]Vision slot Length: 2404,2404, Depth 5080,5080
[20240124_13:17:23_433] # [T75219][VisionSlotAdd][1521]Added Vision Slot[1][1] Num 2 OriCoord: 0: -2604, 1702; 1: -7681, 1879; 2: -7765, -524; 3: -2688, -701
[20240124_13:17:23_437] # [T75220][VisionSlotAdd][1522]VehCoordAndAngle: 0, 4881, ang 0.000 (0.005)
[20240124_13:17:23_437] # [T75220][VisionSlotAdd][1523]Current VehPos: 0, 5110, ang -0.000 (-0.005)
[20240124_13:17:23_437] # [T75220][VisionSlotAdd][1528]Convert Vision Slot[1][1] Coord: 0: 2603, 6583; 1: 7680, 6760; 2: 7765, 4357; 3: 2688, 4180
[20240124_13:17:23_439] # [T75221][VisionSlotAdd][1533]Old Vision Slot[1][1] Coord: 0: 2507, 6466; 1: 7573, 6730; 2: 7698, 4338; 3: 2632, 4074
[20240124_13:17:23_439] # [T75222][VisionSlotAddSlotWeightCal][1014]u32Weight: 14, CentreY: 500.500, DisY: 787.500, SlotAng: 178.003
[20240124_13:17:23_439] # [T75222][VisionSlotAdd][1576]New Vision Slot[1][1] Coord: 0: 2508, 6467; 1: 7574, 6730; 2: 7699, 4338; 3: 2632, 4075
[20240124_13:17:23_455] # [T75223][VisionSlotAdd][1600]vision slot [1][1], u32Weight: 14, Sum: 1817, SlotAng: 2.979, CurSlotAng: 2.002
[20240124_13:17:23_488] # [T75275][APARadarFilterSaveOblPointToSlotBuf][832]******  Outline[0] cnt [55] Point[53]  *******
[20240124_13:17:23_488] # [T75275][APARadarFilterSaveOblPointToSlotBuf][833]VehCoord[0][53]: 0, 4927, VehAng: 0
[20240124_13:17:23_502] # [T75276][APARadarFilterSaveOblPointToSlotBuf][834]OblCoord[0][53]: -3599, 8566, Dis: 2664, Big: 0
[20240124_13:17:23_502] # 
[20240124_13:17:23_502] # [T75287][APAVisionOblAdd][1323]Vision Obl merge: 62
[20240124_13:17:23_503] # [T75287][APAVisionOblAdd][1326]Receive Vision Obl CrossPointCoord: 0: -3211, 6436; 1: -8107, 6436
[20240124_13:17:23_503] # [T75287][APAVisionOblInfoDebugPrint][118]VisionOblInfo:
[20240124_13:17:23_503] # [T75288][APAVisionOblInfoDebugPrint][119]OblType: 0, bIsMerge 0, DetectCount 12
[20240124_13:17:23_506] # [T75288][APAVisionOblInfoDebugPrint][122]CrossPointCoord: 0: -7264, 6358; 1: -4045, 6443
[20240124_13:17:23_506] # [T75289][APAVisionOblInfoDebugPrint][125]OriginCrossPointCoord: 0: 3211, 1479; 1: 8107, 1479
[20240124_13:17:23_507] # [T75289][APAVisionOblInfoDebugPrint][126]VehCoordAndAng: 0, 4957, ang 0.000(0.002)
[20240124_13:17:23_507] # [T75290][APAVisionOblInfoDebugPrint][127] 
[20240124_13:17:23_507] # [T75290][APAVisionOblAdd][1323]Vision Obl merge: 63
[20240124_13:17:23_507] # [T75290][APAVisionOblAdd][1326]Receive Vision Obl CrossPointCoord: 0: 2511, 6476; 1: 7671, 6747
[20240124_13:17:23_507] # [T75291][APAVisionOblInfoDebugPrint][118]VisionOblInfo:
[20240124_13:17:23_508] # [T75291][APAVisionOblInfoDebugPrint][119]OblType: 0, bIsMerge 0, DetectCount 100
[20240124_13:17:23_508] # [T75291][APAVisionOblInfoDebugPrint][122]CrossPointCoord: 0: 2500, 6454; 1: 7518, 6720
[20240124_13:17:23_508] # [T75292][APAVisionOblInfoDebugPrint][125]OriginCrossPointCoord: 0: -2512, 1519; 1: -7672, 1790
[20240124_13:17:23_508] # [T75292][APAVisionOblInfoDebugPrint][126]VehCoordAndAng: 0, 4957, ang 0.000(0.002)
[20240124_13:17:23_508] # [T75293][APAVisionOblInfoDebugPrint][127] 
[20240124_13:17:23_508] # [T75293][VisionSlotAddValidCheck][893]Vision slot Length: 2292,2292, Depth 4896,4896
[20240124_13:17:23_512] # [T75294][VisionSlotAdd][1521]Added Vision Slot[0][3] Num 4 OriCoord: 0: 3211, 1479; 1: 8107, 1479; 2: 8107, -813; 3: 3211, -813
[20240124_13:17:23_512] # [T75294][VisionSlotAdd][1522]VehCoordAndAngle: 0, 4957, ang 0.000 (0.002)
[20240124_13:17:23_513] # [T75295][VisionSlotAdd][1523]Current VehPos: 0, 5207, ang -0.000 (-0.008)
[20240124_13:17:23_513] # [T75295][VisionSlotAdd][1528]Convert Vision Slot[0][3] Coord: 0: -3211, 6436; 1: -8107, 6436; 2: -8106, 4144; 3: -3210, 4144
[20240124_13:17:23_513] # [T75296][VisionSlotAdd][1533]Old Vision Slot[0][3] Coord: 0: -3274, 6361; 1: -8068, 6199; 2: -7992, 3961; 3: -3198, 4124
[20240124_13:17:23_513] # [T75297][VisionSlotAddSlotWeightCal][1014]u32Weight: 12, CentreY: 333.000, DisY: 955.000, SlotAng: 0.000
[20240124_13:17:23_514] # [T75297][VisionSlotAdd][1576]New Vision Slot[0][3] Coord: 0: -3273, 6362; 1: -8068, 6200; 2: -7993, 3963; 3: -3198, 4124
[20240124_13:17:23_514] # [T75298][VisionSlotAdd][1600]vision slot [0][3], u32Weight: 12, Sum: 1877, SlotAng: -178.073, CurSlotAng: -179.998
[20240124_13:17:23_514] # [T75298][VisionSlotAddValidCheck][893]Vision slot Length: 2345,2346, Depth 5167,5167
[20240124_13:17:23_514] # [T75299][VisionSlotAdd][1521]Added Vision Slot[1][1] Num 2 OriCoord: 0: -2512, 1519; 1: -7672, 1790; 2: -7795, -553; 3: -2635, -823
[20240124_13:17:23_517] # [T75300][VisionSlotAdd][1522]VehCoordAndAngle: 0, 4957, ang 0.000 (0.002)
[20240124_13:17:23_517] # [T75300][VisionSlotAdd][1523]Current VehPos: 0, 5207, ang -0.000 (-0.008)
[20240124_13:17:23_518] # [T75300][VisionSlotAdd][1528]Convert Vision Slot[1][1] Coord: 0: 2511, 6476; 1: 7671, 6747; 2: 7795, 4404; 3: 2635, 4134
[20240124_13:17:23_518] # [T75301][VisionSlotAdd][1533]Old Vision Slot[1][1] Coord: 0: 2508, 6467; 1: 7574, 6730; 2: 7699, 4338; 3: 2632, 4075
[20240124_13:17:23_518] # [T75302][VisionSlotAddSlotWeightCal][1014]u32Weight: 12, CentreY: 348.000, DisY: 940.000, SlotAng: 176.999
[20240124_13:17:23_518] # [T75302][VisionSlotAdd][1576]New Vision Slot[1][1] Coord: 0: 2508, 6467; 1: 7575, 6730; 2: 7699, 4339; 3: 2632, 4075
[20240124_13:17:23_532] # [T75303][VisionSlotAdd][1600]vision slot [1][1], u32Weight: 12, Sum: 1829, SlotAng: 2.979, CurSlotAng: 3.003
[20240124_13:17:23_587] # [T75370][APAVisionOblAdd][1323]Vision Obl merge: 62
[20240124_13:17:23_587] # [T75370][APAVisionOblAdd][1326]Receive Vision Obl CrossPointCoord: 0: -8142, 6359; 1: -3191, 6445
[20240124_13:17:23_587] # [T75370][APAVisionOblInfoDebugPrint][118]VisionOblInfo:
[20240124_13:17:23_588] # [T75371][APAVisionOblInfoDebugPrint][119]OblType: 0, bIsMerge 0, DetectCount 13
[20240124_13:17:23_588] # [T75371][APAVisionOblInfoDebugPrint][122]CrossPointCoord: 0: -7332, 6358; 1: -3979, 6444
[20240124_13:17:23_588] # [T75372][APAVisionOblInfoDebugPrint][125]OriginCrossPointCoord: 0: 8143, 1304; 1: 3192, 1390
[20240124_13:17:23_593] # [T75372][APAVisionOblInfoDebugPrint][126]VehCoordAndAng: 0, 5055, ang -0.000(-0.002)
[20240124_13:17:23_593] # [T75373][APAVisionOblInfoDebugPrint][127] 
[20240124_13:17:23_594] # [T75373][APAVisionOblInsert][847]Vision Obl insert: 63
[20240124_13:17:23_594] # [T75373][APAVisionOblInfoDebugPrint][118]VisionOblInfo:
[20240124_13:17:23_594] # [T75373][APAVisionOblInfoDebugPrint][119]OblType: 0, bIsMerge 0, DetectCount 1
[20240124_13:17:23_594] # [T75374][APAVisionOblInfoDebugPrint][122]CrossPointCoord: 0: -7998, 10319; 1: -3242, 10485
[20240124_13:17:23_594] # [T75374][APAVisionOblInfoDebugPrint][125]OriginCrossPointCoord: 0: 7999, 5264; 1: 3243, 5430
[20240124_13:17:23_595] # [T75375][APAVisionOblInfoDebugPrint][126]VehCoordAndAng: 0, 5055, ang -0.000(-0.002)
[20240124_13:17:23_595] # [T75375][APAVisionOblInfoDebugPrint][127] 
[20240124_13:17:23_595] # [T75376][APAVisionOblAdd][1323]Vision Obl merge: 62
[20240124_13:17:23_595] # [T75376][APAVisionOblAdd][1326]Receive Vision Obl CrossPointCoord: 0: 2574, 6448; 1: 7720, 6628
[20240124_13:17:23_595] # [T75377][APAVisionOblInfoDebugPrint][118]VisionOblInfo:
[20240124_13:17:23_595] # [T75377][APAVisionOblInfoDebugPrint][119]OblType: 0, bIsMerge 0, DetectCount 100
[20240124_13:17:23_596] # [T75377][APAVisionOblInfoDebugPrint][122]CrossPointCoord: 0: 2500, 6454; 1: 7518, 6720
[20240124_13:17:23_596] # [T75378][APAVisionOblInfoDebugPrint][125]OriginCrossPointCoord: 0: -2574, 1393; 1: -7720, 1573
[20240124_13:17:23_596] # [T75378][APAVisionOblInfoDebugPrint][126]VehCoordAndAng: 0, 5055, ang -0.000(-0.002)
[20240124_13:17:23_596] # [T75379][APAVisionOblInfoDebugrint][127] 
[20240124_13:17:23_596] # [T75379][VisionSlotAddValidCheck][893]Vision slot Length: 2262,2263, Depth 4951,4951
[20240124_13:17:23_596] # [T75380][VisionSlotAdd][1521]Added Vision Slot[0][3] Num 4 OriCoord: 0: 3192, 1390; 1: 8143, 1304; 2: 8104, -959; 3: 3153, -872
[20240124_13:17:23_596] # [T75380][VisionSlotAdd][1522]VehCoordAndAngle: 0, 5055, ang -0.000 (-0.002)
[20240124_13:17:23_602] # [T75381][VisionSlotAdd][1523]Current VehPos: 0, 5279, ang -0.000 (-0.011)
[20240124_13:17:23_602] # [T75381][VisionSlotAdd][1528]Convert Vision Slot[0][3] Coord: 0: -3191, 6445; 1: -8142, 6359; 2: -8104, 4096; 3: -3153, 4183
[20240124_13:17:23_602] # [T75382][VisionSlotAdd][1533]Old Vision Slot[0][3] Coord: 0: -3273, 6362; 1: -8068, 6200; 2: -7993, 3963; 3: -3198, 4124
[20240124_13:17:23_602] # [T75382][VisionSlotAddSlotWeightCal][1014]u32Weight: 11, CentreY: 259.000, DisY: 1029.000, SlotAng: -1.001
[20240124_13:17:23_603] # [T75383][VisionSlotAdd][1576]New Vision Slot[0][3] Coord: 0: -3273, 6362; 1: -8069, 6201; 2: -7994, 3963; 3: -3198, 4124
[20240124_13:17:23_603] # [T75384][VisionSlotAdd][1600]vision slot [0][3], u32Weight: 11, Sum: 1888, SlotAng: -178.079, CurSlotAng: -179.001
[20240124_13:17:23_603] # [T75384][VisionSlotAddValidCheck][893]Vision slot Length: 2326,2326, Depth 4758,4757
[20240124_13:17:23_603] # [T75385][VisionSlotAdd][1613]Added Vision Slot[0][4] Num 4 OriCoord: 0: 3243, 5430; 1: 7999, 5264; 2: 7917, 2939; 3: 3162, 3105
[20240124_13:17:23_603] # [T75386][VisionSlotAdd][1615]VehCoordAndAngle: 0, 5055, ang -0.000 (-0.002)
[20240124_13:17:23_603] # [T75386][VisionSlotAdd][1616]Current VehPos: 0, 5279, ang -0.000 (-0.011)
[20240124_13:17:23_604] # [T75386][VisionSlotAdd][1621]New Vision Slot[0][4] Coord: 0: -3242, 10485; 1: -7998, 10319; 2: -7916, 7994; 3: -3161, 8160
[20240124_13:17:23_604] # [T75387][VisionSlotAddSlotWeightCal][1014]u32Weight: 1, CentreY: 4267.500, DisY: 2979.500, SlotAng: -1.999
[20240124_13:17:23_606] # [T75388][VisionSlotInfoInsert][513]VisionSlot[0][4] id 7 is insert, num 4->5
[20240124_13:17:23_609] # [T75388][VisionSlotInfoDebugPrint][148]VisionSlot[0][4]: ID 7, SlotType: 垂直, SlotLength: 2326, SlotDepth 4758
[20240124_13:17:23_609] # [T75389][VisionSlotInfoDebugPrint][155]VehCoordAndAng: 0, 5055, ang -0.000(-0.002)
[20240124_13:17:23_610] # [T75389][VisionSlotInfoDebugPrint][160]tOriCrossPt: 0: 3243, 5430; 1: 7999, 5264; 2: 7917, 2939; 3: 3162, 3105
[20240124_13:17:23_610] # [T75390][VisionSlotInfoDebugPrint][165]tCrossPt: 0: -3242, 10485; 1: -7998, 10319; 2: -7916, 7994; 3: -3161, 8160
[20240124_13:17:23_610] # [T75390][VisionSlotInfoDebugPrint][169]TimeDelay 107, bAvailable 1, u32WeightSum 1, u32SlotSparallelCount 0, u32SlotPerpenicularCount 1
[20240124_13:17:23_611] # [T75391][VisionSlotInfoInsert][520]VisionSlot[0] num 5 after : 2        1       5       4       7
[20240124_13:17:23_611] # [T75392][VisionSlotAdd][1650]vision slot [0][4], u32Weight: 1, CurSlotAng: -178.003
[20240124_13:17:23_611] # [T75392][VisionSlotAddValidCheck][893]Vision slot Length: 2279,2280, Depth 5149,5149
[20240124_13:17:23_612] # [T75393][VisionSlotAdd][1521]Added Vision Slot[1][1] Num 2 OriCoord: 0: -2574, 1393; 1: -7720, 1573; 2: -7800, -706; 3: -2654, -885
[20240124_13:17:23_612] # [T75393][VisionSlotAdd][1522]VehCoordAndAngle: 0, 5055, ang -0.000 (-0.002)
[20240124_13:17:23_612] # [T75394][VisionSlotAdd][1523]Current VehPos: 0, 5279, ang -0.000 (-0.011)
[20240124_13:17:23_612] # [T75394][VisionSlotAdd][1528]Convert Vision Slot[1][1] Coord: 0: 2574, 6448; 1: 7720, 6628; 2: 7799, 4349; 3: 2653, 4170
[20240124_13:17:23_616] # [T75395][VisionSlotAdd][1533]Old Vision Slot[1][1] Coord: 0: 2508, 6467; 1: 7575, 6730; 2: 7699, 4339; 3: 2632, 4075
[20240124_13:17:23_616] # [T75395][VisionSlotAddSlotWeightCal][1014]u32Weight: 11, CentreY: 254.000, DisY: 1034.000, SlotAng: 178.002
[20240124_13:17:23_617] # [T75396][VisionSlotAdd][1576]New Vision Slot[1][1] Coord: 0: 2508, 6467; 1: 7576, 6730; 2: 7700, 4339; 3: 2632, 4076
[20240124_13:17:23_617] # [T75397][VisionSlotAdd][1600]vision slot [1][1], u32Weight: 11, Sum: 1840, SlotAng: 2.973, CurSlotAng: 1.995
[20240124_13:17:23_617] # [T75398][ParkSlotInfoDelete][395]ParkSlot[0][0] id 1 is delete
[20240124_13:17:23_617] # [T75398][ParkSlotInfoDelete][417]ParkSlot[0] delete start 0, num 1, num 3->2
[20240124_13:17:23_618] # [T75398][ParkSlotInfoDelete][422]ParkSlot[0] num 2 after: 3     4       0
[20240124_13:17:23_618] # [T75399][ParkSlotInfoInsert][505]ParkSlot[0][2] id 6 is insert, num 2->3
[20240124_13:17:23_619] # [T75399][ParkSlotInfoDebugPrint][105]ParkSlot[0][2]: ID 6, SlotClass 视觉, RadarSlotID 0, VisionSlotID 7
[20240124_13:17:23_622] # [T75400][ParkSlotInfoDebugPrint][123]SlotType 垂直, SlotLength 2326, SlotDepth 4758
[20240124_13:17:23_624] # [T75400][ParkSlotInfoDebugPrint][130]VehCoordAndAng: 0, 5055, ang -0.000(-0.002)
[20240124_13:17:23_624] # [T75401][ParkSlotInfoDebugPrint][135]tCrossPt: 0: -3242, 10485; 1: -7998, 10319; 2: -7916, 7994; 3: -3161, 8160
[20240124_13:17:23_625] # [T75401][ParkSlotInfoDebugPrint][138]bConfirmed 0, VehToSlotCurDis 0, VehToSlotNextReqDis 0, RequestType 0, RequestCnt 0
[20240124_13:17:23_625] # [T75402][ParkSlotInfoDebugPrint][141]ParkOut: Front 0, Rear 0, Left 0, Right 0
[20240124_13:17:23_625] # [T75402][ParkSlotInfoInsert][512]ParkSlot[0] num 3 after : 3    4       6
[20240124_13:17:23_625] # [T75403][DecisionParkInRequestCalPath][3130]CalID[6], SideIndex[0], SlotIndex[2], PlanCmd[3]
[20240124_13:17:23_625] # [T75403][APAParkManaParkingSetParkingSideSwitched][2622]Parking Side Switched Finish. LeftIndex[1], RightIndex[0], Side[1]
[20240124_13:17:23_625] # [T75404][APAParkManaParkingSetParkingSideSwitched][2637]Parking Slot Data Switch Finish.
[20240124_13:17:23_629] # [T75404][locate_position_set][337]locate reset pos@75404: 1  -0.041, 5327.654, 0.0, minus: 0.000
[20240124_13:17:23_629] # 
[20240124_13:17:23_629] # [T75405][VT_APAPathPlanningHandle][2279]after: 0  1  1
[20240124_13:17:23_629] # [T75405][VT_APAPathPlanningHandle][2280]!!  id:0  !! index = 2
[20240124_13:17:23_629] # 
[20240124_13:17:23_629] # [T75406][DebugInfoStartInStepN][11197]req-2
[20240124_13:17:23_629] # [T75406][DebugInfoStartInStepN][11199]******************** path planning information ******* [2] ****************[0  5327]****
[20240124_13:17:23_630] # [T75407][DebugInfoStartInStepN][11200]start_pos x = 0 y = 5327  veh*10: 0
[20240124_13:17:23_630] # [T75407][DebugInfoStartInStepN][11201]TargetDriveDirection = 0
[20240124_13:17:23_630] # [T75407][DebugInfoStartInStepN][11202]obl1 = 0 0 obl2 = 200 0
[20240124_13:17:23_630] # [T75408][DebugInfoStartInStepN][11203]endpos = 0 0  veh*10: 0
[20240124_13:17:23_630] # [T75408][APAPathPlanningPerpendCalPath][10298]4  0
[20240124_13:17:23_630] # [T75408][APAPathPlanningStep1DataDuringSearchingSlot][8668]0   5327000     0
[20240124_13:17:23_630] # [T75409][APAPathPlanningStep1DataDuringSearchingSlot][8669]-35000   -4982000     0
[20240124_13:17:23_630] # [T75409][APAPathPlanningStep1DataDuringSearchingSlot][8670]1000   0     0
[20240124_13:17:23_631] # [T75410][APAPathPlanningStep1DataDuringSearchingSlot][8671]VehTurningCenterPt = 0, 0
[20240124_13:17:23_631] # [T75410][APAPathPlanningStep1DataDuringSearchingSlot][8672]VehRearAxisCenterTurningRadius = 0
[20240124_13:17:23_631] # [T75411][APAPathPlanningStep1DataDuringSearchingSlot][8673]CalResult = 1
[20240124_13:17:23_631] # [T75411][APAPathPlanningPerpendSearchSlotCalPath][10686]0, 41
[20240124_13:17:23_631] # [T75411][APAPathPlanningPerpendSearchSlotCalPath][11419]42
[20240124_13:17:23_631] # [T75412][APAPathPlanningPerpendSearchSlotCalPath][11450]43
[20240124_13:17:23_631] # [T75412][APAPathPlanningPerpendSearchSlotCalPath][11532]false
[20240124_13:17:23_632] # [T75412][APAPathPlanningPerpendCalNewParkingPath][12119]p4 CalResult = 0        flag = 1
[20240124_13:17:23_632] # [T75413][APAPathPlanningPerpendCalNewParkingPath][12156]p6 0
[20240124_13:17:23_632] # [T75413][APAPathPlanningAddOneBackLine][10758]pts: 0     pt_line: 0     jiaodu(*100): 0
[20240124_13:17:23_639] # [T75414][DecisionParkInRequestCalPath][3150]Request Planning Failed: CalID[6], Side[0], Class[2], Type[2]
[20240124_13:17:23_656] #   75436-task_radar-118: RadarCaptureCnt is 354 
[20240124_13:17:23_656] # 
[20240124_13:17:23_664] # [T75452][APAVisionOblAdd][1323]Vision Obl merge: 60
[20240124_13:17:23_667] # [T75452][APAVisionOblAdd][1326]Receive Vision Obl CrossPointCoord: 0: 8155, 6189; 1: 3276, 6444
[20240124_13:17:23_667] # [T75452][APAVisionOblInfoDebugPrint][118]VisionOblInfo:
[20240124_13:17:23_667] # [T75453][APAVisionOblInfoDebugPrint][119]OblType: 0, bIsMerge 0, DetectCount 100
[20240124_13:17:23_667] # [T75453][APAVisionOblInfoDebugPrint][122]CrossPointCoord: 0: 8082, 6168; 1: 3284, 6353
[20240124_13:17:23_667] # [T75454][APAVisionOblInfoDebugPrint][125]OriginCrossPointCoord: 0: 8156, 1055; 1: 3277, 1311
[20240124_13:17:23_668] # [T75454][APAVisionOblInfoDebugPrint][126]VehCoordAndAng: 0, 5133, ang 0.000(0.005)
[20240124_13:17:23_668] # [T75455][APAVisionOblInfoDebugPrint][127] 
[20240124_13:17:23_671] # [T75455][APAVisonOblAdd][1323]Vision Obl merge: 63
[20240124_13:17:23_671] # [T75455][APAVisionOblAdd][1326]Receive Vision Obl CrossPointCoord: 0: 8190, 10246; 1: 3273, 10502
[20240124_13:17:23_671] # [T75456][APAVisionOblInfoDebugPrint][118]VisionOblInfo:
[20240124_13:17:23_672] # [T75456][APAVisionOblInfoDebugPrint][119]OblType: 0, bIsMerge 0, DetectCount 2
[20240124_13:17:23_672] # [T75456][APAVisionOblInfoDebugPrint][122]CrossPointCoord: 0: 8094, 10283; 1: 3258, 10494
[20240124_13:17:23_672] # [T75457][APAVisionOblInfoDebugPrint][125]OriginCrossPointCoord: 0: 8191, 5112; 1: 3274, 5369
[20240124_13:17:23_672] # [T75457][APAVisionOblInfoDebugPrint][126]VehCoordAndAng: 0, 5133, ang 0.000(0.005)
[20240124_13:17:23_672] # [T75458][APAVisionOblInfoDebugPrint][127] 
[20240124_13:17:23_673] # [T75458][APAVisionOblAdd][1323]Vision Obl merge: 62
[20240124_13:17:23_673] # [T75458][APAVisionOblAdd][1326]Receive Vision Obl CrossPointCoord: 0: -2561, 6440; 1: -7687, 6618
[20240124_13:17:23_673] # [T75459][APAVisionOblInfoDebugPrint][118]VisionOblInfo:
[20240124_13:17:23_676] # [T75459][APAVisionOblInfoDebugPrint][119]OblType: 0, bIsMerge 0, DetectCount 100
[20240124_13:17:23_676] # [T75460][APAVisionOblInfoDebugPrint][122]CrossPointCoord: 0: -2500, 6454; 1: -7518, 6720
[20240124_13:17:23_676] # [T75460][APAVisionOblInfoDebugPrint][125]OriginCrossPointCoord: 0: -2561, 1307; 1: -7687, 1486
[20240124_13:17:23_676] # [T75461][APAVisionOblInfoDebugPrint][126]VehCoordAndAng: 0, 5133, ang 0.000(0.005)
[20240124_13:17:23_676] # [T75461][APAVisionOblInfoDebugPrint][127] 
[20240124_13:17:23_676] # [T75461][VisionSlotAddValidCheck][893]Vision slot Length: 2214,2214, Depth 4885,4885
[20240124_13:17:23_677] # [T75462][VisionSlotAdd][1521]Added Vision Slot[0][3] Num 5 OriCoord: 0: 3277, 1311; 1: 8156, 1055; 2: 8040, -1156; 3: 3161, -900
[20240124_13:17:23_677] # [T75463][VisionSlotAdd][1522]VehCoordAndAngle: 0, 5133, ang 0.000 (0.005)
[20240124_13:17:23_677] # [T75463][VisionSlotAdd][1523]Current VehPos: 0, 5375, ang 0.000 (0.015)
[20240124_13:17:23_677] # [T75463][VisionSlotAdd][1528]Convert Vision Slot[0][3] Coord: 0: 3276, 6444; 1: 8155, 6189; 2: 8040, 3978; 3: 3161, 4233
[20240124_13:17:23_682] # [T75464][VisionSlotAdd][1533]Old Vision Slot[0][3] Coord: 0: 3273, 6362; 1: 8069, 6201; 2: 7994, 3963; 3: 3198, 4124
[20240124_13:17:23_683] # [T75465][VisionSlotAddSlotWeightCal][1014]u32Weight: 11, CentreY: 205.500, DisY: 1082.500, SlotAng: -3.004
[20240124_13:17:23_683] # [T75465][VisionSlotAdd][1576]New Vision Slot[0][3] Coord: 0: 3273, 6363; 1: 8069, 6201; 2: 7994, 3963; 3: 3198, 4125
[20240124_13:17:23_683] # [T75466][VisionSlotAdd][1600]vision slot [0][3], u32Weight: 11, Sum: 1899, SlotAng: -1.927, CurSlotAng: -2.998
[20240124_13:17:23_683] # [T75467][VisionSlotAddValidCheck][893]Vision slot Length: 2401,2401, Depth 4923,4922
[20240124_13:17:23_684] # [T75467][VisionSlotAdd][1521]Added Vision Slot[0][4] Num 5 OriCoord: 0: 3274, 5369; 1: 8191, 5112; 2: 8065, 2714; 3: 3149, 2971
[20240124_13:17:23_684] # [T75468][VisionSlotAdd][1522]VehCoordAndAngle: 0, 5133, ang 0.000 (0.005)
[20240124_13:17:23_684] # [T75468][VisionSlotAdd][1523]Current VehPos: 0, 5375, ang 0.000 (0.015)
[20240124_13:17:23_688] # [T75469][VisionSlotAdd][1528]Convert Vision Slot[0][4] Coord: 0: 3273, 10502; 1: 8190, 10246; 2: 8064, 7848; 3: 3148, 8104
[20240124_13:17:23_688] # [T75469][VisionSlotAdd][1533]Old Vision Slot[0][4] Coord: 0: 3242, 10485; 1: 7998, 10319; 2: 7916, 7994; 3: 3161, 8160
[20240124_13:17:23_689] # [T75470][VisionSlotAddSlotWeightCal][1014]u32Weight: 1, CentreY: 4170.000, DisY: 2882.000, SlotAng: -2.992
[20240124_13:17:23_689] # [T75471][VisionSlotAdd][1576]New Vision Slot[0][4] Coord: 0: 3258, 10494; 1: 8094, 10283; 2: 7990, 7921; 3: 3155, 8132
[20240124_13:17:23_689] # [T75471][VisionSlotAdd][1600]vision slot [0][4], u32Weight: 1, Sum: 2, SlotAng: -2.500, CurSlotAng: -2.987
[20240124_13:17:23_689] # [T75472][VisionSlotAddValidCheck][893]Vision slot Length: 2302,2302, Depth 5129,5130
[20240124_13:17:23_689] # [T75472][VisionSlotAdd][1521]Added Vision Slot[1][1] Num 2 OriCoord: 0: -2561, 1307; 1: -7687, 1486; 2: -7768, -815; 3: -2641, -994
[20240124_13:17:23_689] # [T75473][VisionSlotAdd][1522]VehCoordAndAngle: 0, 5133, ang 0.000 (0.005)
[20240124_13:17:23_690] # [T75473][VisionSlotAdd][1523]Current VehPos: 0, 5375, ang 0.000 (0.015)
[20240124_13:17:23_690] # [T75474][VisionSlotAdd][1528]Convert Vision Slot[1][1] Coord: 0: -2561, 6440; 1: -7687, 6618; 2: -7767, 4317; 3: -2640, 4139
[20240124_13:17:23_690] # [T75475][VisionSlotAdd][1533]Old Vision Slot[1][1] Coord: 0: -2508, 6467; 1: -7576, 6730; 2: -7700, 4339; 3: -2632, 4076
[20240124_13:17:23_690] # [T75475][VisionSlotAddSlotWeightCal][1014]u32Weight: 10, CentreY: 156.500, DisY: 1131.500, SlotAng: 178.000
[20240124_13:17:23_693] # [T75476][VisionSlotAdd][1576]New Vision Slot[1][1] Coord: 0: -2509, 6466; 1: -7576, 6729; 2: -7700, 4339; 3: -2632, 4076
[20240124_13:17:23_693] # [T75476][VisionSlotAdd][1600]vision slot [1][1], u32Weight: 10, Sum: 1850, SlotAng: 177.032, CurSlotAng: 178.006
[20240124_13:17:23_693] # [T75478][APARadarFilterSaveOblPointToSlotBuf][832]******  Outline[1] cnt [36] Point[34]  *******
[20240124_13:17:23_693] # [T75479][APARadarFilterSaveOblPointToSlotBuf][833]VehCoord[1][34]: 0, 5110, VehAng: 0
[20240124_13:17:23_703] # [T75479][APARadarFilterSaveOblPointToSlotBuf][834]OblCoord[1][34]: -2687, 8588, Dis: 1752, Big: 0
[20240124_13:17:23_703] # 
[20240124_13:17:23_743] # [T75529][APARadarFilterSaveOblPointToSlotBuf][832]******  Outline[0] cnt [56] Point[54]  *******
[20240124_13:17:23_743] # [T75529][APARadarFilterSaveOblPointToSlotBuf][833]VehCoord[0][54]: 0, 5182, VehAng: 0
[20240124_13:17:23_747] # [T75530][APARadarFilterSaveOblPointToSlotBuf][834]OblCoord[0][54]: 3690, 8838, Dis: 2757, Big: 0
[20240124_13:17:23_747] # 
[20240124_13:17:23_747] # [T75533][APAVisionOblAdd][1323]Vision Obl merge: 60
[20240124_13:17:23_747] # [T75533][APAVisionOblAdd][1326]Receive Vision Obl CrossPointCoord: 0: 7995, 6203; 1: 3303, 6366
[20240124_13:17:23_748] # [T75533][APAVisionOblInfoDebugPrint][118]VisionOblInfo:
[20240124_13:17:23_748] # [T75534][APAVisionOblInfoDebugPrint][119]OblType: 0, bIsMerge 0, DetectCount 100
[20240124_13:17:23_752] # [T75534][APAVisionOblInfoDebugPrint][122]CrossPointCoord: 0: 8082, 6168; 1: 3284, 6353
[20240124_13:17:23_752] # [T75535][APAVisionOblInfoDebugPrint][125]OriginCrossPointCoord: 0: 7996, 971; 1: 3304, 1135
[20240124_13:17:23_752] # [T75535][APAVisionOblInfoDebugPrint][126]VehCoordAndAng: 0, 5231, ang 0.000(0.009)
[20240124_13:17:23_752] # [T75536][APAVisionOblInfoDebugPrint][127] 
[20240124_13:17:23_753] # [T75536][APAVisionOblAdd][1323]Vision Obl merge: 63
[20240124_13:17:23_753] # [T75536][APAVisionOblAdd][1326]Receive Vision Obl CrossPointCoord: 0: 7960, 10288; 1: 3326, 10530
[20240124_13:17:23_753] # [T75537][APAVisionOblInfoDebugPrint][118]VisionOblInfo:
[20240124_13:17:23_753] # [T75537][APAVisionOblInfoDebugPrint][119]OblType: 0, bIsMerge 0, DetectCount 3
[20240124_13:17:23_753] # [T75537][APAVisionOblInfoDebugPrint][122]CrossPointCoord: 0: 8049, 10284; 1: 3280, 10506
[20240124_13:17:23_753] # [T75538][APAVisionOblInfoDebugPrint][125]OriginCrossPointCoord: 0: 7961, 5056; 1: 3327, 5299
[20240124_13:17:23_756] # [T75538][APAVisionOblInfoDebugPrint][126]VehCoordAndAng: 0, 5231, ang 0.000(0.009)
[20240124_13:17:23_756] # [T75539][APAVisionOblInfoDebugPrint][127] 
[20240124_13:17:23_756] # [T75539][VisionSlotAddValidCheck][893]Vision slot Length: 2154,2153, Depth 4694,4694
[20240124_13:17:23_757] # [T75540][VisionSlotAdd][1521]Added Vision Slot[0][3] Num 5 OriCoord: 0: 3304, 1135; 1: 7996, 971; 2: 7921, -1181; 3: 3229, -1018
[20240124_13:17:23_757] # [T75540][VisionSlotAdd][1522]VehCoordAndAngle: 0, 5231, ang 0.000 (0.009)
[20240124_13:17:23_757] # [T75541][VisionSlotAdd][1523]Current VehPos: 0, 5472, ang 0.000 (0.019)
[20240124_13:17:23_757] # [T75541][VisionSlotAdd][1528]Convert Vision Slot[0][3] Coord: 0: 3303, 6366; 1: 7995, 6203; 2: 7921, 4051; 3: 3229, 4213
[20240124_13:17:23_757] # [T75542][VisionSlotAdd][1533]Old Vision Slot[0][3] Coord: 0: 3273, 6363; 1: 8069, 6201; 2: 7994, 3963; 3: 3198, 4125
[20240124_13:17:23_757] # [T75542][VisionSlotAddSlotWeightCal][1014]u32Weight: 9, CentreY: 58.500, DisY: 1229.500, SlotAng: -1.996
[20240124_13:17:23_760] # [T75543][VisionSlotAdd][1576]New Vision Slot[0][3] Coord: 0: 3273, 6363; 1: 8069, 6201; 2: 7994, 3964; 3: 3198, 4125
[20240124_13:17:23_761] # [T75544][VisionSlotAdd][1600]vision slot [0][3], u32Weight:9, Sum: 1908, SlotAng: -1.928, CurSlotAng: -1.986
[20240124_13:17:23_761] # [T75544][VisionSlotAddValidCheck][893]Vision slot Length: 2349,2349, Depth 4640,4639
[20240124_13:17:23_761] # [T75545][VisionSlotAdd][1521]Added Vision Slot[0][4] Num 5 OriCoord: 0: 3327, 5299; 1: 7961, 5056; 2: 7838, 2710; 3: 3205, 2953
[20240124_13:17:23_761] # [T75545][VisionSlotAdd][1522]VehCoordAndAngle: 0, 5231, ang 0.000 (0.009)
[20240124_13:17:23_761] # [T75546][VisionSlotAdd][1523]Current VehPos: 0, 5472, ang 0.000 (0.019)
[20240124_13:17:23_761] # [T75546][VisionSlotAdd][1528]Convert Vision Slot[0][4] Coord: 0: 3326, 10530; 1: 7960, 10288; 2: 7837, 7942; 3: 3204, 8184
[20240124_13:17:23_762] # [T75547][VisionSlotAdd][1533]Old Vision Slot[0][4] Coord: 0: 3258, 10494; 1: 8094, 10283; 2: 7990, 7921; 3: 3155, 8132
[20240124_13:17:23_764] # [T75548][VisionSlotAddSlotWeightCal][1014]u32Weight: 1, CentreY: 4126.000, DisY: 2838.000, SlotAng: -3.002
[20240124_13:17:23_765] # [T75548][VisionSlotAdd][1576]New Vision Slot[0][4] Coord: 0: 3280, 10506; 1: 8049, 10284; 2: 7939, 7928; 3: 3171, 8150
[20240124_13:17:23_780] # [T75549][VisionSlotAdd][1600]vision slot [0][4], u32Weight: 1, Sum: 3, SlotAng: -2.660, CurSlotAng: -2.993
[20240124_13:17:23_828] # [T75614][APAVisionOblAdd][1323]Vision Obl merge: 63
[20240124_13:17:23_829] # [T75614][APAVisionOblAdd][1326]Receive Vision Obl CrossPointCoord: 0: 7838, 10221; 1: 3389, 10454
[20240124_13:17:23_829] # [T75614][APAVisionOblInfoDebugPrint][118]VisionOblInfo:
[20240124_13:17:23_829] # [T75615][APAVisionOblInfoDebugPrint][119]OblType: 0, bIsMerge 0, DetectCount 4
[20240124_13:17:23_829] # [T75615][APAVisionOblInfoDebugPrint][122]CrossPointCoord: 0: 7997, 10269; 1: 3308, 10493
[20240124_13:17:23_832] # [T75616][APAVisionOblInfoDebugPrint][125]OriginCrossPointCoord: 0: 7840, 4916; 1: 3391, 5150
[20240124_13:17:23_832] # [T75616][APAVisionOblInfoDebugPrint][126]VehCoordAndAng: 0, 5304, ang 0.000(0.012)
[20240124_13:17:23_832] # [T75617][APAVisionOblInfoDebugPrint][127] 
[20240124_13:17:23_832] # [T75617][APAVisionOblAdd][1323]Vision Obl merge: 60
[20240124_13:17:23_834] # [T75617][APAVisionOblAdd][1326]Receive Vision Obl CrossPointCoord: 0: 8125, 6159; 1: 3216, 6330
[20240124_13:17:23_834] # [T75618][APAVisionOblInfoDebugPrint][118]VisionOblInfo:
[20240124_13:17:23_834] # [T75618][APAVisionOblInfoDebugPrint][119]OblType: 0, bIsMerge0, DetectCount 100
[20240124_13:17:23_834] # [T75618][APAVisionOblInfoDebugPrint][122]CrossPointCoord: 0: 8082, 6168; 1: 3284, 6353
[20240124_13:17:23_834] # [T75619][APAVisionOblInfoDebugPrint][125]OriginCrossPointCoord: 0: 8126, 854; 1: 3217, 1026
[20240124_13:17:23_834] # [T75619][APAVisionOblInfoDebugPrint][126]VehCoordAndAng: 0, 5304, ang 0.000(0.012)
[20240124_13:17:23_834] # [T75620][APAVisionOblInfoDebugPrint][127] 
[20240124_13:17:23_837] # [T75620][VisionSlotAddValidCheck][893]Vision slot Length: 2252,2251, Depth 4455,4454
[20240124_13:17:23_837] # [T75621][VisionSlotAdd][1521]Added Vision Slot[0][4] Num 5 OriCoord: 0: 3391, 5150; 1: 7840, 4916; 2: 7722, 2668; 3: 3274, 2901
[20240124_13:17:23_837] # [T75621][VisionSlotAdd][1522]VehCoordAndAngle: 0, 5304, ang 0.000 (0.012)
[20240124_13:17:23_837] # [T75622][VisionSlotAdd][1523]Current VehPos: 0, 5555, ang 0.000 (0.023)
[20240124_13:17:23_838] # [T75622][VisionSlotAdd][1528]Convert Vision Slot[0][4] Coord: 0: 3389, 10454; 1: 7838, 10221; 2: 7721, 7973; 3: 3273, 8205
[20240124_13:17:23_838] # [T75623][VisionSlotAdd][1533]Old Vision Slot[0][4] Coord: 0: 3280, 10506; 1: 8049, 10284; 2: 7939, 7928; 3: 3171, 8150
[20240124_13:17:23_838] # T75623][VisionSlotAddSlotWeightCal][1014]u32Weight: 1, CentreY: 4025.500, DisY: 2737.500, SlotAng: -3.005
[20240124_13:17:23_838] # [T75624][VisionSlotAdd][1576]New Vision Slot[0][4] Coord: 0: 3308, 10493; 1: 7997, 10269; 2: 7885, 7939; 3: 3197, 8164
[20240124_13:17:23_842] # [T75625][VisionSlotAdd][1600]vision slot [0][4], u32Weight: 1, Sum: 4, SlotAng: -2.739, CurSlotAng: -2.992
[20240124_13:17:23_842] # [T75625][VisionSlotAddValidCheck][893]Vision slot Length: 2188,2187, Depth 4912,4911
[20240124_13:17:23_842] # [T75626][VisionSlotAdd][1521]Added Vision Slot[0][3] Num 5 OriCoord: 0: 3217, 1026; 1: 8126, 854; 2: 8050, -1332; 3: 3141, -1161
[20240124_13:17:23_842] # [T75626][VisionSlotAdd][1522]VehCoordAndAngle: 0, 5304, ang 0.000 (0.012)
[20240124_13:17:23_843] # [T75627][VisionSlotAdd][1523]Current VehPos: 0, 5555, ang 0.000 (0.023)
[20240124_13:17:23_843] # [T75627][VisionSlotAdd][1528]Convert Vision Slot[0][3] Coord: 0: 3216, 6330; 1: 8125, 6159; 2: 8050, 3973; 3: 3141, 4143
[20240124_13:17:23_843] # [T75628][VisionSlotAdd][1533]Old Vision Slot[0][3] Coord: 0: 3273, 6363; 1: 8069, 6201; 2: 7994, 3964; 3: 3198, 4125
[20240124_13:17:23_843] # [T75629][VisionSlotAddSlotWeightCal][1014]u32Weight: 8, CentreY: -67.500, DisY: 1355.500, SlotAng: -2.001
[20240124_13:17:23_843] # [T75629][VisionSlotAdd][1576]New Vision Slot[0][3] Coord: 0: 3273, 6362; 1: 8069, 6201; 2: 7994, 3964; 3: 3198, 4125
[20240124_13:17:23_856] # [T75630][VisionSlotAdd][1600]vision slot [0][3], u32Weight: 8, Sum: 1916, SlotAng: -1.928, CurSlotAng: -1.988
[20240124_13:17:23_908] # [T75696][APAVisionOblAdd][1323]Vision Obl merge: 63
[20240124_13:17:23_912] # [T75696][APAVisionOblAdd][1326]Receive Vision Obl CrossPointCoord: 0: 7817, 10219; 1: 3361, 10450
[20240124_13:17:23_912] # [T75696][APAVisionOblInfoDebugPrint][118]VisionOblInfo:
[20240124_13:17:23_913] # [T75697][APAVisionOblInfoDebugPrint][119]OblType: 0, bIsMerge 0, DetectCount 5
[20240124_13:17:23_913] # [T75697][APAVisionOblInfoDebugPrint][122]CrossPointCoord: 0: 7961, 10259; 1: 3318, 10484
[20240124_13:17:23_913] # [T75698][APAVisionOblInfoDebugPrint][125]OriginCrossPointCoord: 0: 7819, 4825; 1: 3363, 5058
[20240124_13:17:23_913] # [T75698][APAVisionOblInfoDebugPrint][126]VehCoordAndAng: 0, 5391, ang 0.000(0.016)
[20240124_13:17:23_913] # [T75699][APAVisionOblInfoDebugPrint][127] 
[20240124_13:17:23_914] # [T75699][VisionSlotAddValidCheck][893]Vision slot Length: 2275,2276, Depth 4462,4462
[20240124_13:17:23_916] # [T75699][VisionSlotAdd][1521]Added Vision Slot[0][4] Num 5 OriCoord: 0: 3363, 5058; 1: 7819, 4825; 2: 7700, 2552; 3: 3244, 2786
[20240124_13:17:23_917] # [T75700][VisionSlotAdd][1522]VehCoordAndAngle: 0, 5391, ang 0.000 (0.016)
[20240124_13:17:23_917] # [T75700][VisionSlotAdd][1523]Current VehPos: 0, 5651, ang 0.000 (0.027)
[20240124_13:17:23_917] # [T75701][VisionSlotAdd][1528]Convert Vision Slot[0][4] Coord: 0: 3361, 10450; 1: 7817, 10219; 2: 7699, 7946; 3: 3243, 8178
[20240124_13:17:23_918] # [T75702][VisionSlotAdd][1533]Old Vision Slot[0][4] Coord: 0: 3308, 10493; 1: 7997, 10269; 2: 7885, 7939; 3: 3197, 8164
[20240124_13:17:23_918] # [T75702][VisionSlotAddSlotWeightCal][1014]u32Weight: 1, CentreY: 3922.000, DisY: 2634.000, SlotAng: -3.000
[20240124_13:17:23_918] # [T75703][VisionSlotAdd][1576]New Vision Slot[0][4] Coord: 0: 3318, 10484; 1: 7961, 10259; 2: 7847, 7941; 3: 3206, 8166
[20240124_13:17:23_934] # [T75703][VisionSlotAdd][1600]vision slot [0][4], u32Weight: 1, Sum: 5, SlotAng: -2.786, CurSlotAng: -2.984
[20240124_13:17:23_947] # [T75733][APARadarFilterSaveOblPointToSlotBuf][832]******  Outline[0] cnt [57] Point[55]  *******
[20240124_13:17:23_948] # [T75733][APARadarFilterSaveOblPointToSlotBuf][833]VehCoord[0][55]: 0, 5400, VehAng: 0
[20240124_13:17:23_948] # [T75734][APARadarFilterSaveOblPointToSlotBuf][834]OblCoord[0][55]: 3829, 9081, Dis: 2896, Big: 0
[20240124_13:17:23_948] # 
[20240124_13:17:23_948] # [T75734][APARadarFilterSaveOblPointToSlotBuf][832]******  Outline[1] cnt [37] Point[35]  *******
[20240124_13:17:23_950] # [T75735][APARadarFilterSaveOblPointToSlotBuf][833]VehCoord[1][35]: 0, 5400, VehAng: 0
[20240124_13:17:23_967] # [T75735][APARadarFilterSaveOblPointToSlotBuf][834]OblCoord[1][35]: -2618, 8866, Dis: 1683, Big: 0
[20240124_13:17:23_967] # 
[20240124_13:17:23_992] # [T75777][APAVisionOblAdd][1323]Vision Obl merge: 63
[20240124_13:17:23_992] # [T75777][APAVisionOblAdd][1326]Receive Vision Obl CrossPointCoord: 0: 7938, 10234; 1: 3370, 10471
[20240124_13:17:23_992] # [T75777][APAVisionOblInfoDebugPrint][118]VisionOblInfo:
[20240124_13:17:23_992] # [T75778][APAVisionOblInfoDebugPrint][119]OblType: 0, bIsMerge 0, DetectCount 6
[20240124_13:17:23_992] # [T75778][APAVisionOblInfoDebugPrint][122]CrossPointCoord: 0: 7957, 10254; 1: 3327, 10482
[20240124_13:17:23_993] # [T75779][APAVisionOblInfoDebugPrint][125]OriginCrossPointCoord: 0: 7940, 4737; 1: 3372, 4976
[20240124_13:17:23_997] # [T75779][APAVisionOblInfoDebugPrint][126]VehCoordAndAng: 0, 5494, ang 0.000(0.020)
[20240124_13:17:23_997] # [T75780][APAVisionOblInfoDebugPrint][127] 
[20240124_13:17:23_997] # [T75780][VisionSlotAddValidCheck][893]Vision slot Length: 2237,2237, Depth 4574,4574
[20240124_13:17:23_997] # [T75780][VisionSlotAdd][1521]Added Vision Slot[0][4] Num 5 OriCoord: 0: 3372, 4976; 1: 7940, 4737; 2: 7823, 2503; 3: 3255, 2742
[20240124_13:17:23_999] # [T75781][VisionSlotAdd][1522]VehCoordAndAngle: 0, 5494, ang 0.000 (0.020)
[20240124_13:17:23_999] # [T75781][VisionSlotAdd][1523]Current VehPos: 0, 5748, ang 0.001 (0.031)
[20240124_13:17:23_999] # [T75782][VisionSlotAdd][1528]Convert Vision Slot[0][4] Coord: 0: 3370, 10471; 1: 7938, 10234; 2: 7822, 8000; 3: 3253, 8237
[20240124_13:17:23_999] # [T75783][VisionSlotAdd][1533]Old Vision Slot[0][4] Coord: 0: 3318, 10484; 1: 7961, 10259; 2: 7847, 7941; 3: 3206, 8166
[20240124_13:17:23_999] # [T75783][VisionSlotAddSlotWeightCal][1014]u32Weight: 1, CentreY: 3859.000, DisY: 2571.000, SlotAng: -2.995
[20240124_13:17:24_000] # [T75784][VisionSlotAdd][1576]New Vision Slot[0][4] Coord: 0: 3327, 10482; 1: 7957, 10254; 2: 7843, 7950; 3: 3214, 8178
[20240124_13:17:24_011] # [T75784][VisionSlotAdd][1600]vision slot [0][4], u32Weight: 1, Sum: 6, SlotAng: -2.817, CurSlotAng: -2.975
[20240124_13:17:24_075] # [T75862][APAVisionOblAdd][1323]Vision Obl merge: 63
[20240124_13:17:24_076] # [T75862][APAVisionOblAdd][1326]Receive Vision Obl CrossPointCoord: 0: 8065, 10244; 1: 3322, 10490
[20240124_13:17:24_076] # [T75862][APAVisionOblInfoDebugPrint][118]VisionOblInfo:
[20240124_13:17:24_082] # [T75863][APAVisionOblInfoDebugPrint][119]OblType: 0, bIsMerge 0, DetectCount 7
[20240124_13:17:24_082] # [T7583][APAVisionOblInfoDebugPrint][122]CrossPointCoord: 0: 7972, 10253; 1: 3326, 10483
[20240124_13:17:24_082] # [T75864][APAVisionOblInfoDebugPrint][125]OriginCrossPointCoord: 0: 8068, 4670; 1: 3325, 4918
[20240124_13:17:24_082] # [T75864][APAVisionOblInfoDebugPrint][126]VehCoordAndAng: 0, 5571, ang 0.000(0.023)
[20240124_13:17:24_083] # [T75865][APAVisionOblInfoDebugPrint][127] 
[20240124_13:17:24_083] # [T75865][VisionSlotAddValidCheck][893]Vision slot Length: 2285,2286, Depth 4749,4749
[20240124_13:17:24_083] # [T75865][VisionSlotAdd][1521]Added Vision Slot[0][4] Num 5 OriCoord: 0: 3325, 4918; 1: 8068, 4670; 2: 7949, 2387; 3: 3206, 2636
[20240124_13:17:24_083] # [T75866][VisionSlotAdd][1522]VehCoordAndAngle: 0, 5571, ang 0.000 (0.023)
[20240124_13:17:24_083] # [T75866][VisionSlotAdd][1523]Current VehPos: 0, 5820, ang 0.001 (0.033)
[20240124_13:17:24_084] # [T75867][VisionSlotAdd][1528]Convert Vision Slot[0][4] Coord: 0: 3322, 10490; 1: 8065, 10244; 2: 7947, 7961; 3: 3204, 8208
[20240124_13:17:24_084] # [T75868][VisionSlotAdd][1533]Old Vision Slot[0][4] Coord: 0: 3327, 10482; 1: 7957, 10254; 2: 7843, 7950; 3: 3214, 8178
[20240124_13:17:24_084] # [T75868][VisionSlotAddSlotWeightCal][1014]u32Weight: 1, CentreY: 3777.000, DisY: 2489.000, SlotAng: -2.999
[20240124_13:17:24_084] # [T75869][VisionSlotAdd][1576]New Vision Slot[0][4] Coord: 0: 3326, 10483; 1: 7972, 10253; 2: 7858, 7952; 3: 3212, 8183
[20240124_13:17:24_104] # [T75869][VisionSlotAdd][1600]vision slot [0][4], u32Weight: 1, Sum: 7, SlotAng: -2.840, CurSlotAng: -2.976
[20240124_13:17:24_152] #   75934-task_radar-118: RadarCaptureCnt is 356 
[20240124_13:17:24_152] # 
[20240124_13:17:24_152] # [T75937][APARadarFilterSaveOblPointToSlotBuf][832]******  Outline[0] cnt [58] Point[56]  *******
[20240124_13:17:24_153] # [T75937][APARadarFilterSaveOblPointToSlotBuf][833]VehCoord[0][56]: 0, 5641, VehAng: 0
[20240124_13:17:24_153] # [T75938][APARadarFilterSaveOblPointToSlotBuf][834]OblCoord[0][56]: 3912, 9338, Dis: 2980, Big: 0
[20240124_13:17:24_153] # 
[20240124_13:17:24_153] # [T75938][APARadarFilterSaveOblPointToSlotBuf][832]******  Outline[1] cnt [37] Point[35]  *******
[20240124_13:17:24_157] # [T75939][APARadarFilterSaveOblPointToSlotBuf][833]VehCoord[1][35]: 0, 5641, VehAng: 0
[20240124_13:17:24_158] # [T75939][APARadarFilterSaveOblPointToSlotBuf][834]OblCoord[1][35]: -2564, 9097, Dis: 1628, Big: 0
[20240124_13:17:24_158] # 
[20240124_13:17:24_158] # [T75943][APAVisionOblAdd][1323]Vision Obl merge: 63
[20240124_13:17:24_158] # [T75943][APAVisionOblAdd][1326]Receive Vision Obl CrossPointCoord: 0: 8036, 10272; 1: 3305, 10518
[20240124_13:17:24_158] # [T75943][APAVisionOblInfoDebugPrint][118]VisionOblInfo:
[20240124_13:17:24_158] # [T75944][APAVisionOblInfoDebugPrint][119]OblType: 0, bIsMerge 0, DetectCount 8
[20240124_13:17:24_158] # [T75944][APAVisionOblInfoDebugPrint][122]CrossPointCoord: 0: 7980, 10255; 1: 3324, 10488
[20240124_13:17:24_158] # [T75945][APAVisionOblInfoDebugPrint][125]OriginCrossPointCoord: 0: 8039, 4591; 1: 3308, 4839
[20240124_13:17:24_161] # [T75945][APAVisionOblInfoDebugPrint][126]VehCoordAndAng: 0, 5678, ang 0.000(0.028)
[20240124_13:17:24_161] # [T75946][APAVisionOblInfoDebugPrint][127] 
[20240124_13:17:24_162] # [T75946][VisionSlotAddValidCheck][893]Vision slot Length: 2290,2290, Depth 4737,4737
[20240124_13:17:24_162] # [T75946][VisionSlotAdd][1521]Added Vision Slot[0][4] Num 5 OriCoord: 0: 3308, 4839; 1: 8039, 4591; 2: 7919, 2304; 3: 3188, 2552
[20240124_13:17:24_162] # [T75947][VisionSlotAdd][1522]VehCoordAndAngle: 0, 5678, ang 0.000 (0.028)
[20240124_13:17:24_162] # [T75947][VisionSlotAdd][1523]Current VehPos: 0, 5930, ang 0.001 (0.038)
[20240124_13:17:24_162] # [T75948][VisionSlotAdd][1528]Convert Vision Slot[0][4] Coord: 0: 3305, 10518; 1: 8036, 10272; 2: 7917, 7985; 3: 3186, 8231
[20240124_13:17:24_164] # [T75948][VisionSlotAdd][1533]Old Vision Slot[0][4] Coord: 0: 3326, 10483; 1: 7972, 10253; 2: 7858, 7952; 3: 3212, 8183
[20240124_13:17:24_166] # [T75949][VisionSlotAddSlotWeightCal][1014]u32Weight: 1, CentreY: 3695.500, DisY: 2407.500, SlotAng: -3.001
[20240124_13:17:24_182] # [T75950][VisionSlotAdd][1576]New Vision Slot[0][4] Coord: 0: 3324, 10488; 1: 7980, 10255; 2: 7865, 7956; 3: 3209, 8189
[20240124_13:17:24_182] # [T75950][VisionSlotAdd][1600]vision slot [0][4], u32Weight: 1, Sum: 8, SlotAng: -2.857, CurSlotAng: -2.973
[20240124_13:17:24_237] # [T76023][VisionSlotAddValidCheck][893]Vision slot Length: 2268,2268, Depth 4565,4565
[20240124_13:17:24_237] # [T76023][VisionSlotAdd][1521]Added Vision Slot[0][4] Num 5 OriCoord: 0: 3377, 4704; 1: 7936, 4465; 2: 7817, 2200; 3: 3258, 2439
[20240124_13:17:24_237] # [T76024][VisionSlotAdd][1522]VehCoordAndAngle: 0, 5753, ang 0.001 (0.031)
[20240124_13:17:24_237] # [T76024][VisionSlotAdd][1523]Current VehPos: 0, 6027, ang 0.001 (0.042)
[20240124_13:17:24_245] # [T76024][VisionSlotAdd][1528]Convert Vision Slot[0][4] Coord: 0: 3374, 10459; 1: 7933, 10222; 2: 7815, 7957; 3: 3256, 8194
[20240124_13:17:24_245] # [T76025][VisionSlotAdd][1533]Old Vision Slot[0][4] Coord: 0: 3324, 10488; 1: 7980, 10255; 2: 7865, 7956; 3: 3209, 8189
[20240124_13:17:24_245] # [T76026][VisionSlotAddSlotWeightCal][1014]u32Weight: 1, CentreY: 3571.500, DisY: 2283.500, SlotAng: -3.001
[20240124_13:17:24_245] # [T76026][VisionSlotAdd][1576]New Vision Slot[0][4] Coord: 0: 3329, 10485; 1: 7975, 10252; 2: 7860, 7956; 3: 3214, 8189
[20240124_13:17:24_245] # [T76027][VisionSlotAdd][1600]vision slot [0][4], u32Weight: 1, Sum: 9, SlotAng: -2.869, CurSlotAng: -2.970
[20240124_13:17:24_245] # [T76028][APAVisionOblAdd][1323]Vision Obl merge: 63
[20240124_13:17:24_245] # [T76028][APAVisionOblAdd][1326]Receive Vision Obl CrossPointCoord: 0: 7933, 10222; 1: 3374, 10459
[20240124_13:17:24_245] # [T76028][APAVisionOblInfoDebugPrint][118]VisionOblInfo:
[20240124_13:17:24_246] # [T76029][APAVisionOblInfoDebugPrint][119]OblType: 0, bIsMerge 0, DetectCount 9
[20240124_13:17:24_246] # [T76029][APAVisionOblInfoDebugPrint][122]CrossPointCoord: 0: 7975, 10252; 1: 3329, 10485
[20240124_13:17:24_246] # [T76030][APAVisionOblInfoDebugPrint][125]OriginCrossPointCoord: 0: 7936, 4465; 1: 3377, 4704
[20240124_13:17:24_246] # [T76030][APAVisionOblInfoDebugPrint][126]VehCoordAndAng: 0, 5753, ang 0.001(0.031)
[20240124_13:17:24_258] # [T76031][APAVisionOblInfoDebugPrint][127] 
[20240124_13:17:24_319] # [T76101][APAPOEraseSlotTypeByFlash][118]Parking Out: Erase Flash Successfully
[20240124_13:17:24_320] # [T76104][APAVisionOblAdd][1323]Vision Obl merge: 63
[20240124_13:17:24_320] # [T76104][APAVisionOblAdd][1326]Receive Vision Obl CrossPointCoord: 0: 7955, 10255; 1: 3337, 10493
[20240124_13:17:24_320] # [T76104][APAVisionOblInfoDebugPrint][118]VisionOblInfo:
[20240124_13:17:24_320] # [T76105][APAVisionOblInfoDebugPrint][119]OblType: 0, bIsMerge 0, DetectCount 10
[20240124_13:17:24_320] # [T76105][APAVisionOblInfoDebugPrint][122]CrossPointCoord: 0: 7973, 10252; 1: 3330, 10485
[20240124_13:17:24_320] # [T76105][APAVisionOblInfoDebugPrint][125]OriginCrossPointCoord: 0: 7958, 4414; 1: 3341, 4655
[20240124_13:17:24_320] # [T76106][APAVisionOblInfoDebugPrint][126]VehCoordAndAng: 0, 5836, ang 0.001(0.034)
[20240124_13:17:24_325] # [T76106][APAVisionOblInfoDebugPrint][127] 
[20240124_13:17:24_326] # [T76107][VisionSlotAddValidCheck][893]Vision slot Length: 2257,2258, Depth 4623,4623
[20240124_13:17:24_326] # [T76107][VisionSlotAdd][1521]Added Vision Slot[0][4] Num 5 OriCoord: 0: 3341, 4655; 1: 7958, 4414; 2: 7840, 2159; 3: 3223, 2401
[20240124_13:17:24_326] # [T76108][VisionSlotAdd][1522]VehCoordAndAngle: 0, 5836, ang 0.001 (0.034)
[20240124_13:17:24_327] # [T76108][VisionSlotAdd][1523]Current VehPos: 0, 6099, ang 0.001 (0.045)
[20240124_13:17:24_327] # [T76109][VisionSlotAdd][1528]Convert Vision Slot[0][4] Coord: 0: 3337, 10493; 1: 7955, 10255; 2: 7838, 8000; 3: 3221, 8239
[20240124_13:17:24_327] # [T76109][VisionSlotAdd][1533]Old Vision Slot[0][4] Coord: 0: 3329, 10485; 1: 7975, 10252; 2: 7860, 7956; 3: 3214, 8189
[20240124_13:17:24_327] # [T76110][VisionSlotAddSlotWeightCal][1014]u32Weight: 1, CentreY: 3528.000, DisY: 2240.000, SlotAng: -2.994
[20240124_13:17:24_328] # [T76111][VisionSlotAdd][1576]New Vision Slot[0][4] Coord: 0: 3330, 10485; 1: 7973, 10252; 2: 7858, 7961; 3: 3215, 8194
[20240124_13:17:24_336] # [T76111][VisionSlotAdd][1600]vision slot [0][4], u32Weight: 1, Sum: 10, SlotAng: -2.878, CurSlotAng: -2.960
[20240124_13:17:24_399] # [T76185][APAVisionOblAdd][1323]Vision Obl merge: 63
[20240124_13:17:24_399] # [T76185][APAVisionOblAdd][1326]Receive Vision Obl CrossPointCoord: 0: 8053, 10300; 1: 3332, 10543
[20240124_13:17:24_399] # [T76185][APAVisionOblInfoDebugPrint][118]VisionOblInfo:
[20240124_13:17:24_399] # [T76186][APAVisionOblInfoDebugPrint][119]OblType: 0, bIsMerge 0, DetectCount 11
[20240124_13:17:24_399] # [T76186][APAVisionOblInfoDebugPrint][122]CrossPointCoord: 0: 7980, 10256; 1: 3330, 10491
[20240124_13:17:24_406] # [T76187][APAVisionOblInfoDebugPrint][125]OriginCrossPointCoord: 0: 8057, 4348; 1: 3336, 4595
[20240124_13:17:24_406] # [T76187][APAVisionOblInfoDebugPrint][126]VehCoordAndAng: 0, 5946, ang 0.001(0.039)
[20240124_13:17:24_406] # [T76188][APAVisionOblInfoDebugPrint][127] 
[20240124_13:17:24_406] # [T76188][VisionSlotAddValidCheck][893]Vision slot Length: 2276,2276, Depth 4727,4727
[20240124_13:17:24_407] # [T76188][VisionSlotAdd][1521]Added Vision Slot[0][4] Num 5 OriCoord: 0: 3336, 4595; 1: 8057, 4348; 2: 7938, 2075; 3: 3217, 2322
[20240124_13:17:24_407] # [T76189][VisionSlotAdd][1522]VehCoordAndAngle: 0, 5946, ang 0.001 (0.039)
[20240124_13:17:24_407] # [T76189][VisionSlotAdd][1523]Current VehPos: 0, 6195, ang 0.001 (0.049)
[20240124_13:17:24_407] # [T76190][VisionSlotAdd][1528]Convert Vision Slot[0][4] Coord: 0: 3332, 10543; 1: 8053, 10300; 2: 7936, 8027; 3: 3215, 8270
[20240124_13:17:24_408] # [T76190][VisionSlotAdd][1533]Old Vision Slot[0][4] Coord: 0: 3330, 10485; 1: 7973, 10252; 2: 7858, 7961; 3: 3215, 8194
[20240124_13:17:24_408] # [T76191tCal][1014]u32Weight: 1, CentreY: 3458.500, DisY: 2170.500, SlotAng: -2.995
[20240124_13:17:24_408] # [T76192][VisionSlotAdd][1576]New Vision Slot[0][4] Coord: 0: 3330, 10491; 1: 7980, 10256; 2: 7865, 7967; 3: 3215, 8201
[20240124_13:17:24_408] # [T76192][VisionSlotAdd][1600]vision slot [0][4], u32Weight: 1, Sum: 11, SlotAng: -2.885, CurSlotAng: -2.956
[20240124_13:17:24_412] # [T76193][APARadarFilterSaveOblPointToSlotBuf][832]******  Outline[1] cnt [38] Point[36]  *******
[20240124_13:17:24_412] # [T76194][APARadarFilterSaveOblPointToSlotBuf][833]VehCoord[1][36]: 0, 5858, VehAng: 0
[20240124_13:17:24_427] # [T76194][APARadarFilterSaveOblPointToSlotBuf][834]OblCoord[1][36]: -2521, 9306, Dis: 1585, Big: 0
[20240124_13:17:24_427] # 
[20240124_13:17:24_428] # [T76213][DecisionParkInRequestCalPath][3130]CalID[6], SideIndex[0], SlotIndex[2], PlanCmd[3]
[20240124_13:17:24_429] # [T76213][DebugInfoStartInStepN][11197]req-2
[20240124_13:17:24_429] # [T76213][DebugInfoStartInStepN][11199]******************** path planning information ******* [2] ****************[0  6231]****
[20240124_13:17:24_429] # [T76214][DebugInfoStartInStepN][11200]start_pos x = 0 y = 6231  veh*10: 0
[20240124_13:17:24_433] # [T76215][DebugInfoStartInStepN][11201]TargetDriveDirection = 0
[20240124_13:17:24_433] # [T76215][DebugInfoStartInStepN][11202]obl1 = 0 0 obl2 = 200 0
[20240124_13:17:24_433] # [T76215][DebugInfoStartInStepN][11203]endpos = 0 0  veh*10: 0
[20240124_13:17:24_433] # [T76216][APAPathPlanningPerpendCalPath][10298]4  0
[20240124_13:17:24_433] # [T76216][APAPathPlanningStep1DataDuringSearchingSlot][8668]0   6231000     0
[20240124_13:17:24_434] # [T76216][APAPathPlanningStep1DataDuringSearchingSlot][8669]-35000   -4982000     0
[20240124_13:17:24_434] # [T76217][APAPathPlanningStep1DataDuringSearchingSlot][8670]1000   0     0
[20240124_13:17:24_434] # [T76217][APAPathPlanningStep1DataDuringSearchingSlot][8671]VehTurningCenterPt = 0, 0
[20240124_13:17:24_434] # [T76218][APAPathPlanningStep1DataDuringSearchingSlot][8672]VehRearAxisCenterTurningRadius = 0
[20240124_13:17:24_434] # [T76218][APAPathPlanningStep1DataDuringSearchingSlot][8673]CalResult = 1
[20240124_13:17:24_434] # [T76219][APAPathPlanningPerpendSearchSlotCalPath][10686]0, -550
[20240124_13:17:24_435] # [T76219][APAPathPlanningPerpendSearchSlotCalPath][11419]42
[20240124_13:17:24_435] # [T76219][APAPathPlanningPerpendSearchSlotCalPath][11450]43
[20240124_13:17:24_437] # [T76220][APAPathPlanningPerpendSearchSlotCalPath][11532]false
[20240124_13:17:24_438] # [T76220][APAPathPlanningPerpendCalNewParkingPath][12119]p4 CalResult = 0        flag = 1
[20240124_13:17:24_438] # [T76220][APAPathPlanningPerpendCalNewParkingPath][12156]p6 0
[20240124_13:17:24_438] # [T76221][APAPathPlanningAddOneBackLine][10758]pts: 0     pt_line: 0     jiaodu(*100): 0
[20240124_13:17:24_447] # [T76223][DecisionParkInRequestCalPath][3150]Request Planning Failed: CalID[6], Side[0], Class[2], Type[2]
[20240124_13:17:24_447] # [T76233][DecisionParkInRequestCalPath][3130]CalID[4], SideIndex[0], SlotIndex[1], PlanCmd[3]
[20240124_13:17:24_453] # [T76233][DebugInfoStartInStepN][11197]req-2
[20240124_13:17:24_454] # [T76233][DebugInfoStartInStepN][11199]******************** path planning information ******* [2] ****************[0  6255]****
[20240124_13:17:24_454] # [T76234][DebugInfoStartInStepN][11200]start_pos x = 0 y = 6255  veh*10: 0
[20240124_13:17:24_454] # [T76235][DebugInfoStartInStepN][11201]TargetDriveDirection = 0
[20240124_13:17:24_454] # [T76235][DebugInfoStartInStepN][11202]obl1 = 0 0 obl2 = 200 0
[20240124_13:17:24_455] # [T76235][DebugInfoStartInStepN][11203]endpos = 0 0  veh*10: 0
[20240124_13:17:24_455] # [T76236][APAPathPlanningPerpendCalPath][10298]4  0
[20240124_13:17:24_455] # [T76236][APAPathPlanningStep1DataDuringSearchingSlot][8668]0   6255000     0
[20240124_13:17:24_455] # [T76236][APAPathPlanningStep1DataDuringSearchingSlot][8669]-35000   -4982000     0
[20240124_13:17:24_455] # [T76237][APAPathPlanningStep1DataDuringSearchingSlot][8670]1000   0     0
[20240124_13:17:24_455] # [T76237][APAPathPlanningStep1DataDuringSearchingSlot][8671]VehTurningCenterPt = 0, 0
[20240124_13:17:24_456] # [T76238][APAPathPlanningStep1DataDuringSearchingSlot][8672]VehRearAxisCenterTurningRadius = 0
[20240124_13:17:24_456] # [T76238][APAPathPlanningStep1DataDuringSearchingSlot][8673]CalResult = 1
[20240124_13:17:24_456] # [T76239][APAPathPlanningPerpendSearchSlotCalPath][10686]0, -571
[20240124_13:17:24_460] # [T76239][APAPathPlanningPerpendSearchSlotCalPath][11419]42
[20240124_13:17:24_460] # [T76239][APAPathPlanningPerpendSearchSlotCalPath][11450]43
[20240124_13:17:24_460] # [T76240][APAPathPlanningPerpendSearchSlotCalPath][11532]false
[20240124_13:17:24_461] # [T76240][APAPathPlanningPerpendCalNewParkingPath][12119]p4 CalResult = 0        flag = 1
[20240124_13:17:24_461] # [T76240][APAPathPlanningPerpendCalNewParkingPath][12156]p6 0
[20240124_13:17:24_461] # [T76241][APAPathPlanningAddOneBackLine][10758]pts: 0     pt_line: 0     jiaodu(*100): 0
[20240124_13:17:24_467] # [T76243][DecisionParkInRequestCalPath][3150]Request Planning Failed: CalID[4], Side[0], Class[2], Type[2]
[20240124_13:17:24_467] # [T76253][DecisionParkInRequestCalPath][3130]CalID[5], SideIndex[1], SlotIndex[1], PlanCmd[3]
[20240124_13:17:24_472] # [T76253][APAParkManaParkingSetParkingSideSwitched][2622]Parking Side Switched Finish. LeftIndex[0], RightIndex[1], Side[0]
[20240124_13:17:24_472] # [T76254][APAParkManaParkingSetParkingSideSwitched][2637]Parking Slot Data Switch Finish.
[20240124_13:17:24_472] # [T76255][locate_position_set][337]locate reset pos@76255: 0  0.594, 6279.263, -0.1, minus: 11.000
[20240124_13:17:24_472] # 
[20240124_13:17:24_472] # [T76256][VT_APAPathPlanningHandle][2279]after: 1  0  0
[20240124_13:17:24_472] # [T76256][VT_APAPathPlanningHandle][2280]!!  id:0  !! index = 1
[20240124_13:17:24_472] # 
[20240124_13:17:24_472] # [T76256][DebugInfoStartInStepN][11197]req-2
[20240124_13:17:24_474] # [T76257][DebugInfoStartInStepN][11199]******************** path planning information ******* [2] ****************[0  6279]****
[20240124_13:17:24_474] # [T76257][DebugInfoStartInStepN][11200]start_pos x = 0 y = 6279  veh*10: 0
[20240124_13:17:24_474] # [T76258][DebugInfoStartInStepN][11201]TargetDriveDirection = 0
[20240124_13:17:24_474] # [T76258][DebugInfoStartInStepN][11202]obl1 = 0 0 obl2 = 200 0
[20240124_13:17:24_474] # [T76258][DebugInfoStartInStepN][11203]endpos = 0 0  veh*10: 0
[20240124_13:17:24_477] # [T76259][APAPathPlanningPerpendCalPath][10298]4  0
[20240124_13:17:24_477] # [T76259][APAPathPlanningStep1DataDuringSearchingSlot][8668]0   6279000     0
[20240124_13:17:24_477] # [T76260][APAPathPlanningStep1DataDuringSearchingSlot][8669]35000   -4982000     0
[20240124_13:17:24_477] # [T76260][APAPathPlanningStep1DataDuringSearchingSlot][8670]1000   0     0
[20240124_13:17:24_477] # [T76260][APAPathPlanningStep1DataDuringSearchingSlot][8671]VehTurningCenterPt = 0, 0
[20240124_13:17:24_479] # [T76261][APAPathPlanningStep1DataDuringSearchingSlot][8672]VehRearAxisCenterTurningRadius = 0
[20240124_13:17:24_479] # [T76261][APAPathPlanningStep1DataDuringSearchingSlot][8673]CalResult = 1
[20240124_13:17:24_479] # [T76262][APAPathPlanningPerpendSearchSlotCalPath][10686]0, -593
[20240124_13:17:24_479] # [T76262][APAPathPlanningPerpendSearchSlotCalPath][11419]42
[20240124_13:17:24_479] # [T76262][APAPathPlanningPerpendSearchSlotCalPath][11450]43
[20240124_13:17:24_479] # [T76263][APAPathPlanningPerpendSearchSlotCalPath][11532]false
[20240124_13:17:24_480] # [T76263][APAPathPlanningPerpendCalNewParkingPath][12119]p4 CalResult = 0        flag = 1
[20240124_13:17:24_480] # [T76264][APAPathPlanningPerpendCalNewParkingPath][12156]p6 0
[20240124_13:17:24_480] # [T76264][APAPathPlanningAddOneBackLine][10758]pts: 0     pt_line: 0     jiaodu(*100): 0
[20240124_13:17:24_483] # [T76265][APAVisionOblAdd][1323]Vision Obl merge: 63
[20240124_13:17:24_483] # [T76265][APAVisionOblAdd][1326]Receive Vision Obl CrossPointCoord: 0: -7999, 10309; 1: -3327, 10551
[20240124_13:17:24_483] # [T76265][APAVisionOblInfoDebugPrint][118]VisionOblInfo:
[20240124_13:17:24_484] # [T76266][APAVisionOblInfoDebugPrint][119]OblType: 0, bIsMerge 0, DetectCount 12
[20240124_13:17:24_484] # [T76266][APAVisionOblInfoDebugPrint][122]CrossPointCoord: 0: -7982, 10261; 1: -3330, 10496
[20240124_13:17:24_484] # [T76267][APAVisionOblInfoDebugPrint][125]OriginCrossPointCoord: 0: 8003, 4270; 1: 3331, 4515
[20240124_13:17:24_484] # [T76267][APAVisionOblInfoDebugPrint][126]VehCoordAndAng: 0, 6033, ang -0.001(-0.042)
[20240124_13:17:24_484] # [T76268][APAVisionOblInfoDebugPrint][127] 
[20240124_13:17:24_484] # [T76268][VisionSlotAddValidCheck][893]Vision slot Length: 2291,2291, Depth 4678,4679
[20240124_13:17:24_485] # [T76268][VisionSlotAdd][1521]Added Vision Slot[0][4] Num 5 OriCoord: 0: 3331, 4515; 1: 8003, 4270; 2: 7884, 1982; 3: 3211, 2227
[20240124_13:17:24_485] # [T76269][VisionSlotAdd][1522]VehCoordAndAngle: 0, 6033, ang -0.001 (-0.042)
[20240124_13:17:24_485] # [T76270][VisionSlotAdd][1523]Current VehPos: 0, 6279, ang -0.001 (-0.052)
[20240124_13:17:24_488] # [T76270][VisionSlotAdd][1528]Convert Vision Slot[0][4] Coord: 0: -3327, 10551; 1: -7999, 10309; 2: -7882, 8021; 3: -3208, 8263
[20240124_13:17:24_488] # [T76271][VisionSlotAdd][1533]Old Vision Slot[0][4] Coord: 0: -3330, 10491; 1: -7980, 10256; 2: -7865, 7967; 3: -3215, 8201
[20240124_13:17:24_490] # [T76271][VisionSlotAddSlotWeightCal][1014]u32Weight: 1, CentreY: 3371.000, DisY: 2083.000, SlotAng: -3.002
[20240124_13:17:24_490] # [T76272][VisionSlotAdd][1576]New Vision Slot[0][4] Coord: 0: -3330, 10496; 1: -7982, 10261; 2: -7866, 7971; 3: -3214, 8206
[20240124_13:17:24_490] # [T76273][VisionSlotAdd][1600]vision slot [0][4], u32Weight: 1, Sum: 12, SlotAng: -177.108, CurSlotAng: -177.041
[20240124_13:17:24_497] # [T76273][DecisionParkInRequestCalPath][3150]Request Planning Failed: CalID[5], Side[1], Class[2], Type[2]
[20240124_13:17:24_497] # [T76283][DecisionParkInRequestCalPath][3130]CalID[3], SideIndex[0], SlotIndex[0], PlanCmd[3]
[20240124_13:17:24_501] # [T76283][APAParkManaParkingSetParkingSideSwitched][2622]Parking Side Switched Finish. LeftIndex[1], RightIndex[0], Side[1]
[20240124_13:17:24_501] # [T76284][APAParkManaParkingSetParkingSideSwitched][2637]Parking Slot Data Switch Finish.
[20240124_13:17:24_501] # [T76285][locate_position_set][337]locate reset pos@76285: 1  -0.628, 6316.499, 0.1, minus: 0.000
[20240124_13:17:24_501] # 
[20240124_13:17:24_501] # [T76285][VT_APAPathPlanningHandle][2279]after: 0  1  1
[20240124_13:17:24_501] # [T76286][VT_APAPathPlanningHandle][2280]!!  id:0  !! index = 0
[20240124_13:17:24_501] # 
[20240124_13:17:24_501] # [T76286][DebugInfoStartInStepN][11197]req-2
[20240124_13:17:24_503] # [T76286][DebugInfoStartInStepN][11199]******************** path planning information ******* [2] ****************[0  6316]****
[20240124_13:17:24_503] # [T76287][DebugInfoStartInStepN][11200]start_pos x = 0 y = 6316  veh*10: 0
[20240124_13:17:24_503] # [T76287][DebugInfoStartInStepN][11201]TargetDriveDirection = 0
[20240124_13:17:24_503] # [T76288][DebugInfoStartInStepN][11202]obl1 = 0 0 obl2 = 200 0
[20240124_13:17:24_506] # [T76288][DebugInfoStartInStepN][11203]endpos = 0 0  veh*10: 0
[20240124_13:17:24_506] # [T76288][APAPathPlanningPerpendCalPath][10298]4  0
[20240124_13:17:24_506] # [T76289][APAPathPlanningStep1DataDuringSearchingSlot][8668]0   6316000     0
[20240124_13:17:24_506] # [T76289][APAPathPlanningStep1DataDuringSearchingSlot][8669]-35000   -4982000     0
[20240124_13:17:24_506] # [T76289][APAPathPlanningStep1DataDuringSearchingSlot][8670]1000   0     0
[20240124_13:17:24_508] # [T76290][APAPathPlanningStep1DataDuringSearchingSlot][8671]VehTurningCenterPt = 0, 0
[20240124_13:17:24_508] # [T76290][APAPathPlanningStep1DataDuringSearchingSlot][8672]VehRearAxisCenterTurningRadius = 0
[20240124_13:17:24_508] # [T76291][APAPathPlanningStep1DataDuringSearchingSlot][8673]CalResult = 1
[20240124_13:17:24_508] # [T76291][APAPathPlanningPerpendSearchSlotCalPath][10686]0, 628
[20240124_13:17:24_508] # [T76292][APAPathPlaningPerpendSearchSlotCalPath][11419]42
[20240124_13:17:24_508] # [T76292][APAPathPlanningPerpendSearchSlotCalPath][11450]43
[20240124_13:17:24_508] # [T76292][APAPathPlanningPerpendSearchSlotCalPath][11532]false
[20240124_13:17:24_509] # [T76293][APAPathPlanningPerpendCalNewParkingPath][12119]p4 CalResult = 0        flag = 1
[20240124_13:17:24_509] # [T76293][APAPathPlanningPerpendCalNewParkingPath][12156]p6 0
[20240124_13:17:24_511] # [T76294][APAPathPlanningAddOneBackLine][10758]pts: 0     pt_line: 0     jiaodu(*100): 0
[20240124_13:17:24_511] # [T76294][APARadarFilterSaveOblPointToSlotBuf][832]******  Outline[1] cnt [39] Point[37]  *******
[20240124_13:17:24_512] # [T76295][APARadarFilterSaveOblPointToSlotBuf][833]VehCoord[1][37]: 0, 5978, VehAng: 0
[20240124_13:17:24_512] # [T76295][APARadarFilterSaveOblPointToSlotBuf][834]OblCoord[1][37]: -2527, 9426, Dis: 1591, Big: 0
[20240124_13:17:24_512] # 
[20240124_13:17:24_520] # [T76296][DecisionParkInRequestCalPath][3150]Request Planning Failed: CalID[3], Side[0], Class[2], Type[2]
[20240124_13:17:24_520] # [T76306][DecisionParkInRequestCalPath][3130]CalID[2], SideIndex[1], SlotIndex[0], PlanCmd[3]
[20240124_13:17:24_520] # [T76306][APAParkManaParkingSetParkingSideSwitched][2622]Parking Side Switched Finish. LeftIndex[0], RightIndex[1], Side[0]
[20240124_13:17:24_520] # [T76307][APAParkManaParkingSetParkingSideSwitched][2637]Parking Slot Data Switch Finish.
[20240124_13:17:24_525] # [T76307][locate_position_set][337]locate reset pos@76307: 0  0.651, 6340.617, -0.1, minus: 0.000
[20240124_13:17:24_525] # 
[20240124_13:17:24_525] # [T76308][VT_APAPathPlanningHandle][2279]after: 1  0  0
[20240124_13:17:24_525] # [T76308][VT_APAPathPlanningHandle][2280]!!  id:0  !! index = 0
[20240124_13:17:24_525] # 
[20240124_13:17:24_525] # [T76309][DebugInfoStartInStepN][11197]req-2
[20240124_13:17:24_525] # [T76309][DebugInfoStartInStepN][11199]******************** path planning information ******* [2] ****************[0  6340]****
[20240124_13:17:24_526] # [T76309][DebugInfoStartInStepN][11200]start_pos x = 0 y = 6340  veh*10: 0
[20240124_13:17:24_526] # [T76310][DebugInfoStartInStepN][11201]TargetDriveDirection = 0
[20240124_13:17:24_526] # [T76310][DebugInfoStartInStepN][11202]obl1 = 0 0 obl2 = 200 0
[20240124_13:17:24_526] # [T76311][DebugInfoStartInStepN][11203]endpos = 0 0  veh*10: 0
[20240124_13:17:24_526] # [T76311][APAPathPlanningPerpendCalPath][10298]4  0
[20240124_13:17:24_529] # [T76311][APAPathPlanningStep1DataDuringSearchingSlot][8668]0   6340000     0
[20240124_13:17:24_530] # [T76312][APAPathPlanningStep1DataDuringSearchingSlot][8669]35000   -4982000     0
[20240124_13:17:24_530] # [T76312][APAPathPlanningStep1DataDuringSearchingSlot][8670]1000   0     0
[20240124_13:17:24_530] # [T76313][APAPathPlanningStep1DataDuringSearchingSlot][8671]VehTurningCenterPt = 0, 0
[20240124_13:17:24_530] # [T76313][APAPathPlanningStep1DataDuringSearchingSlot][8672]VehRearAxisCenterTurningRadius = 0
[20240124_13:17:24_530] # [T76313][APAPathPlanningStep1DataDuringSearchingSlot][8673]CalResult = 1
[20240124_13:17:24_531] # [T76314][APAPathPlanningPerpendSearchSlotCalPath][10686]0, -651
[20240124_13:17:24_531] # [T76314][APAPathPlanningPerpendSearchSlotCalPath][11419]42
[20240124_13:17:24_531] # [T76315][APAPathPlanningPerpendSearchSlotCalPath][11450]43
[20240124_13:17:24_531] # [T76315][APAPathPlanningPerpendSearchSlotCalPath][11532]false
[20240124_13:17:24_531] # [T76315][APAPathPlanningPerpendCalNewParkingPath][12119]p4 CalResult = 0        flag = 1
[20240124_13:17:24_531] # [T76316][APAPathPlanningPerpendCalNewParkingPath][12156]p6 0
[20240124_13:17:24_534] # [T76316][APAPathPlanningAddOneBackLine][10758]pts: 0     pt_line: 0     jiaodu(*100): 0
[20240124_13:17:24_534] # [T76317][DecisionParkInRequestCalPath][3150]Request Planning Failed: CalID[2], Side[1], Class[2], Type[2]
[20240124_13:17:24_559] # [T76345][APARadarFilterSaveOblPointToSlotBuf][832]******  Outline[0] cnt [58] Point[56]  *******
[20240124_13:17:24_559] # [T76345][APARadarFilterSaveOblPointToSlotBuf][833]VehCoord[0][56]: 0, 6075, VehAng: 0
[20240124_13:17:24_572] # [T76346][APARadarFilterSaveOblPointToSlotBuf][834]OblCoord[0][56]: -3823, 9757, Dis: 2892, Big: 0
[20240124_13:17:24_572] # 
[20240124_13:17:24_572] # [T76356][APAVisionOblAdd][1323]Vision Obl merge: 63
[20240124_13:17:24_573] # [T76356][APAVisionOblAdd][1326]Receive Vision Obl CrossPointCoord: 0: -8044, 10295; 1: -3305, 10540
[20240124_13:17:24_573] # [T76356][APAVisionOblInfoDebugPrint][118]VisionOblInfo:
[20240124_13:17:24_573] # [T76357][APAVisionOblInfoDebugPrint][119]OblType: 0, bIsMerge 0, DetectCount 13
[20240124_13:17:24_573] # [T76357][APAVisionOblInfoDebugPrint][122]CrossPointCoord: 0: -7987, 10263; 1: -3328, 10499
[20240124_13:17:24_573] # [T76358][APAVisionOblInfoDebugPrint][125]OriginCrossPointCoord: 0: 8048, 4169; 1: 3309, 4418
[20240124_13:17:24_574] # [T76358][APAVisionOblInfoDebugPrint][126]VehCoordAndAng: 0, 6120, ang -0.001(-0.046)
[20240124_13:17:24_574] # [T76359][APAVisionOblInfoDebugPrint][127] 
[20240124_13:17:24_576] # [T76359][VisionSlotAddValidCheck][893]Vision slot Length: 2307,2306, Depth 4745,4746
[20240124_13:17:24_577] # [T76359][VisionSlotAdd][1521]Added Vision Slot[0][4] Num 5 OriCoord: 0: 3309, 4418; 1: 8048, 4169; 2: 7928, 1866; 3: 3188, 2114
[20240124_13:17:24_577] # [T76360][VisionSlotAdd][1522]VehCoordAndAngle: 0, 6120, ang -0.001 (-0.046)
[20240124_13:17:24_577] # [T76361][VisionSlotAdd][1523]Current VehPos: 0, 6399, ang -0.001 (-0.057)
[20240124_13:17:24_577] # [T76361][VisionSlotAdd][1528]Convert Vision Slot[0][4] Coord: 0: -3305, 10540; 1: -8044, 10295; 2: -7926, 7992; 3: -3185, 8236
[20240124_13:17:24_577] # [T76362][VisionSlotAdd][1533]Old Vision Slot[0][4] Coord: 0: -3330, 10496; 1: -7982, 10261; 2: -7866, 7971; 3: -3214, 8206
[20240124_13:17:24_577] # [T76362][VisionSlotAddSlotWeightCal][1014]u32Weight: 1, CentreY: 3266.000, DisY: 1978.000, SlotAng: -3.001
[20240124_13:17:24_579] # [T76363][VisionSlotAdd][1576]New Vision Slot[0][4] Coord: 0: -3328, 10499; 1: -7987, 10263; 2: -7871, 7973; 3: -3212, 8208
[20240124_13:17:24_586] # [T76364][VisionSlotAdd][1600]vision slot [0][4], u32Weight: 1, Sum: 13, SlotAng: -177.103, CurSlotAng: -177.044
[20240124_13:17:24_611] # [T76396][APARadarFilterSaveOblPointToSlotBuf][832]******  Outline[1] cnt [39] Point[37]  *******
[20240124_13:17:24_611] # [T76396][APARadarFilterSaveOblPointToSlotBuf][833]VehCoord[1][37]: 0, 6134, VehAng: 0
[20240124_13:17:24_632] # [T76397][APARadarFilterSaveOblPointToSlotBuf][834]OblCoord[1][37]: 2512, 9579, Dis: 1575, Big: 0
[20240124_13:17:24_633] # 
[20240124_13:17:24_652] #   76435-task_radar-118: RadarCaptureCnt is 357 
[20240124_13:17:24_652] # 
[20240124_13:17:24_652] # [T76437][APAVisionOblAdd][1323]Vision Obl merge: 63
[20240124_13:17:24_653] # [T76437][APAVisionOblAdd][1326]Receive Vision OblCrossPointCoord: 0: -8032, 10312; 1: -3336, 10472
[20240124_13:17:24_653] # [T76437][APAVisionOblInfoDebugPrint][118]VisionOblInfo:
[20240124_13:17:24_653] # [T76438][APAVisionOblInfoDebugPrint][119]OblType: 0, bIsMerge 0, DetectCount 14
[20240124_13:17:24_653] # [T76438][APAVisionOblInfoDebugPrint][122]CrossPointCoord: 0: -7990, 10267; 1: -3329, 10497
[20240124_13:17:24_656] # [T76439][APAVisionOblInfoDebugPrint][125]OriginCrossPointCoord: 0: 8037, 4088; 1: 3341, 4252
[20240124_13:17:24_656] # [T76439][APAVisionOblInfoDebugPrint][126]VehCoordAndAng: 0, 6217, ang -0.001(-0.050)
[20240124_13:17:24_656] # [T76440][APAVisionOblInfoDebugPrint][127] 
[20240124_13:17:24_656] # [T76440][VisionSlotAddValidCheck][893]Vision slot Length: 2292,2292, Depth 4698,4698
[20240124_13:17:24_657] # [T76440][VisionSlotAdd][1521]Added Vision Slot[0][4] Num 5 OriCoord: 0: 3341, 4252; 1: 8037, 4088; 2: 7957, 1797; 3: 3261, 1961
[20240124_13:17:24_657] # [T76441][VisionSlotAdd][1522]VehCoordAndAngle: 0, 6217, ang -0.001 (-0.050)
[20240124_13:17:24_657] # [T76441][VisionSlotAdd][1523]Current VehPos: 0, 6472, ang -0.001 (-0.060)
[20240124_13:17:24_657] # [T76442][VisionSlotAdd][1528]Convert Vision Slot[0][4] Coord: 0: -3336, 10472; 1: -8032, 10312; 2: -7954, 8021; 3: -3258, 8181
[20240124_13:17:24_657] # [T76443][VisionSlotAdd][1533]Old Vision Slot[0][4] Coord: 0: -3328, 10499; 1: -7987, 10263; 2: -7871, 7973; 3: -3212, 8208
[20240124_13:17:24_661] # [T76443][VisionSlotAddSlotWeightCal][1014]u32Weight: 3, CentreY: 3106.500, DisY: 1818.500, SlotAng: -2.000
[20240124_13:17:24_662] # [T76444][VisionSlotAdd][1576]New Vision Slot[0][4] Coord: 0: -3329, 10494; 1: -7995, 10273; 2: -7886, 7982; 3: -3221, 8203
[20240124_13:17:24_664] # [T76445][VisionSlotAdd][1600]vision slot [0][4], u32Weight: 3, Sum: 16, SlotAng: -177.282, CurSlotAng: -178.050
[20240124_13:17:24_664] # [T76448][APARadarFilterSaveOblPointToSlotBuf][832]******  Outline[0] cnt [58] Point[56]  *******
[20240124_13:17:24_677] # [T76448][APARadarFilterSaveOblPointToSlotBuf][833]VehCoord[0][56]: 0, 6195, VehAng: 0
[20240124_13:17:24_677] # [T76448][APARadarFilterSaveOblPointToSlotBuf][834]OblCoord[0][56]: -3724, 9860, Dis: 2793, Big: 0
[20240124_13:17:24_677] # 
[20240124_13:17:24_733] # [T76519][APAVisionOblAdd][1323]Vision Obl merge: 63
[20240124_13:17:24_734] # [T76519][APAVisionOblAdd][1326]Receive Vision Obl CrossPointCoord: 0: -8078, 10357; 1: -3271, 10520
[20240124_13:17:24_734] # [T76519][APAVisionOblInfoDebugPrint][118]VisionOblInfo:
[20240124_13:17:24_734] # [T76520][APAVisionOblInfoDebugPrint][119]OblType: 0, bIsMerge 0, DetectCount 15
[20240124_13:17:24_735] # [T76520][APAVisionOblInfoDebugPrint][122]CrossPointCoord: 0: -7996, 10273; 1: -3325, 10499
[20240124_13:17:24_737] # [T76521][APAVisionOblInfoDebugPrint][125]OriginCrossPointCoord: 0: 8083, 4029; 1: 3276, 4197
[20240124_13:17:24_737] # [T76521][APAVisionOblInfoDebugPrint][126]VehCoordAndAng: 0, 6320, ang -0.001(-0.054)
[20240124_13:17:24_737] # [T76522][APAVisionOblInfoDebugPrint][127] 
[20240124_13:17:24_737] # [T76522][VisionSlotAddValidCheck][893]Vision slot Length: 2285,2285, Dpth 4809,4809
[20240124_13:17:24_737] # [T76522][VisionSlotAdd][1521]Added Vision Slot[0][4] Num 5 OriCoord: 0: 3276, 4197; 1: 8083, 4029; 2: 8004, 1745; 3: 3197, 1913
[20240124_13:17:24_739] # [T76523][VisionSlotAdd][1522]VehCoordAndAngle: 0, 6320, ang -0.001 (-0.054)
[20240124_13:17:24_739] # [T76524][VisionSlotAdd][1523]Current VehPos: 0, 6567, ang -0.001 (-0.064)
[20240124_13:17:24_742] # [T76524][VisionSlotAdd][1528]Convert Vision Slot[0][4] Coord: 0: -3271, 10520; 1: -8078, 10357; 2: -8001, 8073; 3: -3194, 8236
[20240124_13:17:24_742] # [T76525][VisionSlotAdd][1533]Old Vision Slot[0][4] Coord: 0: -3329, 10494; 1: -7995, 10273; 2: -7886, 7982; 3: -3221, 8203
[20240124_13:17:24_742] # [T76525][VisionSlotAddSlotWeightCal][1014]u32Weight: 3, CentreY: 3055.000, DisY: 1767.000, SlotAng: -2.002
[20240124_13:17:24_743] # [T76526][VisionSlotAdd][1576]New Vision Slot[0][4] Coord: 0: -3320, 10498; 1: -8008, 10286; 2: -7905, 7996; 3: -3217, 8209
[20240124_13:17:24_756] # [T76527][VisionSlotAdd][1600]vision slot [0][4], u32Weight: 3, Sum: 19, SlotAng: -177.406, CurSlotAng: -178.052
[20240124_13:17:24_763] # [T76549][APARadarFilterSaveOblPointToSlotBuf][832]******  Outline[1] cnt [40] Point[38]  *******
[20240124_13:17:24_763] # [T76549][APARadarFilterSaveOblPointToSlotBuf][833]VehCoord[1][38]: 0, 6316, VehAng: 0
[20240124_13:17:24_771] # [T76550][APARadarFilterSaveOblPointToSlotBuf][834]OblCoord[1][38]: 2504, 9759, Dis: 1566, Big: 0
[20240124_13:17:24_772] # 
[20240124_13:17:24_802] # [T76572][AX70CM_SetVehicleBrakePedalSts][942]Brake Sts:1
[20240124_13:17:24_814] # [T76600][APAVisionOblAdd][1323]Vision Obl merge: 63
[20240124_13:17:24_816] # [T76600][APAVisionOblAdd][1326]Receive Vision Obl CrossPointCoord: 0: -8135, 10348; 1: -3331, 10595
[20240124_13:17:24_816] # [T76600][APAVisionOblInfoDebugPrint][118]VisionOblInfo:
[20240124_13:17:24_816] # [T76601][APAVisionOblInfoDebugPrint][119]OblType: 0, bIsMerge 0, DetectCount 16
[20240124_13:17:24_816] # [T76601][APAVisionOblInfoDebugPrint][122]CrossPointCoord: 0: -8004, 10278; 1: -3325, 10505
[20240124_13:17:24_818] # [T76602][APAVisionOblInfoDebugPrint][125]OriginCrossPointCoord: 0: 8140, 3933; 1: 3336, 4185
[20240124_13:17:24_818] # [T76602][APAVisionOblInfoDebugPrint][126]VehCoordAndAng: 0, 6406, ang -0.001(-0.057)
[20240124_13:17:24_818] # [T76603][APAVisionOblInfoDebugPrint][127] 
[20240124_13:17:24_819] # [T76603][VisionSlotAddValidCheck][893]Vision slot Length: 2348,2348, Depth 4810,4810
[20240124_13:17:24_819] # [T76603][VisionSlotAdd][1521]Added Vision Slot[0][4] Num 5 OriCoord: 0: 3336, 4185; 1: 8140, 3933; 2: 8017, 1588; 3: 3213, 1840
[20240124_13:17:24_819] # [T76604][VisionSlotAdd][1522]VehCoordAndAngle: 0, 6406, ang -0.001 (-0.057)
[20240124_13:17:24_819] # [T76604][VisionSlotAdd][1523]Current VehPos: 1, 6665, ang -0.001 (-0.068)
[20240124_13:17:24_823] # [T76605][VisionSlotAdd][1528]Convert Vision Slot[0][4] Coord: 0: -3331, 10595; 1: -8135, 10348; 2: -8014, 8002; 3: -3210, 8250
[20240124_13:17:24_823] # [T76606][VisionSlotAdd][1533]Old Vision Slot[0][4] Coord: 0: -3320, 10498; 1: -8008, 10286; 2: -7905, 7996; 3: -3217, 8209
[20240124_13:17:24_824] # [T76606][VisionSlotAddSlotWeightCal][1014]u32Weight: 4, CentreY: 3012.500, DisY: 1724.500, SlotAng: -3.003
[20240124_13:17:24_824] # [T76607][VisionSlotAdd][1576]New Vision Slot[0][4] Coord: 0: -3322, 10515; 1: -8030, 10297; 2: -7924, 7997; 3: -3215, 8216
[20240124_13:17:24_824] # [T76608][VisionSlotAdd][1600]vision slot [0][4], u32Weight: 4, Sum: 23, SlotAng: -177.344, CurSlotAng: -177.055
[20240124_13:17:24_824] # [T76609][APARadarFilterSaveOblPointToSlotBuf][832]******  Outline[0] cnt [59] Point[57]  *******
[20240124_13:17:24_824] # [T76609][APARadarFilterSaveOblPointToSlotBuf][833]VehCoord[0][57]: 0, 6388, VehAng: 0
[20240124_13:17:24_835] # [T76609][APARadarFilterSaveOblPointToSlotBuf][834]OblCoord[0][57]: -3696, 10049, Dis: 2766, Big: 0
[20240124_13:17:24_835] # 
[20240124_13:17:24_896] # [T76681][APAVisionOblAdd][1323]Vision Obl merge: 63
[20240124_13:17:24_896] # [T76681][APAVisionOblAdd][1326]Receive Vision Obl CrossPointCoord: 0: -8044, 10380; 1: -3304, 10540
[20240124_13:17:24_896] # [T76681][APAVisionOblInfoDebugPrint][118]VisionOblInfo:
[20240124_13:17:24_896] # [T76682][APAVisionOblInfoDebugPrint][119]OblType: 0, bIsMerge 0, DetectCount 17
[20240124_13:17:24_896] # [T76682][APAVisionOblInfoDebugPrint][122]CrossPointCoord: 0: -8007, 10284; 1: -3324, 10507
[20240124_13:17:24_901] # [T76683][APAVisionOblInfoDebugPrint][125]OriginCrossPointCoord: 0: 8049, 3882; 1: 3310, 4047
[20240124_13:17:24_901] # [T76683][APAVisionOblInfoDebugPrint][126]VehCoordAndAng: 0, 6490, ang -0.001(-0.061)
[20240124_13:17:24_901] # [T76684][APAVisionOblInfoDebugPrint][127] 
[20240124_13:17:24_902] # [T76684][VisionSlotAddValidCheck][893]Vision slot Length: 2295,2296, Depth 4741,4741
[20240124_13:17:24_902] # [T76684][VisionSlotAdd][1521]Added Vision Slot[0][4] Num 5 OriCoord: 0: 3310, 4047; 1: 8049, 3882; 2: 7969, 1587; 3: 3230, 1753
[20240124_13:17:24_902] # [T76685][VisionSlotAdd][1522]VehCoordAndAngle: 0, 6490, ang -0.001 (-0.061)
[20240124_13:17:24_902] # [T76685][VisionSlotAdd][1523]Current VehPos: 1, 6774, ang -0.001 (-0.072)
[20240124_13:17:24_902] # [T76686][VisionSlotAdd][1528]Convert Vision Slot[0][4] Coord: 0: -3304, 10540; 1: -8044, 10380; 2: -7966, 8085; 3: -3227, 8246
[20240124_13:17:24_902] # [T76687][VisionSlotAdd][1533]Old Vision Slot[0][4] Coord: 0: -3322, 10515; 1: -8030, 10297; 2: -7924, 7997; 3: -3215, 8216
[20240124_13:17:24_906] # [T76687][VisionSlotAddSlotWeightCal][1014]u32Weight: 5, CentreY: 2900.000, DisY: 1612.000, SlotAng: -2.000
[20240124_13:17:24_907] # [T76688][VisionSlotAdd][1576]New Vision Slot[0][4] Coord: 0: -3319, 10519; 1: -8033, 10312; 2: -7931, 8013; 3: -3217, 8221
[20240124_13:17:24_913] # [T76688][VisionSlotAdd][1600]vision slot [0][4], u32Weight: 5, Sum: 28, SlotAng: -177.473, CurSlotAng: -178.061
[20240124_13:17:24_916] # [T76702][APARadarFilterSaveOblPointToSlotBuf][832]******  Outline[0] cnt [59] Point[57]  *******
[20240124_13:17:24_916] # [T76703][APARadarFilterSaveOblPointToSlotBuf][833]VehCoord[0][57]: 0, 6485, VehAng: -1
[20240124_13:17:24_928] # [T76703][APARadarFilterSaveOblPointToSlotBuf][834]OblCoord[0][57]: -3559, 10122, Dis: 2629, Big: 0
[20240124_13:17:24_929] # 
[20240124_13:17:24_976] # [T76752][AX70CM_SetVehicleBrakePedalSts][942]Brake Sts:0
[20240124_13:17:24_976] # [T76761][APAVisionOblAdd][1323]Vision Obl merge: 63
[20240124_13:17:24_976] # [T76761][APAVisionOblAdd][1326]Receive Vision Obl CrossPointCoord: 0: -8083, 10366; 1: -3246, 10530
[20240124_13:17:24_976] # [T76761][APAVisionOblInfoDebugPrint][118]VisionOblInfo:
[20240124_13:17:24_976] # [T76762][APAVisionOblInfoDebugPrint][119]OblType: 0, bIsMerge 0, DetectCount 18
[20240124_13:17:24_980] # [T76762][APAVisionOblInfoDebugPrint][122]CrossPointCoord: 0: -8011, 10288; 1: -3320, 10508
[20240124_13:17:24_982] # [T76763][APAVisionOblInfoDebugPrint][125]OriginCrossPointCoord: 0: 8089, 3772; 1: 3252, 3941
[20240124_13:17:24_982] # [T76763][APAVisionOblInfoDebugPrint][126]VehCoordAndAng: 0, 6585, ang -0.001(-0.065)
[20240124_13:17:24_982] # [T76764][APAVisionOblInfoDebugPrint][127] 
[20240124_13:17:24_982] # [T76764][VisionSlotAddValidCheck][893]Vision slot Length: 2300,2300, Depth 4839,4839
[20240124_13:17:24_982] # [T76764][VisionSlotAdd][1521]Added Vision Slot[0][4] Num 5 OriCoord: 0: 3252, 3941; 1: 8089, 3772; 2: 8009, 1473; 3: 3172, 1642
[20240124_13:17:24_982] # [T76765][VisionSlotAdd][1522]VehCoordAndAngle: 0, 6585, ang -0.001 (-0.065)
[20240124_13:17:24_982] # [T76765][VisionSlotAdd][1523]Current VehPos: 1, 6847, ang -0.001 (-0.075)
[20240124_13:17:24_982] # [T76766][VisionSlotAdd][1528]Convert Vision Slot[0][4] Coord: 0: -3246, 10530; 1: -8083, 10366; 2: -8006, 8067; 3: -3169, 8231
[20240124_13:17:24_983] # [T76767][VisionSlotAdd][1533]Old Vision Slot[0][4] Coord: 0: -3319, 10519; 1: -8033, 10312; 2: -7931, 8013; 3: -3217, 8221
[20240124_13:17:24_983] # [T76767][VisionSlotAddSlotWeightCal][1014]u32Weight: 6, CentreY: 2791.500, DisY: 1503.500, SlotAng: -2.001
[20240124_13:17:24_984] # [T76768][VisionSlotAdd][1576]New Vision Slot[0][4] Coord: 0: -3306, 10521; 1: -8042, 10321; 2: -7944, 8023; 3: -3209, 8223
[20240124_13:17:24_990] # [T76768][VisionSlotAdd][1600]vision slot [0][4], u32Weight: 6, Sum: 34, SlotAng: -177.579, CurSlotAng: -178.064
[20240124_13:17:25_018] # [T76804][APARadarFilterSaveOblPointToSlotBuf][832]******  Outline[1] cnt [41] Point[39]  *******
[20240124_13:17:25_020] # [T76804][APARadarFilterSaveOblPointToSlotBuf][833]VehCoord[1][39]: 0, 6605, VehAng: -1
[20240124_13:17:25_020] # [T76805][APARadarFilterSaveOblPointToSlotBuf][834]OblCoord[1][39]: 2535, 10053, Dis: 1597, Big: 0
[20240124_13:17:25_020] # 
[20240124_13:17:25_020] # [T76806][APARadarFilterSaveOblPointToSlotBuf][832]******  Outline[0] cnt [59] Point[57]  *******
[20240124_13:17:25_023] # [T76806][APARadarFilterSaveOblPointToSlotBuf][833]VehCoord[0][57]: 0, 6605, VehAng: -1
[20240124_13:17:25_038] # [T76806][APARadarFilterSaveOblPointToSlotBuf][834]OblCoord[0][57]: -3510, 10233, Dis: 2580, Big: 0
[20240124_13:17:25_038] # 
[20240124_13:17:25_055] # [T76841][APAVisionOblAdd][1323]Vision Obl merge: 63
[20240124_13:17:25_055] # [T76841][APAVisionOblAdd][1326]Receive Vision Obl CrossPointCoord: 0: -8086, 10339; 1: -3271, 10501
[20240124_13:17:25_055] # [T76841][APAVisionOblInfoDebugPrint][118]VisionOblInfo:
[20240124_13:17:25_059] # [T76842][APAVisionOblInfoDebugPrint][119]OblType: 0, bIsMerge 0, DetectCount 19
[20240124_13:17:25_059] # [T76842][APAVisionOblInfoDebugPrint][122]CrossPointCoord: 0: -8015, 10291; 1: -3317, 10508
[20240124_13:17:25_061] # [T76843][APAVisionOblInfoDebugPrint][125]OriginCrossPointCoord: 0: 8092, 3638; 1: 3277, 3806
[20240124_13:17:25_061] # [T76843][APAVisionOblInfoDebugPrint][126]VehCoordAndAng: 1, 6691, ang -0.001(-0.069)
[20240124_13:17:25_061] # [T76844][APAVisionOblInfoDebugPrint][127] 
[20240124_13:17:25_061] # [T76844][VisionSlotAddValidCheck][893]Vision slot Length: 2209,2210, Depth 4817,4817
[20240124_13:17:25_061] # [T76844][VisionSlotAdd][1521]Added Vision Slot[0][4] Num 5 OriCoord: 0: 3277, 3806; 1: 8092, 3638; 2: 8015, 1429; 3: 3200, 1598
[20240124_13:17:25_061] # [T76845][VisionSlotAdd][1522]VehCoordAndAngle: 1, 6691, ang -0.001 (-0.069)
[20240124_13:17:25_061] # [T76845][VisionSlotAdd][1523]Current VehPos: 1, 6943, ang -0.001 (-0.079)
[20240124_13:17:25_061] # [T76846][VisionSlotAdd][1528]Convert Vision Slot[0][4] Coord: 0: -3271, 10501; 1: -8086, 10339; 2: -8012, 8130; 3: -3197, 8293
[20240124_13:17:25_064] # [T76847][VisionSlotAdd][1533]Old Vision Slot[0][4] Coord: 0: -3306, 10521; 1: -8042, 10321; 2: -7944, 8023; 3: -3209, 8223
[20240124_13:17:25_064] # [T76847][VisionSlotAddSlotWeightCal][1014]u32Weight: 7, CentreY: 2702.000, DisY: 1414.000, SlotAng: -2.004
[20240124_13:17:25_064] # [T76848][VisionSlotAdd][1576]New Vision Slot[0][4] Coord: 0: -3300, 10518; 1: -8049, 10324; 2: -7956, 8041; 3: -3207, 8235
[20240124_13:17:25_084] # [T76848][VisionSlotAdd][1600]vision slot [0][4], u32Weight: 7, Sum: 41, SlotAng: -177.663, CurSlotAng: -178.065
[20240124_13:17:25_148] #   76933-task_radar-118: RadarCaptureCnt is 358 
[20240124_13:17:25_148] # 
[20240124_13:17:25_148] # [T76933][APAVisionOblAdd][1323]Vision Obl merge: 63
[20240124_13:17:25_148] # [T76933][APAVisionOblAdd][1326]Receive Vision Obl CrossPointCoord: 0: -8110, 10422; 1: -3282, 10584
[20240124_13:17:25_149] # [T76934][APAVisionOblInfoDebugPrint][118]VisionOblInfo:
[20240124_13:17:25_149] # [T76934][APAVisionOblInfoDebugPrint][119]OblType: 0, bIsMerge 0, DetectCount 20
[20240124_13:17:25_149] # [T76934][APAVisionOblInfoDebugPrint][122]CrossPointCoord: 0: -8020, 10297; 1: -3315, 10512
[20240124_13:17:25_156] # [T76935][APAVisionblInfoDebugPrint][125]OriginCrossPointCoord: 0: 8116, 3617; 1: 3289, 3785
[20240124_13:17:25_156] # [T76935][APAVisionOblInfoDebugPrint][126]VehCoordAndAng: 1, 6795, ang -0.001(-0.073)
[20240124_13:17:25_156] # [T76936][APAVisionOblInfoDebugPrint][127] 
[20240124_13:17:25_156] # [T76936][VisionSlotAddValidCheck][893]Vision slot Length: 2305,2305, Depth 4829,4829
[20240124_13:17:25_157] # [T76937][VisionSlotAdd][1521]Added Vision Slot[0][4] Num 5 OriCoord: 0: 3289, 3785; 1: 8116, 3617; 2: 8036, 1313; 3: 3209, 1481
[20240124_13:17:25_157] # [T76937][VisionSlotAdd][1522]VehCoordAndAngle: 1, 6795, ang -0.001 (-0.073)
[20240124_13:17:25_157] # [T76938][VisionSlotAdd][1523]Current VehPos: 1, 7051, ang -0.001 (-0.084)
[20240124_13:17:25_157] # [T76938][VisionSlotAdd][1528]Convert Vision Slot[0][4] Coord: 0: -3282, 10584; 1: -8110, 10422; 2: -8033, 8118; 3: -3205, 8280
[20240124_13:17:25_157] # [T76939][VisionSlotAdd][1533]Old Vision Slot[0][4] Coord: 0: -3300, 10518; 1: -8049, 10324; 2: -7956, 8041; 3: -3207, 8235
[20240124_13:17:25_157] # [T76940][VisionSlotAddSlotWeightCal][1014]u32Weight: 8, CentreY: 2633.000, DisY: 1345.000, SlotAng: -1.993
[20240124_13:17:25_158] # [T76940][VisionSlotAdd][1576]New Vision Slot[0][4] Coord: 0: -3297, 10529; 1: -8059, 10340; 2: -7968, 8053; 3: -3207, 8242
[20240124_13:17:25_170] # [T76941][VisionSlotAdd][1600]vision slot [0][4], u32Weight: 8, Sum: 49, SlotAng: -177.732, CurSlotAng: -178.080
[20240124_13:17:25_171] # [T76957][APARadarFilterSaveOblPointToSlotBuf][832]******  Outline[0] cnt [60] Point[58]  *******
[20240124_13:17:25_186] # [T76957][APARadarFilterSaveOblPointToSlotBuf][833]VehCoord[0][58]: 1, 6737, VehAng: -1
[20240124_13:17:25_186] # [T76958][APARadarFilterSaveOblPointToSlotBuf][834]OblCoord[0][58]: -945, 9908, Dis: 32767, Big: 0
[20240124_13:17:25_186] # 
[20240124_13:17:25_186] # [T76971][DecisionParkInRequestCalPath][3130]CalID[6], SideIndex[0], SlotIndex[2], PlanCmd[3]
[20240124_13:17:25_189] # [T76971][APAParkManaParkingSetParkingSideSwitched][2622]Parking Side Switched Finish. LeftIndex[1], RightIndex[0], Side[1]
[20240124_13:17:25_189] # [T76972][APAParkManaParkingSetParkingSideSwitched][2637]Parking Slot Data Switch Finish.
[20240124_13:17:25_191] # [T76973][locate_position_set][337]locate reset pos@76973: 1  -1.587, 7099.280, 0.1, minus: 11.000
[20240124_13:17:25_191] # 
[20240124_13:17:25_191] # [T76973][VT_APAPathPlanningHandle][2279]after: 0  1  1
[20240124_13:17:25_191] # [T76974][VT_APAPathPlanningHandle][2280]!!  id:0  !! index = 2
[20240124_13:17:25_191] # 
[20240124_13:17:25_191] # [T76974][DebugInfoStartInStepN][11197]req-2
[20240124_13:17:25_191] # [T76974][DebugInfoStartInStepN][11199]******************** path planning information ******* [2] ****************[-1  7099]****
[20240124_13:17:25_195] # [T76975][DebugInfoStartInStepN][11200]start_pos x = 1 y = 7099  veh*10: 0
[20240124_13:17:25_196] # [T76975][DebugInfoStartInStepN][11201]TargetDriveDirection = 0
[20240124_13:17:25_196] # [T76976][DebugInfoStartInStepN][11202]obl1 = 0 0 obl2 = 200 0
[20240124_13:17:25_196] # [T76976][DebugInfoStartInStepN][11203]endpos = 0 0  veh*10: 0
[20240124_13:17:25_196] # [T76976][APAPathPlanningPerpendCalPath][10298]4  0
[20240124_13:17:25_196] # [T76977][APAPathPlanningStep1DataDuringSearchingSlot][8668]1000   7099000     0
[20240124_13:17:25_196] # [T76977][APAPathPlanningStep1DataDuringSearchingSlot][8669]-35000   -4982000     0
[20240124_13:17:25_197] # [T76978][APAPathPlanningStep1DataDuringSearchingSlot][8670]1000   0     1000
[20240124_13:17:25_197] # [T76978][APAPathPlanningStep1DataDuringSearchingSlot][8671]VehTurningCenterPt = 0, 0
[20240124_13:17:25_197] # [T76979][APAPathPlanningStep1DataDuringSearchingSlot][8672]VehRearAxisCenterTurningRadius = 0
[20240124_13:17:25_197] # [T76979][APAPathPlanningStep1DataDuringSearchingSlot][8673]CalResult = 1
[20240124_13:17:25_197] # [T76980][APAPathPlanningPerpendSearchSlotCalPath][10686]0, 1586
[20240124_13:17:25_197] # [T76980][APAPathPlanningPerpendSearchSlotCalPath][11419]42
[20240124_13:17:25_197] # [T76980][APAPathPlanningPerpendSearchSlotCalPath][11450]43
[20240124_13:17:25_198] # [T76981][APAPathPlanningPerpendSearchSlotCalPath][11532]false
[20240124_13:17:25_198] # [T76981][APAPathPlanningPerpendCalNewParkingPath][12119]p4 CalResult = 0        flag = 1
[20240124_13:17:25_198] # [T76981][APAPathPlanningPerpendCalNewParkingPath][12156]p6 0
[20240124_13:17:25_203] # [T76982][APAPathPlanningAddOneBackLine][10758]pts: 0     pt_line: 0     jiaodu(*100): 0
[20240124_13:17:25_203] # [T76983][DecisionParkInRequestCalPath][3150]Request Planning Failed: CalID[6], Side[0], Class[2], Type[2]
[20240124_13:17:25_210] # [T76983][APAPOEraseSlotTypeByFlash][118]Parking Out: Erase Flash Successfully
[20240124_13:17:25_210] # [T76992][DecisionParkInRequestCalPath][3130]CalID[4], SideIndex[0], SlotIndex[1], PlanCmd[3]
[20240124_13:17:25_210] # [T76993][DebugInfoStartInStepN][11197]req-2
[20240124_13:17:25_211] # [T76993][DebugInfoStartInStepN][11199]******************** path planning information ******* [2] ****************[-1  7123]****
[20240124_13:17:25_211] # [T76994][DebugInfoStartInStepN][11200]start_pos x = -1 y = 7123  veh*10: 0
[20240124_13:17:25_211] # [T76994][DebugInfoStartInStepN][11201]TargetDriveDirection = 0
[20240124_13:17:25_211] # [T76995][DebugInfoStartInStepN][11202]obl1 = 0 0 obl2 = 200 0
[20240124_13:17:25_211] # [T76995][DebugInfoStartInStepN][11203]endpos = 0 0  veh*10: 0
[20240124_13:17:25_211] # [T76995][APAPathPlanningPerpendCalPath][10298]4  0
[20240124_13:17:25_214] # [T76996][APAPathPlanningStep1DataDuringSearchingSlot][8668]-1000   7123000     0
[20240124_13:17:25_214] # [T76996][APAPathPlanningStep1DataDuringSearchingSlot][8669]-35000   -4982000     0
[20240124_13:17:25_216] # [T76996][APAPathPlanningStep1DataDuringSearchingSlot][8670]1000   0     -1000
[20240124_13:17:25_216] # [T76997][APAPathPlanningStep1DataDuringSearchingSlot][8671]VehTurningCenterPt = 0, 0
[20240124_13:17:25_216] # [T76997][APAPathPlanningStep1DataDuringSearchingSlot][8672]VehRearAxisCenterTurningRadius = 0
[20240124_13:17:25_216] # [T76998][APAPathPlanningStep1DataDuringSearchingSlot][8673]CalResult = 1
[20240124_13:17:25_216] # [T76998][APAPathPlanningPerpendSearchSlotCalPath][10686]0, -1622
[20240124_13:17:25_216] # [T76999][APAPathPlanningPerpendSearchSlotCalPath][11419]42
[20240124_13:17:25_217] # [T76999][APAPathPlanningPerpendSearchSlotCalPath][11450]43
[20240124_13:17:25_217] # [T76999][APAPathPlanningPerpendSearchSlotCalPath][11532]false
[20240124_13:17:25_217] # [T77000][APAPathPlanningPerpendCalNewParkingPath][12119]p4 CalResult = 0        flag = 1
[20240124_13:17:25_217] # [T77000][APAPathPlanningPerpendCalNewParkingPath][12156]p6 0
[20240124_13:17:25_222] # [T77000][APAPathPlanningAddOneBackLine][10758]pts: 0     pt_line: 0     jiaodu(*100): 0
[20240124_13:17:25_222] # [T77002][DecisionParkInRequestCalPath][3150]Request Planning Failed: CalID[4], Side[0], Class[2], Type[2]
[20240124_13:17:25_222] # [T77003][APAVisionOblAdd][1323]Vision Obl merge: 63
[20240124_13:17:25_222] # [T77003][APAVisionOblAdd][1326]Receive Vision Obl CrossPointCoord: 0: 8074, 10381; 1: 3301, 10542
[20240124_13:17:25_222] # [T77003][APAVisionOblInfoDebugPrint][118]VisionOblInfo:
[20240124_13:17:25_223] # [T77004][APAVisionOblInfoDebugPrint][119]OblType: 0, bIsMerge 0, DetectCount 21
[20240124_13:17:25_223] # [T77004][APAVisionOblInfoDebugPrint][122]CrossPointCoord: 0: 8022, 10301; 1: 3315, 10513
[20240124_13:17:25_223] # [T77005][APAVisionOblInfoDebugPrint][125]OriginCrossPointCoord: 0: 8080, 3512; 1: 3308, 3679
[20240124_13:17:25_223] # [T77005][APAVisionOblInfoDebugPrint][126]VehCoordAndAng: -1, 6859, ang 0.001(0.076)
[20240124_13:17:25_223] # [T77006][APAVisionOblInfoDebugPrint][127] 
[20240124_13:17:25_223] # [T77006][VisionSlotAddValidCheck][893]Vision slot Length: 2316,2315, Depth 4774,4774
[20240124_13:17:25_224] # [T77006][VisionSlotAdd][1521]Added Vision Slot[0][4] Num 5 OriCoord: 0: 3308, 3679; 1: 8080, 3512; 2: 7999, 1198; 3: 3227, 1364
[20240124_13:17:25_224] # [T77007][VisionSlotAdd][1522]VehCoordAndAngle: -1, 6859, ang 0.001 (0.076)
[20240124_13:17:25_224] # [T77007][VisionSlotAdd][1523]Current VehPos: -1, 7124, ang 0.002 (0.087)
[20240124_13:17:25_227] # [T77008][VisionSlotAdd][1528]Convert Vision Slot[0][4] Coord: 0: 3301, 10542; 1: 8074, 10381; 2: 7996, 8067; 3: 3223, 8227
[20240124_13:17:25_228] # [T77009][VisionSlotAdd][1533]Old Vision Slot[0][4] Coord: 0: 3297, 10529; 1: 8059, 10340; 2: 7968, 8053; 3: 3207, 8242
[20240124_13:17:25_228] # [T77009][VisionSlotAddSlotWeightCal][1014]u32Weight: 9, CentreY: 2521.500, DisY: 1233.500, SlotAng: -1.998
[20240124_13:17:25_228] # [T77010][VisionSlotAdd][1576]New Vision Slot[0][4] Coord: 0: 3298, 10531; 1: 8061, 10347; 2: 7973, 8056; 3: 3209, 8240
[20240124_13:17:25_228] # [T77010][VisionSlotAdd][1600]vision slot [0][4], u32Weight: 9, Sum: 58, SlotAng: -2.214, CurSlotAng: -1.922
[20240124_13:17:25_228] # [T77011][APARadarFilterSaveOblPointToSlotBuf][832]******  Outline[1] cnt [42] Point[40]  *******
[20240124_13:17:25_229] # [T77012][APARadarFilterSaveOblPointToSlotBuf][833]VehCoord[1][40]: -1, 6798, VehAng: 1
[20240124_13:17:25_229] # [T77012][APARadarFilterSaveOblPointToSlotBuf][834]OblCoord[1][40]: -955, 9966, Dis: 32767, Big: 0
[20240124_13:17:25_229] # 
[20240124_13:17:25_229] # [T77013][DecisionParkInRequestCalPath][3130]CalID[5], SideIndex[1], SlotIndex[1], PlanCmd[3]
[20240124_13:17:25_233] # [T77013][APAParkManaParkingSetParkingSideSwitched][2622]Parking Side Switched Finish. LeftIndex[0], RightIndex[1], Side[0]
[20240124_13:17:25_233] # [T77014][APAParkManaParkingSetParkingSideSwitched][2637]Parking Slot Data Switch Finish.
[20240124_13:17:25_233] # [T77015][locate_position_set][337]locate reset pos@77015: 0  1.643, 7136.551, -0.1, minus: 12.100
[20240124_13:17:25_234] # 
[20240124_13:17:25_234] # [T77015][VT_APAPathPlanningHandle][2279]after: 1  0  0
[20240124_13:17:25_234] # [T77015][VT_APAPathPlanningHandle][2280]!!  id:0  !! index = 1
[20240124_13:17:25_234] # 
[20240124_13:17:25_234] # [T77016][DebugInfoStartInStepN][11197]req-2
[20240124_13:17:25_234] # [T77016][DebugInfoStartInStepN][11199]******************** path planning information ******* [2] ****************[1  7136]****
[20240124_13:17:25_234] # [T77017][DebugInfoStartInStepN][11200]start_pos x = -1 y = 7136  veh*10: 0
[20240124_13:17:25_234] # [T77017][DebugInfoStartInStepN][11201]TargetDriveDirection = 0
[20240124_13:17:25_234] # [T77017][DebugInfoStartInStepN][11202]obl1 = 0 0 obl2 = 200 0
[20240124_13:17:25_235] # [T77018][DebugInfoStartInStepN][11203]endpos = 0 0  veh*10: 0
[20240124_13:17:25_235] # [T77018][APAPathPlanningPerpendCalPath][10298]4  0
[20240124_13:17:25_238] # [T77018][APAPathPlanningStep1DataDuringSearchingSlot][8668]-1000   7136000     0
[20240124_13:17:25_239] # [T77019][APAPathPlanningStep1DataDuringSearchingSlot][8669]35000   -4982000     0
[20240124_13:17:25_239] # [T77019][APAPathPlanningStep1DataDuringSearchingSlot][8670]1000   0     -1000
[20240124_13:17:25_239] # [T77020][APAPathPlanningStep1DataDuringSearchingSlot][8671]VehTurningCenterPt = 0, 0
[20240124_13:17:25_240] # [T77020][APAPathPlanningStep1DataDuringSearchingSlot][8672]VehRearAxisCenterTurningRadius = 0
[20240124_13:17:25_240] # [T77021][APAPathPlanningStep1DataDuringSearchingSlot][8673]CalResult = 1
[20240124_13:17:25_240] # [T77021][APAPathPlanningPerpendSearchSlotCalPath][10686]0, -1642
[20240124_13:17:25_240] # [T77022][APAPathPlanningPerpendSearchSlotCalPath][11419]42
[20240124_13:17:25_240] # [T77022][APAPathPlanningPerpendSearchSlotCalPath][11450]43
[20240124_13:17:25_240] # [T77022][APAPathPlanningPerpendSearchSlotCalPath][11532]false
[20240124_13:17:25_240] # [T77023][APAPathPlanningPerpendCalNewParkingPath][12119]p4 CalResult = 0        flag = 1
[20240124_13:17:25_240] # [T77023][APAPathPlanningPerpendCalNewParkingPath][12156]p6 0
[20240124_13:17:25_242] # [T77023][APAPathPlanningAddOneBackLine][10758]pts: 0     pt_line: 0     jiaodu(*100): 0
[20240124_13:17:25_249] # [T77024][DecisionParkInRequestCalPath][3150]Request Planning Failed: CalID[5], Side[1], Class[2], Type[2]
[20240124_13:17:25_249] # [T77034][DecisionParkInRequestCalPath][3130]CalID[3], SideIndex[0], SlotIndex[0], PlanCmd[3]
[20240124_13:17:25_249] # [T77034][APAParkManaParkingSetParkingSideSwitched][2622]Parking Side Switched Finish. LeftIndex[1], RightIndex[0], Side[1]
[20240124_13:17:25_249] # [T77035][APAParkManaParkingSetParkingSideSwitched][2637]Parking Slot Data Switch Finish.
[20240124_13:17:25_255] # [T77036][locate_position_set][337]locate reset pos@77036: 1  -1.678, 7159.569, 0.1, minus: 11.000
[20240124_13:17:25_255] # 
[20240124_13:17:25_255] # [T77036][VT_APAPathPlanningHandle][2279]after: 0  1  1
[20240124_13:17:25_255] # [T77036][VT_APAPathPlanningHandle][2280]!! id:0  !! index = 0
[20240124_13:17:25_255] # 
[20240124_13:17:25_255] # [T77037][DebugInfoStartInStepN][11197]req-2
[20240124_13:17:25_256] # [T77037][DebugInfoStartInStepN][11199]******************** path planning information ******* [2] ****************[-1  7159]****
[20240124_13:17:25_256] # [T77038][DebugInfoStartInStepN][11200]start_pos x = 1 y = 7159  veh*10: 0
[20240124_13:17:25_256] # [T77038][DebugInfoStartInStepN][11201]TargetDriveDirection = 0
[20240124_13:17:25_256] # [T77038][DebugInfoStartInStepN][11202]obl1 = 0 0 obl2 = 200 0
[20240124_13:17:25_256] # [T77039][DebugInfoStartInStepN][11203]endpos = 0 0  veh*10: 0
[20240124_13:17:25_256] # [T77039][APAPathPlanningPerpendCalPath][10298]4  0
[20240124_13:17:25_257] # [T77039][APAPathPlanningStep1DataDuringSearchingSlot][8668]1000   7159000     0
[20240124_13:17:25_257] # [T77040][APAPathPlanningStep1DataDuringSearchingSlot][8669]-35000   -4982000     0
[20240124_13:17:25_261] # [T77040][APAPathPlanningStep1DataDuringSearchingSlot][8670]1000   0     1000
[20240124_13:17:25_261] # [T77041][APAPathPlanningStep1DataDuringSearchingSlot][8671]VehTurningCenterPt = 0, 0
[20240124_13:17:25_261] # [T77041][APAPathPlanningStep1DataDuringSearchingSlot][8672]VehRearAxisCenterTurningRadius = 0
[20240124_13:17:25_261] # [T77042][APAPathPlanningStep1DataDuringSearchingSlot][8673]CalResult = 1
[20240124_13:17:25_261] # [T77042][APAPathPlanningPerpendSearchSlotCalPath][10686]0, 1678
[20240124_13:17:25_262] # [T77043][APAPathPlanningPerpendSearchSlotCalPath][11419]42
[20240124_13:17:25_262] # [T77043][APAPathPlanningPerpendSearchSlotCalPath][11450]43
[20240124_13:17:25_262] # [T77043][APAPathPlanningPerpendSearchSlotCalPath][11532]false
[20240124_13:17:25_262] # [T77044][APAPathPlanningPerpendCalNewParkingPath][12119]p4 CalResult = 0        flag = 1
[20240124_13:17:25_262] # [T77044][APAPathPlanningPerpendCalNewParkingPath][12156]p6 0
[20240124_13:17:25_262] # [T77044][APAPathPlanningAddOneBackLine][10758]pts: 0     pt_line: 0     jiaodu(*100): 0
[20240124_13:17:25_270] # [T77045][DecisionParkInRequestCalPath][3150]Request Planning Failed: CalID[3], Side[0], Class[2], Type[2]
[20240124_13:17:25_271] # [T77055][DecisionParkInRequestCalPath][3130]CalID[2], SideIndex[1], SlotIndex[0], PlanCmd[3]
[20240124_13:17:25_271] # [T77056][APAParkManaParkingSetParkingSideSwitched][2622]Parking Side Switched Finish. LeftIndex[0], RightIndex[1], Side[0]
[20240124_13:17:25_276] # [T77056][APAParkManaParkingSetParkingSideSwitched][2637]Parking Slot Data Switch Finish.
[20240124_13:17:25_276] # [T77057][locate_position_set][337]locate reset pos@77057: 0  1.716, 7183.687, -0.1, minus: 11.000
[20240124_13:17:25_276] # 
[20240124_13:17:25_277] # [T77057][VT_APAPathPlanningHandle][2279]after: 1  0  0
[20240124_13:17:25_277] # [T77058][VT_APAPathPlanningHandle][2280]!!  id:0  !! index = 0
[20240124_13:17:25_277] # 
[20240124_13:17:25_277] # [T77058][DebugInfoStartInStepN][11197]req-2
[20240124_13:17:25_277] # [T77058][DebugInfoStartInStepN][11199]******************** path planning information ******* [2] ****************[1  7183]****
[20240124_13:17:25_277] # [T77059][DebugInfoStartInStepN][11200]start_pos x = -1 y = 7183  veh*10: 0
[20240124_13:17:25_277] # [T77060][DebugInfoStartInStepN][11201]TargetDriveDirection = 0
[20240124_13:17:25_277] # [T77060][DebugInfoStartInStepN][11202]obl1 = 0 0 obl2 = 200 0
[20240124_13:17:25_277] # [T77060][DebugInfoStartInStepN][11203]endpos = 0 0  veh*10: 0
[20240124_13:17:25_277] # [T77061][APAPathPlanningPerpendCalPath][10298]4  0
[20240124_13:17:25_277] # [T77061][APAPathPlanningStep1DataDuringSearchingSlot][8668]-1000   7183000     0
[20240124_13:17:25_282] # [T77062][APAPathPlanningStep1DataDuringSearcingSlot][8669]35000   -4982000     0
[20240124_13:17:25_282] # [T77062][APAPathPlanningStep1DataDuringSearchingSlot][8670]1000   0     -1000
[20240124_13:17:25_282] # [T77063][APAPathPlanningStep1DataDuringSearchingSlot][8671]VehTurningCenterPt = 0, 0
[20240124_13:17:25_282] # [T77063][APAPathPlanningStep1DataDuringSearchingSlot][8672]VehRearAxisCenterTurningRadius = 0
[20240124_13:17:25_282] # [T77064][APAPathPlanningStep1DataDuringSearchingSlot][8673]CalResult = 1
[20240124_13:17:25_283] # [T77064][APAPathPlanningPerpendSearchSlotCalPath][10686]0, -1715
[20240124_13:17:25_283] # [T77064][APAPathPlanningPerpendSearchSlotCalPath][11419]42
[20240124_13:17:25_283] # [T77065][APAPthPlanningPerpendSearchSlotCalPath][11450]43
[20240124_13:17:25_283] # [T77065][APAPathPlanningPerpendSearchSlotCalPath][11532]false
[20240124_13:17:25_283] # [T77065][APAPathPlanningPerpendCalNewParkingPath][12119]p4 CalResult = 0        flag = 1
[20240124_13:17:25_283] # [T77066][APAPathPlanningPerpendCalNewParkingPath][12156]p6 0
[20240124_13:17:25_283] # [T77066][APAPathPlanningAddOneBackLine][10758]pts: 0     pt_line: 0     jiaodu(*100): 0
[20240124_13:17:25_284] # [T77067][APARadarFilterSaveOblPointToSlotBuf][832]******  Outline[0] cnt [60] Point[58]  *******
[20240124_13:17:25_284] # [T77067][APARadarFilterSaveOblPointToSotBuf][833]VehCoord[0][58]: 1, 6833, VehAng: -1
[20240124_13:17:25_289] # [T77068][APARadarFilterSaveOblPointToSlotBuf][834]OblCoord[0][58]: -3422, 10447, Dis: 2494, Big: 0
[20240124_13:17:25_289] # 
[20240124_13:17:25_300] # [T77069][DecisionParkInRequestCalPath][3150]Request Planning Failed: CalID[2], Side[1], Class[2], Type[2]
[20240124_13:17:25_300] # [T77085][APAVisionOblAdd][1323]Vision Obl merge: 63
[20240124_13:17:25_300] # [T77085][APAVisionOblAdd][1326]Receive Vision Obl CrossPointCoord: 0: -8175, 10394; 1: -3283, 10558
[20240124_13:17:25_300] # [T77085][APAVisionOblInfoDebugPrint][118]VisionOblInfo:
[20240124_13:17:25_301] # [T77086][APAVisionOblInfoDebugPrint][119]OblType: 0, bIsMerge 0, DetectCount 22
[20240124_13:17:25_305] # [T77086][APAVisionOblInfoDebugPrint][122]CrossPointCoord: 0: -8029, 10306; 1: -3313, 10515
[20240124_13:17:25_305] # [T77087][APAVisionOblInfoDebugPrint][125]OriginCrossPointCoord: 0: 8182, 3421; 1: 3290, 3592
[20240124_13:17:25_305] # [T77087][APAVisionOblInfoDebugPrint][126]VehCoordAndAng: 1, 6961, ang -0.001(-0.080)
[20240124_13:17:25_305] # [T77088][APAVisionOblInfoDebugPrint][127] 
[20240124_13:17:25_305] # [T77088][VisionSlotAddValidCheck][893]Vision slot Length: 2329,2329, Depth 4894,4895
[20240124_13:17:25_305] # [T77088][VisionSlotAdd][1521]Added Vision Slot[0][4] Num 5 OriCoord: 0: 3290, 3592; 1: 8182, 3421; 2: 8101, 1093; 3: 3208, 1264
[20240124_13:17:25_306] # [T77089][VisionSlotAdd][1522]VehCoordAndAngle: 1, 6961, ang -0.001 (-0.080)
[20240124_13:17:25_306] # [T77089][VisionSlotAdd][1523]Current VehPos: 1, 7208, ang -0.002 (-0.090)
[20240124_13:17:25_306] # [T77090][VisionSlotAdd][1528]Convert Vision Slot[0][4] Coord: 0: -3283, 10558; 1: -8175, 10394; 2: -8098, 8066; 3: -3204, 8230
[20240124_13:17:25_309] # [T77090][VisionSlotAdd][1533]Old Vision Slot[0][4] Coord: 0: -3298, 10531; 1: -8061, 10347; 2: -7973, 8056; 3: -3209, 8240
[20240124_13:17:25_309] # [T77091][VisionSlotAddSlotWeightCal][1014]u32Weight: 10, CentreY: 2428.000, DisY: 1140.000, SlotAng: -2.002
[20240124_13:17:25_309] # [T77092][VisionSlotAdd][1576]New Vision Slot[0][4] Coord: 0: -3296, 10535; 1: -8078, 10354; 2: -7991, 8057; 3: -3208, 8238
[20240124_13:17:25_316] # [T77092][VisionSlotAdd][1600]vision slot [0][4], u32Weight: 10, Sum: 68, SlotAng: -177.830, CurSlotAng: -178.078
[20240124_13:17:25_325] # [T77110][APARadarFilterSaveOblPointToSlotBuf][832]******  Outline[1] cnt [42] Point[40]  *******
[20240124_13:17:25_325] # [T77110][APARadarFilterSaveOblPointToSlotBuf][833]VehCoord[1][40]: 1, 6895, VehAng: -1
[20240124_13:17:25_329] # [T77111][APARadarFilterSaveOblPointToSlotBuf][834]OblCoord[1][40]: 2590, 10352, Dis: 1650, Big: 0
[20240124_13:17:25_329] # 
[20240124_13:17:25_330] # [T77112][APARadarFilterSaveOblPointToSlotBuf][832]******  Outline[0] cnt [61] Point[59]  *******
[20240124_13:17:25_330] # [T77112][APARadarFilterSaveOblPointToSlotBuf][833]VehCoord[0][59]: 1, 6895, VehAng: -1
[20240124_13:17:25_335] # [T77113][APARadarFilterSaveOblPointToSlotBuf][834]OblCoord[0][59]: -3454, 10515, Dis: 2526, Big: 0
[20240124_13:17:25_335] # 
[20240124_13:17:25_380] # [T77165][APAVisionOblAdd][1323]Vision Obl merge: 63
[20240124_13:17:25_380] # [T77165][APAVisionOblAdd][1326]Receive Vision Obl CrossPointCoord: 0: -8091, 10389; 1: -3321, 10549
[20240124_13:17:25_381] # [T77165][APAVisionOblInfoDebugPrint][118]VisionOblInfo:
[20240124_13:17:25_381] # [T77166][APAVisionOblInfoDebugPrint][119]OblType: 0, bIsMerge 0, DetectCount 23
[20240124_13:17:25_381] # [T77166][APAVisionOblInfoDebugPrint][122]CrossPointCoord: 0: -8032, 10309; 1: -3313, 10516
[20240124_13:17:25_386] # [T77167][APAVisionOblInfoDebugPrint][125]OriginCrossPointCoord: 0: 8098, 3326; 1: 3328, 3493
[20240124_13:17:25_386] # [T77167][APAVisionOblInfoDebugPrint][126]VehCoordAndAng: 1, 7051, ang -0.001(-0.084)
[20240124_13:17:25_386] # [T77168][APAVisionOblInfoDebugPrint][127] 
[20240124_13:17:25_386] # [T77168][VisionSlotAddValidCheck][893]Vision slot Length: 2302,2302, Depth 4772,4772
[20240124_13:17:25_386] # [T77168][VisionSlotAdd][1521]Added Vision Slot[0][4] Num 5 OriCoord: 0: 3328, 3493; 1: 8098, 3326; 2: 8017, 1025; 3: 3247, 1192
[20240124_13:17:25_386] # [T77169][VisionSlotAdd][1522]VehCoordAndAngle: 1, 7051, ang -0.001 (-0.084)
[20240124_13:17:25_387] # [T77169][VisionSlotAdd][1523]Current VehPos: 1, 7305, ang -0.002 (-0.094)
[20240124_13:17:25_387] # [T77170][VisionSlotAdd][1528]Convert Vision Slot[0][4] Coord: 0: -3321, 10549; 1: -8091, 10389; 2: -8013, 8088; 3: -3243, 8248
[20240124_13:17:25_387] # [T77171][VisionSlotAdd][1533]Old Vision Slot[0][4] Coord: 0: -3296, 10535; 1: -8078, 10354; 2: -7991, 8057; 3: -3208, 8238
[20240124_13:17:25_391] # [T77171][VisionSlotAddSlotWeightCal][1014]u32Weight: 11, CentreY: 2342.500, DisY: 1054.500, SlotAng: -2.005
[20240124_13:17:25_391] # [T77172][VisionSlotAdd][1576]New Vision Slot[0][4] Coord: 0: -3299, 10537; 1: -8080, 10358; 2: -7994, 8061; 3: -3213, 8240
[20240124_13:17:25_393] # [T77173][VisionSlotAdd][1600]vision slot [0][4], u32Weight: 11, Sum: 79, SlotAng: -177.864, CurSlotAng: -178.079
[20240124_13:17:25_428] # [T77212][APARadarFilterSaveOblPointToSlotBuf][832]******  Outline[1] cnt [43] Point[41]  *******
[20240124_13:17:25_428] # [T77212][APARadarFilterSaveOblPointToSlotBuf][833]VehCoord[1][41]: 1, 7074, VehAng: -1
[20240124_13:17:25_442] # [T77213][APARadarFilterSaveOblPointToSlotBuf][834]OblCoord[1][41]: 955, 10242, Dis: 32767, Big: 0
[20240124_13:17:25_442] # 
[20240124_13:17:25_462] # [T77246][APAVisionOblAdd][1323]Vision Obl merge: 63
[20240124_13:17:25_462] # [T77246][APAVisionOblAdd][1326]Receive Vision Obl CrossPointCoord: 0: -8188, 10374; 1: -3348, 10535
[20240124_13:17:25_462] # [T77246][APAVisionOblInfoDebugPrint][118]VisionOblInfo:
[20240124_13:17:25_462] # [T77247][APAVisionOblInfoDebugPrint][119]OblType: 0, bIsMerge 0, DetectCount 24
[20240124_13:17:25_462] # [T77247][APAVisionOblInfoDebugPrint][122]CrossPointCoord: 0: -803, 10312; 1: -3315, 10517
[20240124_13:17:25_463] # [T77248][APAVisionOblInfoDebugPrint][125]OriginCrossPointCoord: 0: 8195, 3222; 1: 3355, 3391
[20240124_13:17:25_466] # [T77248][APAVisionOblInfoDebugPrint][126]VehCoordAndAng: 1, 7139, ang -0.002(-0.087)
[20240124_13:17:25_466] # [T77248][APAVisionOblInfoDebugPrint][127] 
[20240124_13:17:25_467] # [T77249][VisionSlotAddValidCheck][893]Vision slot Length: 2265,2265, Depth 4842,4842
[20240124_13:17:25_467] # [T77249][VisionSlotAdd][1521]Added Vision Slot[0][4] Num 5 OriCoord: 0: 3355, 3391; 1: 8195, 3222; 2: 8116, 958; 3: 3276, 1127
[20240124_13:17:25_467] # [T77250][VisionSlotAdd][1522]VehCoordAndAngle: 1, 7139, ang -0.002 (-0.087)
[20240124_13:17:25_467] # [T77250][VisionSlotAdd][1523]Current VehPos: 2, 7401, ang -0.002 (-0.098)
[20240124_13:17:25_467] # [T77251][VisionSlotAdd][1528]Convert Vision Slot[0][4] Coord: 0: -3348, 10535; 1: -8188, 10374; 2: -8112, 8110; 3: -3272, 8271
[20240124_13:17:25_468] # [T77251][VisionSlotAdd][1533]Old Vision Slot[0][4] Coord: 0: -3299, 10537; 1: -8080, 10358; 2: -7994, 8061; 3: -3213, 8240
[20240124_13:17:25_470] # [T77252][VisionSlotAddSlotWeightCal][1014]u32Weight: 12, CenreY: 2259.000, DisY: 971.000, SlotAng: -2.000
[20240124_13:17:25_471] # [T77253][VisionSlotAdd][1576]New Vision Slot[0][4] Coord: 0: -3306, 10537; 1: -8094, 10360; 2: -8010, 8068; 3: -3221, 8244
[20240124_13:17:25_478] # [T77253][VisionSlotAdd][1600]vision slot [0][4], u32Weight: 12, Sum: 91, SlotAng: -177.894, CurSlotAng: -178.087
[20240124_13:17:25_478] # [T77263][APARadarFilterSaveOblPointToSlotBuf][832]******  Outline[0] cnt [61] Point[59]  *******
[20240124_13:17:25_479] # [T77263][APARadarFilterSaveOblPointToSlotBuf][833]VehCoord[0][59]: 1, 7124, VehAng: -1
[20240124_13:17:25_488] # [T77264][APARadarFilterSaveOblPointToSlotBuf][834]OblCoord[0][59]: -3304, 10718, Dis: 2377, Big: 0
[20240124_13:17:25_488] # 
[20240124_13:17:25_542] # [T77326][APAVisionOblAdd][1323]Vision Obl merge: 63
[20240124_13:17:25_542] # [T77326][APAVisionOblAdd][1326]Receive Vision Obl CrossPointCoord: 0: -8253, 10380; 1: -3343, 10543
[20240124_13:17:25_542] # [T77326][APAVisionOblInfoDebugPrint][118]VisionOblInfo:
[20240124_13:17:25_542] # [T77327][APAVisionOblInfoDebugPrint][119]OblType: 0, bIsMerge 0, DetectCount 25
[20240124_13:17:25_542] # [T77327][APAVisionOblInfoDebugPrint][122]CrossPointCoord: 0: -8047, 10315; 1: -3316, 10518
[20240124_13:17:25_547] # [T77328][APAVisionOblInfoDebugPrint][125]OriginCrossPointCoord: 0: 8260, 3142; 1: 3351, 3313
[20240124_13:17:25_547] # [T77328][APAVisionOblInfoDebugPrint][126]VehCoordAndAng: 1, 7224, ang -0.002(-0.091)
[20240124_13:17:25_547] # [T77329][APAVisionOblInfoDebugPrint][127] 
[20240124_13:17:25_547] # [T77329][VisionSlotAddValidCheck][893]Vision slot Length: 2315,2315, Depth 4911,4912
[20240124_13:17:25_548] # [T77329][VisionSlotAdd][1521]Added Vision Slot[0][4] Num 5 OriCoord: 0: 3351, 3313; 1: 8260, 3142; 2: 8180, 828; 3: 3270, 999
[20240124_13:17:25_548] # [T77330][VisionSlotAdd][1522]VehCoordAndAngle: 1, 7224, ang -0.002 (-0.091)
[20240124_13:17:25_548] # [T77330][VisionSlotAdd][1523]Current VehPos: 2, 7498, ang -0.002 (-0.102)
[20240124_13:17:25_548] # [T77331][VisionSlotAdd][1528]Convert Vision Slot[0][4] Coord: 0: -3343, 10543; 1: -8253, 10380; 2: -8176, 8065; 3: -3266, 8229
[20240124_13:17:25_548] # [T77332][VisionSlotAdd][1533]Old Vision Slot[0][4] Coord: 0: -3306, 10537; 1: -8094, 10360; 2: -8010, 8068; 3: -3221, 8244
[20240124_13:17:25_548] # [T77332][VisionSlotAddSlotWeightCal][1014]u32Weight: 13, CentreY: 2156.000, DisY: 868.000, SlotAng: -1.995
[20240124_13:17:25_552] # [T77333][VisionSlotAdd][1576]New Vision Slot[0][4] Coord: 0: -3310, 10537; 1: -8114, 10363; 2: -8031, 8067; 3: -3227, 8242
[20240124_13:17:25_564] # [T77334][VisionSlotAdd][1600]vision slot [0][4], u32Weight: 13, Sum: 104, SlotAng: -177.920, CurSlotAng: -178.096
[20240124_13:17:25_623] # [T77407][VisionSlotAddValidCheck][893]Vision slot Length: 2300,2301, Depth 4876,4877
[20240124_13:17:25_623] # [T77407][VisionSlotAdd][1521]Added Vision Slot[0][4] Num 5 OriCoord: 0: 3353, 3252; 1: 8227, 3082; 2: 8147, 782; 3: 3272, 953
[20240124_13:17:25_623] # [T77408][VisionSlotAdd][1522]VehCoordAndAngle: 1, 7323, ang -0.002 (-0.095)
[20240124_13:17:25_624] # [T77408][VisionSlotAdd][1523]Current VehPos: 2, 7594, ang -0.002 (-0.106)
[20240124_13:17:25_624] # [T77409][VisionSlotAdd][1528]Convert Vision Slot[0][4] Coord: 0: -3345, 10580; 1: -8219, 10419; 2: -8143, 8118; 3: -3268, 8281
[20240124_13:17:25_629] # [T77409][VisionSlotAdd][1533]Old Vision Slot[0][4] Coord: 0: -3310, 10537; 1: -8114, 10363; 2: -8031, 8067; 3: -3227, 8242
[20240124_13:17:25_630] # [T77410][VisionSlotAddSlotWeightCal][1014]u32Weight: 14, CentreY: 2102.500, DisY: 814.500, SlotAng: -2.003
[20240124_13:17:25_630] # [T77411][VisionSlotAdd][1576]New Vision Slot[0][4] Coord: 0: -3314, 10542; 1: -8126, 10369; 2: -8044, 8073; 3: -3232, 8247
[20240124_13:17:25_630] # [T77411][VisionSlotAdd][1600]vision slot [0][4], u32Weight: 14, Sum: 118, SlotAng: -177.940, CurSlotAng: -178.092
[20240124_13:17:25_630] # [T77412][APAVisionOblAdd][1323]Vision Obl merge: 63
[20240124_13:17:25_631] # [T77412][APAVisionOblAdd][1326]Receive Vision Obl CrossPointCoord: 0: -8219, 10419; 1: -3345, 10580
[20240124_13:17:25_631] # [T77413][APAVisionOblInfoDebugPrint][118]VisionOblInfo:
[20240124_13:17:25_631] # [T77413][APAVisionOblInfoDebugPrint][119]OblType: 0, bIsMerge 0, DetectCount 26
[20240124_13:17:25_631] # [T77413][APAVisionOblInfoDebugPrint][122]CrossPointCoord: 0: -8054, 10319; 1: -3317, 10521
[20240124_13:17:25_631] # [T77414][APAVisionOblInfoDebugPrint][125]OriginCrossPointCoord: 0: 8227, 3082; 1: 3353, 3252
[20240124_13:17:25_631] # [T77414][APAVisionOblInfoDebugPrint][126]VehCoordAndAng: 1, 7323, ang -0.002(-0.095)
[20240124_13:17:25_636] # [T77415][APAVisionOblInfoDebugPrint][127] 
[20240124_13:17:25_636] # [T77416][APARadarFilterSaveOblPointToSlotBuf][832]******  Outline[1] cnt [43] Point[41]  *******
[20240124_13:17:25_636] # [T77416][APARadarFilterSaveOblPointToSlotBuf][833]VehCoord[1][41]: 1, 7183, VehAng: -1
[20240124_13:17:25_637] # [T77417][APARadarFilterSaveOblPointToSlotBuf][834]OblCoord[1][41]: 2678, 10655, Dis: 1738, Big: 0
[20240124_13:17:25_637] # 
[20240124_13:17:25_637] # [T77417][APARadarFilterSaveOblPointToSlotBuf][832]******  Outline[0] cnt [62] Point[60]  *******
[20240124_13:17:25_637] # [T77418][APARadarFilterSaveOblPointToSlotBuf][833]VehCoord[0][60]: 1, 7183, VehAng: -1
[20240124_13:17:25_643] # [T77418][APARadarFilterSaveOblPointToSlotBuf][834]OblCoord[0][60]: -3436, 10800, Dis: 2509, Big: 0
[20240124_13:17:25_643] # 
[20240124_13:17:25_658] #   77434-task_radar-118: RadarCaptureCnt is 361 
[20240124_13:17:25_659] # 
[20240124_13:17:25_703] # [T77487][APAVisionOblAdd][1323]Vision Obl merge: 63
[20240124_13:17:25_703] # [T77487][APAVisionOblAdd][1326]Receive Vision Obl CrossPointCoord: 0: -8207, 10396; 1: -3293, 10559
[20240124_13:17:25_703] # [T77487][APAVisionOblInfoDebugPrint][118]VisionOblInfo:
[20240124_13:17:25_703] # [T77488][APAVisionOblInfoDebugPrint][119]OblType: 0, bIsMerge 0, DetectCount 27
[20240124_13:17:25_704] # [T77488][APAVisionOblInfoDebugPrint][122]CrossPointCoord: 0: -8059, 10322; 1: -3316, 10522
[20240124_13:17:25_709] # [T77489][APAVisionOblInfoDebugPrint][125]OriginCrossPointCoord: 0: 8215, 2966; 1: 3301, 3137
[20240124_13:17:25_709] # [T77489][APAVisionOblInfoDebugPrint][126]VehCoordAndAng: 2, 7416, ang -0.002(-0.099)
[20240124_13:17:25_709] # [T77490][APAVisionOblInfoDebugPrint][127] 
[20240124_13:17:25_709] # [T77490][VisionSlotAddValidCheck][893]Vision slot Length: 2334,2334, Depth 4916,4917
[20240124_13:17:25_710] # [T77490][VisionSlotAdd][1521]Added Vision Slot[0][4] Num 5 OriCoord: 0: 3301, 3137; 1: 8215, 2966; 2: 8134, 633; 3: 3219, 804
[20240124_13:17:25_710] # [T77491][VisionSlotAdd][1522]VehCoordAndAngle: 2, 7416, ang -0.002 (-0.099)
[20240124_13:17:25_710] # [T77491][VisionSlotAdd][1523]Current VehPos: 2, 7691, ang -0.002 (-0.110)
[20240124_13:17:25_710] # [T77492][VisionSlotAdd][1528]Convert Vision Slot[0][4] Coord: 0: -3293, 10559; 1: -8207, 10396; 2: -8130, 8063; 3: -3215, 8226
[20240124_13:17:25_710] # [T77493][VisionSlotAdd][1533]Old Vision Slot[0][4] Coord: 0: -3314, 10542; 1: -8126, 10369; 2: -8044, 8073; 3: -3232, 8247
[20240124_13:17:25_711] # [T77493][VisionSlotAddSlotWeightCal][1014]u32Weight: 15, CentreY: 1970.500, DisY: 682.500, SlotAng: -1.993
[20240124_13:17:25_711] # [T77494][VisionSlotAdd][1576]New Vision Slot[0][4] Coord: 0: -3312, 10544; 1: -8136, 10373; 2: -8054, 8072; 3: -3230, 8244
[20240124_13:17:25_720] # [T77495][VisionSlotAdd][1600]vision slot [0][4], u32Weight: 15, Sum: 133, SlotAng: -177.959, CurSlotAng: -178.106
[20240124_13:17:25_783] # [T77568][APAVisionOblAdd][1323]Vision Obl merge: 63
[20240124_13:17:25_783] # [T77568][APAVisionOblAdd][1326]Receive Vision Obl CrossPointCoord: 0: -8304, 10437; 1: -3325, 10602
[20240124_13:17:25_783] # [T77568][APAVisionOblInfoDebugPrint][118]VisionOblInfo:
[20240124_13:17:25_789] # [T77569][APAVisionOblInfoDebugPrint][119]OblType: 0, bIsMerge 0, DetectCount 28
[20240124_13:17:25_789] # [T77569][APAVisionOblInfoDebugPrint][122]CrossPointCoord: 0: -8068, 10326; 1: -3317, 10525
[20240124_13:17:25_789] # [T77570][APAVisionOblInfoDebugPrint][125]OriginCrossPointCoord: 0: 8312, 2907; 1: 3333, 3081
[20240124_13:17:25_789] # [T77570][APAVisionOblInfoDebugPrint][126]VehCoordAndAng: 2, 7515, ang -0.002(-0.103)
[20240124_13:17:25_790] # [T77571][APAVisionOblInfoDebugPrint][127] 
[20240124_13:17:25_790] # [T77571][VisionSlotAddValidCheck][893]Vision slot Length: 2372,2372, Depth 4982,4982
[20240124_13:17:25_790] # [T77571][VisionSlotAdd][1521]Added Vision Slot[0][4] Num 5 OriCoord: 0: 3333, 3081; 1: 8312, 2907; 2: 8229, 536; 3: 3250, 710
[20240124_13:17:25_790] # [T77572][VisionSlotAdd][1522]VehCoordAndAngle: 2, 7515, ang -0.002 (-0.103)
[20240124_13:17:25_790] # [T77572][VisionSlotAdd][1523]Current VehPos: 2, 7787, ang -0.002 (-0.114)
[20240124_13:17:25_790] # [T77573][VisionSlotAdd][1528]Convert Vision Slot[0][4] Coord: 0: -3325, 10602; 1: -8304, 1437; 2: -8225, 8065; 3: -3246, 8230
[20240124_13:17:25_791] # [T77574][VisionSlotAdd][1533]Old Vision Slot[0][4] Coord: 0: -3312, 10544; 1: -8136, 10373; 2: -8054, 8072; 3: -3230, 8244
[20240124_13:17:25_791] # [T77574][VisionSlotAddSlotWeightCal][1014]u32Weight: 16, CentreY: 1895.500, DisY: 607.500, SlotAng: -2.001
[20240124_13:17:25_795] # [T77575][VisionSlotAdd][1576]New Vision Slot[0][4] Coord: 0: -3313, 10550; 1: -8154, 10379; 2: -8072, 8072; 3: -3231, 8243
[20240124_13:17:25_797] # [T77575][VisionSlotAdd][1600]vision slot [0][4], u32Weight: 16, Sum: 149, SlotAng: -177.975, CurSlotAng: -178.101
[20240124_13:17:25_866] # [T77650][VisionSlotAddValidCheck][893]Vision slot Length: 2384,2384, Depth 4995,4994
[20240124_13:17:25_866] # [T77650][VisionSlotAdd][1521]Added Vision Slot[0][4] Num 5 OriCoord: 0: 3343, 2957; 1: 8335, 2783; 2: 8251, 400; 3: 3260, 574
[20240124_13:17:25_866] # [T77651][VisionSlotAdd][1522]VehCoordAndAngle: 2, 7614, ang -0.002 (-0.107)
[20240124_13:17:25_866] # [T77651][VisionSlotAdd][1523]Current VehPos: 3, 7920, ang -0.002 (-0.119)
[20240124_13:17:25_872] # [T77652][VisionSlotAdd][1528]Convert Vision Slot[0][4] Coord: 0: -3335, 10577; 1: -8327, 10412; 2: -8247, 8029; 3: -3256, 8194
[20240124_13:17:25_872] # [T77652][VisionSlotAdd][1533]Old Vision Slot[0][4] Coord: 0: -3313, 10550; 1: -8154, 10379; 2: -8072, 8072; 3: -3231, 8243
[20240124_13:17:25_873] # [T77653][VisionSlotAddSlotWeightCal][1014]u32Weight: 18, CentreY: 1765.500, DisY: 477.500, SlotAng: -1.996
[20240124_13:17:25_873] # [T77653][VisionSlotAdd][1576]New Vision Slot[0][4] Coord: 0: -3316, 10553; 1: -8172, 10383; 2: -8091, 8067; 3: -3234, 8237
[20240124_13:17:25_873] # [T77654][VisionSlotAdd][1600]vision slot [0][4], u32Weight: 18, Sum: 167, SlotAng: -177.990, CurSlotAng: -178.110
[20240124_13:17:25_873] # [T77655][APAVisionOblAdd][1323]Vision Obl merge: 63
[20240124_13:17:25_873] # [T77655][APAVisionOblAdd][1326]Receive Vision Obl CrossPointCoord: 0: -8327, 10412; 1: -3335, 10577
[20240124_13:17:25_874] # [T77656][APAVisionOblInfoDebugPrint][118]VisionOblInfo:
[20240124_13:17:25_874] # [T77656][APAVisionOblInfoDebugPrint][119]OblType: 0, bIsMerge 0, DetectCount 29
[20240124_13:17:25_874] # [T77656][APAVisionOblInfoDebugPrint][122]CrossPointCoord: 0: -8077, 10329; 1: -3317, 10527
[20240124_13:17:25_874] # [T77657][APAVisionOblInfoDebugPrint][125]OriginCrossPointCoord: 0: 8335, 2783; 1: 3343, 2957
[20240124_13:17:25_874] # [T77657][APAVisionOblInfoDebugPrint][126]VehCoordAndAng: 2, 7614, ang -0.002(-0.107)
[20240124_13:17:25_886] # [T77658][APAVisionOblInfoDebugPrint][127] 
[20240124_13:17:25_886] # [T77671][APARadarFilterSaveOblPointToSlotBuf][832]******  Outline[1] cnt [44] Point[42]  *******
[20240124_13:17:25_887] # [T77671][APARadarFilterSaveOblPointToSlotBuf][833]VehCoord[1][42]: 2, 7413, VehAng: -1
[20240124_13:17:25_887] # [T77672][APARadarFilterSaveOblPointToSlotBuf][834]OblCoord[1][42]: 2744, 10896, Dis: 1802, Big: 0
[20240124_13:17:25_887] # 
[20240124_13:17:25_889] # [T77672][APARadarFilterSaveOblPointToSlotBuf][832]******  Outline[0] cnt [62] Point[60]  *******
[20240124_13:17:25_890] # [T77673][APARadarFilterSaveOblPointToSlotBuf][833]VehCoord[0][60]: 2, 7413, VehAng: -1
[20240124_13:17:25_904] # [T77673][APARadarFilterSaveOblPointToSlotBuf][834]OblCoord[0][60]: -3273, 11002, Dis: 2347, Big: 0
[20240124_13:17:25_904] # 
[20240124_13:17:25_904] # [T77687][DecisionParkInRequestCalPath][3130]CalID[6], SideIndex[0], SlotIndex[2], PlanCmd[3]
[20240124_13:17:25_904] # [T77688][APAParkManaParkingSetParkingSideSwitched][2622]Parking Side Switched Finish. LeftIndex[1], RightIndex[0], Side[1]
[20240124_13:17:25_904] # [T77688][APAParkManaParkingSetParkingSideSwitched][2637]Parking Slot Data Switch Finish.
[20240124_13:17:25_904] # [T77689][locate_position_set][337]locate reset pos@77689: 1  -3.162, 7968.534, 0.1, minus: 12.000
[20240124_13:17:25_911] # 
[20240124_13:17:25_911] # [T77689][VT_APAPathPlanningHandle][2279]after: 0  1  1
[20240124_13:17:25_911] # [T77690][VT_APAPathPlanningHandle][2280]!!  id:0  !! index = 2
[20240124_13:17:25_911] # 
[20240124_13:17:25_911] # [T77690][DebugInfoStartInStepN][11197]req-2
[20240124_13:17:25_911] # [T77690][DebugInfoStartInStepN][11199]******************** path planning information ******* [2] ****************[-3  7968]****
[20240124_13:17:25_912] # [T77691][DebugInfoStartInStepN][11200]start_pos x = 3 y = 7968  veh*10: -1
[20240124_13:17:25_912] # [T77691][DebugInfoStartInStepN][11201]TargetDriveDirection = 0
[20240124_13:17:25_912] # [T77692][DebugInfoStartInStepN][11202]obl1 = 0 0 obl2 = 200 0
[20240124_13:17:25_912] # [T77692][DebugInfoStartInStepN][11203]endpos = 0 0  veh*10: 0
[20240124_13:17:25_912] # [T77693][APAPathPlanningPerpendCalPath][10298]4  0
[20240124_13:17:25_912] # [T77693][APAPathPlanningStep1DataDuringSearchingSlot][8668]3000   7968000     0
[20240124_13:17:25_912] # [T77693][APAPathPlanningStep1DataDuringSearchingSlot][8669]-35000   -4982000     0
[20240124_13:17:25_913] # [T77694][APAPathPlanningStep1DataDuringSearchingSlot][8670]473000   -1000     6472000
[20240124_13:17:25_913] # [T77694][APAPathPlanningStep1DataDuringSearchingSlot][8671]VehTurningCenterPt = 0, 0
[20240124_13:17:25_913] # [T77695][APAPathPlanningStep1DataDuringSearchingSlot][8672]VehRearAxisCenterTurningRadius = 0
[20240124_13:17:25_913] # [T77695][APAPathPlanningStep1DataDuringSearchingSlot][8673]CalResult = 1
[20240124_13:17:25_917] # [T77696][APAPathPlanningPerpendSearchSlotCalPath][10749]5
[20240124_13:17:25_917] # [T77696][APAPathPlanningPerpendSearchSlotCalPath][11419]42
[20240124_13:17:25_917] # [T77696][APAPathPlanningPerpendSearchSlotCalPath][11450]43
[20240124_13:17:25_918] # [T77697][APAPathPlanningPerpendSearchSlotCalPath][11532]false
[20240124_13:17:25_918] # [T77697][APAPathPlanningPerpendCalNewParkingPath][12119]p4 CalResult = 0        flag = 1
[20240124_13:17:25_918] # [T77697][APAPathPlanningPerpendCalNewParkingPath][12156]p6 
[20240124_13:17:25_918] # [T77698][APAPathPlanningAddOneBackLine][10758]pts: 0     pt_line: 0     jiaodu(*100): 0
[20240124_13:17:25_925] # [T77699][DecisionParkInRequestCalPath][3150]Request Planning Failed: CalID[6], Side[0], Class[2], Type[2]
[20240124_13:17:25_925] # [T77709][DecisionParkInRequestCalPath][3130]CalID[4], SideIndex[0], SlotIndex[1], PlanCmd[3]
[20240124_13:17:25_925] # [T77709][DebugInfoStartInStepN][11197]req-2
[20240124_13:17:25_925] # [T77709][DebugInfoStartInStepN][11199]******************** path planning information ******* [2] ****************[-3  7992]****
[20240124_13:17:25_929] # [T77710][DebugInfoStartInStepN][11200]start_pos x = -3 y = 7992  veh*10: 1
[20240124_13:17:25_929] # [T77710][DebugInfoStartInStepN][11201]TargetDriveDirection = 0
[20240124_13:17:25_929] # [T77711][DebugInfoStartInStepN][11202]obl1 = 0 0 obl2 = 200 0
[20240124_13:17:25_929] # [T77711][DebugInfoStartInStepN][11203]endpos = 0 0  veh*10: 0
[20240124_13:17:25_929] # [T77711][APAPathPlanningPerpendCalPath][10298]4  0
[20240124_13:17:25_929] # [T77712][APAPathPlanningStep1DataDuringSearchingSlot][8668]-3000   7992000     0
[20240124_13:17:25_930] # [T77712][APAPathPlanningStep1DataDuringSearchingSlot][8669]-35000   -4982000     0
[20240124_13:17:25_930] # [T77713][APAPathPlanningStep1DataDuringSearchingSlot][8670]-469000   -1000     6484000
[20240124_13:17:25_930] # [T77713][APAPathPlanningStep1DataDuringSearchingSlot][8671]VehTurningCenterPt = 0, 0
[20240124_13:17:25_934] # [T77714][APAPathPlanningStep1DataDuringSearchingSlot][8672]VehRearAxisCenterTurningRadius = 0
[20240124_13:17:25_934] # [T77714][APAPathPlanningStep1DataDuringSearchingSlot][8673]CalResult = 1
[20240124_13:17:25_934] # [T77715][APAPathPlanningPerpendSearchSlotCalPath][10749]5
[20240124_13:17:25_934] # [T77715][APAPathPlanningPerpendSearchSlotCalPath][11419]42
[20240124_13:17:25_935] # [T77715][APAPathPlanningPerpendSearchSlotCalPath][11450]43
[20240124_13:17:25_935] # [T77716][APAPathPlanningPerpendSearchSlotCalPath][11532]false
[20240124_13:17:25_935] # [T77716][APAPathPlanningPerpendCalNewParkingPath][12119]p4 CalResult = 0        flag = 1
[20240124_13:17:25_935] # [T77716][APAPathPlanningPerpendCalNewParkingPath][12156]p6 0
[20240124_13:17:25_935] # [T77717][APAPathPlanningAddOneBackLine][10758]pts: 0     pt_line: 0     jiaodu(*100): 0
[20240124_13:17:25_938] # [T77719][DecisionParkInRequestCalPath][3150]Request Planning Failed: CalID[4], Side[0], Class[2], Type[2]
[20240124_13:17:25_939] # [T77722][APARadarFilterSaveOblPointToSlotBuf][832]******  Outline[1] cnt [45] Point[43]  *******
[20240124_13:17:25_939] # [T77723][APARadarFilterSaveOblPointToSlotBuf][833]VehCoord[1][43]: -2, 7606, VehAng: 1
[20240124_13:17:25_946] # [T77723][APARadarFilterSaveOblPointToSlotBuf][834]OblCoord[1][43]: -4638, 11418, Dis: 3694, Big: 0
[20240124_13:17:25_946] # 
[20240124_13:17:25_946] # [T77728][DecisionParkInRequestCalPath][3130]CalID[5], SideIndex[1], SlotIndex[1], PlanCmd[3]
[20240124_13:17:25_946] # [T77729][APAParkManaParkingSetParkingSieSwitched][2622]Parking Side Switched Finish. LeftIndex[0], RightIndex[1], Side[0]
[20240124_13:17:25_947] # [T77729][APAParkManaParkingSetParkingSideSwitched][2637]Parking Slot Data Switch Finish.
[20240124_13:17:25_947] # [T77730][locate_position_set][337]locate reset pos@77730: 0  3.265, 8016.771, -0.1, minus: 12.000
[20240124_13:17:25_947] # 
[20240124_13:17:25_951] # [T77731][VT_APAPathPlanningHandle][2279]after: 1  0  0
[20240124_13:17:25_951] # [T77731][VT_APAPathPlanningHandle][2280]!!  id:0  !! index = 1
[20240124_13:17:25_951] # 
[20240124_13:17:25_951] # [T77731][DebugInfoStartInStepN][11197]req-2
[20240124_13:17:25_952] # [T77731][DebugInfoStartInStepN][11199]******************** path planning information ******* [2] ****************[3  8016]****
[20240124_13:17:25_952] # [T77732][DebugInfoStartInStepN][11200]start_pos x = -3 y = 8016  veh*10: 1
[20240124_13:17:25_952] # [T77733][DebugInfoStartInStepN][11201]TargetDriveDirection = 0
[20240124_13:17:25_952] # [T77733][DebugInfoStartInStepN][11202]obl1 = 0 0 obl2 = 200 0
[20240124_13:17:25_952] # [T77733][DebugInfoStartInStepN][11203]endpos = 0 0  veh*10: 0
[20240124_13:17:25_952] # [T77734][APAPathPlanningPerpendCalPath][10298]4  0
[20240124_13:17:25_953] # [T77734][APAPathPlanningStep1DataDuringSearchingSlot][8668]-3000   8016000     0
[20240124_13:17:25_953] # [T77734][APAPathPlanningStep1DataDuringSearchingSlot][8669]35000   -4982000     0
[20240124_13:17:25_953] # [T77735][APAPathPlanningStep1DataDuringSearchingSlot][8670]-465000   -1000     6496000
[20240124_13:17:25_953] # [T77735][APAPathPlanningStep1DataDuringSearchingSlot][8671]VehTurningCenterPt = 0, 0
[20240124_13:17:25_953] # [T77736][APAPathPlanningStep1DataDuringSearchingSlot][8672]VehRearAxisCenterTurningRadius = 0
[20240124_13:17:25_953] # [T77736][APAPathPlanningStep1DataDuringSearchingSlot][8673]CalResult = 1
[20240124_13:17:25_956] # [T77737][APAPathPlanningPerpendSearchSlotCalPath][10749]5
[20240124_13:17:25_958] # [T77737][APAPathPlanningPerpendSearchSlotCalPath][11419]42
[20240124_13:17:25_958] # [T77737][APAPathPlanningPerpendSearchSlotCalPath][11450]43
[20240124_13:17:25_958] # [T77738][APAPathPlanningPerpendSearchSlotCalPath][11532]false
[20240124_13:17:25_958] # [T77738][APAPathPlanningPerpendCalNewParkingPath][12119]p4 CalResult = 0        flag = 1
[20240124_13:17:25_958] # [T77738][APAPathPlanningPerpendCalNewParkingPath][12156]p6 0
[20240124_13:17:25_959] # [T77739][APAPathPlanningAddOneBackLine][10758]pts: 0     pt_line: 0     jiaodu(*100): 0
[20240124_13:17:25_959] # [T77739][APAVisionOblAdd][1323]Vision Obl merge: 63
[20240124_13:17:25_959] # [T77740][APAVisionOblAdd][1326]Receive Vision Obl CrossPointCoord: 0: -8391, 10398; 1: -3365, 10563
[20240124_13:17:25_959] # [T77740][APAVisionOblInfoDebugPrint][118]VisionOblInfo:
[20240124_13:17:25_959] # [T77740][APAVisionOblInfoDebugPrint][119]OblType: 0, bIsMerge 0, DetectCount 30
[20240124_13:17:25_959] # [T77741][APAVisionOblInfoDebugPrint][122]CrossPointCoord: 0: -8087, 10331; 1: -3319, 10528
[20240124_13:17:25_960] # [T77741][APAVisionOblInfoDebugPrint][125]OriginCrossPointCoord: 0: 8399, 2669; 1: 3374, 2844
[20240124_13:17:25_960] # [T77742][APAVisionOblInfoDebugPrint][126]VehCoordAndAng: 2, 7712, ang -0.002(-0.111)
[20240124_13:17:25_963] # [T77742][APAVisionOblInfoDebugPrint][127] 
[20240124_13:17:25_963] # [T77743][VisionSlotAddValidCheck][893]Vision slot Length: 2401,2401, Depth 5028,5028
[20240124_13:17:25_964] # [T77743][VisionSlotAdd][1521]Added Vision Slot[0][4] Num 5 OriCoord: 0: 3374, 2844; 1: 8399, 2669; 2: 8315, 269; 3: 3290, 444
[20240124_13:17:25_964] # [T77744][VisionSlotAdd][1522]VehCoordAndAngle: 2, 7712, ang -0.002 (-0.111)
[20240124_13:17:25_964] # [T77744][VisionSlotAdd][1523]Current VehPos: 3, 8016, ang -0.002 (-0.123)
[20240124_13:17:25_964] # [T77745][VisionSlotAdd][1528]Convert Vision Slot[0][4] Coord: 0: -3365, 10563; 1: -8391, 10398; 2: -8311, 7997; 3: -3286, 8163
[20240124_13:17:25_964] # [T77745][VisionSlotAdd][1533]Old Vision Slot[0][4] Coord: 0: -3316, 10553; 1: -8172, 10383; 2: -8091, 8067; 3: -3234, 8237
[20240124_13:17:25_964] # [T77746][VisionSlotAddSlotWeightCal][1014]u32Weight: 19, CentreY: 1644.000, DisY: 356.000, SlotAng: -1.995
[20240124_13:17:25_965] # [T77747][VisionSlotAdd][1576]New Vision Slot[0][4] Coord: 0: -3321, 10554; 1: -8195, 10384; 2: -8113, 8060; 3: -3239, 8230
[20240124_13:17:25_965] # [T77747][VisionSlotAdd][1600]vision slot [0][4], u32Weight: 19, Sum: 186, SlotAng: -178.003, CurSlotAng: -178.116
[20240124_13:17:25_971] # [T77748][DecisionParkInRequestCalPath][3150]Request Planning Failed: CalID[5], Side[1], Class[2], Type[2]
[20240124_13:17:25_974] # [T77757][DecisionParkInRequestCalPath][3130]CalID[3], SideIndex[0], SlotIndex[0], PlanCmd[3]
[20240124_13:17:25_974] # [T77758][APAParkManaParkingSetParkingSideSwitched][2622]Parking Side Switched Finish. LeftIndex[1], RightIndex[0], Side[1]
[20240124_13:17:25_975] # [T77759][APAParkManaParkingSetParkingSideSwitched][2637]Parking Slot Data Switch Finish.
[20240124_13:17:25_978] # [T77759][locate_position_set][337]locate reset pos@77759: 1  -3.344, 8053.007, 0.1, minus: 0.000
[20240124_13:17:25_978] # 
[20240124_13:17:25_978] # [T77760][VT_APAPathPlanningHandle][2279]after: 0  1  1
[20240124_13:17:25_979] # [T77760][VT_APAPathPlanningHandle][2280]!!  id:0  !! index = 0
[20240124_13:17:25_979] # 
[20240124_13:17:25_979] # [T77760][DebugInfoStartInStepN][11197]req-2
[20240124_13:17:25_979] # [T77761][DebugInfoStartInStepN][11199]******************** path planning information ******* [2] ****************[-3  8053]****
[20240124_13:17:25_979] # [T77761][DebugInfoStartInStepN][11200]start_pos x = 3 y = 8053  veh*10: -1
[20240124_13:17:25_979] # [T77762][DebugInfoStartInStepN][11201]TargetDriveDirection = 0
[20240124_13:17:25_980] # [T77762][DebugInfoStartInStepN][11202]obl1 = 0 0 obl2 = 200 0
[20240124_13:17:25_980] # [T77763][DebugInfoStartInStepN][11203]endpos = 0 0  veh*10: 0
[20240124_13:17:25_980] # [T77763][APAPathPlanningPerpendCalPath][10298]4  0
[20240124_13:17:25_980] # [T77763][APAPathPlanningStep1DataDuringSearchingSlot][8668]3000   8053000     0
[20240124_13:17:25_983] # [T77764][APAPathPlanningStep1DataDuringSearchingSlot][8669]-35000   -4982000     0
[20240124_13:17:25_983] # [T77764][APAPathPlanningStep1DataDuringSearchingSlot][8670]460000   -1000     6514000
[20240124_13:17:25_983] # [T77765][APAPathPlanningStep1DataDringSearchingSlot][8671]VehTurningCenterPt = 0, 0
[20240124_13:17:25_984] # [T77765][APAPathPlanningStep1DataDuringSearchingSlot][8672]VehRearAxisCenterTurningRadius = 0
[20240124_13:17:25_984] # [T77766][APAPathPlanningStep1DataDuringSearchingSlot][8673]CalResult = 1
[20240124_13:17:25_984] # [T77766][APAPathPlanningPerpendSearchSlotCalPath][10749]5
[20240124_13:17:25_984] # [T77766][APAPathPlanningPerpendSearchSlotCalPath][11419]42
[20240124_13:17:25_984] # [T77767][APAPathPlanningPerpendSearchSlotCalPath][11450]43
[20240124_13:17:25_984] # [T77767][APAPathPlanningPerpendSearchSlotCalPath][11532]false
[20240124_13:17:25_985] # [T77767][APAPathPlanningPerpendCalNewParkingPath][12119]p4 CalResult = 0        flag = 1
[20240124_13:17:25_985] # [T77768][APAPathPlanningPerpendCalNewParkingPath][12156]p6 0
[20240124_13:17:25_985] # [T77768][APAPathPlanningAddOneBackLine][10758]pts: 0     pt_line: 0     jiaodu(*100): 0
[20240124_13:17:25_990] # [T77769][DecisionParkInRequestCalPath][3150]Request Planning Failed: CalID[3], Side[0], Class[2], Type[2]
[20240124_13:17:25_990] # [T77773][APARadarFilterSaveOblPointToSlotBuf][832]******  Outline[0] cnt [63] Point[61]  *******
[20240124_13:17:25_990] # [T77773][APARadarFilterSaveOblPointToSlotBuf][833]VehCoord[0][61]: -2, 7727, VehAng: 1
[20240124_13:17:25_990] # [T77774][APARadarFilterSaveOblPointToSlotBuf][834]OblCoord[0][61]: 3174, 11299, Dis: 2249, Big: 0
[20240124_13:17:25_990] # 
[20240124_13:17:25_991] # [T77774][APARadarFilterSaveOblPointToSlotBuf][832]******  Outline[1] cnt [46] Point[44]  *******
[20240124_13:17:25_993] # [T77775][APARadarFilterSaveOblPointToSlotBuf][833]VehCoord[1][44]: -2, 7727, VehAng: 1
[20240124_13:17:25_994] # [T77775][APARadarFilterSaveOblPointToSlotBuf][834]OblCoord[1][44]: -4611, 11534, Dis: 3668, Big: 0
[20240124_13:17:25_994] # 
[20240124_13:17:25_994] # [T77778][DecisionParkInRequestCalPath][3130]CalID[2], SideIndex[1], SlotIndex[0], PlanCmd[3]
[20240124_13:17:25_994] # [T77779][APAParkManaParkingSetParkingSideSwitched][2622]Parking Side Switched Finish. LeftIndex[0], RightIndex[1], Side[0]
[20240124_13:17:25_998] # [T77779][APAParkManaParkingSetParkingSideSwitched][2637]Parking Slot Data Switch Finish.
[20240124_13:17:25_998] # [T77780][locate_position_set][337]locate reset pos@77780: 0  3.396, 8077.125, -0.1, minus: 0.000
[20240124_13:17:25_998] # 
[20240124_13:17:25_998] # [T77780][VT_APAPathPlanningHandle][2279]after: 1  0  0
[20240124_13:17:25_998] # [T77781][VT_APAPathPlanningHandle][2280]!!  id:0  !! index = 0
[20240124_13:17:25_998] # 
[20240124_13:17:25_998] # [T77781][DebugInfoStartInStepN][11197]req-2
[20240124_13:17:25_999] # [T77781][DebugInfoStartInStepN][11199]******************** path planning information ******* [2] ****************[3  8077]****
[20240124_13:17:25_999] # [T77782][DebugInfoStartInStepN][11200]start_pos x = -3 y = 8077  veh*10: 1
[20240124_13:17:25_999] # [T77782][DebugInfoStartInStepN][11201]TargetDriveDirection = 0
[20240124_13:17:25_999] # [T77783][DebugInfoStartInStepN][11202]obl1 = 0 0 obl2 = 200 0
[20240124_13:17:25_999] # [T77783][DebugInfoStartInStepN][11203]endpos = 0 0  veh*10: 0
[20240124_13:17:26_004] # [T77784][APAPathPlanningPerpendCalPath][10298]4  0
[20240124_13:17:26_005] # [T77784][APAPathPlanningStep1DataDuringSearchingSlot][8668]-3000   8077000     0
[20240124_13:17:26_005] # [T77784][APAPathPlanningStep1DataDuringSearchingSlot][8669]35000   -4982000     0
[20240124_13:17:26_005] # [T77785][APAPathPlanningStep1DataDuringSearchingSlot][8670]-456000   -1000     6526000
[20240124_13:17:26_005] # [T77785][APAPathPlanningStep1DataDuringSearchingSlot][8671]VehTurningCenterPt = 0, 0
[20240124_13:17:26_005] # [T77786][APAPathPlanningStep1DataDuringSearchingSlot][8672]VehRearAxisCenterTurningRadius = 0
[20240124_13:17:26_005] # [T77786][APAPathPlanningStep1DataDuringSearchingSlot][8673]CalResult = 1
[20240124_13:17:26_006] # [T77787][APAPathPlanningPerpendSearchSlotCalPath][10749]5
[20240124_13:17:26_006] # [T77787][APAPathPlanningPerpendSearchSlotCalPath][11419]42
[20240124_13:17:26_006] # [T77787][APAPathPlanningPerpendSearchSlotCalPath][11450]43
[20240124_13:17:26_006] # [T77788][APAPathPlanningPerpendSearchSlotCalPath][11532]false
[20240124_13:17:26_006] # [T77788][APAPathPlanningPerpendCalNewParkingPath][12119]p4 CalResult = 0        flag = 1
[20240124_13:17:26_006] # [T77788][APAPathPlanningPerpendCalNewParkingPath][12156]p6 0
[20240124_13:17:26_006] # [T77789][APAPathPlanningAddOneBackLine][10758]pts: 0     pt_line: 0     jiaodu(*100): 0
[20240124_13:17:26_017] # [T77790][DecisionParkInRequestCalPath][3150]Request Planning Failed: CalID[2], Side[1], Class[2], Type[2]
[20240124_13:17:26_029] # [T77810][APAPOEraseSlotTypeByFlash][118]Parking Out: Erase Flash Successfully
[20240124_13:17:26_029] # [T77813][APAVisionOblAdd][1323]Vision Obl merge: 63
[20240124_13:17:26_030] # [T77813][APAVisionOblAdd][1326]Receive Vision Obl CrossPointCoord: 0: -8412, 10407; 1: -3384, 10573
[20240124_13:17:26_030] # [T77813][APAVisionOblInfoDebugPrint][118]VisionOblInfo:
[20240124_13:17:26_030] # [T77814][APAVisionOblInfoDebugPrint][119]OblType: 0, bIsMerge 0, DetectCount 31
[20240124_13:17:26_034] # [T77814][APAVisionOblInfoDebugPrint][122]CrossPointCoord: 0: -8098, 10333; 1: -3321, 10529
[20240124_13:17:26_034] # [T77815][APAVisionOblInfoDebugPrint][125]OriginCrossPointCoord: 0: 8421, 2573; 1: 3393, 2749
[20240124_13:17:26_034] # [T77815][APAVisionOblInfoDebugPrint][126]VehCoordAndAng: 2, 7817, ang -0.002(-0.115)
[20240124_13:17:26_034] # [T77816][APAVisionOblInfoDebugPrint][127] 
[20240124_13:17:26_034] # [T77816][APAVisionOblInsert][847]Vision Obl insert: 63
[20240124_13:17:26_034] # [T77816][APAVisionOblInfoDebugPrint][118]VisionOblInfo:
[20240124_13:17:26_035] # [T77817][APAVisionOblInfoDebugPrint][119]OblType: 0, bIsMerge 0, DetectCount 1
[20240124_13:17:26_035] # [T77817][APAVisionOblInfoDebugPrint][122]CrossPointCoord: 0: 2234, 12914; 1: 6960, 13152
[20240124_13:17:26_035] # [T77817][APAVisionOblInfoDebugPrint][125]OriginCrossPointCoord: 0: -2221, 5101; 1: -6947, 5349
[20240124_13:17:26_035] # [T77818][APAVisionOblInfoDebugPrint][126]VehCoordAndAng: 2, 7817, ang -0.002(-0.115)
[20240124_13:17:26_035] # [T77818][APAVisionOblInfoDebugPrint][127] 
[20240124_13:17:26_037] # [T77819][VisionSlotAddValidCheck][893]Vision slot Length: 2412,2411, Depth 5031,5031
[20240124_13:17:26_038] # [T77819][VisionSlotAdd][1521]Added Vision Slot[0][4] Num 5 OriCoord: 0: 3393, 2749; 1: 8421, 2573; 2: 8337, 163; 3: 3309, 338
[20240124_13:17:26_038] # [T77820][VisionSlotAdd][1522]VehCoordAndAngle: 2, 7817, ang -0.002 (-0.115)
[20240124_13:17:26_038] # [T77820][VisionSlotAdd][1523]Current VehPos: 3, 8113, ang -0.002 (-0.127)
[20240124_13:17:26_038] # [T77821][VisionSlotAdd][1528]Convert Vision Slot[0][4] Coord: 0: -3384, 10573; 1: -8412, 10407; 2: -8333, 7997; 3: -3305, 8162
[20240124_13:17:26_039] # [T77821][VisionSlotAdd][1533]Old Vision Slot[0][4] Coord: 0: -3321, 10554; 1: -8195, 10384; 2: -8113, 8060; 3: -3239, 8230
[20240124_13:17:26_039] # [T77822][VisionSlotAddSlotWeightCal][1014]u32Weight: 20, CentreY: 1543.500, DisY: 255.500, SlotAng: -1.999
[20240124_13:17:26_039] # [T77823][VisionSlotAdd][1576]New Vision Slot[0][4] Coord: 0: -3327, 10556; 1: -8216, 10387; 2: -8135, 8054; 3: -3246, 8223
[20240124_13:17:26_042] # [T77823][VisionSlotAdd][1600]vision slot [0][4], u32Weight: 20, Sum: 206, SlotAng: -178.015, CurSlotAng: -178.116
[20240124_13:17:26_043] # [T77824][VisionSlotAddValidCheck][893]Vision slot Length: 2179,2180, Depth 4732,4732
[20240124_13:17:26_043] # [T77825][VisionSlotAdd][1613]Added Vision Slot[1][2] Num 2 OriCoord: 0: -2221, 5101; 1: -6947, 5349; 2: -7061, 3171; 3: -2335, 2924
[20240124_13:17:26_043] # [T77825][VisionSlotAdd][1615]VehCoordAndAngle: 2, 7817, ang -0.002 (-0.115)
[20240124_13:17:26_043] # [T77826][VisionSlotAdd][1616]Current VehPos: 3, 8113, ang -0.002 (-0.127)
[20240124_13:17:26_043] # [T77826][VisionSlotAdd][1621]New Vision Slot[1][2] Coord: 0: 2234, 12914; 1: 6960, 13152; 2: 7070, 10974; 3: 2343, 10736
[20240124_13:17:26_045] # [T77827][VisionSlotAddSlotWeightCal][1014]u32Weight: 1, CentreY: 4012.500, DisY: 2724.500, SlotAng: 177.002
[20240124_13:17:26_046] # [T77827][VisionSlotInfoInsert][513]VisionSlot[1][2] id 8 is insert, num 2->3
[20240124_13:17:26_049] # [T77828][VisionSlotInfoDebugPrint][148]VisionSlot[1][2]: ID 8, SlotType: 垂直, SlotLength: 2179, SlotDepth 4732
[20240124_13:17:26_050] # [T77828][VisionSlotInfoDebugPrint][155]VehCoordAndAng: 2, 7817, ang -0.002(-0.115)
[20240124_13:17:26_050] # [T77829][VisionSlotInfoDebugPrint][160]tOriCrossPt: 0: -2221, 5101; 1: -6947, 5349; 2: -7061, 3171; 3: -2335, 2924
[20240124_13:17:26_050] # [T77830][VisionSlotInfoDebugPrint][165]tCrossPt: 0: 2234, 12914; 1: 6960, 13152; 2: 7070, 10974; 3: 2343, 10736
[20240124_13:17:26_050] # [T77830][VisionSlotInfoDebugPrint][169]TimeDelay 105, bAvailable 1, u32WeightSum , u32SlotSparallelCount 0, u32SlotPerpenicularCount 1
[20240124_13:17:26_051] # [T77831][VisionSlotInfoInsert][520]VisionSlot[1] num 3 after : 3        6       8       0       0
[20240124_13:17:26_051] # [T77831][VisionSlotAdd][1650]vision slot [1][2], u32Weight: 1, CurSlotAng: 2.883
[20240124_13:17:26_051] # [T77832][ParkSlotInfoInsert][505]ParkSlot[1][2] id 7 is insert, num 2->3
[20240124_13:17:26_055] # [T77832][ParkSlotInfoDebugPrint][105]ParkSlot[1][2]: ID 7, SlotClass 视觉, RadarSlotID 0, VisionSlotID 8
[20240124_13:17:26_059] # [T77833][ParkSlotInfoDebugPrint][123]SlotType 垂直, SlotLength 2179, SlotDepth 4732
[20240124_13:17:26_059] # [T77833][ParkSlotInfoDebugPrint][130]VehCoordAndAng: 2, 7817, ang -0.002(-0.115)
[20240124_13:17:26_059] # [T77834][ParkSlotInfoDebugPrint][135]tCrossPt: 0: 2234, 12914; 1: 6960, 13152; 2: 7070, 10974; 3: 2343, 10736
[20240124_13:17:26_059] # [T77834][ParkSlotInfoDebugPrint][138]bConfirmed 0, VehToSlotCurDis 0, VehToSlotNextReqDis 0, RequestType 0, RequestCnt 0
[20240124_13:17:26_059] # [T77835][ParkSlotInfoDebugPrint][141]ParkOut: Front 0, Rear 0, Left 0, Right 0
[20240124_13:17:26_060] # [T77835][ParkSlotInfoInsert][512]ParkSlot[1] num 3 after : 2    5       7
[20240124_13:17:26_060] # [T77836][DecisionParkInRequestCalPath][3130]CalID[7], SideIndex[1], SlotIndex[2], PanCmd[3]
[20240124_13:17:26_060] # [T77837][DebugInfoStartInStepN][11197]req-2
[20240124_13:17:26_060] # [T77837][DebugInfoStartInStepN][11199]******************** path planning information ******* [2] ****************[3  8149]****
[20240124_13:17:26_060] # [T77838][DebugInfoStartInStepN][11200]start_pos x = 3 y = 8149  veh*10: -1
[20240124_13:17:26_060] # [T77838][DebugInfoStartInStepN][11201]TargetDriveDirection = 0
[20240124_13:17:26_061] # [T77839][DebugInfoStartInStepN][11202]obl1 = 0 0 obl2 = 200 0
[20240124_13:17:26_061] # [T77839][DebugInfoStartInStepN][11203]endpos = 0 0  veh*10: 0
[20240124_13:17:26_061] # [T77839][APAPathPlanningPerpendCalPath][10298]4  0
[20240124_13:17:26_061] # [T77840][APAPathPlanningStep1DataDuringSearchingSlot][8668]3000   8149000     0
[20240124_13:17:26_061] # [T77840][APAPathPlanningStep1DataDuringSearchingSlot][8669]35000   -4982000     0
[20240124_13:17:26_061] # [T77840][APAPathPlanningStep1DataDuringSearchingSlot][8670]445000   -1000     6563000
[20240124_13:17:26_062] # [T77841][APAPathPlanningStep1DataDuringSearchingSlot][8671]VehTurningCenterPt = 0, 0
[20240124_13:17:26_067] # [T77841][APAPathPlanningStep1DataDuringSearchingSlot][8672]VehRearAxisCenterTurningRadius = 0
[20240124_13:17:26_067] # [T77842][APAPathPlanningStep1DataDuringSearchingSlot][8673]CalResult = 1
[20240124_13:17:26_067] # [T77842][APAPathPlanningPerpendSearchSlotCalPath][10749]5
[20240124_13:17:26_067] # [T77843][APAPathPlanningPerpendSearchSlotCalPath][11419]42
[20240124_13:17:26_068] # [T77843][APAPathPlanningPerpendSearchSlotCalPath][11450]43
[20240124_13:17:26_068] # [T77843][APAPathPlanningPerpendSearchSlotCalPath][11532]false
[20240124_13:17:26_068] # [T77844][APAPathPlanningPerpendCalNewParkingPath][12119]p4 CalResult = 0        flag = 1
[20240124_13:17:26_068] # [T77844][APAPathPlanningPerpendCalNewParkingPath][12156]p6 0
[20240124_13:17:26_068] # [T77845][APAPathPlanningAddOneBackLine][10758]pts: 0     pt_line: 0     jiaodu(*100): 0
[20240124_13:17:26_069] # [T77845][APARadarFilterSaveOblPointToSlotBuf][832]******  Outline[1] cnt [47] Point[45]  *******
[20240124_13:17:26_069] # [T77846][APARadarFilterSaveOblPointToSlotBuf][833]VehCoord[1][45]: 2, 7787, VehAng: -1
[20240124_13:17:26_069] # [T77846][APARadarFilterSaveOblPointToSlotBuf][834]OblCoord[1][45]: 4613, 11595, Dis: 3670, Big: 0
[20240124_13:17:26_069] # 
[20240124_13:17:26_069] # [T77847][APARadarFilterSaveOblPointToSlotBuf][832]******  Outline[0] cnt [64] Point[62]  *******
[20240124_13:17:26_069] # [T77847][APARadarFilterSaveOblPointToSlotBuf][833]VehCoord[0][62]: 2, 7787, VehAng: -1
[20240124_13:17:26_069] # [T77848][APARadarFilterSaveOblPointToSlotBuf][834]OblCoord[0][62]: -3183, 11361, Dis: 2258, Big: 0
[20240124_13:17:26_069] # 
[20240124_13:17:26_079] # [T77848][DecisionParkInRequestCalPath][3150]Request Planning Failed: CalID[7], Side[1], Class[2], Type[2]
[20240124_13:17:26_112] # [T77894][APAVisionOblAdd][1323]Vision Obl merge: 62
[20240124_13:17:26_112] # [T77894][APAVisionOblAdd][1326]Receive Vision Obl CrossPointCoord: 0: -8455, 10437; 1: -3401, 10602
[20240124_13:17:26_112] # [T77894][APAVisionOblInfoDebugPrint][118]VisionOblInfo:
[20240124_13:17:26_113] # [T77895][APAVisionOblInfoDebugPrint][119]OblType: 0, bIsMerge 0, DetectCount 32
[20240124_13:17:26_113] # [T77895][APAVisionOblInfoDebugPrint][122]CrossPointCoord: 0: -8109, 10337; 1: -3323, 10532
[20240124_13:17:26_113] # [T77896][APAVisionOblInfoDebugPrint][125]OriginCrossPointCoord: 0: 8464, 2481; 1: 3410, 2657
[20240124_13:17:26_113] # [T77896][APAVisionOblInfoDebugPrint][126]VehCoordAndAng: 3, 7938, ang -0.002(-0.120)
[20240124_13:17:26_113] # [T77897][APAVisionOblInfoDebugPrint][127] 
[20240124_13:17:26_117] # [T77897][APAVisionOblAdd][1323]Vision Obl merge: 63
[20240124_13:17:26_117] # [T77897][APAVisionOblAdd][1326]Receive Vision Obl CrossPointCoord: 0: 2246, 12952; 1: 7005, 13191
[20240124_13:17:26_117] # [T77898][APAVisionOblInfoDebugPrint][118]VisionOblInfo:
[20240124_13:17:26_117] # [T77898][APAVisionOblInfoDebugPrint][119]OblType: 0, bIsMerge 0, DetectCount 2
[20240124_13:17:26_117] # [T77898][APAVisionOblInfoDebugPrint][122]CrossPointCoord: 0: 2240, 12933; 1: 6982, 13171
[20240124_13:17:26_118] # [T77899][APAVisionOblInfoDebugPrint][125]OriginCrossPointCoord: 0: -2233, 5018; 1: -6991, 5267
[20240124_13:17:26_118] # [T77900][APAVisionOblInfoDebugPrint][126]VehCoordAndAng: 3, 7938, ang -0.002(-0.120)
[20240124_13:17:26_118] # [T77900][APAVisionOblInfoDebugPrint][127] 
[20240124_13:17:26_118] # [T77900][VisionSlotAddValidCheck][893]Vision slot Length: 2397,2397, Depth 5057,5058
[20240124_13:17:26_119] # [T77901][VisionSlotAdd][1521]Added Vision Slot[0][4] Num 5 OriCoord: 0: 3410, 2657; 1: 8464, 2481; 2: 8381, 85; 3: 3326, 261
[20240124_13:17:26_119] # [T77901][VisionSlotAdd][1522]VehCoordAndAngle: 3, 7938, ang -0.002 (-0.120)
[20240124_13:17:26_119] # [T77902][VisionSlotAdd][1523]Current VehPos: 3, 8209, ang -0.002 (-0.131)
[20240124_13:17:26_121] # [T77902][VisionSlotAdd][1528]Convert Vision Slot[0][4] Coord: 0: -3401, 10602; 1: -8455, 10437; 2: -8377, 8041; 3: -3322, 8206
[20240124_13:17:26_122] # [T77903][VisionSlotAdd][1533]Old Vision Slot[0][4] Coord: 0: -3327, 10556; 1: -8216, 10387; 2: -8135, 8054; 3: -3246, 8223
[20240124_13:17:26_122] # [T77904][VisionSlotAddSlotWeightCal][1014]u32Weight: 20, CentreY: 1459.000, DisY: 171.000, SlotAng: -1.994
[20240124_13:17:26_123] # [T77904][VisionSlotAdd][1576]New Vision Slot[0][4] Coord: 0: -3333, 10560; 1: -8237, 10391; 2: -8156, 8053; 3: -3253, 8222
[20240124_13:17:26_123] # [T77905][VisionSlotAdd][1600]vision slot [0][4], u32Weight: 20, Sum: 226, SlotAng: -178.025, CurSlotAng: -178.126
[20240124_13:17:26_123] # [T77906][VisionSlotAddValidCheck][893]Vision slot Length: 2207,2208, Depth 4764,4765
[20240124_13:17:26_123] # [T77906][VisionSlotAdd][1521]Added Vision Slot[1][2] Num 3 OriCoord: 0: -2233, 5018; 1: -6991, 5267; 2: -7107, 3062; 3: -2348, 2813
[20240124_13:17:26_123] # [T77907][VisionSlotAdd][1522]VehCoordAndAngle: 3, 7938, ang -0.002 (-0.120)
[20240124_13:17:26_123] # [T77907][VisionSlotAdd][1523]Current VehPos: 3, 8209, ang -0.002 (-0.131)
[20240124_13:17:26_129] # [T77908][VisionSlotAdd][1528]Convert Vision Slot[1][2] Coord: 0: 2246, 12952; 1: 7005, 13191; 2: 7116, 10985; 3: 2356, 10746
[20240124_13:17:26_130] # [T77908][VisionSlotAdd][1533]Old Vision Slot[1][2] Coord: 0: 2234, 12914; 1: 6960, 13152; 2: 7070, 10974; 3: 2343, 10736
[20240124_13:17:26_130] # [T77909][VisionSlotAddSlotWeightCal][1014]u32Weight: 1, CentreY: 3915.500, DisY: 2627.500, SlotAng: 177.005
[20240124_13:17:26_130] # [T77910][VisionSlotAdd][1576]New Vision Slot[1][2] Coord: 0: 2240, 12933; 1: 6982, 13171; 2: 7093, 10980; 3: 2350, 10741
[20240124_13:17:26_141] # [T77910][VisionSlotAdd][1600]vision slot [1][2], u32Weight: 1, Sum: 2, SlotAng: 2.879, CurSlotAng: 2.876
[20240124_13:17:26_142] # [T77926][APARadarFilterSaveOblPointToSlotBuf][832]******  Outline[1] cnt [47] Point[45]  *******
[20240124_13:17:26_142] # [T77926][APARadarFilterSaveOblPointToSlotBuf][833]VehCoord[1][45]: 3, 7943, VehAng: -2
[20240124_13:17:26_142] # [T77927][APARadarFilterSaveOblPointToSlotBuf][834]OblCoord[1][45]: 4608, 11749, Dis: 3663, Big: 0
[20240124_13:17:26_142] # 
[20240124_13:17:26_144] # [T77927][APARadarFilterSaveOblPointToSlotBuf][832]******  Outline[0] cnt [63] Point[61]  *******
[20240124_13:17:26_146] # [T77928][APARadarFilterSaveOblPointToSlotBuf][833]VehCoord[0][61]: 3, 7943, VehAng: -2
[20240124_13:17:26_147] # [T77928][APARadarFilterSaveOblPointToSlotBuf][834]OblCoord[0][61]: -3128, 11508, Dis: 2204, Big: 0
[20240124_13:17:26_147] # 
[20240124_13:17:26_155] #   77932-task_radar-118: RadarCaptureCnt is 362 
[20240124_13:17:26_155] # 
[20240124_13:17:26_173] # [T77940][CornerInfoMsg30ToPerceptionSend][862]CornerCoord: 0: 0, 0; 1: 0, 0; 2: 0, 0; 3: 0, 0
[20240124_13:17:26_173] # [T77941][CornerInfoMsg30ToPerceptionSend][864]VehLocation 0, Gear 0, OperatingState 2
[20240124_13:17:26_191] # [T77975][APAVisionOblAdd][1323]Vision Obl merge: 62
[20240124_13:17:26_191] # [T77975][APAVisionOblAdd][1326]Receive Vision Obl CrossPointCoord: 0: -8440, 10470; 1: -3325, 10637
[20240124_13:17:26_191] # [T77975][APAVisionOblInfoDebugPrint][118]VisionOblInfo:
[20240124_13:17:26_194] # [T77976][APAVisionOblInfoDebugPrint][119]OblType: 0, bIsMerge 0, DetectCount 33
[20240124_13:17:26_194] # [T77976][APAVisionOblInfoDebugPrint][122]CrossPointCoord: 0: -8119, 10341; 1: -3323, 10535
[20240124_13:17:26_194] # [T77977][APAVisionOblInfoDebugPrint][125]OriginCrossPointCoord: 0: 8449, 2427; 1: 3334, 2605
[20240124_13:17:26_195] # [T77977][APAVisionOblInfoDebugPrint][126]VehCoordAndAng: 3, 8025, ang -0.002(-0.123)
[20240124_13:17:26_195] # [T77978][APAVisionOblInfoDebugPrint][127] 
[20240124_13:17:26_195] # [T77978][APAVisionOblAdd][1323]Vision Obl merge: 63
[20240124_13:17:26_195] # [T77978][APAVisionOblAdd][1326]Receive Vision Obl CrossPointCoord: 0: 2245, 12926; 1: 7039, 13167
[20240124_13:17:26_195] # [T77979][APAVisionOblInfoDebugPrint][118]VisionOblInfo:
[20240124_13:17:26_198] # [T77979][APAVisionOblInfoDebugPrint][119]OblType: 0, bIsMerge 0, DetectCount 3
[20240124_13:17:26_198] # [T77979][APAVisionOblInfoDebugPrint][122]CrossPointCoord: 0: 2242, 12931; 1: 7001, 13170
[20240124_13:17:26_200] # [T77980][APAVisionOblInfoDebugPrint][125]OriginCrossPointCoord: 0: -2232, 4906; 1: -7025, 5157
[20240124_13:17:26_200] # [T77980][APAVisionOblInfoDebugPrint][126]VehCoordAndAng: 3, 8025, ang -0.002(-0.123)
[20240124_13:17:26_200] # [T77981][APAVisionOblInfoDebugPrint][127] 
[20240124_13:17:26_200] # [T77981][VisionSlotAddValidCheck][893]Vision slot Length: 2451,2451, Depth 5118,5118
[20240124_13:17:26_200] # [T77982][VisionSlotAdd][1521]Added Vision Slot[0][4] Num 5 OriCoord: 0: 3334, 2605; 1: 8449, 2427; 2: 8364, -23; 3: 3249, 155
[20240124_13:17:26_200] # [T77982][VisionSlotAdd][1522]VehCoordAndAngle: 3, 8025, ang -0.002 (-0.123)
[20240124_13:17:26_200] # [T77983][VisionSlotAdd][1523]Current VehPos: 3, 8306, ang -0.002 (-0.135)
[20240124_13:17:26_205] # [T77983][VisionSlotAdd][1528]Convert Vision Slot[0][4] Coord: 0: -3325, 10637; 1: -8440, 10470; 2: -8360, 8020; 3: -3245, 8187
[20240124_13:17:26_206] # [T77984][VisionSlotAdd][1533]Old Vision Slot[0][4] Coord: 0: -3333, 10560; 1: -8237, 10391; 2: -8156, 8053; 3: -3253, 8222
[20240124_13:17:26_206] # [T77985][VisionSlotAddSlotWeightCal][1014]u32Weight: 20, CentreY: 1380.000, DisY: 92.000, SlotAng: -1.993
[20240124_13:17:26_206] # [T77985][VisionSlotAdd][1576]New Vision Slot[0][4] Coord: 0: -3333, 10566; 1: -8253, 10398; 2: -8173, 8050; 3: -3252, 8219
[20240124_13:17:26_206] # [T77986][VisionSlotAdd][1600]vision slot [0][4], u32Weight: 20, Sum: 246, SlotAng: -178.034, CurSlotAng: -178.130
[20240124_13:17:26_206] # [T77986][VisionSlotAddValidCheck][893]Vision slot Length: 2257,2257, Depth 4799,4799
[20240124_13:17:26_206] # [T77987][VisionSlotAdd][1521]Added Vision Slot[1[2] Num 3 OriCoord: 0: -2232, 4906; 1: -7025, 5157; 2: -7143, 2903; 3: -2350, 2652
[20240124_13:17:26_208] # [T77988][VisionSlotAdd][1522]VehCoordAndAngle: 3, 8025, ang -0.002 (-0.123)
[20240124_13:17:26_208] # [T77988][VisionSlotAdd][1523]Current VehPos: 3, 8306, ang -0.002 (-0.135)
[20240124_13:17:26_208] # [T77988][VisionSlotAdd][1528]Convert Vision Slot[1][2] Coord: 0: 2245, 12926; 1: 7039, 13167; 2: 7152, 10913; 3: 2358, 10672
[20240124_13:17:26_208] # [T77989][VisionSlotAdd][1533]Old Vision Slot[1][2] Coord: 0: 2240, 12933; 1: 6982, 13171; 2: 7093, 10980; 3: 2350, 10741
[20240124_13:17:26_208] # [T77990][VisionSlotAddSlotWeightCal][1014]u32Weight: 1, CentreY: 3779.000, DisY: 2491.000, SlotAng: 177.002
[20240124_13:17:26_208] # [T77990][VisionSlotAdd][1576]New Vision Slot[1][2] Coord: 0: 2242, 12931; 1: 7001, 13170; 2: 7113, 10957; 3: 2353, 10718
[20240124_13:17:26_213] # [T77991][VisionSlotAdd][1600]vision slot [1][2], u32Weight: 1, Sum: 3, SlotAng: 2.878, CurSlotAng: 2.874
[20240124_13:17:26_214] # [T77992][APARadarFilterSaveOblPointToSlotBuf][832]******  Outline[1] cnt [48] Point[46]  *******
[20240124_13:17:26_214] # [T77993][APARadarFilterSaveOblPointToSlotBuf][833]VehCoord[1][46]: 3, 8004, VehAng: -2
[20240124_13:17:26_220] # [T77994][APARadarFilterSaveOblPointToSlotBuf][834]OblCoord[1][46]: 4612, 11810, Dis: 3667, Big: 0
[20240124_13:17:26_220] # 
[20240124_13:17:26_272] # [T78057][APAVisionOblAdd][1323]Vision Obl merge: 62
[20240124_13:17:26_274] # [T78057][APAVisionOblAdd][1326]Receive Vision Obl CrossPointCoord: 0: -8407, 10504; 1: -3322, 10581
[20240124_13:17:26_274] # [T78057][APAVisionOblInfoDebugPrint][118]VisionOblInfo:
[20240124_13:17:26_274] # [T78058][APAVisionOblInfoDebugPrint][119]OblType: 0, bIsMerge 0, DetectCount 34
[20240124_13:17:26_274] # [T78058][APAVisionOblInfoDebugPrint][122]CrossPointCoord: 0: -8128, 10345; 1: -3323, 10536
[20240124_13:17:26_279] # [T78059][APAVisionOblInfoDebugPrint][125]OriginCrossPointCoord: 0: 8416, 2349; 1: 3331, 2438
[20240124_13:17:26_279] # [T78059][APAVisionOblInfoDebugPrint][126]VehCoordAndAng: 3, 8136, ang -0.002(-0.128)
[20240124_13:17:26_279] # [T78060][APAVisionOblInfoDebugPrint][127] 
[20240124_13:17:26_280] # [T78060][APAVisionOblAdd][1323]Vision Obl merge: 63
[20240124_13:17:26_280] # [T78060][APAVisionOblAdd][1326]Receive Vision Obl CrossPointCoord: 0: 2293, 12916; 1: 7061, 13155
[20240124_13:17:26_280] # [T78061][APAVisionOblInfoDebugPrint][118]VisionOblInfo:
[20240124_13:17:26_280] # [T78061][APAVisionOblInfoDebugPrint][119]OblType: 0, bIsMerge 0, DetectCount 4
[20240124_13:17:26_281] # [T78061][APAVisionOblInfoDebugPrint][122]CrossPointCoord: 0: 2254, 12927; 1: 7016, 13166
[20240124_13:17:26_281] # [T78062][APAVisionOblInfoDebugPrint][125]OriginCrossPointCoord: 0: -2279, 4785; 1: -7047, 5035
[20240124_13:17:26_281] # [T78062][APAVisionOblInfoDebugPrint][126]VehCoordAndAng: 3, 8136, ang -0.002(-0.128)
[20240124_13:17:26_281] # [T78063][APAVisionOblInfoDebugPrint][127] 
[20240124_13:17:26_284] # [T78063][VisionSlotAddValidCheck][893]Vision slot Length: 2415,2414, Depth 5085,5084
[20240124_13:17:26_284] # [T78064][VisionSlotAdd][1521]Added Vision Slot[0][4] Num 5 OriCoord: 0: 3331, 2438; 1: 8416, 2349; 2: 8373, -65; 3: 3289, 23
[20240124_13:17:26_285] # [T78064][VisionSlotAdd][1522]VehCoordAndAngle: 3, 8136, ang -0.002 (-0.128)
[20240124_13:17:26_285] # [T78065][VisionSlotAdd][1523]Current VehPos: 4, 8402, ang -0.002 (-0.139)
[20240124_13:17:26_285] # [T78065][VisionSlotAdd][1528]Convert Vision Slot[0][4] Coord: 0: -3322, 10581; 1: -8407, 10504; 2: -8369, 8090; 3: -3285, 8166
[20240124_13:17:26_285] # [T78066][VisionSlotAdd][1533]Old Vision Slot[0][4] Coord: 0: -3333, 10566; 1: -8253, 10398; 2: -8173, 8050; 3: -3252, 8219
[20240124_13:17:26_285] # [T78067][VisionSlotAddSlotWeightCal][1014]u32Weight: 20, CentreY: 1230.500, DisY: 57.500, SlotAng: -0.997
[20240124_13:17:26_286] # [T78067][VisionSlotAdd][1576]New Vision Slot[0][4] Coord: 0: -3332, 10568; 1: -8265, 10405; 2: -8188, 8053; 3: -3254, 8215
[20240124_13:17:26_286] # [T78068][VisionSlotAdd][1600]vision slot [0][4], u32Weight: 20, Sum: 266, SlotAng: -178.119, CurSlotAng: -179.131
[20240124_13:17:26_286] # [T78068][VisionSlotAddValidCheck][893]Vision slot Length: 2296,2296, Depth 4774,4773
[20240124_13:17:26_286] # [T78069][VisionSlotAdd][1521]Added Vision Slot[1]2] Num 3 OriCoord: 0: -2279, 4785; 1: -7047, 5035; 2: -7167, 2742; 3: -2400, 2492
[20240124_13:17:26_286] # [T78070][VisionSlotAdd][1522]VehCoordAndAngle: 3, 8136, ang -0.002 (-0.128)
[20240124_13:17:26_286] # [T78070][VisionSlotAdd][1523]Current VehPos: 4, 8402, ang -0.002 (-0.139)
[20240124_13:17:26_291] # [T78070][VisionSlotAdd][1528]Convert Vision Slot[1][2] Coord: 0: 2293, 12916; 1: 7061, 13155; 2: 7176, 10862; 3: 2409, 10623
[20240124_13:17:26_292] # [T78071][VisionSlotAdd][1533]Old Vision Slot[1][2] Coord: 0: 2242, 12931; 1: 7001, 13170; 2: 7113, 10957; 3: 2353, 10718
[20240124_13:17:26_292] # [T78072][VisionSlotAddSlotWeightCal][1014]u32Weight: 1, CentreY: 3638.500, DisY: 2350.500, SlotAng: 176.998
[20240124_13:17:26_292] # [T78072][VisionSlotAdd][1576]New Vision Slot[1][2] Coord: 0: 2254, 12927; 1: 7016, 13166; 2: 7128, 10934; 3: 2367, 10694
[20240124_13:17:26_297] # [T78073][VisionSlotAdd][1600]vision slot [1][2], u32Weight: 1, Sum: 4, SlotAng: 2.877, CurSlotAng: 2.874
[20240124_13:17:26_346] # [T78130][APARadarFilterSaveOblPointToSlotBuf][832]******  Outline[0] cnt [64] Point[62]  *******
[20240124_13:17:26_347] # [T78131][APARadarFilterSaveOblPointToSlotBuf][833]VehCoord[0][62]: 3, 8185, VehAng: -2
[20240124_13:17:26_354] # [T78131][APARadarFilterSaveOblPointToSlotBuf][834]OblCoord[0][62]: -3086, 11743, Dis: 2163, Big: 0
[20240124_13:17:26_354] # 
[20240124_13:17:26_356] # [T78140][APAVisionOblAdd][1323]Vision Obl merge: 62
[20240124_13:17:26_356] # [T78140][APAVisionOblAdd][1326]Receive Vision Obl CrossPointCoord: 0: -8376, 10469; 1: -3409, 10632
[20240124_13:17:26_356] # [T78140][APAVisionOblInfoDebugPrint][118]VisionOblInfo:
[20240124_13:17:26_363] # [T78141][APAVisionOblInfoDebugPrint][119]OblType: 0, bIsMerge 0, DetectCount 35
[20240124_13:17:26_363] # [T78141][APAVisionOblInfoDebugPrint][122]CrossPointCoord: 0: -8135, 10349; 1: -3326, 10539
[20240124_13:17:26_363] # [T78142][APAVisionOblInfoDebugPrint][125]OriginCrossPointCoord: 0: 8385, 2230; 1: 3419, 2404
[20240124_13:17:26_363] # [T78142][APAVisionOblInfoDebugPrint][126]VehCoordAndAng: 3, 8220, ang -0.002(-0.131)
[20240124_13:17:26_363] # [T78143][APAVisionOblInfoDebugPrint][127] 
[20240124_13:17:26_364] # [T78143][VisionSlotAddValidCheck][893]Vision slot Length: 2427,2427, Depth 4969,4968
[20240124_13:17:26_364] # [T78143][VisionSlotAdd][1521]Added Vision Slot[0][4] Num 5 OriCoord: 0: 3419, 2404; 1: 8385, 2230; 2: 8300, -196; 3: 3335, -22
[20240124_13:17:26_364] # [T78144][VisionSlotAdd][1522]VehCoordAndAngle: 3, 8220, ang -0.002 (-0.131)
[20240124_13:17:26_364] # [T78144][VisionSlotAdd][1523]Current VehPos: 4, 8511, ang -0.003 (-0.143)
[20240124_13:17:26_364] # [T78145][VisionSlotAdd][1528]Convert Vision Slot[0][4] Coord: 0: -3409, 10632; 1: -8376, 10469; 2: -8296, 8043; 3: -3331, 8206
[20240124_13:17:26_364] # [T78146][VisionSlotAdd][1533]Old Vision Slot[0][4] Coord: 0: -3332, 10568; 1: -8265, 10405; 2: -8188, 8053; 3: -3254, 8215
[20240124_13:17:26_364] # [T78146][VisionSlotAddSlotWeightCal][1014]u32Weight: 20, CentreY: 1191.000, DisY: 97.000, SlotAng: -2.007
[20240124_13:17:26_365] # [T78147][VisionSlotAdd][1576]New Vision Slot[0][4] Coord: 0: -3337, 10572; 1: -8273, 10410; 2: -8195, 8052; 3: -3260, 8214
[20240124_13:17:26_375] # [T78147][VisionSlotAdd][1600]vision slot [0][4], u32Weight: 20, Sum: 286, SlotAng: -178.119, CurSlotAng: -178.124
[20240124_13:17:26_437] # [T78220][APAVisionOblAdd][1323]Vision Obl merge: 62
[20240124_13:17:26_437] # [T78220][APAVisionOblAdd][1326]Receive Vision Obl CrossPointCoord: 0: -8432, 10458; 1: -3390, 10622
[20240124_13:17:26_437] # [T78221][APAVisionOblInfoDebugPrint][118]VisionOblInfo:
[20240124_13:17:26_437] # [T78221][APAVisionOblInfoDebugPrint][119]OblType: 0, bIsMerge 0, DetectCount 36
[20240124_13:17:26_438] # [T78221][APAVisionOblInfoDebugPrint][122]CrossPointCoord: 0: -8143, 10352; 1: -3328, 10541
[20240124_13:17:26_438] # [T78222][APAVisionOblInfoDebugPrint][125]OriginCrossPointCoord: 0: 8441, 2124; 1: 3400, 2300
[20240124_13:17:26_443] # [T78222][APAVisionOblInfoDebugPrint][126]VehCoordAndAng: 3, 8314, ang -0.002(-0.135)
[20240124_13:17:26_443] # [T78223][APAVisionOblInfoDebugPrint][127] 
[20240124_13:17:26_443] # [T78223][APAVisionOblAdd][1323]Vision Obl merge: 63
[20240124_13:17:26_443] # [T78223][APAVisionOblAdd][1326]Receive Vision Obl CrossPointCoord: 0: 2374, 12893; 1: 7157, 13133
[20240124_13:17:26_443] # [T78224][APAVisionOblInfoDebugPrint][118]VisionOblInfo:
[20240124_13:17:26_444] # [T78224][APAVisionOblInfoDebugPrint][119]OblType: 0, bIsMerge 0, DetectCount 5
[20240124_13:17:26_444] # [T78225][APAVisionOblInfoDebugPrint][122]CrossPointCoord: 0: 2278, 12920; 1: 7044, 13160
[20240124_13:17:26_444] # [T78225][APAVisionOblInfoDebugPrint][125]OriginCrossPointCoord: 0: -2360, 4585; 1: -7142, 4836
[20240124_13:17:26_444] # [T78226][APAVisionOblInfoDebugPrint][126]VehCoordAndAng: 3, 8314, ang -0.002(-0.135)
[20240124_13:17:26_444] # [T78226][APAVisionOblInfoDebugPrint][127] 
[20240124_13:17:26_444] # [T78226][VisionSlotAddValidCheck][893]Vision slot Length: 2387,2387, Depth 5044,5044
[20240124_13:17:26_444] # [T78227][VisionSlotAdd][1521]Added Vision Slot[0][4] Num 5 OriCoord: 0: 3400, 2300; 1: 8441, 2124; 2: 8357, -262; 3: 3316, -86
[20240124_13:17:26_445] # [T78228][VisionSlotAdd][1522]VehCoordAndAngle: 3, 8314, ang -0.002 (-0.135)
[20240124_13:17:26_447] # [T78228][VisionSlotAdd][1523]Current VehPos: 4, 8631, ang -0.003 (-0.148)
[20240124_13:17:26_447] # [T78228][VisionSlotAdd][1528]Convert Vision Slot[0][4] Coord: 0: -3390, 10622; 1: -8432, 10458; 2: -8353, 8072; 3: -3312, 8236
[20240124_13:17:26_449] # [T78229][VisionSlotAdd][1533]Old Vision Slot[0][4] Coord: 0: -3337, 10572; 1: -8273, 10410; 2: -8195, 8052; 3: -3260, 8214
[20240124_13:17:26_449] # [T78230][VisionSlotAddSlotWeightCal][1014]u32Weight: 20, CentreY: 1107.000, DisY: 181.000, SlotAng: -2.000
[20240124_13:17:26_449] # [T78230][VisionSlotAdd][1576]New Vision Slot[0][4] Coord: 0: -3341, 10575; 1: -8283, 10413; 2: -8206, 8054; 3: -3263, 8216
[20240124_13:17:26_449] # [T78231][VisionSlotAdd][1600]vision slot [0][4], u32Weight: 20, Sum: 306, SlotAng: -178.120, CurSlotAng: -178.136
[20240124_13:17:26_449] # [T78232][VisionSlotAddValidCheck][893]Vision slot Length: 2326,2327, Depth 4788,4789
[20240124_13:17:26_449] # [T78232][VisionSlotAdd][1521]Added Vision Slot[1][2] Num 3 OriCoord: 0: -2360, 4585; 1: -7142, 4836; 2: -7264, 2512; 3: -2481, 2262
[20240124_13:17:26_454] # [T78233][VisionSlotAdd][1522]VehCoordAndAngle: 3, 8314, ang -0.002 (-0.135)
[20240124_13:17:26_454] # [T78233][VisionSlotAdd][1523]Current VehPos: 4, 8631, ang -0.003 (-0.148)
[20240124_13:17:26_454] # [T78234][VisionSlotAdd][1528]Convert Vision Slot[1][2] Coord: 0: 2374, 12893; 1: 7157, 13133; 2: 7273, 10809; 3: 2490, 10570
[20240124_13:17:26_455] # [T78234][VisionSlotAdd][1533]Old Vision Slot[1][2] Coord: 0: 2254, 12927; 1: 7016, 13166; 2: 7128, 10934; 3: 2367, 10694
[20240124_13:17:26_455] # [T78235][VisionSlotAddSlotWeightCal][1014]u32Weight: 1, CentreY: 3423.500, DisY: 2135.500, SlotAng: 177.002
[20240124_13:17:26_455] # [T78236][VisionSlotAdd][1576]New Vision Slot[1][2] Coord: 0: 2278, 12920; 1: 7044, 13160; 2: 7157, 10909; 3: 2391, 10670
[20240124_13:17:26_468] # [T78236][VisionSlotAdd][1600]vision slot [1][2], u32Weight: 1, Sum: 5, SlotAng: 2.874, CurSlotAng: 2.863
[20240124_13:17:26_517] # [T78301][VisionSlotAddValidCheck][893]Vision slot Length: 2354,2354, Depth 4812,4812
[20240124_13:17:26_517] # [T78301][VisionSlotAdd][1521]Added Vision Slot[1][2] Num 3 OriCoord: 0: -2300, 4566; 1: -7110, 4734; 2: -7192, 2381; 3: -2382, 2213
[20240124_13:17:26_523] # [T78302][VisionSlotAdd][1522]VehCoordAndAngle: 4, 8410, ang -0.002 (-0.139)
[20240124_13:17:26_523] # [T78302][VisionSlotAdd][1523]Current VehPos: 4, 8728, ang -0.003 (-0.152)
[20240124_13:17:26_523] # [T78303][VisionSlotAdd][1528]Convert Vision Slot[1][2] Coord: 0: 2315, 12970; 1: 7125, 13127; 2: 7201, 10773; 3: 2391, 10617
[20240124_13:17:26_523] # [T78303][VisionSlotAdd][1533]Old Vision Slot[1][2] Coord: 0: 2278, 12920; 1: 7044, 13160; 2: 7157, 10909; 3: 2391, 10670
[20240124_13:17:26_524] # [T78304][VisionSlotAddSlotWeightCal][1014]u32Weight: 1, CentreY: 3389.500, DisY: 2101.500, SlotAng: 178.000
[20240124_13:17:26_524] # [T78304][VisionSlotAdd][1576]New Vision Slot[1][2] Coord: 0: 2284, 12929; 1: 7058, 13154; 2: 7165, 10886; 3: 2391, 10661
[20240124_13:17:26_524] # [T78305][VisionSlotAdd][1600]vision slot [1][2], u32Weight: 1, Sum: 6, SlotAng: 2.704, CurSlotAng: 1.861
[20240124_13:17:26_524] # [T78306][VisionSlotAddValidCheck][893]Vision slot Length: 2415,2415, Depth 4905,4905
[20240124_13:17:26_524] # [T78306][VisionSlotAdd][1521]Added Vision Slot[0][4] Num 5 OriCoord: 0: 3371, 2164; 1: 8274, 1993; 2: 8190, -421; 3: 3287, -250
[20240124_13:17:26_525] # [T78307][VisionSlotAdd][1522]VehCoordAndAngle: 4, 8410, ang -0.002 (-0.139)
[20240124_13:17:26_527] # [T78307][VisionSlotAdd][1523]Current VehPos: 4, 8728, ang -0.003 (-0.152)
[20240124_13:17:26_528] # [T78308][VisionSlotAdd][1528]Convert Vision Slot[0][4] Coord: 0: -3361, 10582; 1: -8264, 10423; 2: -8186, 8009; 3: -3283, 8168
[20240124_13:17:26_528] # [T78308][VisionSlotAdd][1533]Old Vision Slot[0][4] Coord: 0: -3341, 10575; 1: -8283, 10413; 2: -8206, 8054; 3: -3263, 8216
[20240124_13:17:26_528] # [T78309][VisionSlotAddSlotWeightCal][1014]u32Weight: 19, CentreY: 957.000, DisY: 331.000, SlotAng: -1.997
[20240124_13:17:26_529] # [T78310][VisionSlotAdd][1576]New Vision Slot[0][4] Coord: 0: -3342, 10576; 1: -8282, 10414; 2: -8204, 8051; 3: -3264, 8213
[20240124_13:17:26_529] # [T78310][VisionSlotAdd][1600]vision slot [0][4], u32Weight: 19, Sum: 325, SlotAng: -178.121, CurSlotAng: -178.142
[20240124_13:17:26_529] # [T78311][APAVisionOblAdd][1323]Vision Obl merge: 63
[20240124_13:17:26_529] # [T78311][APAVisionOblAdd][1326]Receive Vision Obl CrossPointCoord: 0: 2315, 12970; 1: 7125, 13127
[20240124_13:17:26_529] # [T78312][APAVisionOblInfoDebugPrint][118]VisionOblInfo:
[20240124_13:17:26_532] # [T78312][APAVisionOblInfoDebugPrint][119]OblType: 0, bIsMerge 0, DetectCount 6
[20240124_13:17:26_532] # [T78313][APAVisionOblInfoDebugPrint][122]CrossPointCoord: 0: 2284, 12929; 1: 7058, 13154
[20240124_13:17:26_532] # [T78313][APAVisionOblInfoDebugPrint][125]OriginCrossPointCoord: 0: -2300, 4566; 1: -7110, 4734
[20240124_13:17:26_532] # [T78314][APAVisionOblInfoDebugPrint][126]VehCoordAndAng: 4, 8410, ang -0.002(-0.139)
[20240124_13:17:26_532] # [T78314][APAVisionOblInfoDebugPrint][127] 
[20240124_13:17:26_533] # [T78314][APAVisionOblAdd][1323]Vision Obl merge: 62
[20240124_13:17:26_533] # [T78315][APAVisionOblAdd][1326]Receive Vision Obl CrossPointCoord: 0: -8264, 10423; 1: -3361, 10582
[20240124_13:17:26_533] # [T78315][APAVisionOblInfoDebugPrint][118]VisionOblInfo:
[20240124_13:17:26_533] # [T78316][APAVisionOblInfoDebugPrint][119]OblType: 0, bIsMerge 0, DetectCount 37
[20240124_13:17:26_533] # [T78316][APAVisionOblInfoDebugPrint][122]CrossPointCoord: 0: -8146, 10354; 1: -3329, 10542
[20240124_13:17:26_533] # [T78317][APAVisionOblInfoDebugPrint][125]OriginCrossPointCoord: 0: 8274, 1993; 1: 3371, 2164
[20240124_13:17:26_547] # [T78317][APAVisionOblInfoDebugPrint][126]VehCoordAndAng: 4, 8410, ang -0.002(-0.139)
[20240124_13:17:26_549] # [T78318][APAVisionOblInfoDebugPrint][127] 
[20240124_13:17:26_554] # [T78334][APARadarFilterSaveOblPointToSlotBuf][832]******  Outline[1] cnt [48] Point[46]  *******
[20240124_13:17:26_554] # [T78334][APARadarFilterSaveOblPointToSlotBuf][833]VehCoord[1][46]: 4, 8414, VehAng: -2
[20240124_13:17:26_565] # [T78335][APARadarFilterSaveOblPointToSlotBuf][834]OblCoord[1][46]: 5881, 12439, Dis: 4933, Big: 0
[20240124_13:17:26_565] # 
[20240124_13:17:26_602] # [T78385][APARadarFilterSaveOblPointToSlotBuf][832]******  Outline[1] cnt [49] Point[47]  *******
[20240124_13:17:26_602] # [T78385][APARadarFilterSaveOblPointToSlotBuf][833]VehCoord[1][47]: 4, 8499, VehAng: -2
[20240124_13:17:26_602] # [T78386][APARadarFilterSaveOblPointToSlotBuf][834]OblCoord[1][47]: 5878, 12523, Dis: 4930, Big: 0
[20240124_13:17:26_602] # 
[20240124_13:17:26_602] # [T78386][APARadarFilterSaveOblPointToSlotBuf][832]******  Outline[0] cnt [65] Point[63]  *******
[20240124_13:17:26_602] # [T78387][APARadarFilterSaveOblPointToSlotBuf][833]VehCoord[0][63]: 4, 8499, VehAng: -2
[20240124_13:17:26_606] # [T78387][APARadarFilterSaveOblPointToSlotBuf][834]OblCoord[0][63]: -3075, 12056, Dis: 2154, Big: 0
[20240124_13:17:26_606] # 
[20240124_13:17:26_606] # [T78388][APAVisionOblAdd][1323]Vision Obl merge: 62
[20240124_13:17:26_606] # [T78388][APAVisionOblAdd][1326]Receive Vision Obl CrossPointCoord: 0: -8257, 10412; 1: -3374, 10571
[20240124_13:17:26_606] # [T78389][APAVisionOblInfoDebugPrint][118]VisionOblInfo:
[20240124_13:17:26_606] # [T78389][APAVisionOblInfoDebugPrint][119]OblType: 0, bIsMerge 0, DetectCount 38
[20240124_13:17:26_607] # [T78389][APAVisionOblInfoDebugPrint][122]CrossPointCoord: 0: -8149, 10355; 1: -3330, 10543
[20240124_13:17:26_607] # [T78390][APAVisionOblInfoDebugPrint][125]OriginCrossPointCoord: 0: 8267, 1847; 1: 3384, 2018
[20240124_13:17:26_607] # [T78390][APAVisionOblInfoDebugPrint][126]VehCoordAndAng: 4, 8545, ang -0.003(-0.145)
[20240124_13:17:26_611] # [T78391][APAVisionOblInfoDebugPrint][127] 
[20240124_13:17:26_611] # [T78391][APAVisionOblAdd][1323]Vision Obl merge: 63
[20240124_13:17:26_611] # [T78391][APAVisionOblAdd][1326]Receive Vision Obl CrossPointCoord: 0: 2319, 12964; 1: 7168, 13205
[20240124_13:17:26_611] # [T78392][APAVisionOblInfoDebugPrint][118]VisionOblInfo:
[20240124_13:17:26_611] # [T78392][APAVisionOblInfoDebugPrint][119]OblType: 0, bIsMerge 0, DetectCount 7
[20240124_13:17:26_611] # [T78393][APAVisionOblInfoDebugPrint][122]CrossPointCoord: 0: 2289, 12934; 1: 7074, 13161
[20240124_13:17:26_612] # [T78393][APAVisionOblInfoDebugPrint][125]OriginCrossPointCoord: 0: -2304, 4425; 1: -7152, 4679
[20240124_13:17:26_612] # [T78394][APAVisionOblInfoDebugPrint][126]VehCoordAndAng: 4, 8545, ang -0.003(-0.145)
[20240124_13:17:26_612] # [T78394][APAVisionOblInfoDebugPrint][127] 
[20240124_13:17:26_612] # [T78394][VisionSlotAddValidCheck][893]Vision slot Length: 2377,2376, Depth 4885,4885
[20240124_13:17:26_612] # [T78395][VisionSlotAdd][1521]Added Vision Slot[0][4] Num 5 OriCoord: 0: 3384, 2018; 1: 8267, 1847; 2: 8184, -528; 3: 3301, -358
[20240124_13:17:26_616] # [T78396][VisionSlotAdd][1522]VehCoordAndAngle: 4, 8545, ang -0.003 (-0.145)
[20240124_13:17:26_616] # [T78396][VisionSlotAdd][1523]Current VePos: 5, 8824, ang -0.003 (-0.156)
[20240124_13:17:26_616] # [T78396][VisionSlotAdd][1528]Convert Vision Slot[0][4] Coord: 0: -3374, 10571; 1: -8257, 10412; 2: -8180, 8037; 3: -3297, 8195
[20240124_13:17:26_616] # [T78397][VisionSlotAdd][1533]Old Vision Slot[0][4] Coord: 0: -3342, 10576; 1: -8282, 10414; 2: -8204, 8051; 3: -3264, 8213
[20240124_13:17:26_616] # [T78398][VisionSlotAddSlotWeightCal][1014]u32Weight: 18, CentreY: 830.000, DisY: 458.000, SlotAng: -2.000
[20240124_13:17:26_617] # [T78398][VisionSlotAdd[1576]New Vision Slot[0][4] Coord: 0: -3344, 10575; 1: -8281, 10414; 2: -8203, 8050; 3: -3266, 8212
[20240124_13:17:26_617] # [T78399][VisionSlotAdd][1600]vision slot [0][4], u32Weight: 18, Sum: 343, SlotAng: -178.123, CurSlotAng: -178.145
[20240124_13:17:26_617] # [T78400][VisionSlotAddValidCheck][893]Vision slot Length: 2325,2325, Depth 4854,4854
[20240124_13:17:26_617] # [T78400][VisionSlotAdd][1521]Added Vision Slot[1][2] Num 3 OriCoord: 0: -2304, 4425; 1: -7152, 4679; 2: -7274, 2357; 3: -2426, 2103
[20240124_13:17:26_617] # [T78401][VisionSlotAdd][1522]VehCoordAndAngle: 4, 8545, ang -0.003 (-0.145)
[20240124_13:17:26_620] # [T78401][VisionSlotAdd][1523]Current VehPos: 5, 8824, ang -0.003 (-0.156)
[20240124_13:17:26_621] # [T78402][VisionSlotAdd][1528]Convert Vision Slot[1][2] Coord: 0: 2319, 12964; 1: 7168, 13205; 2: 7284, 10883; 3: 2435, 10641
[20240124_13:17:26_621] # [T78402][VisionSlotAdd][1533]Old Vision Slot[1][2] Coord: 0: 2284, 12929; 1: 7058, 13154; 2: 7165, 10886; 3: 2391, 10661
[20240124_13:17:26_621] # [T78403][VisionSlotAddSlotWeightCal][1014]u32Weight: 1, CentreY: 3264.000, DisY: 1976.000, SlotAng: 177.001
[20240124_13:17:26_641] # [T78404][VisionSlotAdd][1576]New Vision Slot[1][2] Coord: 0: 2289, 12934; 1: 7074, 13161; 2: 7182, 10886; 3: 2398, 10658
[20240124_13:17:26_641] # [T78404][VisionSlotAdd][1600]vision slot [1][2], u32Weight: 1, Sum: 7, SlotAng: 2.726, CurSlotAng: 2.855
[20240124_13:17:26_657] #   78433-task_radar-118: RadarCaptureCnt is 363 
[20240124_13:17:26_657] # 
[20240124_13:17:26_685] # [T78468][APAVisionOblAdd][1323]Vision Obl merge: 63
[20240124_13:17:26_685] # [T78468][APAVisionOblAdd][1326]Receive Vision Obl CrossPointCoord: 0: 2301, 13009; 1: 7128, 13250
[20240124_13:17:26_685] # [T78468][APAVisionOblInfoDebugPrint][118]VisionOblInfo:
[20240124_13:17:26_685] # [T78469][APAVisionOblInfoDebugPrint][119]OblType: 0, bIsMerge 0, DetectCount 8
[20240124_13:17:26_686] # [T78469][APAVisionOblInfoDebugPrint][122]CrossPointCoord: 0: 2291, 12943; 1: 7080, 13173
[20240124_13:17:26_689] # [T78470][APAVisionOblInfoDebugPrint][125]OriginCrossPointCoord: 0: -2285, 4360; 1: -7112, 4613
[20240124_13:17:26_689] # [T78470][APAVisionOblInfoDebugPrint][126]VehCoordAndAng: 4, 8655, ang -0.003(-0.149)
[20240124_13:17:26_690] # [T78471][APAVisionOblInfoDebugPrint][127] 
[20240124_13:17:26_690] # [T78471][APAVisionOblAdd][1323]Vision Obl merge: 62
[20240124_13:17:26_690] # [T78471][APAVisionOblAdd][1326]Receive Vision Obl CrossPointCoord: 0: -8278, 10447; 1: -3453, 10602
[20240124_13:17:26_690] # [T78472][APAVisionOblInfoDebugPrint][118]VisionOblInfo:
[20240124_13:17:26_690] # [T78472][APAVisionOblInfoDebugPrint][119]OblType: 0, bIsMerge 0, DetectCount 39
[20240124_13:17:26_690] # [T78472][APAVisionOblInfoDebugPrint][122]CrossPointCoord: 0: -8152, 10358; 1: -3333, 10545
[20240124_13:17:26_690] # [T78473][APAVisionOblInfoDebugPrint][125]OriginCrossPointCoord: 0: 8288, 1770; 1: 3463, 1938
[20240124_13:17:26_691] # [T78473][APAVisionOblInfoDebugPrint][126]VehCoordAndAng: 4, 8655, ang -0.003(-0.149)
[20240124_13:17:26_691] # [T78474][APAVisionOblInfoDebugPrint][127] 
[20240124_13:17:26_694] # [T78474][VisionSlotAddValidCheck][893]Vision slot Length: 2380,2380, Depth 4833,4833
[20240124_13:17:26_694] # [T78475][VisionSlotAdd][1521]Added Vision Slot[1][2] Num 3 OriCoord: 0: -2285, 4360; 1: -7112, 4613; 2: -7236, 2236; 3: -2409, 1983
[20240124_13:17:26_694] # [T78475][VisionSlotAdd][1522]VehCoordAndAngle: 4, 8655, ang -0.003 (-0.149)
[20240124_13:17:26_694] # [T78476][VisionSlotAdd][1523]Current VehPos: 5, 8933, ang -0.003 (-0.160)
[20240124_13:17:26_695] # [T78476][VisionSlotAdd][1528]Convert Vision Slot[1][2] Coord: 0: 2301, 13009; 1: 7128, 13250; 2: 7246, 10873; 3: 2418, 10632
[20240124_13:17:26_695] # [T78477][VisionSlotAdd][1533]Old Vision Slot[1][2] Coord: 0: 2289, 12934; 1: 7074, 13161; 2: 7182, 10886; 3: 2398, 10658
[20240124_13:17:26_695] # [T78478][VisionSlotAddSlotWeightCal][1014]u32Weight: 2, CentreY: 3171.500, DisY: 1883.500, SlotAng: 177.000
[20240124_13:17:26_695] # [T78478][VisionSlotAdd][1576]New Vision Slot[1][2] Coord: 0: 2292, 12950; 1: 7086, 13181; 2: 7196, 10883; 3: 2402, 10652
[20240124_13:17:26_696] # [T78479][VisionSlotAdd][1600]vision slot [1][2], u32Weight: 2, Sum: 9, SlotAng: 2.754, CurSlotAng: 2.851
[20240124_13:17:26_700] # [T78479][VisionSlotAddValidCheck][893]Vision slot Length: 2408,2409, Depth 4827,4827
[20240124_13:17:26_700] # [T78480][VisionSlotAdd][1521]Added Vision Slot[0][4] Num 5 OriCoord: 0: 3463, 1938; 1: 8288, 1770; 2: 8204, -638; 3: 3379, -469
[20240124_13:17:26_700] # [T78481][VisionSlotAdd][1522]VehCoordAndAngle: 4, 8655, ang -0.003 (-0.149)
[20240124_13:17:26_700] # [T78481][VisionSlotAdd][1523]Current VehPos: 5, 8933, ang -0.003 (-0.160)
[20240124_13:17:26_701] # [T78481][VisionSlotAdd][1528]Convert Vision Slot[0][4] Coord: 0: -3453, 10602; 1: -8278, 10447; 2: -8200, 8039; 3: -3375, 8195
[20240124_13:17:26_701] # [T78482][VisionSlotAdd][1533]Old Vision Slot[0][4] Coord: 0: -3344, 10575; 1: -8281, 10414; 2: -8203, 8050; 3: -3266, 8212
[20240124_13:17:26_701] # [T78483][VisionSlotAddSlotWeightCal][1014]u32Weight: 17, CentreY: 734.500, DisY: 553.500, SlotAng: -2.000
[20240124_13:17:26_701] # [T78483][VisionSlotAdd][1576]New Vision Slot[0][4] Coord: 0: -3349, 10577; 1: -8281, 10415; 2: -8203, 8050; 3: -3271, 8211
[20240124_13:17:26_717] # [T78484][VisionSlotAdd][1600]vision slot [0][4], u32Weight: 17, Sum: 360, SlotAng: -178.124, CurSlotAng: -178.149
[20240124_13:17:26_765] # [T78548][VisionSlotAddValidCheck][893]Vision slot Length: 2420,2419, Depth 4843,4844
[20240124_13:17:26_765] # [T78548][VisionSlotAdd][1521]Added Vision Slot[1][2] Num 3 OriCoord: 0: -2291, 4215; 1: -7128, 4468; 2: -7255, 2052; 3: -2417, 1798
[20240124_13:17:26_766] # [T78549][VisionSlotAdd][1522]VehCoordAndAngle: 5, 8750, ang -0.003 (-0.153)
[20240124_13:17:26_766] # [T78549][VisionSlotAdd][1523]Current VehPos: 5, 9029, ang -0.003 (-0.164)
[20240124_13:17:26_768] # [T78549][VisionSlotAdd][1528]Convert Vision Slot[1][2] Coord: 0: 2307, 12959; 1: 7144, 13199; 2: 7265, 10783; 3: 2426, 10541
[20240124_13:17:26_769] # [T78550][VisionSlotAdd][1533]Old Vision Slot[1][2] Coord: 0: 2292, 12950; 1: 7086, 13181; 2: 7196, 10883; 3: 2402, 10652
[20240124_13:17:26_769] # [T78551][VisionSlotAddSlotWeightCal][1014]u32Weight: 4, CentreY: 3006.500, DisY: 1718.500, SlotAng: 177.000
[20240124_13:17:26_769] # [T78551][VisionSlotAdd][1576]New Vision Slot[1][2] Coord: 0: 2296, 12953; 1: 7104, 13187; 2: 7217, 10852; 3: 2410, 10618
[20240124_13:17:26_769] # [T78552][VisionSlotAdd][1600]vision slot [1][2], u32Weight: 4, Sum: 13, SlotAng: 2.783, CurSlotAng: 2.847
[20240124_13:17:26_769] # [T78553][VisionSlotAddValidCheck][893]Vision slot Length: 2392,2391, Depth 4945,4944
[20240124_13:17:26_773] # [T78553][VisionSlotAdd][1521]Added Vision Slot[0][4] Num 5 OriCoord: 0: 3419, 1847; 1: 8361, 1674; 2: 8278, -716; 3: 3336, -544
[20240124_13:17:26_773] # [T78554][VisionSlotAdd][1522]VehCoordAndAngle: 5, 8750, ang -0.003 (-0.153)
[20240124_13:17:26_773] # [T78554][VisionSlotAdd][1523]Current VehPos: 5, 9029, ang -0.003 (-0.164)
[20240124_13:17:26_773] # [T78555][VisionSlotAdd][1528]Convert Vision Slot[0][4] Coord: 0: -3409, 10606; 1: -8351, 10446; 2: -8274, 8056; 3: -3332, 8215
[20240124_13:17:26_773] # [T78555][VisionSlotAdd][1533]Old Vision Slot[0][4] Coord: 0: -3349, 10577; 1: -8281, 10415; 2: -8203, 8050; 3: -3271, 8211
[20240124_13:17:26_774] # [T78556][VisionSlotAddSlotWeightCal][1014]u32Weight: 16, CentreY: 651.500, DisY: 636.500, SlotAng: -1.999
[20240124_13:17:26_774] # [T78557][VisionSlotAdd][1576]New Vision Slot[0][4] Coord: 0: -3351, 10578; 1: -8284, 10416; 2: -8206, 8050; 3: -3274, 8211
[20240124_13:17:26_776] # [T78557][VisionSlotAdd][1600]vision slot [0][4], u32Weight: 16, Sum: 376, SlotAng: -178.125, CurSlotAng: -178.154
[20240124_13:17:26_776] # [T78558][APAVisionOblAdd][1323]Vision Obl merge: 63
[20240124_13:17:26_776] # [T78558][APAVisionOblAdd][1326]Receive Vision Obl CrossPointCoord: 0: 2307, 12959; 1: 7144, 13199
[20240124_13:17:26_776] # [T78559][APAVisionOblInfoDebugPrint][118]VisionOblInfo:
[20240124_13:17:26_776] # [T78559][APAVisionOblInfoDebugPrint][119]OblType: 0, bIsMerge 0, DetectCount 9
[20240124_13:17:26_776] # [T78560][APAVisionOblInfoDebugPrint][122]CrossPointCoord: 0: 2293, 12945; 1: 7087, 13175
[20240124_13:17:26_778] # [T78560][APAVisionOblInfoDebugPrint][125]OriginCrossPointCoord: 0: -2291, 4215; 1: -7128, 4468
[20240124_13:17:26_778] # [T78561][APAVisionOblInfoDebugPrint][126]VehCoordAndAng: 5, 8750, ang -0.003(-0.153)
[20240124_13:17:26_778] # [T78561][APAVisionOblInfoDebugPrint][127] 
[20240124_13:17:26_780] # [T78561][APAVisionOblAdd][1323]Vision Obl merge: 62
[20240124_13:17:26_781] # [T78562][APAVisionOblAdd][1326]Receive Vision Obl CrossPointCoord: 0: -8351, 10446; 1: -3409, 10606
[20240124_13:17:26_781] # [T78562][APAVisionOblInfoDebugPrint][118]VisionOblInfo:
[20240124_13:17:26_781] # [T78563][APAVisionOblInfoDebugPrint][119]OblType: 0, bIsMerge 0, DetectCount 40
[20240124_13:17:26_781] # [T78563][APAVisionOblInfoDebugPrint][122]CrossPointCoord: 0: -8157, 10360; 1: -3335, 10546
[20240124_13:17:26_781] # [T78563][APAVisionOblInfoDebugPrint][125]OriginCrossPointCoord: 0: 8361, 1674; 1: 3419, 1847
[20240124_13:17:26_796] # [T78564][APAVisionOblInfoDebugPrint][126]VehCoordAndAng: 5, 8750, ang -0.003(-0.153)
[20240124_13:17:26_796] # [T78564][APAVisionOblInfoDebugPrint][127] 
[20240124_13:17:26_804] # [T78587][DecisionParkInRequestCalPath][3130]CalID[7], SideIndex[1], SlotIndex[2], PlanCmd[3]
[20240124_13:17:26_805] # [T78588][DebugInfoStartInStepN][11197]req-2
[20240124_13:17:26_805] # [T78588][DebugInfoStartInStepN][11199]******************** path planning information ******* [2] ****************[5  9090]****
[20240124_13:17:26_805] # [T78589][DebugInfoStartInStepN][11200]start_pos x = 5 y = 9090  veh*10: -1
[20240124_13:17:26_809] # [T78589][DebugInfoStartInStepN][11201]TargetDriveDirection = 0
[20240124_13:17:26_813] # [T78589][DebugInfoStartInStepN][11202]obl1 = 0 0 obl2 = 200 0
[20240124_13:17:26_813] # [T78590][DebugInfoStartInStepN][11203]endpos = 0 0  veh*10: 0
[20240124_13:17:26_813] # [T78590][APAPathPlanningPerpendCalPath][10298]4  0
[20240124_13:17:26_813] # [T78590][APAPathPlanningStep1DataDuringSearchingSlot][8668]500   9090000     0
[20240124_13:17:26_813] # [T78591][APAPathPlanningStep1DataDuringSearchingSlot][8669]35000   -4982000     0
[20240124_13:17:26_813] # [T78591][APAPathPlanningStep1DataDuringSearchingSlot][8670]343000   -1000     7033000
[20240124_13:17:26_813] # [T78592][APAPathPlanningStep1DataDuringSearchingSlot][8671]VehTurningCenterPt = 0, 0
[20240124_13:17:26_813] # [T78592][APAPathPlanningStep1DataDuringSearchingSlot][8672]VehRearAxisCenterTurningRadius = 0
[20240124_13:17:26_813] # [T78593][APAPathPlanningStep1DataDuringSearchingSlot][8673]CalResult = 1
[20240124_13:17:26_813] # [T78593][APAPathPlanningPerpendSearchSlotCalPath][10749]5
[20240124_13:17:26_813] # [T78594][APAPathPlanningPerpendSearchSlotCalPath][11419]42
[20240124_13:17:26_813] # [T78594][APAPathPlanningPerpendSearchSlotCalPath][11450]43
[20240124_13:17:26_818] # [T78594][APAPathPlanningPerpendSearchSlotCalPath][11532]false
[20240124_13:17:26_818] # [T78595][APAPathPlanningPerpendCalNewParkingPath][12119]p4 CalResult = 0        flag = 1
[20240124_13:17:26_818] # [T78595][APAPathPlanningPerpendCalNewParkingPath][12156]p6 0
[20240124_13:17:26_818] # [T78595][APAPathPlanningAddOneBackLine][10758]pts: 0     pt_line: 0     jiaodu(*100): 0
[20240124_13:17:26_828] # [T78597][DecisionParkInRequestCalPath][3150]Request Planning Failed: CalID[7], Side[1], Class[2], Type[2]
[20240124_13:17:26_828] # [T78598][APAPOEraseSlotTypeByFlash][118]Parking Out: Erase Flash Successfully
[20240124_13:17:26_844] # [T78629][APAVisionOblAdd][1323]Vision Obl merge: 63
[20240124_13:17:26_844] # [T78629][APAVisionOblAdd][1326]Receive Vision Obl CrossPointCoord: 0: 2284, 12922; 1: 7129, 13163
[20240124_13:17:26_845] # [T78629][APAVisionOblInfoDebugPrint][118]VisionOblInfo:
[20240124_13:17:26_849] # [T78630][APAVisionOblInfoDebugPrint][119]OblType: 0, bIsMerge 0, DetectCount 10
[20240124_13:17:26_849] # [T78630][APAVisionOblInfoDebugPrint][122]CrossPointCoord: 0: 2292, 12943; 1: 7092, 13174
[20240124_13:17:26_850] # [T78631][APAVisionOblInfoDebugPrint][125]OriginCrossPointCoord: 0: -2268, 4088; 1: -7112, 4342
[20240124_13:17:26_850] # [T78631][APAVisionOblInfoDebugPrint][126]VehCoordAndAng: 5, 8840, ang -0.003(-0.157)
[20240124_13:17:26_850] # [T78632][APAVisionOblInfoDebugPrint][127] 
[20240124_13:17:26_850] # [T78632][APAVisionOblAdd][1323]Vision Obl merge: 62
[20240124_13:17:26_850] # [T78632][APAVisionOblAdd][1326]Receive Vision Obl CrossPointCoord: 0: -8466, 10498; 1: -3436, 10572
[20240124_13:17:26_850] # [T78633][APAVisionOblInfoDebugPrint][118]VisionOblInfo:
[20240124_13:17:26_851] # [T78633][APAVisionOblInfoDebugPrint][119]OblType: 0, bIsMerge 0, DetectCount 41
[20240124_13:17:26_851] # [T78633][APAVisionOblInfoDebugPrint][122]CrossPointCoord: 0: -8165, 10363; 1: -3337, 10547
[20240124_13:17:26_851] # [T78634][APAVisionOblInfoDebugPrint][125]OriginCrossPointCoord: 0: 8476, 1634; 1: 3447, 1722
[20240124_13:17:26_855] # [T78634][APAVisionOblInfoDebugPrint][126]VehCoordAndAng: 5, 8840, ang -0.003(-0.157)
[20240124_13:17:26_855] # [T78635][APAVisionOblInfoDebugPrint][127] 
[20240124_13:17:26_855] # [T78635][VisionSlotAddValidCheck][893]Vision slot Length: 2360,2360, Depth 4850,4849
[20240124_13:17:26_855] # [T78636][VisionSlotAdd][1521]Added Vision Slot[1][2] Num 3 OriCoord: 0: -2268, 4088; 1: -7112, 4342; 2: -7235, 1985; 3: -2392, 1731
[20240124_13:17:26_857] # [T78636][VisionSlotAdd][1522]VehCoordAndAngle: 5, 8840, ang -0.003 (-0.157)
[20240124_13:17:26_857] # [T78637][VisionSlotAdd][1523]Current VehPos: 6, 9150, ang -0.003 (-0.169)
[20240124_13:17:26_857] # [T78637][VisionSlotAdd][1528]Convert Vision Slot[1][2] Coord: 0: 2284, 12922; 1: 7129, 13163; 2: 7245, 10806; 3: 2402, 10565
[20240124_13:17:26_857] # [T78638][VisionSlotAdd][1533]Old Vision Slot[1][2] Coord: 0: 2296, 12953; 1: 7104, 13187; 2: 7217, 10852; 3: 2410, 10618
[20240124_13:17:26_857] # [T78639][VisionSlotAddSlotWeightCal][1014]u32Weight: 5, CentreY: 2909.500, DisY: 1621.500, SlotAng: 176.998
[20240124_13:17:26_860] # [T78639][VisionSlotAdd][1576]New Vision Slot[1][2] Coord: 0: 2293, 12944; 1: 7111, 13180; 2: 7225, 10839; 3: 2407, 10603
[20240124_13:17:26_860] # [T78640][VisionSlotAdd][1600]vision slot [1][2], u32Weight: 5, Sum: 18, SlotAng: 2.800, CurSlotAng: 2.845
[20240124_13:17:26_860] # [T78640][VisionSlotAddValidCheck][893]Vision slot Length: 2419,2419, Depth 5029,5029
[20240124_13:17:26_861] # [T78641][VisionSlotAdd][1521]Added Vision Slot[0][4] Num 5 OriCoord: 0: 3447, 1722; 1: 8476, 1634; 2: 8434, -785; 3: 3405, -697
[20240124_13:17:26_861] # [T78642][VisionSlotAdd][1522]VehCoordAndAngle: 5, 8840, ang -0.003 (-0.157)
[20240124_13:17:26_861] # [T78642][VisionSlotAdd][1523]Current VehPos: 6, 9150, ang -0.003 (-0.169)
[20240124_13:17:26_861] # [T78642][VisionSlotAdd][1528]Convert Vision Slot[0][4] Coord: 0: -3436, 10572; 1: -8466, 10498; 2: -8430, 8078; 3: -3401, 8153
[20240124_13:17:26_861] # [T78643][VisionSlotAdd][1533]Old Vision Slot[0][4] Coord: 0: -3351, 10578; 1: -8284, 10416; 2: -8206, 8050; 3: -3274, 8211
[20240124_13:17:26_861] # [T78644][VisionSlotAddSlotWeightCal][1014]u32Weight: 14, CentreY: 512.500, DisY: 775.500, SlotAng: -1.002
[20240124_13:17:26_862] # [T78645][VisionSlotAdd][1576]New Vision Slot[0][4] Coord: 0: -3354, 10578; 1: -8290, 10419; 2: -8214, 8051; 3: -3278, 8209
[20240124_13:17:26_866] # [T78645][VisionSlotAdd][1600]vision slot [0][4], u32Weight: 14, Sum: 390, SlotAng: -178.163, CurSlotAng: -179.154
[20240124_13:17:26_866] # [T78646][APARadarFilterSaveOblPointToSlotBuf][832]******  Outline[1] cnt [49] Point[47]  *******
[20240124_13:17:26_866] # [T78647][APARadarFilterSaveOblPointToSlotBuf][833]VehCoord[1][47]: 4, 8704, VehAng: -2
[20240124_13:17:26_872] # [T78647][APARadarFilterSaveOblPointToSlotBuf][834]OblCoord[1][47]: 4214, 12438, Dis: 3266, Big: 0
[20240124_13:17:26_872] # 
[20240124_13:17:26_908] # [T78691][APARadarFilterSaveOblPointToSlotBuf][832]******  Outline[1] cnt [50] Point[48]  *******
[20240124_13:17:26_908] # [T78691][APARadarFilterSaveOblPointToSlotBuf][833]VehCoord[1][48]: 5, 8764, VehAng: -2
[20240124_13:17:26_921] # [T78692][APARadarFilterSaveOblPointToSlotBuf][834]OblCoord[1][48]: 4220, 12499, Dis: 3271, Big: 0
[20240124_13:17:26_921] # 
[20240124_13:17:26_926] # [T78710][APAVisionOblAdd][1323]Vision Obl merge: 62
[20240124_13:17:26_927] # [T78710][APAVisionOblAdd][1326]Receive Vision Obl CrossPointCoord: 0: -8365, 10458; 1: -3398, 10531
[20240124_13:17:26_927] # [T78710][APAVisionOblInfoDebugPrint][118]VisionOblInfo:
[20240124_13:17:26_927] # [T78711][APAVisionOblInfoDebugPrint][119]OblType: 0, bIsMerge 0, DetectCount 42
[20240124_13:17:26_927] # [T78711][APAVisionOblInfoDebugPrint][122]CrossPointCoord: 0: -8170, 10366; 1: -3339, 10546
[20240124_13:17:26_930] # [T78712][APAVisionOblInfoDebugPrint][125]OriginCrossPointCoord: 0: 8375, 1495; 1: 3409, 1582
[20240124_13:17:26_930] # [T78712][APAVisionOblInfoDebugPrint][126]VehCoordAndAng: 5, 8939, ang -0.003(-0.161)
[20240124_13:17:26_930] # [T78713][APAVisionOblInfoDebugPrint][127] 
[20240124_13:17:26_930] # [T78713][APAVisionOblAdd][1323]Vision Obl merge: 63
[20240124_13:17:26_930] # [T78713][APAVisionOblAdd][1326]Receive Vision Obl CrossPointCoord: 0: 2288, 12943; 1: 7079, 13180
[20240124_13:17:26_931] # [T78714][APAVisionOblInfoDebugPrint][118]VisionOblInfo:
[20240124_13:17:26_931] # [T78714][APAVisionOblInfoDebugPrint][119]OblType: 0, bIsMerge 0, DetectCount 11
[20240124_13:17:26_931] # [T78714][APAVisionOblInfoDebugPrint][122]CrossPointCoord: 0: 2291, 12943; 1: 7090, 13175
[20240124_13:17:26_934] # [T78715][APAVisionOblInfoDebugPrint][125]OriginCrossPointCoord: 0: -2272, 4010; 1: -7062, 4261
[20240124_13:17:26_934] # [T78715][APAVisionOblInfoDebugPrint][126]VehCoordAndAng: 5, 8939, ang -0.003(-0.161)
[20240124_13:17:26_934] # [T78716][APAVisionOblInfoDebugPrint][127] 
[20240124_13:17:26_934] # [T78716][VisionSlotAddValidCheck][893]Vision slot Length: 2391,2391, Depth 4966,4966
[20240124_13:17:26_935] # [T78717][VisionSlotAdd][1521]Added Vision Slot[0][4] Num 5 OriCoord: 0: 3409, 1582; 1: 8375, 1495; 2: 8333, -896; 3: 3367, -809
[20240124_13:17:26_935] # [T78717][VisionSlotAdd][1522]VehCoordAndAngle: 5, 8939, ang -0.003 (-0.161)
[20240124_13:17:26_935] # [T78718][VisionSlotAdd][1523]Current VehPos: 6, 9247, ang -0.003 (-0.173)
[20240124_13:17:26_936] # [T78718][VisionSlotAdd][1528]Convert Vision Slot[0][4] Coord: 0: -3398, 10531; 1: -8365, 10458; 2: -8329, 8067; 3: -3363, 8140
[20240124_13:17:26_939] # [T78719][VisionSlotAdd][1533]Old Vision Slot[0][4] Coord: 0: -3354, 10578; 1: -8290, 10419; 2: -8214, 8051; 3: -3278, 8209
[20240124_13:17:26_939] # [T78720][VisionSlotAddSlotWeightCal][1014]u32Weight: 13, CentreY: 386.500, DisY: 901.500, SlotAng: -1.004
[20240124_13:17:26_939] # [T78720][VisionSlotAdd][1576]New Vision Slot[0][4] Coord: 0: -3356, 10576; 1: -8293, 10421; 2: -8218, 8051; 3: -3281, 8207
[20240124_13:17:26_939] # [T78721][VisionSlotAdd][1600]vision slot [0][4], u32Weight: 13, Sum: 403, SlotAng: -178.195, CurSlotAng: -179.157
[20240124_13:17:26_939] # [T78721][VisionSlotAddValidCheck][893]Vision slot Length: 2395,2395, Depth 4796,4797
[20240124_13:17:26_940] # [T78722][VisionSlotAdd][1521]Added Vision Slot[1][2] Num 3 OriCoord: 0: -2272, 4010; 1: -7062, 4261; 2: -7188, 1869; 3: -2397, 1618
[20240124_13:17:26_940] # [T78723][VisionSlotAdd][1522]VehCoordAndAngle: 5, 8939, ang -0.003 (-0.161)
[20240124_13:17:26_940] # [T78723][VisionSlotAdd][1523]Current VehPos: 6, 9247, ang -0.003 (-0.173)
[20240124_13:17:26_940] # [T78723][VisionSlotAdd][1528]Convert Vision Slot[1][2] Coord: 0: 2288, 12943; 1: 7079, 13180; 2: 7198, 10788; 3: 2407, 10551
[20240124_13:17:26_944] # [T78724][VisionSlotAdd][1533]Old Vision Slot[1][2] Coord: 0: 2293, 12944; 1: 7111, 13180; 2: 7225, 10839; 3: 2407, 10603
[20240124_13:17:26_944] # [T78725][VisionSlotAddSlotWeightCal][1014]u32Weight: 6, CentreY: 2814.000, DisY: 1526.000, SlotAng: 177.001
[20240124_13:17:26_944] # [T78725][VisionSlotAdd][1576]New Vision Slot[1][2] Coord: 0: 2292, 12944; 1: 7103, 13180; 2: 7218, 10826; 3: 2407, 10590
[20240124_13:17:26_950] # [T78726][VisionSlotAdd][1600]vision slot [1][2], u32Weight: 6, Sum: 24, SlotAng: 2.810, CurSlotAng: 2.839
[20240124_13:17:26_958] # [T78742][APARadarFilterSaveOblPointToSlotBuf][832]******  Outline[1] cnt [51] Point[49]  *******
[20240124_13:17:26_959] # [T78742][APARadarFilterSaveOblPointToSlotBuf][833]VehCoord[1][49]: 5, 8824, VehAng: -2
[20240124_13:17:26_965] # [T78743][APARadarFilterSaveOblPointToSlotBuf][834]OblCoord[1][49]: 963, 11991, Dis: 32767, Big: 0
[20240124_13:17:26_965] # 
[20240124_13:17:27_011] # [T78793][APARadarFilterSaveOblPointToSlotBuf][832]******  Outline[1] cnt [52] Point[50]  *******
[20240124_13:17:27_012] # [T78793][APARadarFilterSaveOblPointToSlotBuf][833]VehCoord[1][50]: 5, 9004, VehAng: -2
[20240124_13:17:27_012] # [T78794][APARadarFilterSaveOblPointToSlotBuf][834]OblCoord[1][50]: 4592, 12803, Dis: 3642, Big: 0
[20240124_13:17:27_012] # 
[20240124_13:17:27_012] # [T78794][APARadarFilterSaveOblPointToSlotBuf][832]******  Outline[0] cnt [66] Point[64]  *******
[20240124_13:17:27_012] # [T78795][APARadarFilterSaveOblPointToSlotBuf][833]VehCoord[0][64]: 5, 9004, VehAng: -2
[20240124_13:17:27_028] # [T78795][APARadarFilterSaveOblPointToSlotBuf][834]OblCoord[0][64]: -3168, 12579, Dis: 2249, Big: 0
[20240124_13:17:27_028] # 
[20240124_13:17:27_061] # [T78844][APARadarFilterSaveOblPointToSlotBuf][832]******  Outline[1] cnt [53] Point[51]  *******
[20240124_13:17:27_061] # [T78845][APARadarFilterSaveOblPointToSlotBuf][833]VehCoord[1][51]: 5, 9090, VehAng: -2
[20240124_13:17:27_074] # [T78845][APARadarFilterSaveOblPointToSlotBuf][834]OblCoord[1][51]: 4603, 12890, Dis: 3653, Big: 0
[20240124_13:17:27_074] # 
[20240124_13:17:27_114] # [T78895][APARadarFilterSaveOblPointToSlotBuf][832]******  Outline[0] cnt [67] Point[65]  *******
[20240124_13:17:27_114] # [T78896][APARadarFilterSaveOblPointToSlotBuf][833]VehCoord[0][65]: 6, 9150, VehAng: -2
[20240124_13:17:27_119] # [T78896][APARadarFilterSaveOblPointToSlotBuf][834]OblCoord[0][65]: -3149, 12722, Dis: 2231, Big: 0
[20240124_13:17:27_119] # 
[20240124_13:17:27_169] #   78931-task_radar-118: RadarCaptureCnt is 364 
[20240124_13:17:27_169] # 
[20240124_13:17:27_173] # [T78953][APAVisionOblAdd][1323]Vision Obl merge: 63
[20240124_13:17:27_173] # [T78953][APAVisionOblAdd][1326]Receive Vision Obl CrossPointCoord: 0: 2332, 13008; 1: 7220, 13163
[20240124_13:17:27_173] # [T78953][APAVisionOblInfoDebugPrint][118]VisionOblInfo:
[20240124_13:17:27_174] # [T78954][APAVisionOblInfoDebugPrint][119]OblType: 0, bIsMerge 0, DetectCount 12
[20240124_13:17:27_174] # [T78954][APAVisionOblInfoDebugPrint][122]CrossPointCoord: 0: 2295, 12948; 1: 7101, 13174
[20240124_13:17:27_174] # [T78955][APAVisionOblInfoDebugPrint][125]OriginCrossPointCoord: 0: -2315, 3760; 1: -7202, 3930
[20240124_13:17:27_174] # [T78955][APAVisionOblInfoDebugPrint][126]VehCoordAndAng: 6, 9255, ang -0.003(-0.174)
[20240124_13:17:27_174] # [T78956][APAVisionOblInfoDebugPrint][127] 
[20240124_13:17:27_175] # [T78956][VisionSlotAddValidCheck][893]Vision slot Length: 2314,2314, Depth 4889,4888
[20240124_13:17:27_175] # [T78956][VisionSlotAdd][1521]Added Vision Slot[1][2] Num 3 OriCoord: 0: -2315, 3760; 1: -7202, 3930; 2: -7282, 1617; 3: -2396, 1447
[20240124_13:17:27_179] # [T78957][VisionSlotAdd][1522]VehCoordAndAngle: 6, 9255, ang -0.003 (-0.174)
[20240124_13:17:27_179] # [T78958][VisionSlotAdd][1523]Current VehPos: 7, 9561, ang -0.003 (-0.186)
[20240124_13:17:27_179] # [T78958][VisionSlotAdd][1528]Convert Vision Slot[1][2] Coord: 0: 2332, 13008; 1: 7220, 13163; 2: 7293, 10850; 3: 2406, 10694
[20240124_13:17:27_179] # [T78959][VisionSlotAdd][1533]Old Vision Slot[1][2] Coord: 0: 2292, 12944; 1: 7103, 13180; 2: 7218, 10826; 3: 2407, 10590
[20240124_13:17:27_180] # [T78959][VisionSlotAddSlotWeightCal][1014]u32Weight: 8, CentreY: 2603.500, DisY: 1315.500, SlotAng: 178.007
[20240124_13:17:27_180] # [T78960][VisionSlotAdd][1576]New Vision Slot[1][2] Coord: 0: 2302, 12960; 1: 7132, 13176; 2: 7237, 10832; 3: 2407, 10616
[20240124_13:17:27_197] # [T78961][VisionSlotAdd][1600]vision slot [1][2], u32Weight: 8, Sum: 32, SlotAng: 2.559, CurSlotAng: 1.819
[20240124_13:17:27_213] # [T78997][APARadarFilterSaveOblPointToSlotBuf][832]******  Outline[1] cnt [54] Point[52]  *******
[20240124_13:17:27_213] # [T78997][APARadarFilterSaveOblPointToSlotBuf][833]VehCoord[1][52]: 6, 9283, VehAng: -3
[20240124_13:17:27_219] # [T78998][APARadarFilterSaveOblPointToSlotBuf][834]OblCoord[1][52]: 4601, 13082, Dis: 3649, Big: 0
[20240124_13:17:27_219] # 
[20240124_13:17:27_219] # [T78999][APARadarFilterSaveOblPointToSlotBuf][832]******  Outline[0] cnt [67] Point[65]  *******
[20240124_13:17:27_219] # [T78999][APARadarFilterSaveOblPointToSlotBuf][833]VehCoord[0][65]: 6, 9283, VehAng: -3
[20240124_13:17:27_229] # [T78999][APARadarFilterSaveOblPointToSlotBuf][834]OblCoord[0][65]: -3188, 12863, Dis: 2270, Big: 0
[20240124_13:17:27_229] # 
[20240124_13:17:27_366] # [T79150][APARadarFilterSaveOblPointToSlotBuf][832]******  Outline[0] cnt [68] Point[66]  *******
[20240124_13:17:27_369] # [T79150][APARadarFilterSaveOblPointToSlotBuf][833]VehCoord[0][66]: 7, 9488, VehAng: -3
[20240124_13:17:27_386] # [T79151][APARadarFilterSaveOblPointToSlotBuf][834]OblCoord[0][66]: -3382, 13103, Dis: 2466, Big: 0
[20240124_13:17:27_386] # 
[20240124_13:17:27_418] # [T79201][APARadarFilterSaveOblPointToSlotBuf][832]******  Outline[1] cnt [54] Point[52]  *******
[20240124_13:17:27_418] # [T79201][APARadarFilterSaveOblPointToSlotBuf][833]VehCoord[1][52]: 7, 9548, VehAng: -3
[20240124_13:17:27_432] # [T79202][APARadarFilterSaveOblPointToSlotBuf][834]OblCoord[1][52]: 4588, 13344, Dis: 3634, Big: 0
[20240124_13:17:27_432] # 
[20240124_13:17:27_459] # [T79242][DecisionParkInRequestCalPath][3130]CalID[7], SideIndex[1], SlotIndex[2], PlanCmd[3]
[20240124_13:17:27_459] # [T79242][DebugInfoStartInStepN][11197]req-2
[20240124_13:17:27_464] # [T79242][DebugInfoStartInStepN][11199]******************** path planning information ******* [2] ****************[8  9958]****
[20240124_13:17:27_464] # [T79243][DebugInfoStartInStepN][11200]start_pos x = 8 y = 9958  veh*10: -2
[20240124_13:17:27_464] # [T79244][DebugInfoStartInStepN][11201]TargetDriveDirection = 0
[20240124_13:17:27_464] # [T79244][DebugInfoStartInStepN][11202]obl1 = 0 0 obl2 = 200 0
[20240124_13:17:27_464] # [T79244][DebugInfoStartInStepN][11203]endpos = 0 0  veh*10: 0
[20240124_13:17:27_465] # [T79245][APAPathPlanningPerpendCalPath][10298]4  0
[20240124_13:17:27_465] # [T79245][APAPathPlanningStep1DataDuringSearchingSlot][8668]8000   9958000     0
[20240124_13:17:27_465] # [T79245][APAPathPlanningStep1DataDuringSearchingSlot][8669]35000   -4982000     0
[20240124_13:17:27_465] # [T79246][APAPathPlanningStep1DataDuringSearchingSlot][8670]283000   -1000     7467000
[20240124_13:17:27_465] # [T79246][APAPathPlanningStep1DataDuringSearchingSlot][8671]VehTurningCenterPt = 0, 0
[20240124_13:17:27_466] # [T79247][APAPathPlanningStep1DataDuringSearchingSlot][8672]VehRearAxisCenterTurningRadius = 0
[20240124_13:17:27_466] # [T79247][APAPathPlanningStep1DataDuringSearchingSlot][8673]CalResult = 1
[20240124_13:17:27_466] # [T79248][APAPathPlanningPerpendSearchSlotCalPath][10749]5
[20240124_13:17:27_469] # [T79248][APAPathPlanningPerpendSearchSlotCalPath][11419]42
[20240124_13:17:27_469] # [T79248][APAPathPlanningPerpendSearchSlotCalPath][11450]43
[20240124_13:17:27_469] # [T79249][APAPathPlanningPerpendSearchSlotCalPath][11532]false
[20240124_13:17:27_470] # [T79249][APAPathPlanningPerpendCalNewParkingPath][12119]p4 CalResult = 0        flag = 1
[20240124_13:17:27_470] # [T79249][APAPathPlanningPerpendCalNewParkingPath][12156]p6 0
[20240124_13:17:27_470] # [T79250][APAPathPlanningAddOneBackLine][10758]pts: 0     pt_line: 0     jiaodu(*100): 0
[20240124_13:17:27_477] # [T79253][DecisionParkInRequestCalPath][3150]Request Planning Failed: CalID[7], Side[1], Class[2], Type[2]
[20240124_13:17:27_495] # [T79279][APAVisionOblAdd][1323]Vision Obl merge: 63
[20240124_13:17:27_495] # [T79279][APAVisionOblAdd][1326]Receive Vision Obl CrossPointCoord: 0: 2337, 13071; 1: 7336, 13229
[20240124_13:17:27_496] # [T79279][APAVisionOblInfoDebugPrint][118]VisionOblInfo:
[20240124_13:17:27_500] # [T79280][APAVisionOblInfoDebugPrint][119]OblType: 0, bIsMerge 0, DetectCount 13
[20240124_13:17:27_500] # [T79280][APAVisionOblInfoDebugPrint][122]CrossPointCoord: 0: 2298, 12957; 1: 7119, 13178
[20240124_13:17:27_501] # [T79281][APAVisionOblInfoDebugPrint][125]OriginCrossPointCoord: 0: -2318, 3377; 1: -7317, 3551
[20240124_13:17:27_501] # [T79281][APAVisionOblInfoDebugPrint][126]VehCoordAndAng: 7, 9702, ang -0.003(-0.192)
[20240124_13:17:27_501] # [T79282][APAVisionOblInfoDebugPrint][127] 
[20240124_13:17:27_501] # [T79282][VisionSlotAddValidCheck][893]Vision slot Length: 2376,2375, Depth 5002,5002
[20240124_13:17:27_501] # [T79282][VisionSlotAdd][1521]Added Vision Slot[1][2] Num 3 OriCoord: 0: -2318, 3377; 1: -7317, 3551; 2: -7400, 1177; 3: -2401, 1002
[20240124_13:17:27_501] # [T79283][VisionSlotAdd][1522]VehCoordAndAngle: 7, 9702, ang -0.003 (-0.192)
[20240124_13:17:27_502] # [T79284][VisionSlotAdd][1523]Current VehPos: 8, 9995, ang -0.004 (-0.204)
[20240124_13:17:27_502] # [T79284][VisionSlotAdd][1528]Convert Vision Slot[1][2] Coord: 0: 2337, 13071; 1: 7336, 13229; 2: 7411, 10854; 3: 2412, 10696
[20240124_13:17:27_505] # [T79285][VisionSlotAdd][1533]Old Vision Slot[1][2] Coord: 0: 2302, 12960; 1: 7132, 13176; 2: 7237, 10832; 3: 2407, 10616
[20240124_13:17:27_505] # [T79285][VisionSlotAddSlotWeightCal][1014]u32Weight: 13, CentreY: 2189.500, DisY: 901.500, SlotAng: 178.001
[20240124_13:17:27_505] # [T79286][VisionSotAdd][1576]New Vision Slot[1][2] Coord: 0: 2312, 12992; 1: 7191, 13191; 2: 7287, 10839; 3: 2408, 10639
[20240124_13:17:27_509] # [T79287][VisionSlotAdd][1600]vision slot [1][2], u32Weight: 13, Sum: 45, SlotAng: 2.337, CurSlotAng: 1.807
[20240124_13:17:27_522] # [T79303][APARadarFilterSaveOblPointToSlotBuf][832]******  Outline[1] cnt [54] Point[52]  *******
[20240124_13:17:27_522] # [T79304][APARadarFilterSaveOblPointToSlotBuf][833]VehCoord[1][52]: 7, 9693, VehAng: -3
[20240124_13:17:27_541] # [T79304][APARadarFilterSaveOblPointToSlotBuf][834]OblCoord[1][52]: 4596, 13490, Dis: 3642, Big: 0
[20240124_13:17:27_541] # 
[20240124_13:17:27_586] # [T79357][APAPOEraseSlotTypeByFlash][118]Parking Out: Erase Flash Successfully
[20240124_13:17:27_588] # [T79371][APAVisionOblAdd][1323]Vision Obl merge: 63
[20240124_13:17:27_588] # [T79371][APAVisionOblAdd][1326]Receive Vision Obl CrossPointCoord: 0: 2327, 13022; 1: 7256, 13263
[20240124_13:17:27_588] # [T79371][APAVisionOblInfoDebugPrint][118]VisionOblInfo:
[20240124_13:17:27_590] # [T79372][APAVisionOblInfoDebugPrint][119]OblType: 0, bIsMerge 0, DetectCount 14
[20240124_13:17:27_590] # [T79372][APAVisionOblInfoDebugPrint][122]CrossPointCoord: 0: 2300, 12962; 1: 7129, 13184
[20240124_13:17:27_594] # [T79373][APAVisionOblInfoDebugPrint][125]OriginCrossPointCoord: 0: -2308, 3211; 1: -7236, 3469
[20240124_13:17:27_594] # [T79373][APAVisionOblInfoDebugPrint][126]VehCoordAndAng: 8, 9819, ang -0.003(-0.197)
[20240124_13:17:27_594] # [T79374][APAVisionOblInfoDebugPrint][127] 
[20240124_13:17:27_594] # [T79374][VisionSlotAddValidCheck][893]Vision slot Length: 2353,2352, Depth 4934,4935
[20240124_13:17:27_595] # [T79374][VisionSlotAdd][1521]Added Vision Slot[1][2] Num 3 OriCoord: 0: -2308, 3211; 1: -7236, 3469; 2: -7360, 1120; 3: -2431, 861
[20240124_13:17:27_595] # [T79375][VisionSlotAdd][1522]VehCoordAndAngle: 8, 9819, ang -0.003 (-0.197)
[20240124_13:17:27_595] # [T79375][VisionSlotAdd][1523]Current VehPos: 9, 10140, ang -0.004 (-0.210)
[20240124_13:17:27_595] # [T79376][VisionSlotAdd][1528]Convert Vision Slot[1][2] Coord: 0: 2327, 13022; 1: 7256, 13263; 2: 7372, 10914; 3: 2442, 10672
[20240124_13:17:27_595] # [T79377][VisionSlotAdd][1533]Old Vision Slot[1][2] Coord: 0: 2312, 12992; 1: 7191, 13191; 2: 7287, 10839; 3: 2408, 10639
[20240124_13:17:27_596] # [T79377][VisionSlotAddSlotWeightCal][1014]u32Weight: 14, CentreY: 2036.000, DisY: 748.000, SlotAng: 176.998
[20240124_13:17:27_597] # [T79378][VisionSlotAdd][1576]New Vision Slot[1][2] Coord: 0: 2316, 12999; 1: 7206, 13208; 2: 7307, 10856; 3: 2416, 10647
[20240124_13:17:27_603] # [T79378][VisionSlotAdd][1600]vision slot [1][2], u32Weight: 14, Sum: 59, SlotAng: 2.449, CurSlotAng: 2.806
[20240124_13:17:27_623] # [T79405][APARadarFilterSaveOblPointToSlotBuf][832]******  Outline[1] cnt [54] Point[52]  *******
[20240124_13:17:27_623] # [T79405][APARadarFilterSaveOblPointToSlotBuf][833]VehCoord[1][52]: 8, 9825, VehAng: -3
[20240124_13:17:27_623] # [T79406][APARadarFilterSaveOblPointToSlotBuf][834]OblCoord[1][52]: 4605, 13622, Dis: 3650, Big: 0
[20240124_13:17:27_623] # 
[20240124_13:17:27_623] # [T79406][APARadarFilterSaveOblPointToSlotBuf][832]******  Outline[0] cnt [69] Point[67]  *******
[20240124_13:17:27_626] # [T79407][APARadarFilterSaveOblPointToSlotBuf][833]VehCoord[0][67]: 8, 9825, VehAng: -3
[20240124_13:17:27_635] # [T79407][APARadarFilterSaveOblPointToSlotBuf][834]OblCoord[0][67]: -3320, 13430, Dis: 2406, Big: 0
[20240124_13:17:27_635] # 
[20240124_13:17:27_659] #   79432-task_radar-118: RadarCaptureCnt is 365 
[20240124_13:17:27_659] # 
[20240124_13:17:27_659] # [T79441][APAVisionOblAdd][1323]Vision Obl merge: 63
[20240124_13:17:27_659] # [T79441][APAVisionOblAdd][1326]Receive Vision Obl CrossPointCoord: 0: 2322, 13047; 1: 7268, 13289
[20240124_13:17:27_659] # [T79441][APAVisionOblInfoDebugPrint][118]VisionOblInfo:
[20240124_13:17:27_659] # [T79442][APAVisionOblInfoDebugPrint][119]OblType: 0, bIsMerge 0, DetectCount 15
[20240124_13:17:27_660] # [T79442][APAVisionOblInfoDebugPrint][122]CrossPointCoord: 0: 2302, 12968; 1: 7138, 13191
[20240124_13:17:27_662] # [T79443][APAVisionOblInfoDebugPrint][125]OriginCrossPointCoord: 0: -2303, 3136; 1: -7248, 3395
[20240124_13:17:27_663] # [T79443][APAVisionOblInfoDebugPrint][126]VehCoordAndAng: 8, 9919, ang -0.04(-0.201)
[20240124_13:17:27_663] # [T79444][APAVisionOblInfoDebugPrint][127] 
[20240124_13:17:27_663] # [T79444][APAVisionOblInsert][847]Vision Obl insert: 63
[20240124_13:17:27_663] # [T79444][APAVisionOblInfoDebugPrint][118]VisionOblInfo:
[20240124_13:17:27_663] # [T79444][APAVisionOblInfoDebugPrint][119]OblType: 0, bIsMerge 0, DetectCount 1
[20240124_13:17:27_663] # [T79445][APAVisionOblInfoDebugPrint][122]CrossPointCoord: 0: 2296, 15244; 1: 7009, 15475
[20240124_13:17:27_664] # [T79445][APAVisionOblInfoDebugPrint][125]OriginCrossPointCoord: 0: -2269, 5333; 1: -6981, 5580
[20240124_13:17:27_664] # [T79446][APAVisionOblInfoDebugPrint][126]VehCoordAndAng: 8, 9919, ang -0.004(-0.201)
[20240124_13:17:27_668] # [T79446][APAVisionOblInfoDebugPrint][127] 
[20240124_13:17:27_668] # [T79447][VisionSlotAddValidCheck][893]Vision slot Length: 2386,2386, Depth 4951,4951
[20240124_13:17:27_670] # [T79447][VisionSlotAdd][1521]Added Vision Slot[1][2] Num 3 OriCoord: 0: -2303, 3136; 1: -7248, 3395; 2: -7373, 1012; 3: -2428, 753
[20240124_13:17:27_670] # [T79448][VisionSlotAdd][1522]VehCoordAndAngle: 8, 9919, ang -0.004 (-0.201)
[20240124_13:17:27_670] # [T79448][VisionSlotAdd][1523]Current VehPos: 9, 10235, ang -0.004 (-0.214)
[20240124_13:17:27_670] # [T79449][VisionSlotAdd][1528]Convert Vision Slot[1][2] Coord: 0: 2322, 13047; 1: 7268, 13289; 2: 7385, 10905; 3: 2439, 10664
[20240124_13:17:27_670] # [T79449][VisionSlotAdd][1533]Old Vision Slot[1][2] Coord: 0: 2316, 12999; 1: 7206, 13208; 2: 7307, 10856; 3: 2416, 10647
[20240124_13:17:27_670] # [T79450][VisionSlotAddSlotWeightCal][1014]u32Weight: 16, CentreY: 1944.500, DisY: 656.500, SlotAng: 177.002
[20240124_13:17:27_671] # [T79451][VisionSlotAdd][1576]New Vision Slot[1][2] Coord: 0: 2317, 13009; 1: 7220, 13225; 2: 7324, 10867; 3: 2421, 10651
[20240124_13:17:27_671] # [T79451][VisionSlotAdd][1600]vision slot [1][2], u32Weight: 16, Sum: 75, SlotAng: 2.524, CurSlotAng: 2.797
[20240124_13:17:27_671] # [T79452][VisionSlotAddValidCheck][893]Vision slot Length: 2216,2216, Depth 4718,4718
[20240124_13:17:27_671] # [T79452][VisionSlotAdd][1613]Added Vision Slot[1][3] Num 3 OriCoord: 0: -2269, 5333; 1: -6981, 5580; 2: -7097, 3367; 3: -2385, 3120
[20240124_13:17:27_671] # [T79453][VisionSlotAdd][1615]VehCoordAndAngle: 8, 9919, ang -0.004 (-0.201)
[20240124_13:17:27_674] # [T79453][VisionSlotAdd][1616]Current VehPos: 9, 10235, ang -0.004 (-0.214)
[20240124_13:17:27_674] # [T79454][VisionSlotAdd][1621]New Vision Slot[1][3] Coord: 0: 2296, 15244; 1: 7009, 15475; 2: 7117, 13261; 3: 2404, 13031
[20240124_13:17:27_674] # [T79455][VisionSlotAddSlotWeightCal][1014]u32Weight: 1, CentreY: 4226.500, DisY: 2938.500, SlotAng: 176.999
[20240124_13:17:27_676] # [T79455][VisionSlotInfoInsert][513]VisionSlot[1][3] id 9 is insert, num 3->4
[20240124_13:17:27_678] # [T79456][VisionSlotInfoDebugPrint][148]VisionSlot[1][3]: ID 9, SlotType: 垂直, SlotLength: 2216, SlotDepth 4718
[20240124_13:17:27_678] # [T79456][VisionSlotInfoDebugPrint][155]VehCoordAndAng: 8, 9919, ang -0.004(-0.201)
[20240124_13:17:27_679] #                                                                                   [T79457][VisionSlotInfoDebugPrint][160]tOriCrossPt: 0: -2269, 5333; 1: -6981, 5580; 2: -7097, 3367; 3: -2385, 3120
[20240124_13:17:27_680] # [T79457][VisionSlotInfoDebugPrint][165]tCrossPt: 0: 2296, 15244; 1: 7009, 15475; 2: 7117, 13261; 3: 2404, 13031
[20240124_13:17:27_686] # [T79458][VisionSlotInfoDebugPrint][169]TimeDelay 106, bAvailable 1, u32WeightSum 1, u32SlotSparallelCount 0, u32SlotPerpenicularCount 1
[20240124_13:17:27_687] # [T79459][VisionSlotInfoInsert][520]VisionSlot[1] num 4 after : 3        6       8       9       0
[20240124_13:17:27_687] # [T79459][VisionSlotAdd][1650]vision slot [1][3], u32Weight: 1, CurSlotAng: 2.800
[20240124_13:17:27_687] # [T79460][ParkSlotInfoDelete][395]ParkSlot[1][0] id 2 is delete
[20240124_13:17:27_687] # [T79460][ParkSlotInfoDelete][417]ParkSlot[1] delete start 0, num 1, num 3->2
[20240124_13:17:27_687] # [T79460][ParkSlotInfoDelete][422]ParkSlot[1] num 2 after: 5     7       0
[20240124_13:17:27_688] # [T79461][ParkSlotInfoInsert][505]ParkSlot[1][2] id 8 is insert, num 2->3
[20240124_13:17:27_688] # [T79461][ParkSlotInfoDebugPrint][105]ParkSlot[1][2]: ID 8, SlotClass 视觉, RadarSlotID 0, VisionSlotID 9
[20240124_13:17:27_690] # [T79462][ParkSlotInfoDebugPrint][123]SlotType 垂直, SlotLength 2216, SlotDepth 4718
[20240124_13:17:27_692] # [T79462][ParkSlotInfoDebugPrint][130]VehCoordAndAng: 8, 9919, ang -0.004(-0.201)
[20240124_13:17:27_692] # [T79463][ParkSlotInfoDebugPrint][135]tCrossPt: 0: 2296, 15244; 1: 7009, 15475; 2: 7117, 13261; 3: 2404, 13031
[20240124_13:17:27_692] # [T79463][ParkSlotInfoDebugPrint][138]bConfirmed 0, VehToSlotCurDis 0, VehToSlotNextReqDis 0, RequestType 0, RequestCnt 0
[20240124_13:17:27_693] # [T79464][ParkSlotInfoDebugPrint][141]ParkOut: Front 0, Rear 0, Left 0, Right 0
[20240124_13:17:27_693] # [T79465][ParkSlotInfoInsert][512]ParkSlot[1] num 3 after : 5    7       8
[20240124_13:17:27_693] # [T79465][DecisionParkInRequestCalPath][3130]CalID[8], SideIndex[1], SlotIndex[2], PlanCmd[3]
[20240124_13:17:27_693] # [T79465][DebugInfoStartInStepN][11197]req-2
[20240124_13:17:27_693] # [T79466][DebugInfoStartInStepN][11199]******************** path planning information ******* [2] ****************[9  10259]****
[20240124_13:17:27_693] # [T79466][DebugInfoStartInStepN][11200]start_pos x = 9 y = 10259  veh*10: -2
[20240124_13:17:27_694] # [T79467][DebugInfoStartInStepN][11201]TargetDriveDirection = 0
[20240124_13:17:27_694] # [T79467][DebugInfoStartInStepN][11202]obl1 = 0 0 obl2 = 200 0
[20240124_13:17:27_694] # [T79468][DebugInfoStartInStepN][11203]endpos = 0 0  veh*10: 0
[20240124_13:17:27_694] # [T79468][APAPathPlanningPerpendCalPath][10298]4  0
[20240124_13:17:27_695] # [T79468][APAPathPlanningStep1DataDuringSearchingSlot][8668]9000   10259000     0
[20240124_13:17:27_695] # [T79469][APAPathPlanningStep1DataDuringSearchingSlot][8669]35000   -4982000     0
[20240124_13:17:27_695] # [T79469][APAPathPlanningStep1DataDuringSearchingSlot][8670]266000   -1000     7618000
[20240124_13:17:27_695] # [T79470][APAPathPlanningStep1DataDuringSearchingSlot][8671]VehTurningCenterPt = 0, 0
[20240124_13:17:27_695] # [T79470][APAPathPlanningStep1DataDuringSearchingSlot][8672]VehRearAxisCenterTurningRadius = 0
[20240124_13:17:27_699] # [T79471][APAPathPlanningStep1DataDuringSearchingSlot][8673]CalResult = 1
[20240124_13:17:27_699] # [T79471][APAPathPlanningPerpendSearchSlotCalPath][10749]5
[20240124_13:17:27_699] # [T79471][APAPathPlanningPerpendSearchSlotCalPath][11419]42
[20240124_13:17:27_699] # [T79472][APAPathPlanningPerpendSearchSlotCalPath][11450]43
[20240124_13:17:27_699] # [T79472][APAPathPlanningPerpendSearchSlotCalPath][11532]false
[20240124_13:17:27_700] # [T79472][APAPathPlanningPerpendCalNewParkingPath][12119]p4 CalResult = 0        flag = 1
[20240124_13:17:27_700] # [T79473][APAPathPlanningPerpendCalNewParkingPath][12156]p6 0
[20240124_13:17:27_700] # [T79473][APAPathPlanningAddOneBackLine][10758]pts: 0     pt_line: 0     jiaodu(*100): 0
[20240124_13:17:27_700] # [T79474][APARadarFilterSaveOblPointToSlotBuf][832]******  Outline[0] cnt [70] Point[68]  *******
[20240124_13:17:27_700] # [T79474][APARadarFilterSaveOblPointToSlotBuf][833]VehCoord[0][68]: 8, 9886, VehAng: -3
[20240124_13:17:27_701] # [T79475][APARadarFilterSaveOblPointToSlotBuf][834]OblCoord[0][68]: -3942, 13603, Dis: 3029, Big: 0
[20240124_13:17:27_701] # 
[20240124_13:17:27_710] # [T79476][DecisionParkInRequestCalPath][3150]Request Planning Failed: CalID8], Side[1], Class[2], Type[2]
[20240124_13:17:27_742] # [T79524][APAVisionOblAdd][1323]Vision Obl merge: 63
[20240124_13:17:27_742] # [T79524][APAVisionOblAdd][1326]Receive Vision Obl CrossPointCoord: 0: 2282, 15306; 1: 7019, 15537
[20240124_13:17:27_742] # [T79524][APAVisionOblInfoDebugPrint][118]VisionOblInfo:
[20240124_13:17:27_742] # [T79525][APAVisionOblInfoDebugPrint][119]OblType: 0, bIsMerge 0, DetectCount 2
[20240124_13:17:27_742] # [T79525][APAVisionOblInfoDebugPrint][122]CrossPointCoord: 0: 2289, 15275; 1: 7014, 15506
[20240124_13:17:27_747] # [T79526][APAVisionOblInfoDebugPrint][125]OriginCrossPointCoord: 0: -2254, 5277; 1: -6991, 5525
[20240124_13:17:27_747] # [T79526][APAVisionOblInfoDebugPrint][126]VehCoordAndAng: 9, 10037, ang -0.004(-0.206)
[20240124_13:17:27_747] # [T79527][APAVisionOblInfoDebugPrint][127] 
[20240124_13:17:27_747] # [T79527][APAVisionOblAdd][1323]Vision Obl merge: 62
[20240124_13:17:27_747] # [T79527][APAVisionOblAdd][1326]Receive Vision Obl CrossPointCoord: 0: 2407, 13043; 1: 7290, 13195
[20240124_13:17:27_747] # [T79528][APAVisionOblInfoDebugPrint][118]VisionOblInfo:
[20240124_13:17:27_747] # [T79528][APAVisionOblInfoDebugPrint][119]OblType: 0, bIsMerge 0, DetectCount 16
[20240124_13:17:27_748] # [T79528][APAVisionOblInfoDebugPrint][122]CrossPointCoord: 0: 2308, 12972; 1: 7148, 13191
[20240124_13:17:27_748] # [T79529][APAVisionOblInfoDebugPrint][125]OriginCrossPointCoord: 0: -2388, 3014; 1: -7270, 3184
[20240124_13:17:27_748] # [T79529][APAVisionOblInfoDebugPrint][126]VehCoordAndAng: 9, 10037, ang -0.004(-0.206)
[20240124_13:17:27_748] # [T79530][APAVisionOblInfoDebugPrint][127] 
[20240124_13:17:27_748] # [T79530][VisionSlotAddValidCheck][893]Vision slot Length: 2222,2222, Depth 4743,4744
[20240124_13:17:27_751] # [T79531][VisionSlotAdd][1521]Added Vision Slot[1][3] Num 4 OriCoord: 0: -2254, 5277; 1: -6991, 5525; 2: -7108, 3306; 3: -2370, 3058
[20240124_13:17:27_752] # [T79531][VisionSlotAdd][1522]VehCoordAndAngle: 9, 10037, ang -0.004 (-0.206)
[20240124_13:17:27_752] # [T79532][VisionSlotAdd][1523]Current VehPos: 10, 10344, ang -0.004 (-0.218)
[20240124_13:17:27_752] # [T79532][VisionSlotAdd][1528]Convert Vision Slot[1][3] Coord: 0: 2282, 15306; 1: 7019, 15537; 2: 7128, 13318; 3: 2390, 13087
[20240124_13:17:27_753] # [T79533][VisionSlotAdd][1533]Old Vision Slot[1][3] Coord: 0: 2296, 15244; 1: 7009, 15475; 2: 7117, 13261; 3: 2404, 13031
[20240124_13:17:27_753] # [T79534][VisionSlotAddSlotWeightCal][1014]u32Weight: 1, CentreY: 4167.500, DisY: 2879.500, SlotAng: 177.003
[20240124_13:17:27_753] # [T79534][VisionSlotAdd][1576]New Vision Slot[1][3] Coord: 0: 2289, 15275; 1: 7014, 15506; 2: 7123, 13290; 3: 2397, 13059
[20240124_13:17:27_753] # [T79535][VisionSlotAdd][1600]vision slot [1][3], u32Weight: 1, Sum: 2, SlotAng: 2.795, CurSlotAng: 2.791
[20240124_13:17:27_755] # [T79536][VisionSlotAddValidCheck][893]Vision slot Length: 2366,2365, Depth 4884,4884
[20240124_13:17:27_756] # [T79536][VisionSlotAdd][1521]Added Vision Slot[1][2] Num 4 OriCoord: 0: -2388, 3014; 1: -7270, 3184; 2: -7353, 820; 3: -2471, 649
[20240124_13:17:27_756] # [T79537][VisionSlotAdd][1522]VehCoordAndAngle: 9, 10037, ang -0.004 (-0.206)
[20240124_13:17:27_756] # [T79537][VisionSlotAdd][1523]Current VehPos: 10, 10344, ang -0.004 (-0.218)
[20240124_13:17:27_756] # [T79538][VisionSlotAdd][1528]Convert Vision Slot[1][2] Coord: 0: 2407, 13043; 1: 7290, 13195; 2: 7364, 10831; 3: 2482, 10678
[20240124_13:17:27_757] # [T79538][VisionSlotAdd][1533]Old Vision Slot[1][2] Coord: 0: 2317, 13009; 1: 7220, 13225; 2: 7324, 10867; 3: 2421, 10651
[20240124_13:17:27_757] # [T79539][VisionSlotAddSlotWeightCal][1014]u32Weight: 17, CentreY: 1831.500, DisY: 543.500, SlotAng: 178.000
[20240124_13:17:27_759] # [T79539][VisionSlotAdd][1576]New Vision Slot[1][2] Coord: 0: 2334, 13016; 1: 7233, 13220; 2: 7331, 10860; 3: 2432, 10656
[20240124_13:17:27_775] # [T79540][VisionSlotAdd][1600]vision slot [1][2], u32Weight: 17, Sum: 92, SlotAng: 2.390, CurSlotAng: 1.795
[20240124_13:17:27_775] # [T79558][APARadarFilterSaveOblPointToSlotBuf][832]******  Outline[0] cnt [71] Point[69]  *******
[20240124_13:17:27_778] # [T79558][APARadarFilterSaveOblPointToSlotBuf][833]VehCoord[0][69]: 9, 10042, VehAng: -3
[20240124_13:17:27_790] # [T79559][APARadarFilterSaveOblPointToSlotBuf][834]OblCoord[0][69]: -3633, 13705, Dis: 2722, Big: 0
[20240124_13:17:27_790] # 
[20240124_13:17:27_821] # [T79606][APAVisionOblAdd][1323]Vision Obl merge: 63
[20240124_13:17:27_825] # [T79606][APAVisionOblAdd][1326]Receive Vision Obl CrossPointCoord: 0: 2224, 15303; 1: 7091, 15540
[20240124_13:17:27_826] # [T79606][APAVisionOblInfoDebugPrint][118]VisionOblInfo:
[20240124_13:17:27_826] # [T79607][APAVisionOblInfoDebugPrint][119]OblType: 0, bIsMerge 0, DetectCount 3
[20240124_13:17:27_826] # [T79607][APAVisionOblInfoDebugPrint][122]CrossPointCoord: 0: 2267, 15285; 1: 7040, 15517
[20240124_13:17:27_826] # [T79608][APAVisionOblInfoDebugPrint][125]OriginCrossPointCoord: 0: -2196, 5166; 1: -7062, 5421
[20240124_13:17:27_826] # [T79608][APAVisionOblInfoDebugPrint][126]VehCoordAndAng: 9, 10145, ang -0.004(-0.210)
[20240124_13:17:27_826] # [T79609][APAVisionOblInfoDebugPrint][127] 
[20240124_13:17:27_832] # [T79609][APAVisionOblAdd][1323]Vision Obl merge: 62
[20240124_13:17:27_832] # [T79609][APAVisionOblAdd][1326]Receive Vision Obl CrossPointCoord: 0: 2296, 12964; 1: 7332, 13209
[20240124_13:17:27_832] # [T79610][APAVisionOblInfoDebugPrint][118]VisionOblInfo:
[20240124_13:17:27_833] # [T79610][APAVisionOblInfoDebugPrint][119]OblType: 0, bIsMerge 0, DetectCount 17
[20240124_13:17:27_833] # [T79610][APAVisionOblInfoDebugPrint][122]CrossPointCoord: 0: 2307, 12972; 1: 7159, 13192
[20240124_13:17:27_833] # [T79611][APAVisionOblInfoDebugPrint][125]OriginCrossPointCoord: 0: -2277, 2827; 1: -7312, 3091
[20240124_13:17:27_833] # [T79611][APAVisionOblInfoDebugPrint][126]VehCoordAndAng: 9, 10145, ang -0.004(-0.210)
[20240124_13:17:27_833] # [T79612][APAVisionOblInfoDebugPrint][127] 
[20240124_13:17:27_833] # [T79612][VisionSlotAddValidCheck][893]Vision slot Length: 2265,2265, Depth 4872,4872
[20240124_13:17:27_834] # [T79613][VisionSlotAdd][1521]Added Vision Slot[1][3] Num 4 OriCoord: 0: -2196, 5166; 1: -7062, 5421; 2: -7180, 3159; 3: -2314, 2904
[20240124_13:17:27_834] # [T79613][VisionSlotAdd][1522]VehCoordAndAngle: 9, 10145, ang -0.004 (-0.210)
[20240124_13:17:27_834] # [T79614][VisionSlotAdd][1523]Current VehPos: 10, 10452, ang -0.004 (-0.223)
[20240124_13:17:27_834] # [T79614][VisionSlotAdd][1528]Convert Vision Slot[1][3] Coord: 0: 2224, 15303; 1: 7091, 15540; 2: 7201, 13278; 3: 2334, 13041
[20240124_13:17:27_836] # [T79615][VisionSlotAdd][1533]Old Vision Slot[1][3] Coord: 0: 2289, 15275; 1: 7014, 15506; 2: 7123, 13290; 3: 2397, 13059
[20240124_13:17:27_836] # [T79616][VisionSlotAddSlotWeightCal][1014]u32Weight: 1, CentreY: 4035.000, DisY: 2747.000, SlotAng: 177.000
[20240124_13:17:27_839] # [T79616][VisionSlotAdd][1576]New Vision Slot[1][3] Coord: 0: 2267, 15285; 1: 7040, 15517; 2: 7149, 13286; 3: 2376, 13053
[20240124_13:17:27_839] # [T79617][VisionSlotAdd][1600]vision slot [1][3], u32Weight: 1, Sum: 3, SlotAng: 2.793, CurSlotAng: 2.790
[20240124_13:17:27_839] # [T79618][VisionSlotAddValidCheck][893]Vision slot Length: 2329,2330, Depth 5041,5041
[20240124_13:17:27_840] # [T79618][VisionSlotAdd][1521]Added Vision Slot[1][2] Num 4 OriCoord: 0: -2277, 2827; 1: -7312, 3091; 2: -7434, 764; 3: -2399, 501
[20240124_13:17:27_840] # [T79619][VisionSlotAdd][1522]VehCoordAndAngle: 9, 10145, ang -0.004 (-0.210)
[20240124_13:17:27_840] # [T79619][VisionSlotAdd][1523]Current VehPos: 10, 10452, ang -0.004 (-0.223)
[20240124_13:17:27_840] # [T79620][VisionSlotAdd][1528]Convert Vision Slot[1][2] Coord: 0: 2296, 12964; 1: 7332, 13209; 2: 7446, 10882; 3: 2410, 10638
[20240124_13:17:27_840] # [T79620][VisionSlotAdd][1533]Old Vision Slot[1][2] Coord: 0: 2334, 13016; 1: 7233, 13220; 2: 7331, 10860; 3: 2432, 10656
[20240124_13:17:27_840] # [T79621][VisionSlotAddSlotWeightCal][1014]u32Weight: 19, CentreY: 1664.000, DisY: 376.000, SlotAng: 177.004
[20240124_13:17:27_841] # [T79622][VisionSlotAdd][1576]New Vision Slot[1][2] Coord: 0: 2327, 13007; 1: 7250, 13218; 2: 7351, 10864; 3: 2428, 10652
[20240124_13:17:27_852] # [T79622][VisionSlotAdd][1600]vision slot [1][2], u32Weight: 19, Sum: 111, SlotAng: 2.459, CurSlotAng: 2.786
[20240124_13:17:27_852] # [T79629][AX70CM_SetVehicleBrakePedalSts][942]Brake Sts:1
[20240124_13:17:27_878] # [T79660][APARadarFilterSaveOblPointToSlotBuf][832]******  Outline[0] cnt [69] Point[67]  *******
[20240124_13:17:27_878] # [T79661][APARadarFilterSaveOblPointToSlotBuf][833]VehCoord[0][67]: 9, 10187, VehAng: -3
[20240124_13:17:27_899] # [T79661][APARadarFilterSaveOblPointToSlotBuf][834]OblCoord[0][67]: -2733, 13688, Dis: 1821, Big: 0
[20240124_13:17:27_899] # 
[20240124_13:17:27_905] # [T79687][APAVisionOblAdd][1323]Vision Obl merge: 63
[20240124_13:17:27_905] # [T79687][APAVisionOblAdd][1326]Receive Vision Obl CrossPointCoord: 0: 2204, 15323; 1: 7130, 15562
[20240124_13:17:27_906] # [T79687][APAVisionOblInfoDebugPrint][118]VisionOblInfo:
[20240124_13:17:27_906] # [T79688][APAVisionOblInfoDebugPrint][119]OblType: 0, bIsMerge 0, DetectCount 4
[20240124_13:17:27_906] # [T79688][APAVisionOblInfoDebugPrint][122]CrossPointCoord: 0: 2251, 15294; 1: 7062, 15529
[20240124_13:17:27_906] # [T79689][APAVisionOblInfoDebugPrint][125]OriginCrossPointCoord: 0: -2176, 5079; 1: -7101, 5337
[20240124_13:17:27_909] # [T79689][APAVisionOblInfoDebugPrint][126]VehCoordAndAng: 9, 10252, ang -0.004(-0.214)
[20240124_13:17:27_909] # [T79690][APAVisionOblInfoDebugPrint][127] 
[20240124_13:17:27_909] # [T79690][APAVisionOblAdd][1323]Vision Obl merge: 62
[20240124_13:17:27_910] # [T79690][APAVisionOblAdd][1326]Receive Vision Obl CrossPointCoord: 0: 2314, 12920; 1: 7316, 13251
[20240124_13:17:27_910] # [T79691][APAVisionOblInfoDebugPrint][118]VisionOblInfo:
[20240124_13:17:27_910] # [T79691][APAVisionOblInfoDebugPrint][119]OblType: 0, bIsMerge 0, DetectCount 18
[20240124_13:17:27_910] # [T79691][APAVisionOblInfoDebugPrint][122]CrossPointCoord: 0: 2308, 12969; 1: 7167, 13196
[20240124_13:17:27_910] # [T79692][APAVisionOblInfoDebugPrint][125]OriginCrossPointCoord: 0: -2295, 2677; 1: -7295, 3026
[20240124_13:17:27_910] # [T79692][APAVisionOblInfoDebugPrint][126]VehCoordAndAng: 9, 10252, ang -0.004(-0.214)
[20240124_13:17:27_911] # [T79693][APAVisionOblInfoDebugPrint][127] 
[20240124_13:17:27_915] # [T79693][VisionSlotAddValidCheck][893]Vision slot Length: 2318,2318, Depth 4931,4932
[20240124_13:17:27_915] # [T79694][VisionSlotAdd][1521]Added Vision Slot[1][3] Num 4 OriCoord: 0: -2176, 5079; 1: -7101, 5337; 2: -7223, 3022; 3: -2297, 2764
[20240124_13:17:27_915] # [T79694][VisionSlotAdd][1522]VehCoordAndAngle: 9, 10252, ang -0.004 (-0.214)
[20240124_13:17:27_915] # [T79695][VisionSlotAdd][1523]Current VehPos: 11, 10561, ang -0.004 (-0.227)
[20240124_13:17:27_915] # [T79695][VisionSlotAdd][1528]Convert Vision Slot[1][3] Coord: 0: 2204, 15323; 1: 7130, 15562; 2: 7244, 13247; 3: 2317, 13007
[20240124_13:17:27_916] # [T79696][VisionSlotAdd][1533]Old Vision Slot[1][3] Coord: 0: 2267, 15285; 1: 7040, 15517; 2: 7149, 13286; 3: 2376, 13053
[20240124_13:17:27_916] # [T79697][VisionSlotAddSlotWeightCal][1014]u32Weight: 1, CentreY: 3921.500, DisY: 2633.500, SlotAng: 177.002
[20240124_13:17:27_916] # [T79697][VisionSlotAdd][1576]New Vision Slot[1][3] Coord: 0: 2251, 15294; 1: 7062, 15529; 2: 7172, 13276; 3: 2361, 13041
[20240124_13:17:27_916] # [T79698][VisionSlotAdd][1600]vision slot [1][3], u32Weight: 1, Sum: 4, SlotAng: 2.791, CurSlotAng: 2.784
[20240124_13:17:27_920] # [T79698][VisionSlotAddValidCheck][893]Vision slot Length: 2363,2362, Depth 5012,5012
[20240124_13:17:27_920] # [T79699][VisionSlotAdd][1521]Added Vision Slot[1][2] Num 4 OriCoord: 0: -2295, 2677; 1: -7295, 3026; 2: -7460, 669; 3: -2460, 319
[20240124_13:17:27_921] # [T79700][VisionSlotAdd][1522]VehCoordAndAngle: 9, 10252, ang -0.004 (-0.214)
[20240124_13:17:27_921] # [T79700][VisionSlotAdd][1523]Current VehPos: 11, 10561, ang -0.004 (-0.227)
[20240124_13:17:27_921] # [T79700][VisionSlotAdd][1528]Convert Vision Slot[1][2] Coord: 0: 2314, 12920; 1: 7316, 13251; 2: 7472, 10893; 3: 2471, 10562
[20240124_13:17:27_921] # [T79701][VisionSlotAdd][1533]Old Vision Slot[1][2] Coord: 0: 2327, 13007; 1: 7250, 13218; 2: 7351, 10864; 3: 2428, 10652
[20240124_13:17:27_921] # [T79702][VisionSlotAddSlotWeightCal][1014]u32Weight: 20, CentreY: 1498.000, DisY: 210.000, SlotAng: 176.002
[20240124_13:17:27_921] # [T79702][VisionSlotAdd][1576]New Vision Slot[1][2] Coord: 0: 2325, 12994; 1: 7260, 13223; 2: 7369, 10868; 3: 2435, 10639
[20240124_13:17:27_929] # [T79703][VisionSlotAdd][1600]vision slot [1][2], u32Weight: 20, Sum: 131, SlotAng: 2.664, CurSlotAng: 3.784
[20240124_13:17:27_930] # [T79712][APARadarFilterSaveOblPointToSlotBuf][832]******  Outline[0] cnt [70] Point[68]  *******
[20240124_13:17:27_930] # [T79712][APARadarFilterSaveOblPointToSlotBuf][833]VehCoord[0][68]: 9, 10235, VehAng: -3
[20240124_13:17:27_946] # [T79713][APARadarFilterSaveOblPointToSlotBuf][834]OblCoord[0][68]: -3672, 13905, Dis: 2761, Big: 0
[20240124_13:17:27_946] # 
[20240124_13:17:27_981] # [T79762][APARadarFilterSaveOblPointToSlotBuf][832]******  Outline[0] cnt [71] Point[69]  *******
[20240124_13:17:27_981] # [T79763][APARadarFilterSaveOblPointToSlotBuf][833]VehCoord[0][69]: 10, 10322, VehAng: -3
[20240124_13:17:27_988] # [T79763][APARadarFilterSaveOblPointToSlotBuf][834]OblCoord[0][69]: -3520, 13965, Dis: 2610, Big: 0
[20240124_13:17:27_988] # 
[20240124_13:17:27_989] # [T79768][APAVisionOblAdd][1323]Vision Obl merge: 63
[20240124_13:17:27_989] # [T79768][APAVisionOblAdd][1326]Receive Vision Obl CrossPointCoord: 0: 2216, 15307; 1: 7128, 15546
[20240124_13:17:27_989] # [T79768][APAVisionOblInfoDebugPrint][118]VisionOblInfo:
[20240124_13:17:27_989] # [T79769][APAVisionOblInfoDebugPrint][119]OblType: 0, bIsMerge 0, DetectCount 5
[20240124_13:17:27_989] # [T79769][APAVisionOblInfoDebugPrint][122]CrossPointCoord: 0: 2244, 15297; 1: 7075, 15532
[20240124_13:17:27_990] # [T79770][APAVisionOblInfoDebugPrint][125]OriginCrossPointCoord: 0: -2187, 4950; 1: -7098, 5208
[20240124_13:17:27_990] # [T79770][APAVisionOblInfoDebugPrint][126]VehCoordAndAng: 10, 10365, ang -0.004(-0.219)
[20240124_13:17:27_990] # [T79771][APAVisionOblInfoDebugPrint][127] 
[20240124_13:17:27_994] # [T79771][APAVisionOblAdd][1323]Vision Obl merge: 62
[20240124_13:17:27_994] # [T79771][APAVisionOblAdd][1326]Receive Vision Obl CrossPointCoord: 0: 2396, 12995; 1: 7276, 13232
[20240124_13:17:27_994] # [T79772][APAVisionOblInfoDebugPrint][118]VisionOblInfo:
[20240124_13:17:27_994] # [T79772][APAVisionOblInfoDebugPrint][119]OblType: 0, bIsMerge 0, DetectCount 19
[20240124_13:17:27_995] # [T79772][APAVisionOblInfoDebugPrint][122]CrossPointCoord: 0: 2313, 12970; 1: 7173, 13198
[20240124_13:17:27_995] # [T79773][APAVisionOblInfoDebugPrint][125]OriginCrossPointCoord: 0: -2376, 2639; 1: -7255, 2895
[20240124_13:17:27_995] # [T79773][APAVisionOblInfoDebugPrint][126]VehCoordAndAng: 10, 10365, ang -0.004(-0.219)
[20240124_13:17:27_995] # [T79774][APAVisionOblInfoDebugPrint][127] 
[20240124_13:17:27_995] # [T79774][VisionSlotAddValidCheck][893]Vision slot Length: 2316,2316, Depth 4917,4917
[20240124_13:17:27_996] # [T79775][VisionSlotAdd][1521]Added Vision Slot[1][3] Num 4 OriCoord: 0: -2187, 4950; 1: -7098, 5208; 2: -7219, 2895; 3: -2308, 2637
[20240124_13:17:27_996] # [T79775][VisionSlotAdd][1522]VehCoordAndAngle: 10, 10365, ang -0.004 (-0.219)
[20240124_13:17:27_996] # [T79776][VisionSlotAdd][1523]Current VehPos: 11, 10669, ang -0.004 (-0.232)
[20240124_13:17:27_996] # [T79776][VisionSlotAdd][1528]Convert Vision Slot[1][3] Coord: 0: 2216, 15307; 1: 7128, 15546; 2: 7240, 13232; 3: 2328, 12993
[20240124_13:17:27_999] # [T79777][VisionSlotAdd][1533]Old Vision Slot[1][3] Coord: 0: 2251, 15294; 1: 7062, 15529; 2: 7172, 13276; 3: 2361, 13041
[20240124_13:17:27_999] # [T79778][VisionSlotAddSlotWeightCal][1014]u32Weight: 1, CentreY: 3793.500, DisY: 2505.500, SlotAng: 176.993
[20240124_13:17:28_000] # [T79778][VisionSlotAdd][1576]New Vision Slot[1][3] Coord: 0: 2244, 15297; 1: 7075, 15532; 2: 7186, 13267; 3: 2354, 13032
[20240124_13:17:28_000] # [T79779][VisionSlotAdd][1600]vision slot [1][3], u32Weight: 1, Sum: 5, SlotAng: 2.790, CurSlotAng: 2.788
[20240124_13:17:28_000] # [T79779][VisionSlotAddValidCheck][893]Vision slot Length: 2424,2425, Depth 4885,4885
[20240124_13:17:28_001] # [T79780][VisionSlotAdd][1521]Added Vision Slot[1][2] Num 4 OriCoord: 0: -2376, 2639; 1: -7255, 2895; 2: -7382, 473; 3: -2503, 218
[20240124_13:17:28_001] # [T79781][VisionSlotAdd][1522]VehCoordAndAngle: 10, 10365, ang -0.004 (-0.219)
[20240124_13:17:28_001] # [T79781][VisionSlotAdd][1523]Current VehPos: 11, 10669, ang -0.004 (-0.232)
[20240124_13:17:28_001] # [T79782][VisionSlotAdd][1528]Convert Vision Slot[1][2] Coord: 0: 2396, 12995; 1: 7276, 13232; 2: 7394, 10810; 3: 2514, 10573
[20240124_13:17:28_001] # [T79782][VisionSlotAdd][1533]Old Vision Slot[1][2] Coord: 0: 2325, 12994; 1: 7260, 13223; 2: 7369, 10868; 3: 2435, 10639
[20240124_13:17:28_001] # [T79783][VisionSlotAddSlotWeightCal][1014]u32Weight: 20, CentreY: 1428.500, DisY: 140.500, SlotAng: 177.002
[20240124_13:17:28_003] # [T79783][VisionSlotAdd][1576]New Vision Slot[1][2] Coord: 0: 2335, 12994; 1: 7262, 13224; 2: 7373, 10861; 3: 2445, 10630
[20240124_13:17:28_020] # [T79784][VisionSlotAdd][1600]vision slot [1][2], u32Weight: 20, Sum: 151, SlotAng: 2.679, CurSlotAng: 2.779
[20240124_13:17:28_030] # [T79813][APARadarFilterSaveOblPointToSlotBuf][832]******  Outline[1] cnt [52] Point[50]  *******
[20240124_13:17:28_030] # [T79813][APARadarFilterSaveOblPointToSlotBuf][833]VehCoord[1][50]: 10, 10381, VehAng: -3
[20240124_13:17:28_036] # [T79814][APARadarFilterSaveOblPointToSlotBuf][834]OblCoord[1][50]: 4579, 14172, Dis: 3621, Big: 0
[20240124_13:17:28_036] # 
[20240124_13:17:28_036] # [T79815][APARadarFilterSaveOblPointToSlotBuf][832]******  Outline[0] cnt [72] Point[70]  *******
[20240124_13:17:28_036] # [T79815][APARadarFilterSaveOblPointToSlotBuf][833]VehCoord[0][70]: 10, 10381, VehAng: -3
[20240124_13:17:28_051] # [T79816][APARadarFilterSaveOblPointToSlotBuf][834]OblCoord[0][70]: -3780, 14071, Dis: 2870, Big: 0
[20240124_13:17:28_051] # 
[20240124_13:17:28_067] # [T79850][APAVisionOblAdd][1323]Vision Obl merge: 62
[20240124_13:17:28_068] # [T79850][APAVisionOblAdd][1326]Receive Vision Obl CrossPointCoord: 0: 2361, 12987; 1: 7335, 13228
[20240124_13:17:28_068] # [T79850][APAVisionOblInfoDebugPrint][118]VisionOblInfo:
[20240124_13:17:28_068] # [T79851][APAVisionOblInfoDebugPrint][119]OblType: 0, bIsMerge 0, DetectCount 20
[20240124_13:17:28_068] # [T79851][APAVisionOblInfoDebugPrint][122]CrossPointCoord: 0: 2315, 12971; 1: 7181, 13199
[20240124_13:17:28_073] # [T79852][APAVisionOblInfoDebugPrint][125]OriginCrossPointCoord: 0: -2341, 2524; 1: -7314, 2784
[20240124_13:17:28_073] # [T79852][APAVisionOblInfoDebugPrint][126]VehCoordAndAng: 10, 10472, ang -0.004(-0.223)
[20240124_13:17:28_073] # [T79853][APAVisionOblInfoDebugPrint][127] 
[20240124_13:17:28_073] # [T79853][APAVisionOblAdd][1323]Vision Obl merge: 63
[20240124_13:17:28_074] # [T79853][APAVisionOblAdd][1326]Receive Vision Obl CrossPointCoord: 0: 2246, 15285; 1: 7102, 15522
[20240124_13:17:28_074] # [T79854][APAVisionOblInfoDebugPrint][118]VisionOblInfo:
[20240124_13:17:28_074] # [T79854][APAVisionOblInfoDebugPrint][119]OblType: 0, bIsMerge 0, DetectCount 6
[20240124_13:17:28_074] # [T79854][APAVisionOblInfoDebugPrint][122]CrossPointCoord: 0: 2245, 15295; 1: 7080, 15530
[20240124_13:17:28_074] # [T79855][APAVisionOblInfoDebugPrint][125]OriginCrossPointCoord: 0: -2217, 4822; 1: -7072, 5077
[20240124_13:17:28_074] # [T79855][APAVisionOblInfoDebugPrint][126]VehCoordAndAng: 10, 10472, ang -0.004(-0.223)
[20240124_13:17:28_074] # [T79856][APAVisionOblInfoDebugPrint][127] 
[20240124_13:17:28_075] # [T79856][VisionSlotAddValidCheck][893]Vision slot Length: 2409,2408, Depth 4979,4979
[20240124_13:17:28_078] # [T79857][VisionSlotAdd][1521]Added Vision Slot[1][2] Num 4 OriCoord: 0: -2341, 2524; 1: -7314, 2784; 2: -7440, 379; 3: -2467, 118
[20240124_13:17:28_078] # [T79857][VisionSlotAdd][1522]VehCoordAndAngle: 10, 10472, ang -0.004 (-0.223)
[20240124_13:17:28_078] # [T79858][VisionSlotAdd][1523]Current VehPos: 11, 10779, ang -0.004 (-0.236)
[20240124_13:17:28_079] # [T79858][VisionSlotAdd][1528]Convert Vision Slot[1][2] Coord: 0: 2361, 12987; 1: 7335, 13228; 2: 7452, 10822; 3: 2478, 10581
[20240124_13:17:28_079] # [T79859][VisionSlotAdd][1533]Old Vision Slot[1][2] Coord: 0: 2335, 12994; 1: 7262, 13224; 2: 7373, 10861; 3: 2445, 10630
[20240124_13:17:28_079] # [T79860][VisionSlotAddSlotWeightCal][1014]u32Weight: 20, CentreY: 1321.000, DisY: 33.000, SlotAng: 177.001
[20240124_13:17:28_079] # [T79860][VisionSlotAdd][1576]New Vision Slot[1][2] Coord: 0: 2338, 12993; 1: 7270, 13225; 2: 7382, 10856; 3: 2449, 10624
[20240124_13:17:28_080] # [T79861][VisionSlotAdd][1600]vision slot [1][2], u32Weight: 20, Sum: 171, SlotAng: 2.691, CurSlotAng: 2.775
[20240124_13:17:28_083] # [T79861][VisionSlotAddValidCheck][893]Vision slot Length: 2306,2307, Depth 4861,4860
[20240124_13:17:28_083] # [T79862][VisionSlotAdd][1521]Added Vision Slot[1][3] Num 4 OriCoord: 0: -2217, 4822; 1: -7072, 5077; 2: -7192, 2773; 3: -2338, 2519
[20240124_13:17:28_083] # [T79863][VisionSlotAdd][1522]VehCoordAndAngle: 10, 10472, ang -0.004 (-0.223)
[20240124_13:17:28_083] # [T79863][VisionSlotAdd][1523]Current VehPos: 11, 10779, ang -0.004 (-0.236)
[20240124_13:17:28_084] # [T79863][VisionSlotAdd][1528]Convert Vision Slot[1][3] Coord: 0: 2246, 15285; 1: 7102, 15522; 2: 7213, 13217; 3: 2358, 12982
[20240124_13:17:28_084] # [T79864][VisionSlotAdd][1533]Old Vision Slot[1][3] Coord: 0: 2244, 15297; 1: 7075, 15532; 2: 7186, 13267; 3: 2354, 13032
[20240124_13:17:28_084] # [T79865][VisionSlotAddSlotWeightCal][1014]u32Weight: 1, CentreY: 3670.500, DisY: 2382.500, SlotAng: 176.999
[20240124_13:17:28_084] # [T79865][VisionSlotAdd][1576]New Vision Slot[1][3] Coord: 0: 2245, 15295; 1: 7080, 15530; 2: 7190, 13259; 3: 2355, 13024
[20240124_13:17:28_097] # [T79866][VisionSlotAdd][1600]vision slot [1][3], u32Weight: 1, Sum: 6, SlotAng: 2.788, CurSlotAng: 2.778
[20240124_13:17:28_132] # [T79915][APARadarFilterSaveOblPointToSlotBuf][832]******  Outline[0] cnt [73] Point[71]  *******
[20240124_13:17:28_133] # [T79916][APARadarFilterSaveOblPointToSlotBuf][833]VehCoord[0][71]: 10, 10513, VehAng: -3
[20240124_13:17:28_145] # [T79916][APARadarFilterSaveOblPointToSlotBuf][834]OblCoord[0][71]: -927, 13686, Dis: 32767, Big: 0
[20240124_13:17:28_145] # 
[20240124_13:17:28_159] #   79930-task_radar-118: RadarCaptureCnt is 365 
[20240124_13:17:28_159] # 
[20240124_13:17:28_159] # [T79941][VisionSlotAddValidCheck][893]Vision slot Length: 2420,2421, Depth 4945,4945
[20240124_13:17:28_161] # [T79941][VisionlotAdd][1521]Added Vision Slot[1][2] Num 4 OriCoord: 0: -2345, 2415; 1: -7284, 2674; 2: -7411, 256; 3: -2472, -2
[20240124_13:17:28_161] # [T79942][VisionSlotAdd][1522]VehCoordAndAngle: 11, 10599, ang -0.004 (-0.229)
[20240124_13:17:28_163] # [T79942][VisionSlotAdd][1523]Current VehPos: 12, 10910, ang -0.004 (-0.241)
[20240124_13:17:28_164] # [T79942][VisionSlotAdd][1528]Convert Vision Slot[1][2] Coord: 0: 2365, 13005; 1: 7305, 13244; 2: 7423, 10826; 3: 2483, 10588
[20240124_13:17:28_164] # [T79943][VisionSlotAdd][1533]Old Vision Slot[1][2] Coord: 0: 2338, 12993; 1: 7270, 13225; 2: 7382, 10856; 3: 2449, 10624
[20240124_13:17:28_165] # [T79944][VisionSlotAddSlotWeightCal][1014]u32Weight: 20, CentreY: 1206.500, DisY: 81.500, SlotAng: 177.004
[20240124_13:17:28_165] # [T79944][VisionSlotAdd][1576]New Vision Slot[1][2] Coord: 0: 2341, 12994; 1: 7274, 13227; 2: 7386, 10853; 3: 2453, 10620
[20240124_13:17:28_165] # [T79945][VisionSlotAdd][1600]vision slot [1][2], u32Weight: 20, Sum: 191, SlotAng: 2.699, CurSlotAng: 2.767
[20240124_13:17:28_165] # [T79946][VisionSlotAddValidCheck][893]Vision slot Length: 2270,2270, Depth 4846,4845
[20240124_13:17:28_166] # [T79946][VisionSlotAdd][1521]Added Vision Slot[1][3] Num 4 OriCoord: 0: -2212, 4717; 1: -7052, 4971; 2: -7170, 2704; 3: -2331, 2450
[20240124_13:17:28_172] # [T79947][VisionSlotAdd][1522]VehCoordAndAngle: 11, 10599, ang -0.004 (-0.229)
[20240124_13:17:28_172] # [T79947][VisionSlotAdd][1523]Current VehPos: 12, 10910, ang -0.004 (-0.241)
[20240124_13:17:28_172] # [T79948][VisionSlotAdd][1528]Convert Vision Slot[1][3] Coord: 0: 2242, 15308; 1: 7082, 15542; 2: 7191, 13275; 3: 2351, 13040
[20240124_13:17:28_172] # [T79948][VisionSlotAdd][1533]Old Vision Slot[1][3] Coord: 0: 2245, 15295; 1: 7080, 15530; 2: 7190, 13259; 3: 2355, 13024
[20240124_13:17:28_173] # [T79949][VisionSlotAddSlotWeightCal][1014]u32Weight: 1, CentreY: 3583.500, DisY: 2295.500, SlotAng: 176.996
[20240124_13:17:28_173] # [T79950][VisionSlotAdd][1576]New Vision Slot[1][3] Coord: 0: 2244, 15297; 1: 7080, 15532; 2: 7191, 13261; 3: 2354, 13026
[20240124_13:17:28_173] # [T79950][VisionSlotAdd][1600]vision slot [1][3], u32Weight: 1, Sum: 7, SlotAng: 2.787, CurSlotAng: 2.776
[20240124_13:17:28_173] # [T79951][VisionSlotAddValidCheck][893]Vision slot Length: 2199,2199, Depth 4442,4442
[20240124_13:17:28_174] # [T79952][VisionSlotAdd][1613]Added Vision Slot[0][5] Num 5 OriCoord: 0: 3400, 4529; 1: 7842, 4529; 2: 7842, 2330; 3: 3400, 2330
[20240124_13:17:28_179] # [T79952][VisionSlotAdd][1615]VehCoordAndAngle: 11, 10599, ang -0.004 (-0.229)
[20240124_13:17:28_179] # [T79953][VisionSlotAdd][1616]Current VehPos: 12, 10910, ang -0.004 (-0.241)
[20240124_13:17:28_179] # [T79953][VisionSlotAdd][1621]New Vision Slot[0][5] Coord: 0: -3370, 15142; 1: -7812, 15160; 2: -7821, 12961; 3: -3379, 12943
[20240124_13:17:28_179] # [T79954][VisionSlotAddSlotWeightCal][1014]u32Weight: 1, CentreY: 3429.500, DisY: 2141.500, SlotAng: 0.000
[20240124_13:17:28_179] # [T79954][VisionSlotInfoInsert][513]VisionSlot[0][4] id 10 is insert, num 5->5
[20240124_13:17:28_179] # [T79955][VisionSlotInfoDebugPrint][148]VisionSlot[0][4]: ID 10, SlotType: 垂直, SlotLength: 2199, SlotDepth 4441
[20240124_13:17:28_182] # [T79956][VisionSlotInfoDebugPrint][155]VehCoordAndAng: 11, 10599, ang -0.004(-0.229)
[20240124_13:17:28_182] # [T79956][VisionSlotInfoDebugPrint][160]tOriCrossPt: 0: 3400, 4529; 1: 7842, 4529; 2: 7842, 2330; 3: 3400, 2330
[20240124_13:17:28_183] # [T79957][VisionSlotInfoDebugPrint][165]tCrossPt: 0: -3370, 15142; 1: -7812, 15160; 2: -7821, 12961; 3: -3379, 12943
[20240124_13:17:28_183] # [T79957][VisionSlotInfoDebugPrint][169]TimeDelay 108, bAvailable 1, u32WeightSum 1, u32SlotSparallelCount 0, u32SlotPerpenicularCount 1
[20240124_13:17:28_183] # [T79958][VisionSlotInfoInsert][520]VisionSlot[0] num 5 after : 1        5       4       7       10
[20240124_13:17:28_184] # [T79958][VisionSlotAdd][1650]vision slot [0][5], u32Weight: 1, CurSlotAng: 179.771
[20240124_13:17:28_184] # [T79959][ParkSlotInfoDelete][395]ParkSlot[0][0] id 3 is delete
[20240124_13:17:28_184] # [T79959][ParkSlotInfoDelete][417]ParkSlot[0] delete start 0, num 1, num 3->2
[20240124_13:17:28_184] # [T79960][ParkSlotInfoDelete][422]ParkSlot[0] num 2 after: 4     6       0
[20240124_13:17:28_184] # [T79960][ParkSlotInfoInsert][505]ParkSlot[0][2] id 9 is insert, num 2->3
[20240124_13:17:28_185] # [T79960][ParkSlotInfoDebugPrint][105]ParkSlot[0][2]: ID 9, SlotClass 视觉, RadarSlotID 0, VisionSlotID 10
[20240124_13:17:28_189] # [T79961][ParkSlotInfoDebugPrint][123]SlotType 垂直, SlotLength 2199, SlotDepth 4441
[20240124_13:17:28_189] # [T79962][ParkSlotInfoDebugPrint][130]VehCoordAndAng: 11, 10599, ang -0.04(-0.229)
[20240124_13:17:28_190] # [T79962][ParkSlotInfoDebugPrint][135]tCrossPt: 0: -3370, 15142; 1: -7812, 15160; 2: -7821, 12961; 3: -3379, 12943
[20240124_13:17:28_190] # [T79963][ParkSlotInfoDebugPrint][138]bConfirmed 0, VehToSlotCurDis 0, VehToSlotNextReqDis 0, RequestType 0, RequestCnt 0
[20240124_13:17:28_190] # [T79963][ParkSlotInfoDebugPrint][141]ParkOut: Front 0, Rear 0, Left 0, Right 0
[20240124_13:17:28_191] # [T79964][ParkSlotInfoInsert][512]ParkSlot[0] num 3 after : 4    6       9
[20240124_13:17:28_191] # [T79964][DecisionParkInRequestCalPath][3130]CalID[9], SideIndex[0], SlotIndex[2], PlanCmd[3]
[20240124_13:17:28_191] # [T79965][APAParkManaParkingSetParkingSideSwitched][2622]Parking Side Switched Finish. LeftIndex[1], RightIndex[0], Side[1]
[20240124_13:17:28_195] # [T79965][APAParkManaParkingSetParkingSideSwitched][2637]Parking Slot Data Switch Finish.
[20240124_13:17:28_195] # [T79966][locate_position_set][337]locate reset pos@79966: 1  -12.599, 10935.117, 0.2, minus: 0.000
[20240124_13:17:28_195] # 
[20240124_13:17:28_195] # [T79966][VT_APAPathPlanningHandle][2279]after: 0  1  1
[20240124_13:17:28_196] # [T79967][VT_APAPathPlanningHandle][2280]!!  id:0  !! index = 2
[20240124_13:17:28_196] # 
[20240124_13:17:28_196] # [T79967][DebugInfoStartInStepN][11197]req-2
[20240124_13:17:28_196] # [T79967][DebugInfoStartInStepN][11199]******************** path planning information ******* [2] ****************[-12  10935]****
[20240124_13:17:28_196] # [T79968][DebugInfoStartInStepN][11200]start_pos x = 12 y = 10935  veh*10: -2
[20240124_13:17:28_196] # [T79968][DebugInfoStartInStepN][11201]TargetDriveDirection = 0
[20240124_13:17:28_196] # [T79969][DebugInfoStartInStepN][11202]obl1 = 0 0 obl2 = 200 0
[20240124_13:17:28_196] # [T79969][DebugInfoStartInStepN][11203]endpos = 0 0  veh*10: 0
[20240124_13:17:28_197] # [T79970][APAPathPlanningPerpendCalPath][10298]4  0
[20240124_13:17:28_197] # [T79970][APAPathPlanningStep1DataDuringSearchingSlot][8668]12000   10935000     0
[20240124_13:17:28_197] # [T79970][APAPathPlanningStep1DataDuringSearchingSlot][8669]-35000   -4982000     0
[20240124_13:17:28_197] # [T79971][APAPathPlanningStep1DataDuringSearchingSlot][8670]236000   -1000     7956000
[20240124_13:17:28_197] # [T79971][APAPathPlanningStep1DataDuringSearchingSlot][8671]VehTurningCenterPt = 0, 0
[20240124_13:17:28_197] # [T79972][APAPathPlanningStep1DataDuringSearchingSlot][8672]VehRearAxisCenterTurningRadius = 0
[20240124_13:17:28_197] # [T79972][APAPathPlanningStep1DataDuringSearchingSlot][8673]CalResult = 1
[20240124_13:17:28_199] # [T79973][APAPathPlanningPerpendSearchSlotCalPath][10749]5
[20240124_13:17:28_199] # [T79973][APAPathPlanningPerpendSearchSlotCalPath][11419]42
[20240124_13:17:28_199] # [T79973][APAPathPlanningPerpendSearchSlotCalPath][11450]43
[20240124_13:17:28_199] # [T79974][APAPathPlanningPerpendSearchSlotCalPath][11532]false
[20240124_13:17:28_199] # [T79974][APAPathPlanningPerpendCalNewParkingPath][12119]p4 CalResult = 0        flag = 1
[20240124_13:17:28_199] # [T79974][APAPathPlanningPerpendCalNewParkingPath][12156]p6 0
[20240124_13:17:28_200] # [T79975][APAPathPlanningAddOneBackLine][10758]pts: 0     pt_line: 0     jiaodu(*100): 0
[20240124_13:17:28_200] # [T79975][APARadarFilterSaveOblPointToSlotBuf][832]******  Outline[0] cnt [74] Point[72]  *******
[20240124_13:17:28_200] # [T79976][APARadarFilterSaveOblPointToSlotBuf][833]VehCoord[0][72]: -11, 10585, VehAng: 3
[20240124_13:17:28_200] # [T79976][APARadarFilterSaveOblPointToSlotBuf][834]OblCoord[0][72]: 926, 13758, Dis: 32767, Big: 0
[20240124_13:17:28_200] # 
[20240124_13:17:28_200] # [T79977][APAVisionOblAdd][1323]Vision Obl merge: 62
[20240124_13:17:28_200] # [T79977][APAVisionOblAdd][1326]Receive Vision Obl CrossPointCoord: 0: -2365, 13005; 1: -7305, 13244
[20240124_13:17:28_200] # [T79978][APAVisionOblInfoDebugPrint][118]VisionOblInfo:
[20240124_13:17:28_201] # [T79978][APAVisionOblInfoDebugPrint][119]OblType: 0, bIsMerge 0, DetectCount 21
[20240124_13:17:28_201] # [T79979][APAVisionOblInfoDebugPrint][122]CrossPointCoord: 0: -2317, 12973; 1: -7187, 13201
[20240124_13:17:28_204] # [T79979][APAVisionOblInfoDebugPrint][125]OriginCrossPointCoord: 0: -2345, 2415; 1: -7284, 2674
[20240124_13:17:28_204] # [T79980][APAVisionOblInfoDebugPrint][126]VehCoordAndAng: -11, 10599, ang 0.004(0.229)
[20240124_13:17:28_204] # [T79980][APAVisionOblInfoDebugPrint][127] 
[20240124_13:17:28_205] # [T79980][APAVisionOblAdd][1323]Vision Obl merge: 63
[20240124_13:17:28_205] # [T79981][APAVisionOblAdd][1326]Receive Vision Obl CrossPointCoord: 0: -2242, 15308; 1: -7082, 15542
[20240124_13:17:28_205] # [T79981][APAVisionOblInfoDebugPrint][118]VisionOblInfo:
[20240124_13:17:28_205] # [T79981][APAVisionOblInfoDebugPrint][119]OblType: 0, bIsMerge 0, DetectCount 7
[20240124_13:17:28_205] # [T79982][APAVisionOblInfoDebugPrint][122]CrossPointCoord: 0: -2244, 15297; 1: -7080, 15532
[20240124_13:17:28_205] # [T79982][APAVisionOblInfoDebugPrint][125]OriginCrossPointCoord: 0: -2212, 4717; 1: -7052, 4971
[20240124_13:17:28_206] # [T79983][APAVisionOblInfoDebugPrint][126]VehCoordAndAng: -11, 10599, ang 0.004(0.229)
[20240124_13:17:28_206] # [T79983][APAVisionOblInfoDebugPrint][127] 
[20240124_13:17:28_206] # [T79984][APAVisionOblInsert][847]Vision Obl insert: 62
[20240124_13:17:28_206] # [T79984][APAVisionOblInfoDebugPrint][118]VisionOblInfo:
[20240124_13:17:28_206] # [T79984][APAVisionOblInfoDebugPrint][119]OblType: 0, bIsMerge 0, DetectCount 1
[20240124_13:17:28_206] # [T79985][APAVisionOblInfoDebugPrint][122]CrossPointCoord: 0: 3370, 15142; 1: 7812, 15160
[20240124_13:17:28_207] # [T79985][APAVisionOblInfoDebugPrint][125]OriginCrossPointCoord: 0: 3400, 4529; 1: 7842, 4529
[20240124_13:17:28_207] # [T79986][APAVisinOblInfoDebugPrint][126]VehCoordAndAng: -11, 10599, ang 0.004(0.229)
[20240124_13:17:28_207] # [T79986][APAVisionOblInfoDebugPrint][127] 
[20240124_13:17:28_223] # [T79987][DecisionParkInRequestCalPath][3150]Request Planning Failed: CalID[9], Side[0], Class[2], Type[2]
[20240124_13:17:28_240] # [T80022][APAVisionOblAdd][1323]Vision Obl merge: 61
[20240124_13:17:28_240] # [T80022][APAVisionOblAdd][1326]Receive Vision Obl CrossPointCoord: 0: -2333, 13012; 1: -7316, 13252
[20240124_13:17:28_240] # [T80022][APAVisionOblInfoDebugPrint][118]VisionOblInfo:
[20240124_13:17:28_245] # [T80023][APAVisionOblInfoDebugPrint][119]OblType: 0, bIsMerge 0, DetectCount 22
[20240124_13:17:28_246] # [T80023][APAVisionOblInfoDebugPrint][122]CrossPointCoord: 0: -2318, 12975; 1: -7193, 13204
[20240124_13:17:28_246] # [T80024][APAVisionOblInfoDebugPrint][125]OriginCrossPointCoord: 0: -2312, 2325; 1: -7294, 2586
[20240124_13:17:28_246] # [T80024][APAVisionOblInfoDebugPrint][126]VehCoordAndAng: -11, 10696, ang 0.004(0.233)
[20240124_13:17:28_246] # [T80025][APAVisionOblInfoDebugPrint][127] 
[20240124_13:17:28_246] # [T80025][APAVisionOblAdd][1323]Vision Obl merge: 63
[20240124_13:17:28_246] # [T80025][APAVisionOblAdd][1326]Receive Vision Obl CrossPointCoord: 0: -2259, 15289; 1: -7133, 15524
[20240124_13:17:28_246] # [T80026][APAVisionOblInfoDebugPrint][118]VisionOblInfo:
[20240124_13:17:28_247] # [T80026][APAVisionOblInfoDebugPrint][119]OblType: 0, bIsMerge 0, DetectCount 8
[20240124_13:17:28_247] # [T80026][APAVisionOblInfoDebugPrint][122]CrossPointCoord: 0: -2246, 15296; 1: -7087, 15531
[20240124_13:17:28_247] # [T80027][APAVisionOblInfoDebugPrint][125]OriginCrossPointCoord: 0: -2229, 4602; 1: -7102, 4857
[20240124_13:17:28_247] # [T80027][APAVisionOblInfoDebugPrint][126]VehCoordAndAng: -11, 10696, ang 0.004(0.233)
[20240124_13:17:28_247] # [T80028][APAVisionOblInfoDebugPrint][127] 
[20240124_13:17:28_248] # [T80028][APAVisionOblAdd][1323]Vision Obl merge: 62
[20240124_13:17:28_248] # [T80028][APAVisionOblAdd][1326]Receive Vision Obl CrossPointCoord: 0: 7668, 15118; 1: 3426, 15175
[20240124_13:17:28_251] # [T80029][APAVisionOblInfoDebugPrint][118]VisionOblInfo:
[20240124_13:17:28_251] # [T80029][APAVisionOblInfoDebugPrint][119]OblType: 0, bIsMerge 0, DetectCount 2
[20240124_13:17:28_252] # [T80030][APAVisionOblInfoDebugPrint][122]CrossPointCoord: 0: 5519, 15130; 1: 5619, 15167
[20240124_13:17:28_252] # [T80030][APAVisionOblInfoDebugPrint][125]OriginCrossPointCoord: 0: 7698, 4391; 1: 3456, 4465
[20240124_13:17:28_252] # [T80031][APAVisionOblInfoDebugPrint][126]VehCoordAndAng: -11, 10696, ang 0.004(0.233)
[20240124_13:17:28_252] # [T80031][APAVisionOblInfoDebugPrint][127] 
[20240124_13:17:28_252] # [T80032][VisionSlotAddValidCheck][893]Vision slot Length: 2414,2414, Depth 4988,4987
[20240124_13:17:28_253] # [T80032][VisionSlotAdd][1521]Added Vision Slot[1][2] Num 4 OriCoord: 0: -2312, 2325; 1: -7294, 2586; 2: -7420, 175; 3: -2439, -86
[20240124_13:17:28_253] # [T80033][VisionSlotAdd][1522]VehCoordAndAngle: -11, 10696, ang 0.004 (0.233)
[20240124_13:17:28_253] # [T80033][VisionSlotAdd][1523]Current VehPos: -12, 11007, ang 0.004 (0.245)
[20240124_13:17:28_253] # [T80034][VisionSlotAdd][1528]Convert Vision Slot[1][2] Coord: 0: -2333, 13012; 1: -7316, 13252; 2: -7432, 10841; 3: -2450, 10600
[20240124_13:17:28_258] # [T80035][VisionSlotAdd][1533]Old Vision Slot[1][2] Coord: 0: -2341, 12994; 1: -7274, 13227; 2: -7386, 10853; 3: -2453, 10620
[20240124_13:17:28_258] # [T80035][VisionSlotAddSlotWeightCal][1014]u32Weight: 20, CentreY: 1119.500, DisY:168.500, SlotAng: 177.001
[20240124_13:17:28_258] # [T80036][VisionSlotAdd][1576]New Vision Slot[1][2] Coord: 0: -2340, 12996; 1: -7278, 13229; 2: -7390, 10852; 3: -2452, 10618
[20240124_13:17:28_260] # [T80037][VisionSlotAdd][1600]vision slot [1][2], u32Weight: 20, Sum: 211, SlotAng: 177.295, CurSlotAng: 177.233
[20240124_13:17:28_260] # [T80037][VisionSlotAddValidCheck][893]Vision slot Length: 2224,2224, Depth 4879,4879
[20240124_13:17:28_260] # [T80038][VisionSlotAdd][1521]Added Vision Slot[1][3] Num 4 OriCoord: 0: -2229, 4602; 1: -7102, 4857; 2: -7218, 2636; 3: -2345, 2381
[20240124_13:17:28_260] # [T80038][VisionSlotAdd][1522]VehCoordAndAngle: -11, 10696, ang 0.004 (0.233)
[20240124_13:17:28_260] # [T80039][VisionSlotAdd][1523]Current VehPos: -12, 11007, ang 0.004 (0.245)
[20240124_13:17:28_261] # [T80039][VisionSlotAdd][1528]Convert Vision Slot[1][3] Coord: 0: -2259, 15289; 1: -7133, 15524; 2: -7240, 13303; 3: -2366, 13068
[20240124_13:17:28_261] # [T80040][VisionSlotAdd][1533]Old Vision Slot[1][3] Coord: 0: -2244, 15297; 1: -7080, 15532; 2: -7191, 13261; 3: -2354, 13026
[20240124_13:17:28_261] # [T80041][VisionSlotAddSlotWeightCal][1014]u32Weight: 1, CentreY: 3491.500, DisY: 2203.500, SlotAng: 177.004
[20240124_13:17:28_261] # [T80041][VisionSlotAdd][1576]New Vision Slot[1][3] Coord: 0: -2246, 15296; 1: -7087, 15531; 2: -7197, 13266; 3: -2356, 13031
[20240124_13:17:28_265] # [T80042][VisionSlotAdd][1600]vision slot [1][3], u32Weight: 1, Sum: 8, SlotAng: 177.216, CurSlotAng: 177.237
[20240124_13:17:28_265] # [T80043][VisionSlotAddValidCheck][893]Vision slot Length: 2148,2148, Depth 4242,4242
[20240124_13:17:28_266] # [T80043][VisionSlotAdd][1521]Added Vision Slot[0][4] Num 5 OriCoord: 0: 3456, 4465; 1: 7698, 4391; 2: 7660, 2243; 3: 3418, 2317
[20240124_13:17:28_266] # [T80044][VisionSlotAdd][1522]VehCoordAndAngle: -11, 10696, ang 0.004 (0.233)
[20240124_13:17:28_266] # [T80044][VisionSlotAdd][1523]Current VehPos: -12, 11007, ang 0.004 (0.245)
[20240124_13:17:28_266] # [T80045][VisionSlotAdd][1528]Convert Vision Slot[0][4] Coord: 0: 3426, 15175; 1: 7668, 15118; 2: 7639, 12970; 3: 3396, 13027
[20240124_13:17:28_266] # [T80045][VisionSlotAdd][1533]Old Vision Slot[0][4] Coord: 0: 3370, 15142; 1: 7812, 15160; 2: 7821, 12961; 3: 3379, 12943
[20240124_13:17:28_267] # [T80046][VisionSlotAddSlotWeightCal][1014]u32Weight: 1, CentreY: 3391.000, DisY: 2103.000, SlotAng: -0.999
[20240124_13:17:28_271] # [T80047][VisionSlotAdd][1576]New Vision Slot[0][4] Coord: 0: 3398, 15159; 1: 7740, 15139; 2: 7730, 12965; 3: 3388, 12985
[20240124_13:17:28_271] # [T80047][VisionSlotAdd][1600]vision slot [0][4], u32Weight: 1, Sum: 2, SlotAng: -0.258, CurSlotAng: -0.767
[20240124_13:17:28_286] # [T80068][APARadarFilterSaveOblPointToSlotBuf][832]******  Outline[0] cnt [75] Point[73]  *******
[20240124_13:17:28_286] # [T80069][APARadarFilterSaveOblPointToSlotBuf][833]VehCoord[0][73]: -11, 10731, VehAng: 4
[20240124_13:17:28_303] # [T80069][APARadarFilterSaveOblPointToSlotBuf][834]OblCoord[0][73]: 3765, 14420, Dis: 2857, Big: 0
[20240124_13:17:28_303] # 
[20240124_13:17:28_313] # [T80095][VisionSlotAddValidCheck][893]Vision slot Length: 2367,2369, Depth 4881,4881
[20240124_13:17:28_313] # [T80095][VisionSlotAdd][1521]Added Vision Slot[1][2] Num 4 OriCoord: 0: -2381, 2183; 1: -7256, 2439; 2: -7380, 73; 3: -2505, -181
[20240124_13:17:28_313] # [T80096][VisionSlotAdd][1522]VehCoordAndAngle: -11, 10786, ang 0.004 (0.236)
[20240124_13:17:28_313] # [T80096][VisionSlotAdd][1523]Current VehPos: -13, 11091, ang 0.004 (0.249)
[20240124_13:17:28_315] # [T80097][VisionSlotAdd][1528]Convert Vision Slot[1][2] Coord: 0: -2401, 12959; 1: -7277, 13195; 2: -7392, 10829; 3: -2516, 10595
[20240124_13:17:28_318] # [T80097][VisionSlotAdd][1533]Old Vision Slot[1][2] Coord: 0: -2340, 12996; 1: -7278, 13229; 2: -7390, 10852; 3: -2452, 10618
[20240124_13:17:28_318] # [T80098][VisionSlotAddSlotWeightCal][1014]u32Weight: 20, CentreY: 1001.000, DisY: 287.000, SlotAng: 177.006
[20240124_13:17:28_319] # [T80099][VisionSlotAdd][1576]New Vision Slot[1][2] Coord: 0: -2345, 12993; 1: -7278, 13226; 2: -7391, 10850; 3: -2458, 10616
[20240124_13:17:28_319] # [T80099][VisionSlotAdd][1600]vision slot [1][2], u32Weight: 20, Sum: 231, SlotAng: 177.290, CurSlotAng: 177.242
[20240124_13:17:28_319] # [T80100][VisionSlotAddValidCheck][893]Vision slot Length: 2217,2217, Depth 4850,4850
[20240124_13:17:28_319] # [T80100][VisionSlotAdd][1521]Added Vision Slot[1][3] Num 4 OriCoord: 0: -2229, 4448; 1: -7073, 4702; 2: -7189, 2488; 3: -2345, 2234
[20240124_13:17:28_319] # [T80101][VisionSlotAdd][1522]VehCoordAndAngle: -11, 10786, ang 0.004 (0.236)
[20240124_13:17:28_319] # [T80101][VisionSlotAdd][1523]Current VehPos: -13, 11091, ang 0.004 (0.249)
[20240124_13:17:28_323] # [T80102][VisionSlotAdd][1528]Convert Vision Slot[1][3] Coord: 0: -2259, 15225; 1: -7104, 15459; 2: -7211, 13244; 3: -2366, 13010
[20240124_13:17:28_323] # [T80103][VisionSlotAdd][1533]Old Vision Slot[1][3] Coord: 0: -2246, 15296; 1: -7087, 15531; 2: -7197, 13266; 3: -2356, 13031
[20240124_13:17:28_323] # [T80103][VisionSlotAddSlotWeightCal][1014]u32Weight: 1, CentreY: 3341.000, DisY: 2053.000, SlotAng: 176.998
[20240124_13:17:28_323] # [T80104][VisionSlotAdd][1576]New Vision Slot[1][3] Coord: 0: -2247, 15288; 1: -7089, 15523; 2: -7198, 13264; 3: -2357, 13029
[20240124_13:17:28_324] # [T80105][VisionSlotAdd][1600]vision slot [1][3], u32Weight: 1, Sum: 9, SlotAng: 177.218, CurSlotAng: 177.235
[20240124_13:17:28_324] # [T80105][VisionSlotAddValidCheck][893]Vision slot Length: 2160,2160, Depth 4403,4402
[20240124_13:17:28_324] # [T80106][VisionSlotAdd][1521]Added Vision Slot[0][4] Num 5 OriCoord: 0: 3451, 4392; 1: 7852, 4239; 2: 7776, 2080; 3: 3376, 2233
[20240124_13:17:28_327] # [T80106][VisionSlotAdd][1522]VehCoordAndAngle: -11, 10786, ang 0.004 (0.236)
[20240124_13:17:28_327] # [T80107][VisionSlotAdd][1523]Current VehPos: -13, 11091, ang 0.004 (0.249)
[20240124_13:17:28_327] # [T80107][VisionSlotAdd][1528]Convert Vision Slot[0][4] Coord: 0: 3420, 15192; 1: 7822, 15057; 2: 7755, 12898; 3: 3354, 13033
[20240124_13:17:28_327] # [T80108][VisionSlotAdd][1533]Old Vision Slot[0][4] Coord: 0: 3398, 15159; 1: 7740, 15139; 2: 7730, 12965; 3: 3388, 12985
[20240124_13:17:28_327] # [T80109][VisionSlotAddSlotWeightCal][1014]u32Weight: 1, CentreY: 3312.500, DisY: 2024.500, Slotng: -1.991
[20240124_13:17:28_328] # [T80109][VisionSlotAdd][1576]New Vision Slot[0][4] Coord: 0: 3405, 15170; 1: 7767, 15112; 2: 7738, 12943; 3: 3377, 13001
[20240124_13:17:28_332] # [T80110][VisionSlotAdd][1600]vision slot [0][4], u32Weight: 1, Sum: 3, SlotAng: -0.761, CurSlotAng: -1.755
[20240124_13:17:28_332] # [T80111][APAVisionOblAdd][1323]Vision Obl merge: 61
[20240124_13:17:28_332] # [T80111][APAVisionOblAdd][1326]Receive Vision Obl CrossPointCoord: 0: -2401, 12959; 1: -7277, 13195
[20240124_13:17:28_332] # [T80112][APAVisionOblInfoDebugPrint][118]VisionOblInfo:
[20240124_13:17:28_333] # [T80112][APAVisionOblInfoDebugPrint][119]OblType: 0, bIsMerge 0, DetectCount 23
[20240124_13:17:28_333] # [T80113][APAVisionOblInfoDebugPrint][122]CrossPointCoord: 0: -2322, 12974; 1: -7197, 13203
[20240124_13:17:28_333] # [T80113][APAVisionOblInfoDebugPrint][125]OriginCrossPointCoord: 0: -2381, 2183; 1: -7256, 2439
[20240124_13:17:28_333] # [T80114][APAVisionOblInfoDebugPrint][126]VehCoordAndAng: -11, 10786, ang 0.004(0.236)
[20240124_13:17:28_333] # [T80114][APAVisionOblInfoDebugPrint][127] 
[20240124_13:17:28_334] # [T80114][APAVisionOblAdd][1323]Vision Obl merge: 63
[20240124_13:17:28_334] # [T80115][APAVisionOblAdd][1326]Receive Vision Obl CrossPointCoord: 0: -2259, 15225; 1: -7104, 15459
[20240124_13:17:28_337] # [T80115][APAVisionOblInfoDebugPrint][118]VisionOblInfo:
[20240124_13:17:28_337] # [T80116][APAVisionOblInfoDebugPrint][119]OblType: 0, bIsMerge 0, DetectCount 9
[20240124_13:17:28_337] # [T80116][APAVisionOblInfoDebugPrint][122]CrossPointCoord: 0: -2247, 15288; 1: -7089, 15523
[20240124_13:17:28_338] # [T80116][APAVisionOblInfoDebugPrint][125]OriginCrossPointCoord: 0: -2229, 4448; 1: -7073, 4702
[20240124_13:17:28_338] # [T80117][APAVisionOblInfoDebugPrint][126]VehCoordAndAng: -11, 10786, ang 0.004(0.236)
[20240124_13:17:28_338] # [T80117][APAVisionOblInfoDebugPrint][127] 
[20240124_13:17:28_338] # [T80118][APAVisionOblAdd][1323]Vision Obl merge: 62
[20240124_13:17:28_338] # [T80118][APAVisionOblAdd][1326]Receive Vision Obl CrossPointCoord: 0: 7822, 15057; 1: 3420, 15192
[20240124_13:17:28_338] # [T80119][APAVisionOblInfoDebugPrint][118]VisionOblInfo:
[20240124_13:17:28_338] # [T80119][APAVisionOblInfoDebugPrint][119]OblType: 0, bIsMerge 0, DetectCount 3
[20240124_13:17:28_339] # [T80119][APAVisionOblInfoDebugPrint][122]CrossPointCoord: 0: 6287, 15106; 1: 4886, 15176
[20240124_13:17:28_339] # [T80120][APAVisionOblInfoDebugPrint][125]OriginCrossPointCoord: 0: 7852, 4239; 1: 3451, 4392
[20240124_13:17:28_343] # [T80120][APAVisionOblInfoDebugPrint][126]VehCoordAndAng: -11, 10786, ang 0.004(0.236)
[20240124_13:17:28_343] # [T80121][APAVisionOblInfoDebugPrint][127] 
[20240124_13:17:28_347] # [T80122][APAPOEraseSlotTypeByFlash][118]Parking Out: Erase Flash Successfully
[20240124_13:17:28_395] # [T80176][APAVisionOblAdd][1323]Vision Obl merge: 61
[20240124_13:17:28_395] # [T80176][APAVisionOblAdd][1326]Receive Vision Obl CrossPointCoord: 0: -2388, 12985; 1: -7287, 13222
[20240124_13:17:28_395] # [T80176][APAVisionOblInfoDebugPrint][118]VisionOblInfo:
[20240124_13:17:28_395] # [T80177][APAVisionOblInfoDebugPrint][119]OblType: 0, bIsMerge 0, DetectCount 24
[20240124_13:17:28_395] # [T80177][APAVisionOblInfoDebugPrint][122]CrossPointCoord: 0: -2324, 12974; 1: -7200, 13204
[20240124_13:17:28_396] # [T80178][APAVisionOblInfoDebugPrint][125]OriginCrossPointCoord: 0: -2367, 2077; 1: -7265, 2334
[20240124_13:17:28_399] # [T80178][APAVisionOblInfoDebugPrint][126]VehCoordAndAng: -12, 10918, ang 0.004(0.242)
[20240124_13:17:28_399] # [T80179][APAVisionOblInfoDebugPrint][127] 
[20240124_13:17:28_400] # [T80179][APAVisionOblAdd][1323]Vision Obl merge: 63
[20240124_13:17:28_400] # [T80179][APAVisionOblAdd][1326]Receive Vision Obl CrossPointCoord: 0: -2224, 5339; 1: -7112, 15574
[20240124_13:17:28_400] # [T80180][APAVisionOblInfoDebugPrint][118]VisionOblInfo:
[20240124_13:17:28_400] # [T80180][APAVisionOblInfoDebugPrint][119]OblType: 0, bIsMerge 0, DetectCount 10
[20240124_13:17:28_400] # [T80180][APAVisionOblInfoDebugPrint][122]CrossPointCoord: 0: -2245, 15293; 1: -7091, 15528
[20240124_13:17:28_401] # [T80181][APAVisionOblInfoDebugPrint][125]OriginCrossPointCoord: 0: -2193, 4430; 1: -7080, 4686
[20240124_13:17:28_401] # [T80181][APAVisionOblInfoDebugPrint][126]VehCoordAndAng: -12, 10918, ang 0.004(0.242)
[20240124_13:17:28_401] # [T80182][APAVisionOblInfoDebugPrint][127] 
[20240124_13:17:28_401] # [T80182][APAVisionOblAdd][1323]Vision Obl merge: 62
[20240124_13:17:28_401] # [T80183][APAVisionOblAdd][1326]Receive Vision Obl CrossPointCoord: 0: 7812, 15135; 1: 3431, 15270
[20240124_13:17:28_404] # [T80183][APAVisionOblInfoDebugPrint][118]VisionOblInfo:
[20240124_13:17:28_404] # [T80183][APAVisionOblInfoDebugPrint][119]OblType: 0, bIsMerge 0, DetectCount 4
[20240124_13:17:28_404] # [T80184][APAVisionOblInfoDebugPrint][122]CrossPointCoord: 0: 6668, 15113; 1: 4522, 15199
[20240124_13:17:28_405] # [T80184][APAVisionOblInfoDebugPrint][125]OriginCrossPointCoord: 0: 7843, 4184; 1: 3462, 4337
[20240124_13:17:28_405] # [T80185][APAVisionOblInfoDebugPrint][126]VehCoordAndAng: -12, 10918, ang 0.004(0.242)
[20240124_13:17:28_405] # [T80185][APAVisionOblInfoDebugPrint][127] 
[20240124_13:17:28_405] # [T80186][VisionSlotAddValidCheck][893]Vision slot Length: 2250,2252, Depth 4904,4903
[20240124_13:17:28_405] # [T80186][VisionSlotAdd][1521]Added Vision Slot[1][2] Num 4 OriCoord: 0: -2367, 2077; 1: -7265, 2334; 2: -7382, 85; 3: -2485, -170
[20240124_13:17:28_406] # [T80187][VisionSlotAdd][1522]VehCoordAndAngle: -12, 10918, ang 0.004 (0.242)
[20240124_13:17:28_406] # [T80187][VisionSlotAdd][1523]Current VehPos: -13, 11187, ang 0.004 (0.253)
[20240124_13:17:28_410] # [T80188][VisionSlotAdd][1528]Convert Vision Slot[1][2] Coord: 0: -2388, 12985; 1: -7287, 13222; 2: -7394, 10972; 3: -2496, 10738
[20240124_13:17:28_411] # [T80188][VisionSlotAdd][1533]Old Vision Slot[1][2] Coord: 0: -2345, 12993; 1: -7278, 13226; 2: -7391, 10850; 3: -2458, 10616
[20240124_13:17:28_411] # [T80189][VisionSlotAddSlotWeightCal][1014]u32Weight: 19, CentreY: 953.500, DisY: 334.500, SlotAng: 177.008
[20240124_13:17:28_411] # [T80190][VisionSlotAdd][1576]New Vision Slot[1][2] Coord: 0: -2348, 12992; 1: -7279, 13226; 2: -7391, 10859; 3: -2461, 10626
[20240124_13:17:28_411] # [T80190][VisionSlotAdd][1600]vision slot [1][2], u32Weight: 19, Sum: 250, SlotAng: 177.287, CurSlotAng: 177.249
[20240124_13:17:28_411] # [T80191][VisionSlotAddValidCheck][893]Vision slot Length: 2307,2307, Depth 4893,4893
[20240124_13:17:28_412] # [T80191][VisionSlotAdd][1521]Added Vision Slot[1][3] Num 4 OriCoord: 0: -2193, 4430; 1: -7080, 4686; 2: -7201, 2382; 3: -2314, 2126
[20240124_13:17:28_412] # [T80192][VisionSlotAdd][1522]VehCoordAndAngle: -12, 10918, ang 0.004 (0.242)
[20240124_13:17:28_412] # [T80193][VisionSlotAdd][1523]Current VehPos: -13, 11187, ang 0.004 (0.253)
[20240124_13:17:28_415] # [T80193][VisionSlotAdd][1528]Convert Vision Slot[1][3] Coord: 0: -2224, 15339; 1: -7112, 15574; 2: -7223, 13270; 3: -2335, 13034
[20240124_13:17:28_415] # [T80194][VisionSlotAdd][1533]Old Vision Slot[1][3] Coord: 0: -2247, 15288; 1: -7089, 15523; 2: -7198, 13264; 3: -2357, 13029
[20240124_13:17:28_415] # [T80194][VisionSlotAddSlotWeightCal][1014]u32Weight: 1, CentreY: 3278.000, DisY: 1990.000, SlotAng: 177.001
[20240124_13:17:28_416] # [T80195][VisionSlotAdd][1576]New Vision Slot[1][3] Coord: 0: -2245, 15293; 1: -7091, 15528; 2: -7201, 13265; 3: -2355, 13029
[20240124_13:17:28_416] # [T80196][VisionSlotAdd][1600]vision slot [1][3], u32Weight: 1, Sum: 10, SlotAng: 177.221, CurSlotAng: 177.243
[20240124_13:17:28_416] # [T80196][VisionSlotAddValidCheck][893]Vision slot Length: 2203,2203, Depth 4383,4383
[20240124_13:17:28_416] # [T80197][VisionSlotAdd][1521]Added Vision Slot[0][4] Num 5 OriCoord: 0: 3462, 4337; 1: 7843, 4184; 2: 7766, 1982; 3: 3385, 2135
[20240124_13:17:28_416] # [T80197][VisionSlotAdd][1522]VehCoordAndAngle: -12, 10918, ang 0.004 (0.242)
[20240124_13:17:28_416] # [T80198][VisionSlotAdd][1523]Current VehPos: -13, 11187, ang 0.004 (0.253)
[20240124_13:17:28_420] # [T80198][VisionSlotAdd][1528]Convert Vision Slot[0][4] Coord: 0: 3431, 15270; 1: 7812, 15135; 2: 7745, 12933; 3: 3363, 13068
[20240124_13:17:28_421] # [T80199][VisionSlotAdd][1533]Old Vision Slot[0][4] Coord: 0: 3405, 15170; 1: 7767, 15112; 2: 7738, 12943; 3: 3377, 13001
[20240124_13:17:28_421] # [T80200][VisionSlotAddSlotWeightCal][1014]u32Weight: 1, CentreY: 3236.000, DisY: 1948.000, SlotAng: -2.000
[20240124_13:17:28_425] # [T80200][VisionSlotAdd][1576]New Vision Slot[0][4] Coord: 0: 3412, 15195; 1: 7779, 15118; 2: 7740, 12940; 3: 3373, 13018
[20240124_13:17:28_425] # [T80201][VisionSlotAdd][1600]vision slot [0][4], u32Weight: 1, Sum: 4, SlotAng: -1.012, CurSlotAng: -1.758
[20240124_13:17:28_471] # [T80251][DecisionParkInRequestCalPath][3130]CalID[8], SideIndex[1], SlotIndex[2], PlanCmd[3]
[20240124_13:17:28_471] # [T80251][APAParkManaParkingSetParkingSideSwitched][2622]Parking Side Switched Finish. LeftIndex[0], RightIndex[1], Side[0]
[20240124_13:17:28_471] # [T80252][APAParkManaParkingSetParkingSideSwitched][2637]Parking Slot Data Switch Finish.
[20240124_13:17:28_472] # [T80252][locate_position_set][337]locate reset pos@80252: 0  14.121, 11284.021, -0.3, minus: 11.250
[20240124_13:17:28_472] # 
[20240124_13:17:28_472] # [T80253][VT_APAPathPlanningHandle][2279]after: 1  0  0
[20240124_13:17:28_472] # [T80253][VT_APAPathPlanningHandle][2280]!!  id:0  !! index = 2
[20240124_13:17:28_472] # 
[20240124_13:17:28_472] # [T80254][DebugInfoStartInStepN][11197]req-2
[20240124_13:17:28_476] # [T80254][DebugInfoStartInStepN][11199]******************** path planning information ******* [2] ****************[14  11284]****
[20240124_13:17:28_477] # [T80255][DebugInfoStartInStepN][11200]start_pos x = -14 y = 11284  veh*10: 2
[20240124_13:17:28_477] # [T80255][DebugInfoStartInStepN][11201]TargetDriveDirection = 0
[20240124_13:17:28_477] # [T80255][DebugInfoStartInStepN][11202]obl1 = 0 0 obl2 = 200 0
[20240124_13:17:28_478] # [T80256][DebugInfoStartInStepN][11203]endpos = 0 0  veh*10: 0
[20240124_13:17:28_478] # [T80256][APAPathPlanningPerpendCalPath][10298]4  0
[20240124_13:17:28_478] # [T80256][APAPathPlanningStep1DataDuringSearchingSlot][8668]-14000   11284000     0
[20240124_13:17:28_478] # [T80257][APAPathPlanningStep1DataDuringSearchingSlot][8669]35000   -4982000     0
[20240124_13:17:28_478] # [T80257][APAPathPlanningStep1DataDuringSearchingSlot][8670]-223000   -1000     8130000
[20240124_13:17:28_479] # [T80258][APAPathPlanningStep1DataDuringSearchingSlot][8671]VehTurningCenterPt = 0, 0
[20240124_13:17:28_479] # [T80258][APAPathPlanningStep1DataDuringSearchingSlot][8672]VehRearAxisCenterTurningRadius = 0
[20240124_13:17:28_479] # [T80259][APAPathPlanningStep1DataDuringSearchingSlot][8673]CalResult = 1
[20240124_13:17:28_479] # [T80259][APAPathPlanningPerpendSearchSlotCalPath][10749]5
[20240124_13:17:28_482] # [T80260][APAPathPlanningPerpendSearchSlotCalPath][11419]42
[20240124_13:17:28_482] # [T80260][APAPathPlanningPerpendSearchSlotCalPath][11450]43
[20240124_13:17:28_482] # [T80260][APAPathPlanningPerpendSearchSlotCalPath][11532]false
[20240124_13:17:28_483] # [T80260][APAPathPlanningPerpendCalNewParkingPath][12119]p4 CalResult = 0        flag = 1
[20240124_13:17:28_483] # [T80261][APAPathPlanningPerpendCalNewParkingPath][12156]p6 0
[20240124_13:17:28_483] # [T80261][APAPathPlanningAddOneBackLine][10758]pts: 0     pt_line: 0     jiaodu(*100): 0
[20240124_13:17:28_483] # [T80262][APAVisionOblAdd][1323]Vision Obl merge: 63
[20240124_13:17:28_483] # [T80262][APAVisionOblAdd][1326]Receive Vision Obl CrossPointCoord: 0: 2164, 15398; 1: 7212, 15640
[20240124_13:17:28_483] # [T80263][APAVisionOblInfoDebugPrint][118]VisionOblInfo:
[20240124_13:17:28_483] # [T80263][APAVisionOblInfoDebugPrint][119]OblType: 0, bIsMerge 0, DetectCount 11
[20240124_13:17:28_483] # [T80263][APAVisionOblInfoDebugPrint][122]CrossPointCoord: 0: 2238, 15302; 1: 7102, 15538
[20240124_13:17:28_484] # [T80264][APAVisionOblInfoDebugPrint][125]OriginCrossPointCoord: 0: -2133, 4394; 1: -7180, 4658
[20240124_13:17:28_484] # [T80264][APAVisionOblInfoDebugPrint][126]VehCoordAndAng: 12, 11013, ang -0.004(-0.246)
[20240124_13:17:28_485] # [T80265][APAVisionOblInfoDebugPrint][127] 
[20240124_13:17:28_485] # [T80265][APAVisionOblAdd][1323]Vision Obl merge: 61
[20240124_13:17:28_490] # [T80265][APAVisionOblAdd][1326]Receive Vision Obl CrossPointCoord: 0: 2379, 13000; 1: 7331, 13238
[20240124_13:17:28_490] # [T80266][APAVisionOblInfoDebugPrint][118]VisionOblInfo:
[20240124_13:17:28_490] # [T80266][APAVisionOblInfoDebugPrint][119]OblType: 0, bIsMerge 0, DetectCount 25
[20240124_13:17:28_490] # [T80267][APAVisionOblInfoDebugPrint][122]CrossPointCoord: 0: 2327, 12975; 1: 7206, 13205
[20240124_13:17:28_491] # [T80267][APAVisionOblInfoDebugPrint][125]OriginCrossPointCoord: 0: -2358, 1997; 1: -7309, 2256
[20240124_13:17:28_491] # [T80268][APAVisionOblInfoDebugPrint][126]VehCoordAndAng: 12, 11013, ang -0.004(-0.246)
[20240124_13:17:28_491] # [T80268][APAVisionOblInfoDebugPrint][127] 
[20240124_13:17:28_491] # [T80268][APAVisionOblAdd][1323]Vision Obl merge: 62
[20240124_13:17:28_491] # [T80269][APAVisionOblAdd][1326]Receive Vision Obl CrossPointCoord: 0: -3384, 15150; 1: -7758, 15168
[20240124_13:17:28_491] # [T80269][APAVisionOblInfoDebugPrint][118]VisionOblInfo:
[20240124_13:17:28_491] # [T80270][APAVisionOblInfoDebugPrint][119]OblType: 0, bIsMerge 0, DetectCount 5
[20240124_13:17:28_492] # [T80270][APAVisionOblInfoDebugPrint][122]CrossPointCoord: 0: -6011, 15121; 1: -5169, 15193
[20240124_13:17:28_495] # [T80271][APAVisionOblInfoDebugPrint][125]OriginCrossPointCoord: 0: 3415, 4122; 1: 7789, 4122
[20240124_13:17:28_495] # [T80271][APAVisionOblInfoDebugPrint][126]VehCoordAndAng: 12, 11013, ang -0.004(-0.246)
[20240124_13:17:28_495] # [T80272][APAVisionOblInfoDebugPrint][127] 
[20240124_13:17:28_495] # [T80272][VisionSlotAddValidCheck][893]Vision slot Length: 2365,2365, Depth 5053,5053
[20240124_13:17:28_496] # [T80272][VisionSlotAdd][1521]Added Vision Slot[1][3] Num 4 OriCoord: 0: -2133, 4394; 1: -7180, 4658; 2: -7304, 2296; 3: -2257, 2032
[20240124_13:17:28_496] # [T80273][VisionSlotAdd][1522]VehCoordAndAngle: 12, 11013, ang -0.004 (-0.246)
[20240124_13:17:28_496] # [T80273][VisionSlotAdd][1523]Current VehPos: 14, 1284, ang -0.004 (-0.257)
[20240124_13:17:28_496] # [T80274][VisionSlotAdd][1528]Convert Vision Slot[1][3] Coord: 0: 2164, 15398; 1: 7212, 15640; 2: 7326, 13278; 3: 2278, 13035
[20240124_13:17:28_496] # [T80275][VisionSlotAdd][1533]Old Vision Slot[1][3] Coord: 0: 2245, 15293; 1: 7091, 15528; 2: 7201, 13265; 3: 2355, 13029
[20240124_13:17:28_497] # [T80275][VisionSlotAddSlotWeightCal][1014]u32Weight: 1, CentreY: 3213.000, DisY: 1925.000, SlotAng: 177.006
[20240124_13:17:28_497] # [T80276][VisionSlotAdd][1576]New Vision Slot[1][3] Coord: 0: 2238, 15302; 1: 7102, 15538; 2: 7212, 13266; 3: 2348, 13030
[20240124_13:17:28_497] # [T80277][VisionSlotAdd][1600]vision slot [1][3], u32Weight: 1, Sum: 11, SlotAng: 2.776, CurSlotAng: 2.749
[20240124_13:17:28_497] # [T80277][VisionSlotAddValidCheck][893]Vision slot Length: 2350,2349, Depth 4957,4957
[20240124_13:17:28_501] # [T80278][VisionSlotAdd][1521]Added Vision Slot[1][2] Num 4 OriCoord: 0: -2358, 1997; 1: -7309, 2256; 2: -7432, -90; 3: -2481, -350
[20240124_13:17:28_501] # [T80278][VisionSlotAdd][1522]VehCoordAndAngle: 12, 11013, ang -0.004 (-0.246)
[20240124_13:17:28_502] # [T80279][VisionSlotAdd][1523]Current VehPos: 14, 11284, ang -0.004 (-0.257)
[20240124_13:17:28_502] # [T80279][VisionSlotAdd][1528]Convert Vision Slot[1][2] Coord: 0: 2379, 13000; 1: 7331, 13238; 2: 7444, 10891; 3: 2492, 10652
[20240124_13:17:28_502] # [T80280][VisionSlotAdd][1533]Old Vision Slot[1][2] Coord: 0: 2348, 12992; 1: 7279, 13226; 2: 7391, 10859; 3: 2461, 10626
[20240124_13:17:28_502] # [T80281][VisionSlotAddSlotWeightCal][1014]u32Weight: 18, CentreY: 823.500, DisY: 464.500, SlotAng: 177.000
[20240124_13:17:28_502] # [T80281][VisionSlotAdd][1576]New Vision Slot[1][2] Coord: 0: 2350, 12993; 1: 7282, 13227; 2: 7394, 10861; 3: 2463, 10627
[20240124_13:17:28_503] # [T80282][VisionSlotAdd][1600]vision slot [1][2], u32Weight: 18, Sum: 268, SlotAng: 2.716, CurSlotAng: 2.755
[20240124_13:17:28_503] # [T80283][VisionSlotAddValidCheck][893]Vision slot Length: 2194,2194, Depth 4374,4374
[20240124_13:17:28_506] # [T80283][VisionSlotAdd][1521]Added Vision Slot[0][4] Num 5 OriCoord: 0: 3415, 4122; 1: 7789, 4122; 2: 7789, 1928; 3: 3415, 1928
[20240124_13:17:28_506] # [T80284][VisionSlotAdd][1522]VehCoordAndAngle: 12, 11013, ang -0.004 (-0.246)
[20240124_13:17:28_506] # [T80284][VisionSlotAdd][1523]Current VehPos: 14, 11284, ang -0.004 (-0.257)
[20240124_13:17:28_507] # [T80285][VisionSlotAdd][1528]Convert Vision Slot[0][4] Coord: 0: -3384, 15150; 1: -7758, 15168; 2: -7767, 12974; 3: -3393, 12956
[20240124_13:17:28_507] # [T80285][VisionSlotAdd][1533]Old Vision Slot[0][4] Coord: 0: -3412, 15195; 1: -7779, 15118; 2: -7740, 12940; 3: -3373, 13018
[20240124_13:17:28_508] # [T80286][VisionSlotAddSlotWeightCal][1014]u32Weight: 3, CentreY: 3025.000, DisY: 1737.000, SlotAng: 0.000
[20240124_13:17:28_508] # [T80287][VisionSlotAdd][1576]New Vision Slot[0][4] Coord: 0: -3400, 15175; 1: -7770, 15139; 2: -7752, 12955; 3: -3382, 12991
[20240124_13:17:28_508] # [T80287][VisionSlotAdd][1600]vision slot [0][4], u32Weight: 3, Sum: 7, SlotAng: -179.528, CurSlotAng: 179.754
[20240124_13:17:28_508] # [T80288][DecisionParkInRequestCalPath][3150]Request Planning Failed: CalID[8], Side[1], Class[2], Type[2]
[20240124_13:17:28_508] # [T80289][APARadarFilterSaveOblPointToSlotBuf][832]******  Outline[0] cnt [75] Point[73]  *******
[20240124_13:17:28_508] # [T80289][APARadarFilterSaveOblPointToSlotBuf][833]VehCoord[0][73]: 12, 10935, VehAng: -4
[20240124_13:17:28_517] # [T80290][APARadarFilterSaveOblPointToSlotBuf][834]OblCoord[0][73]: -3858, 14642, Dis: 2952, Big: 0
[20240124_13:17:28_517] # 
[20240124_13:17:28_543] # [T80323][APARadarFilterSaveOblPointToSlotBuf][832]******  Outline[1] cnt [53] Point[51]  *******
[20240124_13:17:28_543] # [T80324][APARadarFilterSaveOblPointToSlotBuf][833]VehCoord[1][51]: 12, 11007, VehAng: -4
[20240124_13:17:28_544] # [T80324][AARadarFilterSaveOblPointToSlotBuf][834]OblCoord[1][51]: 4579, 14795, Dis: 3617, Big: 0
[20240124_13:17:28_544] # 
[20240124_13:17:28_544] # [T80325][APARadarFilterSaveOblPointToSlotBuf][832]******  Outline[0] cnt [76] Point[74]  *******
[20240124_13:17:28_544] # [T80325][APARadarFilterSaveOblPointToSlotBuf][833]VehCoord[0][74]: 12, 11007, VehAng: -4
[20240124_13:17:28_566] # [T80326][APARadarFilterSaveOblPointToSlotBuf][834]OblCoord[0][74]: -924, 14181, Dis: 32767, Big: 0
[20240124_13:17:28_566] # 
[20240124_13:17:28_566] # [T80348][APAVisionOblAdd][1323]Vision Obl merge: 63
[20240124_13:17:28_566] # [T80348][APAVisionOblAdd][1326]Receive Vision Obl CrossPointCoord: 0: 2189, 15362; 1: 7197, 15602
[20240124_13:17:28_566] # [T80349][APAVisionOblInfoDebugPrint][118]VisionOblInfo:
[20240124_13:17:28_569] # [T80349][APAVisionOblInfoDebugPrint][119]OblType: 0, bIsMerge 0, DetectCount 12
[20240124_13:17:28_569] # [T80349][APAVisionOblInfoDebugPrint][122]CrossPointCoord: 0: 2234, 15307; 1: 7110, 15544
[20240124_13:17:28_571] # [T80350][APAVisionOblInfoDebugPrint][125]OriginCrossPointCoord: 0: -2158, 4258; 1: -7165, 4520
[20240124_13:17:28_571] # [T80350][APAVisionOblInfoDebugPrint][126]VehCoordAndAng: 13, 11113, ang -0.004(-0.250)
[20240124_13:17:28_571] # [T80351][APAVisionOblInfoDebugPrint][127] 
[20240124_13:17:28_571] # [T80351][APAVisionOblAdd][1323]Vision Obl merge: 61
[20240124_13:17:28_571] # [T80351][APAVisionOblAdd][1326]Receive Vision Obl CrossPointCoord: 0: 2392, 13024; 1: 7395, 13264
[20240124_13:17:28_571] # [T80352][APAVisionOblInfoDebugPrint][118]VisionOblInfo:
[20240124_13:17:28_571] # [T80352][APAVisionOblInfoDebugPrint][119]OblType: 0, bIsMerge 0, DetectCount 26
[20240124_13:17:28_571] # [T80353][APAVisionOblInfoDebugPrint][122]CrossPointCoord: 0: 2329, 12977; 1: 7213, 13208
[20240124_13:17:28_573] # [T80353][AAVisionOblInfoDebugPrint][125]OriginCrossPointCoord: 0: -2371, 1921; 1: -7373, 2183
[20240124_13:17:28_575] # [T80354][APAVisionOblInfoDebugPrint][126]VehCoordAndAng: 13, 11113, ang -0.004(-0.250)
[20240124_13:17:28_575] # [T80354][APAVisionOblInfoDebugPrint][127] 
[20240124_13:17:28_575] # [T80354][APAVisionOblAdd][1323]Vision Obl merge: 62
[20240124_13:17:28_575] # [T80355][APAVisionOblAdd][1326]Receive Vision Obl CrossPointCoord: 0: -7875, 15140; 1: -3397, 15199
[20240124_13:17:28_575] # [T80355][APAVisionOblInfoDebugPrint][118]VisionOblInfo:
[20240124_13:17:28_575] # [T80356][APAVisionOblInfoDebugPrint][119]OblType: 0, bIsMerge 0, DetectCount 6
[20240124_13:17:28_575] # [T80356][APAVisionOblInfoDebugPrint][122]CrossPointCoord: 0: -6322, 15124; 1: -4874, 15194
[20240124_13:17:28_575] # [T80356][APAVisionOblInfoDebugPrint][125]OriginCrossPointCoord: 0: 7906, 3993; 1: 3429, 4071
[20240124_13:17:28_575] # [T80357][APAVisionOblInfoDebugPrint][126]VehCoordAndAng: 13, 11113, ang -0.004(-0.250)
[20240124_13:17:28_580] # [T80357][APAVisionOblInfoDebugPrint][127] 
[20240124_13:17:28_580] # [T80358][VisionSlotAddValidCheck][893]Vision slot Length: 2331,2330, Depth 5013,5013
[20240124_13:17:28_580] # [T80358][VisionSlotAdd][1521]Added Vision Slot[1][3] Num 4 OriCoord: 0: -2158, 4258; 1: -7165, 4520; 2: -7287, 2193; 3: -2280, 1930
[20240124_13:17:28_580] # [T80359][VisionSlotAdd][1522]VehCoordAndAngle: 13, 11113, ang -0.004 (-0.250)
[20240124_13:17:28_580] # [T80359][VisionSlotAdd][1523]Current VehPos: 14, 11391, ang -0.005 (-0.261)
[20240124_13:17:28_580] # [T80360][VisionSlotAdd][1528]Convert Vision Slot[1][3] Coord: 0: 2189, 15362; 1: 7197, 15602; 2: 7309, 13274; 3: 2301, 13033
[20240124_13:17:28_580] # [T80360][VisionSlotAdd][1533]Old Vision Slot[1][3] Coord: 0: 2238, 15302; 1: 7102, 15538; 2: 7212, 13266; 3: 2348, 13030
[20240124_13:17:28_582] # [T80361][VisionSlotAddSlotWeightCal][1014]u32Weight: 3, CentreY: 3094.000, DisY: 1806.000, SlotAng: 176.999
[20240124_13:17:28_582] # [T80362][VisionSlotAdd][1576]New Vision Slot[1][3] Coord: 0: 2227, 15315; 1: 7122, 15552; 2: 7233, 13268; 3: 2338, 13031
[20240124_13:17:28_582] # [T80362][VisionSlotAdd][1600]vision slot [1][3], u32Weight: 3, Sum: 14, SlotAng: 2.771, CurSlotAng: 2.751
[20240124_13:17:28_585] # [T80363][VisionSlotAddValidCheck][893]Vision slot Length: 2408,2408, Depth 5008,5008
[20240124_13:17:28_585] # [T80363][VisionSlotAdd][1521]Added Vision Slot[1][2] Num 4 OriCoord: 0: -2371, 1921; 1: -7373, 2183; 2: -7499, -222; 3: -2497, -484
[20240124_13:17:28_585] # [T80364][VisionSlotAdd][1522]VehCoordAndAngle: 13, 11113, ang -0.004 (-0.250)
[20240124_13:17:28_585] # [T80365][VisionSlotAdd][1523]Current VehPos: 14, 11391, ang -0.005 (-0.261)
[20240124_13:17:28_585] # [T80365][VisionSlotAdd][1528]Convert Vision Slot[1][2] Coord: 0: 2392, 13024; 1: 7395, 13264; 2: 7511, 10858; 3: 2508, 10618
[20240124_13:17:28_586] # [T80366][VisionSlotAdd][1533]Old Vision Slot[1][2] Coord: 0: 2350, 12993; 1: 7282, 13227; 2: 7394, 10861; 3: 2463, 10627
[20240124_13:17:28_586] # [T80366][VisionSlotAddSlotWeightCal][1014]u32Weight: 16, CentreY: 718.500, DisY: 569.500, SlotAng: 177.002
[20240124_13:17:28_586] # [T80367][VisionSlotAdd][1576]New Vision Slot[1][2] Coord: 0: 2353, 12994; 1: 7289, 13229; 2: 7401, 10861; 3: 2465, 10627
[20240124_13:17:28_588] # [T80368][VisionSlotAdd][1600]vision slot [1][2], u32Weight: 16, Sum: 284, SlotAng: 2.717, CurSlotAng: 2.749
[20240124_13:17:28_590] # [T80368][VisionSlotAddValidCheck][893]Vision slot Length: 2227,2227, Depth 4477,4477
[20240124_13:17:28_590] # [T80369][VisionSlotAdd][1521]Added Vision Slot[0][4] Num 5 OriCoord: 0: 3429, 4071; 1: 7906, 3993; 2: 7867, 1766; 3: 3390, 1844
[20240124_13:17:28_590] # [T80369][VisionSlotAdd][1522]VehCoordAndAngle: 13, 11113, ang -0.004 (-0.250)
[20240124_13:17:28_590] # [T80370][VisionSlotAdd][1523]Current VehPos: 14, 11391, ang -0.005 (-0.261)
[20240124_13:17:28_590] # [T80370][VisionSlotAdd][1528]Convert Vision Slot[0][4] Coord: 0: -3397, 15199; 1: -7875, 15140; 2: -7845, 12913; 3: -3368, 12972
[20240124_13:17:28_591] # [T80371][VisionSlotAdd][1533]Old Vision Slot[0][4] Coord: 0: -3400, 15175; 1: -7770, 15139; 2: -7752, 12955; 3: -3382, 12991
[20240124_13:17:28_593] # [T80372][VisionSlotAddSlotWeightCal][1014]u32Weight: 4, CentreY: 2957.500, DisY: 1669.500, SlotAng: -0.998
[20240124_13:17:28_594] # [T80372][VisionSlotAdd][1576]New Vision Slot[0][4] Coord: 0: -3399, 15184; 1: -7808, 15140; 2: -7786, 12940; 3: -3377, 12984
[20240124_13:17:28_611] # [T80373][VisionSlotAdd][1600]vision slot [0][4], u32Weight: 4, Sum: 11, SlotAng: -179.426, CurSlotAng: -179.252
[20240124_13:17:28_641] # [T80425][APARadarFilterSaveOblPointToSlotBuf][832]******  Outline[0] cnt [75] Point[73]  *******
[20240124_13:17:28_644] # [T80425][APARadarFilterSaveOblPointToSlotBuf][833]VehCoord[0][73]: 13, 11103, VehAng: -4
[20240124_13:17:28_648] # [T80426][APARadarFilterSaveOblPointToSlotBuf][834]OblCoord[0][73]: -3974, 14831, Dis: 3069, Big: 0
[20240124_13:17:28_648] # 
[20240124_13:17:28_648] # [T80430][APAVisionOblAdd][1323]Vision Obl merge: 63
[20240124_13:17:28_648] # [T80430][APAVisionOblAdd][1326]Receive Vision Obl CrossPointCoord: 0: 2255, 15326; 1: 7228, 15565
[20240124_13:17:28_651] # [T80430][APAVisionOblIn  80431-task_radar-118: RadarCaptureCnt is 367 
[20240124_13:17:28_651] # 
[20240124_13:17:28_651] # foDebugPrint][118]VisionOblInfo:
[20240124_13:17:28_651] # [T80431][APAVisionOblInfoDebugPrint][119]OblType: 0, bIsMerge 0, DetectCount 13
[20240124_13:17:28_652] # [T80431][APAVisionOblInfoDebugPrint][122]CrossPointCoord: 0: 2235, 15309; 1: 7119, 15545
[20240124_13:17:28_652] # [T80432][APAVisionOblInfoDebugPrint][125]OriginCrossPointCoord: 0: -2223, 4119; 1: -7195, 4380
[20240124_13:17:28_652] # [T80433][APAVisionOblInfoDebugPrint][126]VehCoordAndAng: 13, 11217, ang -0.004(-0.254)
[20240124_13:17:28_652] # [T80433][APAVisionOblInfoDebugPrint][127] 
[20240124_13:17:28_652] # [T80433][APAVisionOblAdd][1323]Vision Obl merge: 61
[20240124_13:17:28_652] # [T80434][APAVisionOblAdd][1326]Receive Vision Obl CrossPointCoord: 0: 2368, 13041; 1: 7371, 13280
[20240124_13:17:28_652] # [T80434][APAVisionOblInfoDebugPrint][118]VisionOblInfo:
[20240124_13:17:28_652] # [T80434][APAVisionOblInfoDebugPrint][119]OblType: 0, bIsMerge 0, DetectCount 27
[20240124_13:17:28_656] # [T80435][APAVisionOblInfoDebugPrint][122]CrossPointCoord: 0: 2331, 12980; 1: 7219, 13210
[20240124_13:17:28_656] # [T80435][APAVisionOblInfoDebugPrint][125]OriginCrossPointCoord: 0: -2347, 1834; 1: -7348, 2096
[20240124_13:17:28_657] # [T80436][APAVisionOblIfoDebugPrint][126]VehCoordAndAng: 13, 11217, ang -0.004(-0.254)
[20240124_13:17:28_657] # [T80436][APAVisionOblInfoDebugPrint][127] 
[20240124_13:17:28_657] # [T80437][APAVisionOblAdd][1323]Vision Obl merge: 62
[20240124_13:17:28_657] # [T80437][APAVisionOblAdd][1326]Receive Vision Obl CrossPointCoord: 0: -7949, 15140; 1: -3420, 15199
[20240124_13:17:28_657] # [T80437][APAVisionOblInfoDebugPrint][118]VisionOblInfo:
[20240124_13:17:28_657] # [T80438][APAVisionOblInfoDebugPrint][119]OblType: 0, bIsMerge 0, DetectCount 7
[20240124_13:17:28_657] # [T80438][APAVisionOblInfoDebugPrint][122]CrossPointCoord: 0: -6554, 15126; 1: -4666, 15195
[20240124_13:17:28_657] # [T80439][APAVisionOblInfoDebugPrint][125]OriginCrossPointCoord: 0: 7981, 3888; 1: 3452, 3967
[20240124_13:17:28_657] # [T80439][APAVisionOblInfoDebugPrint][126]VehCoordAndAng: 13, 11217, ang -0.004(-0.254)
[20240124_13:17:28_659] # [T80440][APAVisionOblInfoDebugPrint][127] 
[20240124_13:17:28_661] # [T80440][VisionSlotAddValidCheck][893]Vision slot Length: 2313,2313, Depth 4978,4979
[20240124_13:17:28_661] # [T80440][VisionSlotAdd][1521]Added Vision Slot[1][3] Num 4 OriCoord: 0: -2223, 4119; 1: -7195, 4380; 2: -7317, 2070; 3: -2344, 1809
[20240124_13:17:28_661] # [T80441][VisionSlotAdd][1522]VehCoordAndAngle: 13, 11217, ang -0.004 (-0.254)
[20240124_13:17:28_661] # [T80442][VisionSlotAdd][1523]Current VehPos: 14, 11475, ang -0.005 (-0.264)
[20240124_13:17:28_661] # [T80442][VisionSlotAdd][1528]Convert Vision Slot[1][3] Coord: 0: 2255, 15326; 1: 7228, 15565; 2: 7339, 13255; 3: 2365, 13016
[20240124_13:17:28_662] # [T80443][VisionSlotAdd][1533]Old Vision Slot[1][3] Coord: 0: 2227, 15315; 1: 7122, 15552; 2: 7233, 13268; 3: 2338, 13031
[20240124_13:17:28_662] # [T80443][VisionSlotAddSlotWeightCal][1014]u32Weight: 4, CentreY: 2964.000, DisY: 1676.000, SlotAng: 176.995
[20240124_13:17:28_665] # [T80444][VisionSlotAdd][1576]New Vision Slot[1][3] Coord: 0: 2233, 15318; 1: 7146, 15555; 2: 7257, 13265; 3: 2344, 13027
[20240124_13:17:28_666] # [T80445][VisionSlotAdd][1600]vision slot [1][3], u32Weight: 4, Sum: 18, SlotAng: 2.766, CurSlotAng: 2.751
[20240124_13:17:28_666] # [T80445][VisionSlotAddValidCheck][893]Vision slot Length: 2404,2404, Depth 5007,5008
[20240124_13:17:28_666] # [T80446][VisionSlotAdd][1521Added Vision Slot[1][2] Num 4 OriCoord: 0: -2347, 1834; 1: -7348, 2096; 2: -7474, -305; 3: -2472, -567
[20240124_13:17:28_666] # [T80446][VisionSlotAdd][1522]VehCoordAndAngle: 13, 11217, ang -0.004 (-0.254)
[20240124_13:17:28_666] # [T80447][VisionSlotAdd][1523]Current VehPos: 14, 11475, ang -0.005 (-0.264)
[20240124_13:17:28_666] # [T80447][VisionSlotAdd][1528]Convert Vision Slot[1][2] Coord: 0: 2368, 13041; 1: 7371, 13280; 2: 7486, 10879; 3: 2483, 10639
[20240124_13:17:28_669] # [T80448][VisionSlotAdd][1533]Old Vision Slot[1][2] Coord: 0: 2353, 12994; 1: 7289, 13229; 2: 7401, 10861; 3: 2465, 10627
[20240124_13:17:28_669] # [T80449][VisionSlotAddSlotWeightCal][1014]u32Weight: 16, CentreY: 633.500, DisY: 654.500, SlotAng: 177.001
[20240124_13:17:28_669] # [T80449][VisionSlotAdd][1576]New Vision Slot[1][2] Coord: 0: 2354, 12997; 1: 7293, 13231; 2: 7405, 10862; 3: 2466, 10628
[20240124_13:17:28_669] # [T80450][VisionSlotAdd][1600]vision slot [1][2], u32Weight: 16, Sum: 300, SlotAng: 2.719, CurSlotAng: 2.745
[20240124_13:17:28_669] # [T80451][VisionSlotAddValidCheck][893]Vision slot Length: 2190,2190, Depth 4529,4528
[20240124_13:17:28_671] # [T80451][VisionSlotAdd][1521]Added Vision Slot[0][4] Num 5 OriCoord: 0: 3452, 3967; 1: 7981, 3888; 2: 7942, 1698; 3: 3414, 1777
[20240124_13:17:28_671] # [T80452][VisionSlotAdd][1522]VehCoordAndAngle: 13, 11217, ang -0.004 (-0.254)
[20240124_13:17:28_671] # [T80452][VisionSlotAdd][1523]Current VehPos: 14, 11475, ang -0.005 (-0.264)
[20240124_13:17:28_675] # [T80453][VisionSlotAdd][1528]Convert Vision Slot[0][4] Coord: 0: -3420, 15199; 1: -7949, 15140; 2: -7920, 12950; 3: -3392, 13009
[20240124_13:17:28_675] # [T80453][VisionSlotAdd][1533]Old Vision Slot[0][4] Coord: 0: -3399, 15184; 1: -7808, 15140; 2: -7786, 12940; 3: -3377, 12984
[20240124_13:17:28_675] # [T80454][VisionSlotAddSlotWeightCal][1014]u32Weight: 5, CentreY: 2872.000, DisY: 1584.000, SlotAng: -0.999
[20240124_13:17:28_676] # [T80455][VisionSlotAdd][1576]New Vision Slot[0][4] Coord: 0: -3406, 15189; 1: -7852, 15140; 2: -7828, 12943; 3: -3381, 12992
[20240124_13:17:28_686] # [T80455][VisionSlotAdd][1600]vision slot [0][4], u32Weight: 5, Sum: 16, SlotAng: -179.371, CurSlotAng: -179.254
[20240124_13:17:28_696] # [T80476][APARadarFilterSaveOblPointToSlotBuf][832]******  Outline[1] cnt [52] Point[50]  *******
[20240124_13:17:28_696] # [T80477][APARadarFilterSaveOblPointToSlotBuf][833]VehCoord[1][50]: 13, 11234, VehAng: -4
[20240124_13:17:28_702] # [T80477][APARadarFilterSaveOblPointToSlotBuf][834]OblCoord[1][50]: 4588, 15022, Dis: 3625, Big: 0
[20240124_13:17:28_702] # 
[20240124_13:17:28_719] # [T80502][APAVisionOblAdd][1323]Vision Obl merge: 63
[20240124_13:17:28_719] # [T80502][APAVisionOblAdd][1326]Receive Vision Obl CrossPointCoord: 0: 2233, 15342; 1: 7199, 15580
[20240124_13:17:28_719] # [T80502][APAVisionOblInfoDebugPrint][118]VisionOblInfo:
[20240124_13:17:28_723] # [T80503][APAVisionOblInfoDebugPrint][119]OblType: 0, bIsMerge 0, DetectCount 14
[20240124_13:17:28_725] # [T80503][APAVisionOblInfoDebugPrint][122]CrossPointCoord: 0: 2235, 15311; 1: 7125, 15548
[20240124_13:17:28_725] # [T80504][APAVisionOblInfoDebugPrint][125]OriginCrossPointCoord: 0: -2201, 4051; 1: -7166, 4311
[20240124_13:17:28_725] # [T80504][APAVisionOblInfoDebugPrint][126]VehCoordAndAng: 14, 11301, ang -0.004(-0.257)
[20240124_13:17:28_725] # [T80505][APAVisionOblInfoDebugPrint][127] 
[20240124_13:17:28_725] # [T80505][APAVisionOblAdd][1323]Vision Obl merge: 61
[20240124_13:17:28_725] # [T80505][APAVisionOblAdd][1326]Receive Vision Obl CrossPointCoord: 0: 2383, 13007; 1: 7353, 13245
[20240124_13:17:28_725] # [T80506][APAVisionOblInfoDebugPrint][118]VisionOblInfo:
[20240124_13:17:28_725] # [T80506][APAVisionOblInfoDebugPrint][119]OblType: 0, bIsMerge 0, DetectCount 28
[20240124_13:17:28_726] # [T80506][APAVisionOblInfoDebugPrint][122]CrossPointCoord: 0: 2332, 12981; 1: 7223, 13211
[20240124_13:17:28_728] # [T80507][APAVisionOblInfoDebugPrint][125]OriginCrossPointCoord: 0: -2362, 1717; 1: -7330, 1977
[20240124_13:17:28_728] # [T80507][APAVisionOblInfoDebugPrint][126]VehCoordAndAng: 14, 11301, ang -0.004(-0.257)
[20240124_13:17:28_728] # [T80508][APAVisionOblInfoDebugPrint][127] 
[20240124_13:17:28_728] # [T80508][APAVisionOblAdd][1323]Vision Obl merge: 62
[20240124_13:17:28_729] # [T80509][APAVisionOblAdd][1326]Receive Vision Obl CrossPointCoord: 0: -7993, 15121; 1: -3391, 15261
[20240124_13:17:28_729] # [T80509][APAVisionOblInfoDebugPrint][118]VisionOblInfo:
[20240124_13:17:28_729] # [T80509][APAVisionOblInfoDebugPrint][119]OblType: 0, bIsMerge 0, DetectCount 8
[20240124_13:17:28_729] # [T80510][APAVisionOblInfoDebugPrint][122]CrossPointCoord: 0: -6734, 15126; 1: -4507, 15203
[20240124_13:17:28_729] # [T80510][APAVisionOblInfoDebugPrint][125]OriginCrossPointCoord: 0: 8025, 3784; 1: 3423, 3945
[20240124_13:17:28_729] # [T80511][APAVisionOblInfoDebugPrint][126]VehCoordAndAng: 14, 11301, ang -0.004(-0.257)
[20240124_13:17:28_734] # [T80511][APAVisionOblInfoDebugPrint][127] 
[20240124_13:17:28_734] # [T80512][VisionSlotAddValidCheck][893]Vision slot Length: 2335,2335, Depth 4971,4971
[20240124_13:17:28_735] # [T80512][VisionSlotAdd][1521]Added Vision Slot[1][3] Num 4 OriCoord: 0: -2201, 4051; 1: -7166, 4311; 2: -7288, 1979; 3: -2323, 1719
[20240124_13:17:28_735] # [T80513][VisionSlotAdd][1522]VehCoordAndAngle: 14, 11301, ang -0.004 (-0.257)
[20240124_13:17:28_735] # [T80513][VisionSlotAdd][1523]Current VehPos: 15, 11538, ang -0.005 (-0.267)
[20240124_13:17:28_735] # [T80514][VisionSlotAdd][1528]Convert Vision Slot[1][3] Coord: 0: 2233, 15342; 1: 7199, 15580; 2: 7311, 13247; 3: 2344, 13010
[20240124_13:17:28_735] # [T80514][VisionSlotAdd][1533]Old Vision Slot[1][3] Coord: 0: 2233, 15318; 1: 7146, 15555; 2: 7257, 13265; 3: 2344, 13027
[20240124_13:17:28_735] # [T80515][VisionSlotAddSlotWeightCal][1014]u32Weight: 5, CentreY: 2885.000, DisY: 1597.000, SlotAng: 177.002
[20240124_13:17:28_735] # [T80516][VisionSlotAdd][1576]New Vision Slot[1][3] Coord: 0: 2233, 15323; 1: 7157, 15560; 2: 7268, 13261; 3: 2344, 13023
[20240124_13:17:28_736] # [T80516][VisionSlotAdd][1600]vision slot [1][3], u32Weight: 5, Sum: 23, SlotAng: 2.761, CurSlotAng: 2.740
[20240124_13:17:28_736] # [T80517][VisionSlotAddValidCheck][893]Vision slot Length: 2417,2417, Depth 4974,4974
[20240124_13:17:28_741] # [T80517][VisionSlotAdd][1521]Added Vision Slot[1][2] Num 4 OriCoord: 0: -2362, 1717; 1: -7330, 1977; 2: -7457, -437; 3: -2489, -697
[20240124_13:17:28_741] # [T80518][VisionSlotAdd][1522]VehCoordAndAngle: 14, 11301, ang -0.004 (-0.257)
[20240124_13:17:28_741] # [T80518][VisionSlotAdd][1523]Current VehPos: 15, 11538, ang -0.005 (-0.267)
[20240124_13:17:28_741] # [T80519][VisionSlotAdd][1528]Convert Vision Slot[1][2] Coord: 0: 2383, 13007; 1: 7353, 13245; 2: 7469, 10831; 3: 2500, 10593
[20240124_13:17:28_742] # [T80520][VisionSlotAdd][1533]Old Vision Slot[1][2] Coord: 0: 2354, 12997; 1: 7293, 13231; 2: 7405, 10862; 3: 2466, 10628
[20240124_13:17:28_742] # [T80520][VisionSlotAddSlotWeightCal][1014]u32Weight: 14, CentreY: 510.000, DisY: 778.000, SlotAng: 177.004
[20240124_13:17:28_742] # [T80521][VisionSlotAdd][1576]New Vision Slot[1][2] Coord: 0: 2355, 12997; 1: 7296, 13232; 2: 7408, 10861; 3: 2468, 10626
[20240124_13:17:28_742] # [T80522][VisionSlotAdd][1600]vision slot [1][2], u32Weight: 14, Sum: 314, SlotAng: 2.720, CurSlotAng: 2.739
[20240124_13:17:28_742] # [T80522][VisionSlotAddValidCheck][893]Vision slot Length: 2274,2274, Depth 4604,4603
[20240124_13:17:28_743] # [T80523][VisionSlotAdd][1521]Added Vision Slot[0][4] Num 5 OriCoord: 0: 3423, 3945; 1: 8025, 3784; 2: 7945, 1511; 3: 3344, 1672
[20240124_13:17:28_743] # [T80523][VisionSlotAdd][1522]VehCoordAndAngle: 14, 11301, ang -0.004 (-0.257)
[20240124_13:17:28_743] # [T80524][VisionSlotAdd][1523]Current VehPos: 15, 11538, ang -0.005 (-0.267)
[20240124_13:17:28_747] # [T80524][VisionSlotAdd][1528]Convert Vision Slot[0][4] Coord: 0: -3391, 15261; 1: -7993, 15121; 2: -7923, 12848; 3: -3322, 12988
[20240124_13:17:28_748] # [T80525][VisionSlotAdd][1533]Old Vision Slot[0][4] Coord: 0: -3406, 15189; 1: -7852, 15140; 2: -7828, 12943; 3: -3381, 12992
[20240124_13:17:28_748] # [T80526][VisionSlotAddSlotWeightCal][1014]u32Weight: 6, CentreY: 2808.500, DisY: 1520.500, SlotAng: -2.004
[20240124_13:17:28_765] # [T80526][VisionSlotAdd][1576]New Vision Slot[0][4] Coord: 0: -3401, 15209; 1: -7891, 15135; 2: -7854, 12917; 3: -3365, 12991
[20240124_13:17:28_765] # [T80527][VisionSlotAdd][1600]vision slot [0][4], u32Weight: 6, Sum: 22, SlotAng: -179.059, CurSlotAng: -178.253
[20240124_13:17:28_799] # [T80583][APAVisionOblAdd][1323]Vision Obl merge: 63
[20240124_13:17:28_805] # [T80583][APAVisionOblAdd][1326]Receive Vision Obl CrossPointCoord: 0: 2235, 15358; 1: 7163, 15594
[20240124_13:17:28_805] # [T80583][APAVisionOblInfoDebugPrint][118]VisionOblInfo:
[20240124_13:17:28_806] # [T80584][APAVisionOblInfoDebugPrint][119]OblType: 0, bIsMerge 0, DetectCount 15
[20240124_13:17:28_806] # [T80584][APAVisionOblInfoDebugPrint][122]CrossPointCoord: 0: 2235, 15314; 1: 7127, 15551
[20240124_13:17:28_806] # [T80585][APAVisionOblInfoDebugPrint][125]OriginCrossPointCoord: 0: -2203, 3974; 1: -7130, 4233
[20240124_13:17:28_806] # [T80585][APAVisionOblInfoDebugPrint][126]VehCoordAndAng: 14, 11394, ang -0.005(-0.261)
[20240124_13:17:28_806] # [T80586][APAVisionOblInfoDebugPrint][127] 
[20240124_13:17:28_806] # [T80586][APAVisionOblAdd][1323]Vision Obl merge: 61
[20240124_13:17:28_806] # [T80586][APAVisionOblAdd][1326]Receive Vision Obl CrossPointCoord: 0: 2407, 13036; 1: 7267, 13183
[20240124_13:17:28_806] # [T80587][APAVisionOblInfoDebugPrint][118]VisionOblInfo:
[20240124_13:17:28_806] # [T80587][APAVisionOblInfoDebugPrint][119]OblType: 0, bIsMerge 0, DetectCount 29
[20240124_13:17:28_807] # [T80587][APAVisionOblInfoDebugPrint][122]CrossPointCoord: 0: 2335, 12983; 1: 7225, 13211
[20240124_13:17:28_812] # [T80588][APAVisionOblInfoDebugPrint][125]OriginCrossPointCoord: 0: -2385, 1653; 1: -7245, 1822
[20240124_13:17:28_812] # [T80589][APAVisionOblInfoDebugPrint][126]VehCoordAndAng: 14, 11394, ang -0.005(-0.261)
[20240124_13:17:28_812] # [T80589][APAVisionOblInfoDebugPrint][127] 
[20240124_13:17:28_812] # [T80589][APAVisionOblAdd][1323]Vision Obl merge: 62
[20240124_13:17:28_813] # [T80590][APAVisionOblAdd][1326]Receive Vision Obl CrossPointCoord: 0: -8080, 15123; 1: -3442, 15264
[20240124_13:17:28_813] # [T80590][APAVisionOblInfoDebugPrint][118]VisionOblInfo:
[20240124_13:17:28_813] # [T80590][APAVisionOblInfoDebugPrint][119]OblType: 0, bIsMerge 0, DetectCount 9
[20240124_13:17:28_813] # [T80591][APAVisionOblInfoDebugPrint][122]CrossPointCoord: 0: -6884, 15125; 1: -4389, 15210
[20240124_13:17:28_813] # [T80591][APAVisionOblInfoDebugPrint][125]OriginCrossPointCoord: 0: 8112, 3692; 1: 3475, 3854
[20240124_13:17:28_813] # [T80592][APAVisionOblInfoDebugPrint][126]VehCoordAndAng: 14, 11394, ang -0.005(-0.261)
[20240124_13:17:28_813] # [T80592][APAVisionOblInfoDebugPrint][127] 
[20240124_13:17:28_813] # [T80593][VisionSlotAddValidCheck][893]Vision slot Length: 2320,2321, Depth 4933,4934
[20240124_13:17:28_814] # [T80593][VisionSlotAdd][1521]Added Vision Slot[1][3] Num 4 OriCoord: 0: -2203, 3974; 1: -7130, 4233; 2: -7252, 1915; 3: -2324, 1657
[20240124_13:17:28_814] # [T80594][VisionSlotAdd][1522]VehCoordAndAngle: 14, 11394, ang -0.005 (-0.261)
[20240124_13:17:28_820] # [T80594][VisionSlotAdd][1523]Current VehPos: 15, 11610, ang -0.005 (-0.270)
[20240124_13:17:28_820] # [T80595][VisionSlotAdd][1528]Convert Vision Slot[1][3] Coord: 0: 2235, 15358; 1: 7163, 15594; 2: 7275, 13276; 3: 2346, 13040
[20240124_13:17:28_820] # [T80595][VisionSlotAdd][1533]Old Vision Slot[1][3] Coord: 0: 2233, 15323; 1: 7157, 15560; 2: 7268, 13261; 3: 2344, 13023
[20240124_13:17:28_822] # [T80596][VisionSlotAddSlotWeightCal][1014]u32Weight: 6, CentreY: 2815.500, DisY: 1527.500, SlotAng: 176.997
[20240124_13:17:28_822] # [T80597][VisionSlotAdd][1576]New Vision Slot[1][3] Coord: 0: 2234, 15330; 1: 7159, 15567; 2: 7270, 13264; 3: 2344, 13027
[20240124_13:17:28_822] # [T80597][VisionSlotAdd][1600]vision slot [1][3], u32Weight: 6, Sum: 29, SlotAng: 2.757, CurSlotAng: 2.742
[20240124_13:17:28_822] # [T80598][VisionSlotAddValidCheck][893]Vision slot Length: 2343,2342, Depth 4862,4862
[20240124_13:17:28_822] # [T80598][VisionSlotAdd][1521]Added Vision Slot[1][2] Num 4 OriCoord: 0: -2385, 1653; 1: -7245, 1822; 2: -7327, -519; 3: -2467, -689
[20240124_13:17:28_822] # [T80599][VisionSlotAdd][1522]VehCoordAndAngle: 14, 11394, ang -0.005 (-0.261)
[20240124_13:17:28_823] # [T80600][VisionSlotAdd][1523]Current VehPos: 15, 11610, ang -0.005 (-0.270)
[20240124_13:17:28_823] # [T80600][VisionSlotAdd][1528]Convert Vision Slot[1][2] Coord: 0: 2407, 13036; 1: 7267, 13183; 2: 7339, 10841; 3: 2478, 10694
[20240124_13:17:28_823] # [T80601][VisionSlotAdd][1533]Old Vision Slot[1][2] Coord: 0: 2355, 12997; 1: 7296, 13232; 2: 7408, 10861; 3: 2468, 10626
[20240124_13:17:28_823] # [T80601][VisionSlotAddSlotWeightCal][1014]u32Weight: 14, CentreY: 482.000, DisY: 806.000, SlotAng: 178.003
[20240124_13:17:28_827] # [T80602][VisionSlotAdd][1576]New Vision Slot[1][2] Coord: 0: 2357, 12999; 1: 7294, 13230; 2: 7405, 10860; 3: 2468, 10629
[20240124_13:17:28_828] # [T80603][VisionSlotAdd][1600]vision slot [1][2], u32Weight: 14, Sum: 328, SlotAng: 2.679, CurSlotAng: 1.736
[20240124_13:17:28_828] # [T80603][VisionSlotAddValidCheck][893]Vision slot Length: 2311,2311, Depth 4639,4639
[20240124_13:17:28_829] # [T80604][VisionSlotAdd][1521]Added Vision Slot[0][4] Num 5 OriCoord: 0: 3475, 3854; 1: 8112, 3692; 2: 8031, 1382; 3: 3394, 1544
[20240124_13:17:28_829] # [T80604][VisionSlotAdd][1522]VehCoordAndAngle: 14, 11394, ang -0.005 (-0.261)
[20240124_13:17:28_829] # [T80605][VisionSlotAdd][1523]Current VehPos: 15, 11610, ang -0.005 (-0.270)
[20240124_13:17:28_829] # [T80605][VisionSlotAdd][1528]Convert Vision Slot[0][4] Coord: 0: -3442, 15264; 1: -8080, 15123; 2: -8009, 12812; 3: -3372, 12953
[20240124_13:17:28_829] # [T80606][VisionSlotAdd][1533]Old Vision Slot[0][4] Coord: 0: -3401, 15209; 1: -7891, 15135; 2: -7854, 12917; 3: -3365, 12991
[20240124_13:17:28_829] # [T80607][VisionSlotAddSlotWeightCal][1014]u32Weight: 7, CentreY: 2699.000, DisY: 1411.000, SlotAng: -2.001
[20240124_13:17:28_844] # [T80607][VisionSlotAdd][1576]New Vision Slot[0][4] Coord: 0: -3411, 15222; 1: -7936, 15132; 2: -7891, 12892; 3: -3367, 12982
[20240124_13:17:28_844] # [T80608][VisionSlotAdd][1600]vision slot [0][4], u32Weight: 7, Sum: 29, SlotAng: -178.861, CurSlotAng: -178.260
[20240124_13:17:28_849] # [T80629][APARadarFilterSaveOblPointToSlotBuf][832]******  Outline[0] cnt [75] Point[73]  *******
[20240124_13:17:28_849] # [T80629][APARadarFilterSaveOblPointToSlotBuf][833]VehCoord[0][73]: 14, 11391, VehAng: -4
[20240124_13:17:28_857] # [T80630][APARadarFilterSaveOblPointToSlotBuf][834]OblCoord[0][73]: -921, 14565, Dis: 32767, Big: 0
[20240124_13:17:28_857] # 
[20240124_13:17:28_882] # [T80663][APAVisionOblAdd][1323]Vision Obl merge: 62
[20240124_13:17:28_883] # [T80663][APAVisionOblAdd][1326]Receive Vision Obl CrossPointCoord: 0: -8057, 15121; 1: -3484, 15259
[20240124_13:17:28_883] # [T80664][APAVisionOblInfoDebugPrint][118]VisionOblInfo:
[20240124_13:17:28_883] # [T80664][APAVisionOblInfoDebugPrint][119]OblType: 0, bIsMerge 0, DetectCount 10
[20240124_13:17:28_884] # [T80664][APAVisionOblInfoDebugPrint][122]CrossPointCoord: 0: -7001, 15125; 1: -4298, 15215
[20240124_13:17:28_884] # [T80665][APAVisionOblInfoDebugPrint][125]OriginCrossPointCoord: 0: 8089, 3599; 1: 3517, 3758
[20240124_13:17:28_887] # [T80665][APAVisionOblInfoDebugPrint][126]VehCoordAndAng: 15, 11485, ang -0.005(-0.265)
[20240124_13:17:28_887] # [T80666][APAVisionOblInfoDebugPrint][127] 
[20240124_13:17:28_888] # [T80666][APAVisionOblAdd][1323]Vision Obl merge: 61
[20240124_13:17:28_888] # [T80666][APAVisionOblAdd][1326]Receive Vision Obl CrossPointCoord: 0: 2351, 13006; 1: 7322, 13243
[20240124_13:17:28_888] # [T80667][APAVisionOblInfoDebugPrint][118]VisionOblInfo:
[20240124_13:17:28_888] # [T80667][APAVisionOblInfoDebugPrint][119]OblType: 0, bIsMerge 0, DetectCount 30
[20240124_13:17:28_888] # [T80668][APAVisionOblInfoDebugPrint][122]CrossPointCoord: 0: 2336, 12983; 1: 7228, 13212
[20240124_13:17:28_888] # [T80668][APAVisionOblInfoDebugPrint][125]OriginCrossPointCoord: 0: -2329, 1532; 1: -7299, 1792
[20240124_13:17:28_888] # [T80669][APAVisionOblInfoDebugPrint][126]VehCoordAndAng: 15, 11485, ang -0.005(-0.265)
[20240124_13:17:28_888] # [T80669][APAVisionOblInfoDebugPrint][127] 
[20240124_13:17:28_888] # [T80669][APAVisionOblAdd][1323]Vision Obl merge: 63
[20240124_13:17:28_889] # [T80670][APAVisionOblAdd][1326]Receive Vision Obl CrossPointCoord: 0: 2312, 15421; 1: 7177, 15654
[20240124_13:17:28_891] # [T80670][APAVisionOblInfoDebugPrint][118]VisionOblInfo:
[20240124_13:17:28_891] # [T80671][APAVisionOblInfoDebugPrint][119]OblType: 0, bIsMerge 0, DetectCount 16
[20240124_13:17:28_891] # [T80671][APAVisionOblInfoDebugPrint][122]CrossPointCoord: 0: 2240, 15321; 1: 7130, 15557
[20240124_13:17:28_891] # [T80671][APAVisionOblInfoDebugPrint][125]OriginCrossPointCoord: 0: -2279, 3947; 1: -7143, 4202
[20240124_13:17:28_893] # [T80672][APAVisionOblInfoDebugPrint][126]VehCoordAndAng: 15, 11485, ang -0.005(-0.265)
[20240124_13:17:28_893] # [T80672][APAVisionOblInfoDebugPrint][127] 
[20240124_13:17:28_893] # [T80673][VisionSlotAddValidCheck][893]Vision slot Length: 2251,2252, Depth 4574,4574
[20240124_13:17:28_893] # [T80673][VisionSlotAdd][1521]Added Vision Slot[0][4] Num 5 OriCoord: 0: 3517, 3758; 1: 8089, 3599; 2: 8011, 1348; 3: 3439, 1508
[20240124_13:17:28_893] # [T80674][VisionSlotAdd][1522]VehCoordAndAngle: 15, 11485, ang -0.005 (-0.265)
[20240124_13:17:28_897] # [T80674][VisionSlotAdd][1523]Current VehPos: 15, 11682, ang -0.005 (-0.273)
[20240124_13:17:28_897] # [T80675][VisionSlotAdd][1528]Convert Vision Slot[0][4] Coord: 0: -3484, 15259; 1: -8057, 15121; 2: -7989, 12870; 3: -3416, 13009
[20240124_13:17:28_897] # [T80675][VisionSlotAdd][1533]Old Vision Slot[0][4] Coord: 0: -3411, 15222; 1: -7936, 15132; 2: -7891, 12892; 3: -3367, 12982
[20240124_13:17:28_897] # [T80676][VisionSlotAddSlotWeightCal][1014]u32Weight: 8, CentreY: 2633.000, DisY: 1345.000, SlotAng: -1.998
[20240124_13:17:28_897] # [T80677][VisionSlotAdd][1576]New Vision Slot[0][4] Coord: 0: -3427, 15230; 1: -7962, 15130; 2: -7913, 12887; 3: -3378, 12988
[20240124_13:17:28_897] # [T80677][VisionSlotAdd][1600]vision slot [0][4], u32Weight: 8, Sum: 37, SlotAng: -178.731, CurSlotAng: -178.267
[20240124_13:17:28_898] # [T80678][VisionSlotAddValidCheck][893]Vision slot Length: 2326,2326, Depth 4976,4976
[20240124_13:17:28_901] # [T80679][VisionSlotAdd][1521]Added Vision Slot[1][2] Num 4 OriCoord: 0: -2329, 1532; 1: -7299, 1792; 2: -7421, -531; 3: -2451, -791
[20240124_13:17:28_901] # [T80679][VisionSlotAdd][1522]VehCoordAndAngle: 15, 11485, ang -0.005 (-0.265)
[20240124_13:17:28_901] # [T80680][VisionSlotAdd][1523]Current VehPos: 15, 11682, ang -0.005 (-0.273)
[20240124_13:17:28_901] # [T80680][VisionSlotAdd][1528]Convert Vision Slot[1][2] Coord: 0: 2351, 13006; 1: 7322, 13243; 2: 7433, 10919; 3: 2462, 10682
[20240124_13:17:28_903] # [T80681][VisionSlotAdd][1533]Old Vision Slot[1][2] Coord: 0: 2357, 12999; 1: 7294, 13230; 2: 7405, 10860; 3: 2468, 10629
[20240124_13:17:28_903] # [T80682][VisionSlotAddSlotWeightCal][1014]u32Weight: 13, CentreY: 370.500, DisY: 917.500, SlotAng: 177.005
[20240124_13:17:28_903] # [T80682][VisionSlotAdd][1576]New Vision Slot[1][2] Coord: 0: 2357, 12999; 1: 7295, 13230; 2: 7406, 10862; 3: 2468, 10631
[20240124_13:17:28_903] # [T80683][VisionSlotAdd][1600]vision slot [1][2], u32Weight: 13, Sum: 341, SlotAng: 2.680, CurSlotAng: 2.730
[20240124_13:17:28_906] # [T80684][VisionSlotAddValidCheck][893]Vision slot Length: 2388,2388, Depth 4870,4870
[20240124_13:17:28_906] # [T80684][VisionSlotAdd][1521]Added Vision Slot[1][3] Num 4 OriCoord: 0: -2279, 3947; 1: -7143, 4202; 2: -7268, 1817; 3: -2404, 1562
[20240124_13:17:28_906] # [T80685][VisionSlotAdd][1522]VehCoordAndAngle: 15, 11485, ang -0.005 (-0.265)
[20240124_13:17:28_907] # [T80685][VisionSlotAdd][1523]Current VehPos: 15, 11682, ang -0.005 (-0.273)
[20240124_13:17:28_907] # [T80686][VisionSlotAdd][1528]Convert Vision Slot[1][3] Coord: 0: 2312, 15421; 1: 7177, 15654; 2: 7291, 13268; 3: 2426, 13036
[20240124_13:17:28_907] # [T80686][VisionSlotAdd][1533]Old Vision Slot[1][3] Coord: 0: 2234, 15330; 1: 7159, 15567; 2: 7270, 13264; 3: 2344, 13027
[20240124_13:17:28_907] # [T80687][VisionSlotAddSlotWeightCal][1014]u32Weight: 6, CentreY: 2754.500, DisY: 1466.500, SlotAng: 176.999
[20240124_13:17:28_920] # [T80688][VisionSlotAdd][1576]New Vision Slot[1][3] Coord: 0: 2247, 15346; 1: 7162, 15582; 2: 7273, 13265; 3: 2358, 13028
[20240124_13:17:28_920] # [T80688][VisionSlotAdd][1600]vision slot [1][3], u32Weight: 6, Sum: 35, SlotAng: 2.753, CurSlotAng: 2.736
[20240124_13:17:28_953] # [T80732][APARadarFilterSaveOblPointToSlotBuf][832]******  Outline[0] cnt [76] Point[74]  *******
[20240124_13:17:28_953] # [T80733][APARadarFilterSaveOblPointToSlotBuf][833]VehCoord[0][74]: 15, 11523, VehAng: -4
[20240124_13:17:28_962] # [T80733][APARadarFilterSaveOblPointToSlotBuf][834]OblCoord[0][74]: -5133, 15463, Dis: 4232, Big: 0
[20240124_13:17:28_962] # 
[20240124_13:17:28_962] # [T80744][APAVisionOblAdd][1323]Vision Obl merge: 61
[20240124_13:17:28_963] # [T80744][APAVisionOblAdd][1326]Receive Vision Obl CrossPointCoord: 0: 2352, 12965; 1: 7403, 13206
[20240124_13:17:28_963] # [T80744][APAVisionOblInfoDebugPrint][118]VisionOblInfo:
[20240124_13:17:28_963] # [T80745][APAVisionOblInfoDebugPrint][119]OblType: 0, bIsMerge 0, DetectCount 31
[20240124_13:17:28_967] # [T80745][APAVisionOblInfoDebugPrint][122]CrossPointCoord: 0: 2336, 12983; 1: 7234, 13211
[20240124_13:17:28_967] # [T80746][APAVisionOblInfoDebugPrint][125]OiginCrossPointCoord: 0: -2331, 1425; 1: -7380, 1690
[20240124_13:17:28_967] # [T80746][APAVisionOblInfoDebugPrint][126]VehCoordAndAng: 15, 11551, ang -0.005(-0.268)
[20240124_13:17:28_967] # [T80747][APAVisionOblInfoDebugPrint][127] 
[20240124_13:17:28_968] # [T80747][APAVisionOblAdd][1323]Vision Obl merge: 63
[20240124_13:17:28_968] # [T80747][APAVisionOblAdd][1326]Receive Vision Obl CrossPointCoord: 0: 2322, 15334; 1: 7217, 15568
[20240124_13:17:28_968] # [T80748][APAVisionOblInfoDebugPrint][118]VisionOblInfo:
[20240124_13:17:28_968] # [T80748][APAVisionOblInfoDebugPrint][119]OblType: 0, bIsMerge 0, DetectCount 17
[20240124_13:17:28_968] # [T80748][APAVisionOblInfoDebugPrint][122]CrossPointCoord: 0: 2245, 15322; 1: 7135, 15558
[20240124_13:17:28_968] # [T80749][APAVisionOblInfoDebugPrint][125]OriginCrossPointCoord: 0: -2289, 3794; 1: -7183, 4051
[20240124_13:17:28_971] # [T80749][APAVisionOblInfoDebugPrint][126]VehCoordAndAng: 15, 11551, ang -0.005(-0.268)
[20240124_13:17:28_971] # [T80750][APAVisionOblInfoDebugPrint][127] 
[20240124_13:17:28_971] # [T80750][APAVisionOblAdd][1323]Vision Obl merge: 62
[20240124_13:17:28_972] # [T80750][APAVisionOblAdd][1326]Receive Vision Obl CrossPointCoord: 0: -8185, 15191; 1: -3359, 15253
[20240124_13:17:28_972] # [T80751][APAVisionOblInfoDebugPrint][118]VisionOblInfo:
[20240124_13:17:28_972] # [T80751][APAVisionOblInfoDebugPrint][119]OblType: 0, bIsMerge 0, DetectCount 11
[20240124_13:17:28_972] # [T80752][APAVisionOblInfoDebugPrint][122]CrossPointCoord: 0: -7109, 15131; 1: -4213, 15218
[20240124_13:17:28_972] # [T80752][APAVisionOblInfoDebugPrint][125]OriginCrossPointCoord: 0: 8218, 3602; 1: 3392, 3686
[20240124_13:17:28_972] # [T80753][APAVisionOblInfoDebugPrint][126]VehCoordAndAng: 15, 11551, ang -0.005(-0.268)
[20240124_13:17:28_973] # [T80753][APAVisionOblInfoDebugPrint][127] 
[20240124_13:17:28_976] # [T80754][VisionSlotAddValidCheck][893]Vision slot Length: 2307,2308, Depth 5055,5055
[20240124_13:17:28_976] # [T80754][VisionSlotAdd][1521]Added Vision Slot[1][2] Num 4 OriCoord: 0: -2331, 1425; 1: -7380, 1690; 2: -7501, -615; 3: -2452, -879
[20240124_13:17:28_976] # [T80755][VisionSlotAdd][1522]VehCoordAndAngle: 15, 11551, ang -0.005 (-0.268)
[20240124_13:17:28_976] # [T80755][VisionSlotAdd][1523]Current VehPos: 16, 11731, ang -0.005 (-0.275)
[20240124_13:17:28_977] # [T80756][VisionSlotAdd][1528]Convert Vision Slot[1][2] Coord: 0: 2352, 12965; 1: 7403, 13206; 2: 7513, 10901; 3: 2463, 10660
[20240124_13:17:28_977] # [T80756][VisionSlotAdd][1533]Old Vision Slot[1][2] Coord: 0: 2357, 12999; 1: 7295, 13230; 2: 7406, 10862; 3: 2468, 10631
[20240124_13:17:28_977] # [T80757][VisionSlotAddSlotWeightCal][1014]u32Weight: 12, CentreY: 273.000, DisY: 1015.000, SlotAng: 177.001
[20240124_13:17:28_980] # [T80758][VisionSlotAdd][1576]New Vision Slot[1][2] Coord: 0: 2357, 12998; 1: 7299, 13230; 2: 7410, 10863; 3: 2468, 10632
[20240124_13:17:28_981] # [T80758][VisionSlotAdd][1600]vision slot [1][2], u32Weight: 12, Sum: 353, SlotAng: 2.682, CurSlotAng: 2.731
[20240124_13:17:28_981] # [T80759][VisionSlotAddValidCheck][893]Vision slot Length: 2304,2304, Depth 4900,4900
[20240124_13:17:28_981] # [T80759][VisionSlotAdd][1521]Added Vision Slot[1][3] Num 4 OriCoord: 0: -2289, 3794; 1: -7183, 4051; 2: -7303, 1750; 3: -2409, 1493
[20240124_13:17:28_981] # [T80760][VisionSlotAdd][1522]VehCoordAndAngle: 15, 11551, ang -0.005 (-0.268)
[20240124_13:17:28_982] # [T80760][VisionSlotAdd][1523]Current VehPos: 16, 11731, ang -0.005 (-0.275)
[20240124_13:17:28_982] # [T80761][VisionSlotAdd][1528]Convert Vision Slot[1][3] Coord: 0: 2322, 15334; 1: 7217, 15568; 2: 7326, 13267; 3: 2431, 13032
[20240124_13:17:28_982] # [T80762][VisionSlotAdd][1533]Old Vision Slot[1][3] Coord: 0: 2247, 15346; 1: 7162, 15582; 2: 7273, 13265; 3: 2358, 13028
[20240124_13:17:28_985] # [T80762][VisionSlotAddSlotWeightCal][1014]u32Weight: 8, CentreY: 2643.500, DisY: 1355.500, SlotAng: 176.994
[20240124_13:17:28_985] # [T80763][VisionSlotAdd][1576]New Vision Slot[1][3] Coord: 0: 2261, 15344; 1: 7172, 15580; 2: 7283, 13265; 3: 2372, 13029
[20240124_13:17:28_985] # [T80764][VisionSlotAdd][1600]vision slot [1][3], u32Weight: 8, Sum: 43, SlotAng: 2.751, CurSlotAng: 2.739
[20240124_13:17:28_986] # [T80764][VisionSlotAddValidCheck][893]Vision slot Length: 2331,2332, Depth 4826,4826
[20240124_13:17:28_986] # [T80765][VisionSlotAdd][1521]Added Vision Slot[0][4] Num 5 OriCoord: 0: 3392, 3686; 1: 8218, 3602; 2: 8177, 1270; 3: 3351, 1355
[20240124_13:17:28_986] # [T80765][VisionSlotAdd][1522]VehCoordAndAngle: 15, 11551, ang -0.005 (-0.268)
[20240124_13:17:28_986] # [T80766][VisionSlotAdd][1523]Current VehPos: 16, 11731, ang -0.005 (-0.275)
[20240124_13:17:28_986] # [T80766][VisionSlotAdd][1528]Convert Vision Slot[0][4] Coord: 0: -3359, 15253; 1: -8185, 15191; 2: -8155, 12859; 3: -3329, 12921
[20240124_13:17:28_986] # [T80767][VisionSlotAdd][1533]Old Vision Slot[0][4] Coord: 0: -3427, 15230; 1: -7962, 15130; 2: -7913, 12887; 3: -3378, 12988
[20240124_13:17:28_990] # [T80768][VisionSlotAddSlotWeightCal][1014]u32Weight: 9, CentreY: 2520.500, DisY: 1232.500, SlotAng: -1.003
[20240124_13:17:28_991] # [T80768][VisionSlotAdd][1576]New Vision Slot[0][4] Coord: 0: -3414 15234; 1: -8006, 15142; 2: -7960, 12882; 3: -3368, 12975
[20240124_13:17:28_996] # [T80769][VisionSlotAdd][1600]vision slot [0][4], u32Weight: 9, Sum: 46, SlotAng: -178.841, CurSlotAng: -179.264
[20240124_13:17:29_044] # [T80828][APAVisionOblAdd][1323]Vision Obl merge: 61
[20240124_13:17:29_050] # [T80828][APAVisionOblAdd][1326]Receive Vision Obl CrossPointCoord: 0: 2338, 13002; 1: 7335, 13240
[20240124_13:17:29_052] # [T80828][APAVisionOblInfoDebugPrint][118]VisionOblInfo:
[20240124_13:17:29_052] # [T80829][APAVisionOblInfoDebugPrint][119]OblType: 0, bIsMerge 0, DetectCount 32
[20240124_13:17:29_052] # [T80829][APAVisionOblInfoDebugPrint][122]CrossPointCoord: 0: 2336, 12983; 1: 7237, 13212
[20240124_13:17:29_052] # [T80830][APAVisionOblInfoDebugPrint][125]OriginCrossPointCoord: 0: -2316, 1388; 1: -7312, 1650
[20240124_13:17:29_052] # [T80830][APAVisionOblInfoDebugPrint][126]VehCoordAndAng: 15, 11625, ang -0.005(-0.271)
[20240124_13:17:29_053] # [T80831][APAVisionOblInfoDebugPrint][127] 
[20240124_13:17:29_053] # [T80831][APAVisionOblAdd][1323]Vision Obl merge: 63
[20240124_13:17:29_053] # [T80831][APAVisionOblAdd][1326]Receive Vision Obl CrossPointCoord: 0: 2285, 15313; 1: 7152, 15545
[20240124_13:17:29_053] # [T80832][APAVisionOblInfoDebugPrint][118]VisionOblInfo:
[20240124_13:17:29_053] # [T80832][APAVisionOblInfoDebugPrint][119]OblType: 0, bIsMerge 0, DetectCount 18
[20240124_13:17:29_053] # [T80832][APAVisionOblInfoDebugPrint][122]CrossPointCoord: 0: 2247, 15321; 1: 7136, 15557
[20240124_13:17:29_054] # [T80833][APAVisionOblInfoDebugPrint][125]OriginCrossPointCoord: 0: -2252, 3699; 1: -7118, 3954
[20240124_13:17:29_061] # [T80833][APAVisionOblInfoDebugPrint][126]VehCoordAndAng: 15, 11625, ang -0.005(-0.271)
[20240124_13:17:29_061] # [T80834][APAVisionOblInfoDebugPrint][127] 
[20240124_13:17:29_061] # [T80834][APAVisionOblAdd][1323]Vision Obl merge: 62
[20240124_13:17:29_061] # [T80834][APAVisionOblAdd][1326]Receive Vision Obl CrossPointCoord: 0: -8183, 15150; 1: -3449, 15209
[20240124_13:17:29_063] # [T80835][APAVisionOblInfoDebugPrint][118]VisionOblInfo:
[20240124_13:17:29_063] # [T80835][APAVisionOblInfoDebugPrint][119]OblType: 0, bIsMerge 0, DetectCount 12
[20240124_13:17:29_063] # [T80836][APAVisionOblInfoDebugPrint][122]CrossPointCoord: 0: -7198, 15132; 1: -4149, 15217
[20240124_13:17:29_063] # [T80836][APAVisionOblInfoDebugPrint][125]OriginCrossPointCoord: 0: 8216, 3486; 1: 3482, 3568
[20240124_13:17:29_063] # [T80837][APAVisionOblInfoDebugPrint][126]VehCoordAndAng: 15, 11625, ang -0.005(-0.271)
[20240124_13:17:29_063] # [T80837][APAVisionOblInfoDebugPrint][127] 
[20240124_13:17:29_063] # [T80838][VisionSlotAddValidCheck][893]Vision slot Length: 2326,2326, Depth 5002,5002
[20240124_13:17:29_063] # [T80838][VisionSlotAdd][1521]Added Vision Slot[1][2] Num 4 OriCoord: 0: -2316, 1388; 1: -7312, 1650; 2: -7434, -673; 3: -2438, -935
[20240124_13:17:29_064] # [T80839][VisionSlotAdd][1522]VehCoordAndAngle: 15, 11625, ang -0.005 (-0.271)
[20240124_13:17:29_064] # [T80839][VisionSlotAdd][1523]Current VehPos: 16, 11755, ang -0.005 (-0.276)
[20240124_13:17:29_064] # [T80840][VisionSlotAdd][1528]Convert Vision Slot[1][2] Coord: 0: 2338, 13002; 1: 7335, 13240; 2: 7446, 10917; 3: 2449, 10678
[20240124_13:17:29_064] # [T80840][VisionSlotAdd][1533]Old Vision Slot[1][2] Coord: 0: 2357, 12998; 1: 7299, 13230; 2: 7410, 10863; 3: 2468, 10632
[20240124_13:17:29_064] # [T80841][VisionSlotAddSlotWeightCal][1014]u32Weight: 11, CentreY: 226.500, DisY: 1061.500, SlotAng: 176.998
[20240124_13:17:29_064] # [T80842][VisionSlotAdd][1576]New Vision Slot[1][2] Coord: 0: 2356, 12998; 1: 7300, 13230; 2: 7411, 10865; 3: 2467, 10633
[20240124_13:17:29_065] # [T80842][VisionSlotAdd][1600]vision slot [1][2], u32Weight: 11, Sum: 364, SlotAng: 2.684, CurSlotAng: 2.731
[20240124_13:17:29_065] # [T80843][VisionSlotAddValidCheck][893]Vision slot Length: 2304,2304, Depth 4872,4871
[20240124_13:17:29_065] # [T80843][VisionSlotAdd][1521]Added Vision Slot[1][3] Num 4 OriCoord: 0: -2252, 3699; 1: -7118, 3954; 2: -7238, 1653; 3: -2373, 1398
[20240124_13:17:29_074] # [T80844][VisionSlotAdd][1522]VehCoordAndAngle: 15, 11625, ang -0.005 (-0.271)
[20240124_13:17:29_075] # [T80844][VisionSlotAdd][1523]Current VehPos: 16, 11755, ang -0.005 (-0.276)
[20240124_13:17:29_075] # [T80845][VisionSlotAdd][1528]Convert Vision Slot[1][3] Coord: 0: 2285, 15313; 1: 7152, 15545; 2: 7261, 13244; 3: 2395, 13012
[20240124_13:17:29_075] # [T80846][VisionSlotAdd][1533]Old Vision Slot[1][3] Coord: 0: 2261, 15344; 1: 7172, 15580; 2: 7283, 13265; 3: 2372, 13029
[20240124_13:17:29_075] # [T80846][VisionSlotAddSlotWeightCal][1014]u32Weight: 9, CentreY: 2548.500, DisY: 1260.500, SlotAng: 177.000
[20240124_13:17:29_075] # [T80847][VisionSlotAdd][1576]New Vision Slot[1][3] Coord: 0: 2265, 15338; 1: 7168, 15574; 2: 7279, 13261; 3: 2376, 13026
[20240124_13:17:29_075] # [T80848][VisionSlotAdd][1600]vision slot [1][3], u32Weight: 9, Sum: 52, SlotAng: 2.747, CurSlotAng: 2.730
[20240124_13:17:29_076] # [T80848][VisionSlotAddValidCheck][893]Vision slot Length: 2275,2276, Depth 4734,4734
[20240124_13:17:29_076] # [T80849][VisionSlotAdd][1521]Added Vision Slot[0][4] Num 5 OriCoord: 0: 3482, 3568; 1: 8216, 3486; 2: 8176, 1210; 3: 3442, 1293
[20240124_13:17:29_076] # [T80849][VisionSlotAdd][1522]VehCoordAndAngle: 15, 11625, ang -0.005 (-0.271)
[20240124_13:17:29_076] # [T80850][VisionSlotAdd][1523]Current VehPos: 16, 11755, ang -0.005 (-0.276)
[20240124_13:17:29_076] # [T80850][VisionSlotAdd][1528]Convert Vision Slot[0][4] Coord: 0: -3449, 15209; 1: -8183, 15150; 2: -8154, 12874; 3: -3420, 12934
[20240124_13:17:29_077] # [T80851][VisionSlotAdd][1533]Old Vision Slot[0][4] Coord: 0: -3414, 15234; 1: -8006, 15142; 2: -7960, 12882; 3: -3368, 12975
[20240124_13:17:29_077] # [T80852][VisionSlotAddSlotWeightCal][1014]u32Weight: 10, CentreY: 2430.500, DisY: 1142.500, SlotAng: -0.998
[20240124_13:17:29_093] # [T80852][VisionSlotAdd][1576]New Vision Slot[0][4] Coord: 0: -3420, 15230; 1: -8038, 15143; 2: -7995, 12880; 3: -3377, 12967
[20240124_13:17:29_093] # [T80853][VisionSlotAdd][1600]vision slot [0][4], u32Weight: 10, Sum: 56, SlotAng: -178.920, CurSlotAng: -179.272
[20240124_13:17:29_103] # [T80884][APARadarFilterSaveOblPointToSlotBuf][832]******  Outline[0] cnt [75] Point[73]  *******
[20240124_13:17:29_104] # [T80885][APARadarFilterSaveOblPointToSlotBuf][833]VehCoord[0][73]: 15, 11654, VehAng: -4
[20240124_13:17:29_124] # [T80886][APARadarFilterSaveOblPointToSlotBuf][834]OblCoord[0][73]: -5257, 15617, Dis: 4356, Big: 0
[20240124_13:17:29_124] # 
[20240124_13:17:29_133] # [T80910][APAVisionOblAdd][1323]Vision Obl merge: 63
[20240124_13:17:29_133] # [T80910][APAVisionOblAdd][1326]Receive Vision Obl CrossPointCoord: 0: 2243, 15358; 1: 7241, 15596
[20240124_13:17:29_134] # [T80910][APAVisionOblInfoDebugPrint][118]VisionOblInfo:
[20240124_13:17:29_134] # [T80911][APAVisionOblInfoDebugPrint][119]OblType: 0, bIsMerge 0, DetectCount 19
[20240124_13:17:29_134] # [T80911][APAVisionOblInfoDebugPrint][122]CrossPointCoord: 0: 2247, 15323; 1: 7142, 15559
[20240124_13:17:29_134] # [T80912][APAVisionOblInfoDebugPrint][125]OriginCrossPointCoord: 0: -2210, 3686; 1: -7207, 3948
[20240124_13:17:29_134] # [T80912][APAVisionOblInfoDebugPrint][126]VehCoordAndAng: 15, 11682, ang -0.005(-0.273)
[20240124_13:17:29_135] # [T80913][APAVisionOblInfoDebugPrint][127] 
[20240124_13:17:29_135] # [T80913][APAVisionOblAdd][1323]Vision Obl merge: 61
[20240124_13:17:29_135] # [T80913][APAVisionOblAdd][1326]Receive Vision Obl CrossPointCoord: 0: 2361, 12959; 1: 7349, 13196
[20240124_13:17:29_135] # [T80914][APAVisionOblInfoDebugPrint][118]VisionOblInfo:
[20240124_13:17:29_135] # [T80914][APAVisionOblInfoDebugPrint][119]OblType: 0, bIsMerge 0, DetectCount 33
[20240124_13:17:29_135] # [T80914][APAVisionOblInfoDebugPrint][122]CrossPointCoord: 0: 2337, 12983; 1: 7240, 13212
[20240124_13:17:29_136] # [T80915][APAVisionOblInfoDebugPrint][125]OriginCrossPointCoord: 0: -2339, 1288; 1: -7326, 1549
[20240124_13:17:29_143] # [T80916][APAVisionOblInfoDebugPrint][126]VehCoordAndAng: 15, 11682, ang -0.005(-0.273)
[20240124_13:17:29_143] # [T80916][APAVisionOblInfoDebugPrint][127] 
[20240124_13:17:29_144] # [T80916][APAVisionOblAdd][1323]Vision Obl merge: 62
[20240124_13:17:29_144] # [T80917][APAVisionOblAdd][1326]Receive Vision Obl CrossPointCoord: 0: -8119, 15091; 1: -3439, 15233
[20240124_13:17:29_144] # [T80917][APAVisionOblInfoDebugPrint][118]VisionOblInfo:
[20240124_13:17:29_144] # [T80917][APAVisionOblInfoDebugPrint][119]OblType: 0, bIsMerge 0, DetectCount 13
[20240124_13:17:29_144] # [T80918][APAVisionOblInfoDebugPrint][122]CrossPointCoord: 0: -7269, 15129; 1: -4094, 15219
[20240124_13:17:29_145] # [T80918][APAVisionOblInfoDebugPrint][125]OriginCrossPointCoord: 0: 8152, 3370; 1: 3472, 3534
[20240124_13:17:29_145] # [T80919][APAVisionOblInfoDebugPrint][126]VehCoordAndAng: 15, 11682, ang -0.005(-0.273)
[20240124_13:17:29_145] # [T80919][APAVisionOblInfoDebugPrint][127] 
[20240124_13:17:29_145] # [T80920][VisionSlotAddValidCheck][83]Vision slot Length: 2342,2342, Depth 5003,5004
[20240124_13:17:29_145] # [T80920][VisionSlotAdd][1521]Added Vision Slot[1][3] Num 4 OriCoord: 0: -2210, 3686; 1: -7207, 3948; 2: -7330, 1609; 3: -2332, 1347
[20240124_13:17:29_145] # [T80921][VisionSlotAdd][1522]VehCoordAndAngle: 15, 11682, ang -0.005 (-0.273)
[20240124_13:17:29_145] # [T80921][VisionSlotAdd][1523]Current VehPos: 16, 11807, ang -0.005 (-0.278)
[20240124_13:17:29_146] # [T80922][VisionSlotAdd][1528]Convert Vision Slot[1][3] Coord: 0: 2243, 15358; 1: 7241, 15596; 2: 7353, 13256; 3: 2354, 13018
[20240124_13:17:29_146] # [T80922][VisionSlotAdd][1533]Old Vision Slot[1][3] Coord: 0: 2265, 15338; 1: 7168, 15574; 2: 7279, 13261; 3: 2376, 13026
[20240124_13:17:29_146] # [T80923][VisionSlotAddSlotWeightCal][1014]u32Weight: 9, CentreY: 2516.500, DisY: 1228.500, SlotAng: 176.999
[20240124_13:17:29_146] # [T80924][VisionSlotAdd][1576]New Vision Slot[1][3] Coord: 0: 2262, 15341; 1: 7179, 15577; 2: 7290, 13261; 3: 2373, 13025
[20240124_13:17:29_146] # [T80924][VisionSlotAdd][1600]vision slot [1][3], u32Weight: 9, Sum: 61, SlotAng: 2.744, CurSlotAng: 2.728
[20240124_13:17:29_159] # [T80925][VisionSlotAddValidCheck][893]Vision slot Length: 2255,2255, Depth 4993,4993
[20240124_13:17:29_159] # [T80925][VisionSlotAdd][1521]Added Vision Slot[1][2] Num 4 OriCoord: 0: -2339, 1288; 1: -7326, 1549; 2: -7444, -703; 3: -2457, -964
[20240124_13:17:29_159] # [T80926][VisionSlotAdd][1522]VehCoordAndAngle: 15, 11682, ang -0.005 (-0.273)
[20240124_13:17:29_159] # [T80927][VisionSlotAdd][1523]Current VehPos: 16, 11807, ang -0.005 (-0.278)
[20240124_13:17:29_160] # [T80927][VisionSlotAdd][1528]Convert Vision Slot[1][2] Coord: 0: 2361, 12959; 1: 7349, 13196; 2: 7456, 10944; 3: 2468, 10707
[20240124_13:17:29_160] # [T80928][VisionSlotAdd][1533]Old Vision Slot[1][2] Coord: 0: 2356, 12998; 1: 7300, 13230; 2: 7411, 10865; 3: 2467, 10633
[20240124_13:17:29_160] # [T80928][VisionSlotAddSlotWeightCal]  80929-task_radar-118: RadarCaptureCnt is 367 
[20240124_13:17:29_160] # 
[20240124_13:17:29_160] # [1014]u32Weight: 10, CentreY: 162.000, DisY: 1126.000, SlotAng: 177.004
[20240124_13:17:29_160] # [T80929][VisionSlotAdd][1576]New Vision Slot[1][2] Coord: 0: 2356, 12997; 1: 7301, 13229; 2: 7412, 10867; 3: 2467, 10635
[20240124_13:17:29_161] # [T80930][VisionSlotAdd][1600]vision slot [1][2], u32Weight: 10, Sum: 374, SlotAng: 2.685, CurSlotAng: 2.723
[20240124_13:17:29_161] # [T80931][VisionSlotAddValidCheck][893]Vision slot Length: 2305,2304, Depth 4682,4681
[20240124_13:17:29_161] # [T80931][VisionSlotAdd][1521]Added Vision Slot[0][4] Num 5 OriCoord: 0: 3472, 3534; 1: 8152, 3370; 2: 8071, 1067; 3: 3392, 1230
[20240124_13:17:29_161] # [T80932][VisionSlotAdd][1522]VehCoordAndAngle: 15, 11682, ang -0.005 (-0.273)
[20240124_13:17:29_161] # [T80932][VisionSlotAdd][1523]Current VehPos: 16, 11807, ang -0.005 (-0.278)
[20240124_13:17:29_161] # [T80933][VisionSlotAdd][1528]Convert Vision Slot[0][4] Coord: 0: -3439, 15233; 1: -8119, 15091; 2: -8049, 12788; 3: -3370, 12928
[20240124_13:17:29_161] # [T80933][VisionSlotAdd][1533]Old Vision Slot[0][4] Coord: 0: -3420, 15230; 1: -8038, 15143; 2: -7995, 12880; 3: -3377, 12967
[20240124_13:17:29_162] # [T80934][VisionSlotAddSlotWeightCal][1014]u32Weight: 11, CentreY: 2382.000, DisY: 1094.000, SlotAng: -2.001
[20240124_13:17:29_162] # [T80935][VisionSlotAdd][1576]New Vision Slot[0][4] Coord: 0: -3423, 15230; 1: -8051, 15135; 2: -8004, 12865; 3: -3376, 12961
[20240124_13:17:29_169] # [T80936][VisionSlotAdd][1600]vision slot [0][4], u32Weight: 11, Sum: 67, SlotAng: -178.812, CurSlotAng: -178.272
[20240124_13:17:29_207] # [T80990][VisionSlotAddValidCheck][893]Vision slot Length: 2316,2316, Depth 5039,5038
[20240124_13:17:29_212] # [T80990][VisionSlotAdd][1521]Added Vision Slot[1][2] Num 4 OriCoord: 0: -2280, 1260; 1: -7313, 1524; 2: -7434, -789; 3: -2402, -1053
[20240124_13:17:29_212] # [T80991][VisionSlotAdd][1522]VehCoordAndAngle: 16, 11731, ang -0.005 (-0.275)
[20240124_13:17:29_212] # [T80991][VisionSlotAdd][1523]Current VehPos: 16, 11830, ang -0.005 (-0.279)
[20240124_13:17:29_213] # [T80992][VisionSlotAdd][1528]Convert Vision Slot[1][2] Coord: 0: 2302, 12980; 1: 7336, 13219; 2: 7446, 10906; 3: 2413, 10666
[20240124_13:17:29_213] # [T80992][VisionSlotAdd][1533]Old Vision Slot[1][2] Coord: 0: 2356, 12997; 1: 7301, 13229; 2: 7412, 10867; 3: 2467, 10635
[20240124_13:17:29_213] # [T80993][VisionSlotAddSlotWeightCal][1014]u32Weight: 10, CentreY: 103.500, DisY: 1184.500, SlotAng: 176.997
[20240124_13:17:29_214] # [T80994][VisionSlotAdd][1576]New Vision Slot[1][2] Coord: 0: 2355, 12997; 1: 7302, 13229; 2: 7413, 10868; 3: 2466, 10636
[20240124_13:17:29_214] # [T80994][VisionSlotAdd][1600]vision slot [1][2], u32Weight: 10, Sum: 384, SlotAng: 2.686, CurSlotAng: 2.728
[20240124_13:17:29_220] # [T80995][VisionSlotAddValidCheck][893]Vision slot Length: 2363,2363, Depth 5124,5124
[20240124_13:17:29_220] # [T80995][VisionSlotAdd][1521]Added Vision Slot[1][3] Num 4 OriCoord: 0: -2144, 3643; 1: -7261, 3911; 2: -7385, 1551; 3: -2268, 1283
[20240124_13:17:29_220] # [T80996][VisionSlotAdd][1522]VehCoordAndAngle: 16, 11731, ang -0.005 (-0.275)
[20240124_13:17:29_220] # [T80996][VisionSlotAdd][1523]Current VehPos: 16, 11830, ang -0.005 (-0.279)
[20240124_13:17:29_221] # [T80997][VisionSlotAdd][1528]Convert Vision Slot[1][3] Coord: 0: 2177, 15363; 1: 7295, 15607; 2: 7408, 13246; 3: 2290, 13003
[20240124_13:17:29_221] # [T80998][VisionSlotAdd][1533]Old Vision Slot[1][3] Coord: 0: 2262, 15341; 1: 7179, 15577; 2: 7290, 13261; 3: 2373, 13025
[20240124_13:17:29_221] # [T80998][VisionSlotAddSlotWeightCal][1014]u32Weight: 10, CentreY: 2463.000, DisY: 1175.000, SlotAng: 177.002
[20240124_13:17:29_221] # [T80999][VisionSlotAdd][1576]New Vision Slot[1][3] Coord: 0: 2250, 15344; 1: 7196, 15581; 2: 7307, 13259; 3: 2361, 13022
[20240124_13:17:29_221] # [T81000][VisionSlotAdd][1600]vision slot [1][3], u32Weight: 10, Sum: 71, SlotAng: 2.741, CurSlotAng: 2.723
[20240124_13:17:29_222] # [T81000][VisionSlotAddValidCheck][893]Vision slot Length: 2319,2319, Depth 4803,4803
[20240124_13:17:29_222] # [T81001][VisionSlotAdd][1521]Added Vision Slot[0][4] Num 5 OriCoord: 0: 3431, 3446; 1: 8234, 3362; 2: 8194, 1043; 3: 3391, 1127
[20240124_13:17:29_222] # [T81001][VisionSlotAdd][1522]VehCoordAndAngle: 16, 11731, ang -0.005 (-0.275)
[20240124_13:17:29_222] # [T81002][VisionSlotAdd][1523]Current VehPos: 16, 11830, ang -0.005 (-0.279)
[20240124_13:17:29_222] # [T81002][VisionSlotAdd][1528]Convert Vision Slot[0][4] Coord: 0: -3398, 15193; 1: -8201, 15132; 2: -8172, 12813; 3: -3369, 12874
[20240124_13:17:29_227] # [T81003][VisionSlotAdd][1533]Old Vision Slot[0][4] Coord: 0: -3423, 15230; 1: -8051, 15135; 2: -8004, 12865; 3: -3376, 12961
[20240124_13:17:29_227] # [T81004][VisionSlotAddSlotWeightCal][1014]u32Weight: 12, CentreY: 2286.500, DisY: 998.500, SlotAng: -1.002
[20240124_13:17:29_228] # [T81004][VisionSlotAdd][1576]New Vision Slot[0][4] Coord: 0: -3419, 15225; 1: -8074, 15134; 2: -8029, 12857; 3: -3375, 12948
[20240124_13:17:29_228] # [T81005][VisionSlotAdd][1600]visio slot [0][4], u32Weight: 12, Sum: 79, SlotAng: -178.885, CurSlotAng: -179.273
[20240124_13:17:29_228] # [T81006][APAVisionOblAdd][1323]Vision Obl merge: 61
[20240124_13:17:29_228] # [T81007][APAVisionOblAdd][1326]Receive Vision Obl CrossPointCoord: 0: 2302, 12980; 1: 7336, 13219
[20240124_13:17:29_228] # [T81008][APAVisionOblInfoDebugPrint][118]VisionOblInfo:
[20240124_13:17:29_228] # [T81008][APAVisionOblInfoDebugPrint][119]OblType: 0, bIsMerge 0, DetectCount 34
[20240124_13:17:29_230] # [T81008][APAVisionOblInfoDebugPrint][122]CrossPointCoord: 0: 2336, 12983; 1: 7243, 13212
[20240124_13:17:29_230] # [T81009][APAVisionOblInfoDebugPrint][125]OriginCrossPointCoord: 0: -2280, 1260; 1: -7313, 1524
[20240124_13:17:29_230] # [T81009][APAVisionOblInfoDebugPrint][126]VehCoordAndAng: 16, 11731, ang -0.005(-0.275)
[20240124_13:17:29_230] # [T81010][APAVisionOblInfoDebugPrint][127] 
[20240124_13:17:29_230] # [T81010][APAVisionOblAdd][1323]Vision Obl merge: 63
[20240124_13:17:29_235] # [T81010][APAVisionOblAdd][1326]Receive Vision Obl CrossPointCoord: 0: 2177, 15363; 1: 7295, 15607
[20240124_13:17:29_235] # [T81011][APAVisionOblInfoDebugPrint][118]VisionOblInfo:
[20240124_13:17:29_235] # [T81011][APAVisionOblInfoDebugPrint][119]OblType: 0, bIsMerge 0, DetectCount 20
[20240124_13:17:29_235] # [T81012][APAVisionOblInfoDebugPrint][122]CrossPointCoord: 0: 2243, 15325; 1: 7150, 15562
[20240124_13:17:29_236] # [T81012][APAVisionOblInfoDebugPrint][125]OriginCrossPointCoord: 0: -2144, 3643; 1: -7261, 3911
[20240124_13:17:29_236] # [T81013][APAVisionOblInfoDebugPrint][126]VehCoordAndAng: 16, 11731, ang -0.005(-0.275)
[20240124_13:17:29_236] # [T81013][APAVisionOblInfoDebugPrint][127] 
[20240124_13:17:29_236] # [T81014][APAVisionOblAdd][1323]Vision Obl merge: 62
[20240124_13:17:29_236] # [T81014][APAVisionOblAdd][1326]Receive Vision Obl CrossPointCoord: 0: -8201, 15132; 1: -3398, 15193
[20240124_13:17:29_236] # [T81014][APAVisionOblInfoDebugPrint][118]VisionOblInfo:
[20240124_13:17:29_237] # [T81015][APAVisionOblInfoDebugPrint][119]OblType: 0, bIsMerge 0, DetectCount 14
[20240124_13:17:29_237] # [T81015][APAVisionOblInfoDebugPrint][122]CrossPointCoord: 0: -7336, 15129; 1: -4045, 15217
[20240124_13:17:29_237] # [T81016][APAVisionOblInfoDebugPrint][125]OriginCrossPointCoord: 0: 8234, 3362; 1: 3431, 3446
[20240124_13:17:29_247] # [T81016][APAVisionOblInfoDebugPrint][126]VehCoordAndAng: 16, 11731, ang -0.005(-0.275)
[20240124_13:17:29_247] # [T81017][APAVisionOblInfoDebugPrint][127] 
[20240124_13:17:29_287] # [T81070][APAVisionOblAdd][1323]Vision Obl merge: 63
[20240124_13:17:29_291] # [T81070][APAVisionOblAdd][1326]Receive Vision Obl CrossPointCoord: 0: 2160, 15388; 1: 7458, 15641
[20240124_13:17:29_291] # [T81071][APAVisionOblInfoDebugPrint][118]VisionOblInfo:
[20240124_13:17:29_291] # [T81071][APAVisionOblInfoDebugPrint][119]OblType: 0, bIsMerge 0, DetectCount 21
[20240124_13:17:29_292] # [T81071][APAVisionOblInfoDebugPrint][122]CrossPointCoord: 0: 2239, 15328; 1: 7164, 15565
[20240124_13:17:29_292] # [T81072][APAVisionOblInfoDebugPrint][125]OriginCrossPointCoord: 0: -2127, 3631; 1: -7423, 3909
[20240124_13:17:29_292] # [T81072][APAVisionOblInfoDebugPrint][126]VehCoordAndAng: 16, 11768, ang -0.005(-0.276)
[20240124_13:17:29_292] # [T81073][APAVisionOblInfoDebugPrint][127] 
[20240124_13:17:29_292] # [T81073][APAVisionOblAdd][1323]Vision Obl merge: 61
[20240124_13:17:29_292] # [T81073][APAVisionOblAdd][1326]Receive Vision Obl CrossPointCoord: 0: 2385, 12954; 1: 7357, 13191
[20240124_13:17:29_298] # [T81074][APAVisionOblInfoDebugPrint][118]VisionOblInfo:
[20240124_13:17:29_298] # [T81074][APAVisionOblInfoDebugPrint][119]OblType: 0, bIsMerge 0, DetectCount 35
[20240124_13:17:29_298] # [T81075][APAVisionOblInfoDebugPrint][122]CrossPointCoord: 0: 2337, 12982; 1: 7246, 13211
[20240124_13:17:29_298] # [T81075][APAVisionOblInfoDebugPrint][125]OriginCrossPointCoord: 0: -2363, 1198; 1: -7334, 1459
[20240124_13:17:29_298] # [T81076][APAVisionOblInfoDebugPrint][126]VehCoordAndAng: 16, 11768, ang -0.005(-0.276)
[20240124_13:17:29_299] # [T81076][APAVisionOblInfoDebugPrint][127] 
[20240124_13:17:29_299] # [T81077][APAVisionOblAdd][1323]Vision Obl merge: 62
[20240124_13:17:29_299] # [T81077][APAVisionOblAdd][1326]Receive Vision Obl CrossPointCoord: 0: -8177, 15070; 1: -3484, 15211
[20240124_13:17:29_299] # [T81077][APAVisionOblInfoDebugPrint][118]VisionOblInfo:
[20240124_13:17:29_299] # [T81078][APAVisionOblInfoDebugPrint][119]OblType: 0, bIsMerge 0, DetectCount 15
[20240124_13:17:29_299] # [T81078][APAVisionOblInfoDebugPrint][122]CrossPointCoord: 0: -7392, 15125; 1: -4007, 15216
[20240124_13:17:29_299] # [T81079][APAVisionOblInfoDebugPrint][125]OriginCrossPointCoord: 0: 8210, 3263; 1: 3517, 3426
[20240124_13:17:29_300] # [T81079][APAVisionOblInfoDebugPrint][126]VehCoordAndAng: 16, 11768, ang -0.005(-0.276)
[20240124_13:17:29_300] # [T81080][APAVisionOblInfoDebugPrint][127] 
[20240124_13:17:29_300] # [T81080][VisionSlotAddValidCheck][893]Vision slot Length: 2431,2431, Depth 5303,5303
[20240124_13:17:29_304] # [T81080][VisionSlotAdd][1521]Added Vision Slot[1][3] Num 4 OriCoord: 0: -2127, 3631; 1: -7423, 3909; 2: -7550, 1481; 3: -2254, 1203
[20240124_13:17:29_304] # [T81081][VisionSlotAdd][1522]VehCoordAndAngle: 16, 11768, ang -0.005 (-0.276)
[20240124_13:17:29_304] # [T81081][VisionSlotAdd][1523]Current VehPos: 16, 11827, ang -0.005 (-0.279)
[20240124_13:17:29_304] # [T81082][VisionSlotAdd][1528]Convert Vision Slot[1][3] Coord: 0: 2160, 15388; 1: 7458, 15641; 2: 7573, 13212; 3: 2276, 12960
[20240124_13:17:29_304] # [T81083][VisionSlotAdd][1533]Old Vision Slot[1][3] Coord: 0: 2250, 15344; 1: 7196, 15581; 2: 7307, 13259; 3: 2361, 13022
[20240124_13:17:29_305] # [T81083][VisionSlotAddSlotWeightCal][1014]u32Weight: 10, CentreY: 2417.000, DisY: 1129.000, SlotAng: 176.995
[20240124_13:17:29_305] # [T81084][VisionSlotAdd][1576]New Vision Slot[1][3] Coord: 0: 2239, 15350; 1: 7228, 15588; 2: 7340, 13253; 3: 2350, 13014
[20240124_13:17:29_305] # [T81085][VisionSlotAdd][1600]vision slot [1][3], u32Weight: 10, Sum: 81, SlotAng: 2.739, CurSlotAng: 2.728
[20240124_13:17:29_311] # [T81085][VisionSlotAddValidCheck][893]Vision slot Length: 2358,2358, Depth 4977,4977
[20240124_13:17:29_311] # [T81086][VisionSlotAdd][1521]Added Vision Slot[1][2] Num 4 OriCoord: 0: -2363, 1198; 1: -7334, 1459; 2: -7457, -896; 3: -2486, -1157
[20240124_13:17:29_311] # [T81086][VisionSlotAdd][1522]VehCoordAndAngle: 16, 11768, ang -0.005 (-0.276)
[20240124_13:17:29_311] # [T81087][VisionSlotAdd][1523]Current VehPos: 16, 11827, ang -0.005 (-0.279)
[20240124_13:17:29_312] # [T81087][VisionSlotAdd][1528]Convert Vision Slot[1][2] Coord: 0: 2385, 12954; 1: 7357, 13191; 2: 7468, 10836; 3: 2496, 10599
[20240124_13:17:29_312] # [T81088][VisionSlotAdd][1533]Old Vision Slot[1][2] Coord: 0: 2355, 12997; 1: 7302, 13229; 2: 7413, 10868; 3: 2466, 10636
[20240124_13:17:29_312] # [T81089][VisionSlotAddSlotWeightCal][1014]u32Weight: 9, CentreY: 20.500, DisY: 1267.500, SlotAng: 176.994
[20240124_13:17:29_312] # [T81090][VisionSlotAdd][1576]New Vision Slot[1][2] Coord: 0: 2356, 12996; 1: 7304, 13228; 2: 7414, 10867; 3: 2467, 10635
[20240124_13:17:29_313] # [T81090][VisionSlotAdd][1600]vision slot [1][2], u32Weight: 9, Sum: 393, SlotAng: 2.687, CurSlotAng: 2.729
[20240124_13:17:29_313] # [T81091][VisionSlotAddValidCheck][893]Vision slot Length: 2313,2314, Depth 4695,4694
[20240124_13:17:29_313] # [T81091][VisionSlotAdd][1521]Added Vision Slot[0][4] Num 5 OriCoord: 0: 3517, 3426; 1: 8210, 3263; 2: 8129, 950; 3: 3437, 1114
[20240124_13:17:29_313] # [T81092][VisionSlotAdd][1522]VehCoordAndAngle: 16, 11768, ang -0.005 (-0.276)
[20240124_13:17:29_313] # [T81092][VisionSlotAdd][1523]Current VehPos: 16, 11827, ang -0.005 (-0.279)
[20240124_13:17:29_317] # [T81093][VisionSlotAdd][1528]Convert Vision Slot[0][4] Coord: 0: -3484, 15211; 1: -8177, 15070; 2: -8107, 12757; 3: -3415, 12898
[20240124_13:17:29_317] # [T81094][VisionSlotAdd][1533]Old Vision Slot[0][4] Coord: 0: -3419, 15225; 1: -8074, 15134; 2: -8029, 12857; 3: -3375, 12948
[20240124_13:17:29_317] # [T81094][VisionSlotAddSlotWeightCal][1014]u32Weight: 12, CentreY: 2270.000, DisY: 982.000, SlotAng: -1.996
[20240124_13:17:29_326] # [T81095][VisionSlotAdd][1576]New Vision Slot[0][4] Coord: 0: -3428, 15223; 1: -8087, 15126; 2: -8040, 12844; 3: -3380, 12941
[20240124_13:17:29_327] # [T81096][VisionSlotAdd][1600]vision slot [0][4], u32Weight: 12, Sum: 91, SlotAng: -178.804, CurSlotAng: -178.281
[20240124_13:17:29_359] # [T81139][APARadarFilterSaveOblPointToSlotBuf][832]******  Outline[0] cnt [75] Point[73]  *******
[20240124_13:17:29_360] # [T81140][APARadarFilterSaveOblPointToSlotBuf][833]VehCoord[0][73]: 16, 11796, VehAng: -4
[20240124_13:17:29_369] # [T81140][APARadarFilterSaveOblPointToSlotBuf][834]OblCoord[0][73]: -2791, 15313, Dis: 1890, Big: 0
[20240124_13:17:29_369] # 
[20240124_13:17:29_369] # [T81151][APAVisionOblAdd][1323]Vision Obl merge: 63
[20240124_13:17:29_375] # [T81151][APAVisionOblAdd][1326]Receive Vision Obl CrossPointCoord: 0: 2199, 15395; 1: 7463, 15646
[20240124_13:17:29_375] # [T81151][APAVisionOblInfoDebugPrint][118]VisionOblInfo:
[20240124_13:17:29_375] # [T81152][APAVisionOblInfoDebugPrint][119]OblType: 0, bIsMerge 0, DetectCount 22
[20240124_13:17:29_377] # [T81152][APAVisionOblInfoDebugPrint][122]CrossPointCoord: 0: 2237, 15331; 1: 7178, 15569
[20240124_13:17:29_377] # [T81153][APAVisionOblInfoDebugPrint][125]OriginCrossPointCoord: 0: -2166, 3603; 1: -7428, 3879
[20240124_13:17:29_377] # [T81153][APAVisionOblInfoDebugPrint][126]VehCoordAndAng: 16, 11803, ang -0.005(-0.278)
[20240124_13:17:29_377] # [T81154][APAVisionOblInfoDebugPrint][127] 
[20240124_13:17:29_377] # [T81154][APAVisionOblAdd][1323]Vision Obl merge: 62
[20240124_13:17:29_377] # [T81154][APAVisionOblAdd][1326]Receive Vision Obl CrossPointCoord: 0: -8129, 15082; 1: -3440, 15141
[20240124_13:17:29_377] # [T81155][APAVisionOblInfoDebugPrint][118]VisionOblInfo:
[20240124_13:17:29_377] # [T81155][APAVisionOblInfoDebugPrint][119]OblType: 0, bIsMerge 0, DetectCount 16
[20240124_13:17:29_377] # [T81155][APAVisionOblInfoDebugPrint][122]CrossPointCoord: 0: -7438, 15123; 1: -3972, 15212
[20240124_13:17:29_378] # [T81156][APAVisionOblInfoDebugPrint][125]OriginCrossPointCoord: 0: 8162, 3240; 1: 3473, 3321
[20240124_13:17:29_378] # [T81157][APAVisionOblInfoDebugPrint][126]VehCoordAndAng: 16, 11803, ang -0.005(-0.278)
[20240124_13:17:29_378] # [T81157][APAVisionOblInfoDebugPrint][127] 
[20240124_13:17:29_378] # [T81157][APAVisionOblAdd][1323]Vision Obl merge: 61
[20240124_13:17:29_378] # [T81158][APAVisionOblAdd][1326]Receive Vision Obl CrossPointCoord: 0: 2386, 12939; 1: 7384, 13177
[20240124_13:17:29_383] # [T81158][APAVisionOblInfoDebugPrint][118]VisionOblInfo:
[20240124_13:17:29_383] # [T81158][APAVisionOblInfoDebugPrint][119]OblType: 0, bIsMerge 0, DetectCount 36
[20240124_13:17:29_383] # [T81159][APAVisionOblInfoDebugPrint][122]CrossPointCoord: 0: 2339, 12981; 1: 7250, 13211
[20240124_13:17:29_383] # [T81159][APAVisionOblInfoDebugPrint][125]OriginCrossPointCoord: 0: -2364, 1148; 1: -7361, 1410
[20240124_13:17:29_383] # [T81160][APAVisionOblInfoDebugPrint][126]VehCoordAndAng: 16, 11803, ang -0.005(-0.278)
[20240124_13:17:29_384] # [T81160][APAVisionOblInfoDebugPrint][127] 
[20240124_13:17:29_384] # [T81161][VisionSlotAddValidCheck][893]Vision slot Length: 2438,2438, Depth 5269,5269
[20240124_13:17:29_384] # [T81161][VisionSlotAdd][1521]Added Vision Slot[1][3] Num 4 OriCoord: 0: -2166, 3603; 1: -7428, 3879; 2: -7556, 1444; 3: -2294, 1168
[20240124_13:17:29_384] # [T81162][VisionSlotAdd][1522]VehCoordAndAgle: 16, 11803, ang -0.005 (-0.278)
[20240124_13:17:29_385] # [T81162][VisionSlotAdd][1523]Current VehPos: 16, 11827, ang -0.005 (-0.279)
[20240124_13:17:29_385] # [T81163][VisionSlotAdd][1528]Convert Vision Slot[1][3] Coord: 0: 2199, 15395; 1: 7463, 15646; 2: 7579, 13210; 3: 2316, 12960
[20240124_13:17:29_385] # [T81163][VisionSlotAdd][1533]Old Vision Slot[1][3] Coord: 0: 2239, 15350; 1: 7228, 15588; 2: 7340, 13253; 3: 2350, 13014
[20240124_13:17:29_385] # [T81164][VisionSlotAddSlotWeightCal][1014]u32Weight: 11, CentreY: 2385.500, DisY: 1097.500, SlotAng: 176.997
[20240124_13:17:29_385] # [T81165][VisionSlotAdd][1576]New Vision Slot[1][3] Coord: 0: 2234, 15355; 1: 7256, 15595; 2: 7368, 13248; 3: 2346, 13008
[20240124_13:17:29_391] # [T81165][VisionSlotAdd][1600]vision slot [1][3], u32Weight: 11, Sum: 92, SlotAng: 2.738, CurSlotAng: 2.725
[20240124_13:17:29_392] # [T81166][VisionSlotAddValidCheck][893]Vision slot Length: 2269,2270, Depth 4689,4688
[20240124_13:17:29_392] # [T81166][VisionSlotAdd][1521]Added Vision Slot[0][4] Num 5 OriCoord: 0: 3473, 3321; 1: 8162, 3240; 2: 8122, 970; 3: 3434, 1052
[20240124_13:17:29_392] # [T81167][VisionSlotAdd][1522]VehCoordAndAngle: 16, 11803, ang -0.005 (-0.278)
[20240124_13:17:29_392] # [T81167][VisionSlotAdd][1523]Current VehPos: 16, 11827, ang -0.005 (-0.279)
[20240124_13:17:29_393] # [T81168][VisionSlotAdd][1528]Convert Vision Slot[0][4] Coord: 0: -3440, 15141; 1: -8129, 15082; 2: -8100, 12812; 3: -3412, 12872
[20240124_13:17:29_393] # [T81169][VisionSlotAdd][1533]Old Vision Slot[0][4] Coord: 0: -3428, 15223; 1: -8087, 15126; 2: -8040, 12844; 3: -3380, 12941
[20240124_13:17:29_393] # [T81169][VisionSlotAddSlotWeightCal][1014]u32Weight: 13, CentreY: 2186.500, DisY: 898.500, SlotAng: -0.996
[20240124_13:17:29_393] # [T81170][VisionSlotAdd][1576]New Vision Slot[0][4] Coord: 0: -3429, 15213; 1: -8093, 15120; 2: -8047, 12840; 3: -3384, 12933
[20240124_13:17:29_393] # [T81171][VisionSlotAdd][1600]vision slot [0][4], u32Weight: 13, Sum: 104, SlotAng: -178.864, CurSlotAng: -179.282
[20240124_13:17:29_393] # [T81171][VisionSlotAddValidCheck][893]Vision slot Length: 2342,2342, Depth 5003,5003
[20240124_13:17:29_394] # [T81172][VisionSlotAdd][1521]Added Vision Slot[1][2] Num 4 Orioord: 0: -2364, 1148; 1: -7361, 1410; 2: -7484, -929; 3: -2487, -1191
[20240124_13:17:29_394] # [T81173][VisionSlotAdd][1522]VehCoordAndAngle: 16, 11803, ang -0.005 (-0.278)
[20240124_13:17:29_394] # [T81173][VisionSlotAdd][1523]Current VehPos: 16, 11827, ang -0.005 (-0.279)
[20240124_13:17:29_398] # [T81173][VisionSlotAdd][1528]Convert Vision Slot[1][2] Coord: 0: 2386, 12939; 1: 7384, 13177; 2: 7495, 10838; 3: 2497, 10600
[20240124_13:17:29_398] # [T81174][VisionSlotAdd][1533]Old Vision Slot[1][2] Coord: 0: 2356, 12996; 1: 7304, 13228; 2: 7414, 10867; 3: 2467, 10635
[20240124_13:17:29_398] # [T81175][VisionSlotAddSlotWeightCal][1014]u32Weight: 8, CentreY: -21.500, DisY: 1309.500, SlotAng: 176.999
[20240124_13:17:29_399] # [T81175][VisionSlotAdd][1576]New Vision Slot[1][2] Coord: 0: 2356, 12995; 1: 7305, 13227; 2: 7416, 10867; 3: 2467, 10635
[20240124_13:17:29_404] # [T81176][VisionSlotAdd][1600]vision slot [1][2], u32Weight: 8, Sum: 401, SlotAng: 2.688, CurSlotAng: 2.724
[20240124_13:17:29_411] # [T81190][APARadarFilterSaveOblPointToSlotBuf][832]******  Outline[0] cnt [76] Point[74]  *******
[20240124_13:17:29_411] # [T81190][APARadarFilterSaveOblPointToSlotBuf][833]VehCoord[0][74]: 16, 11807, VehAng: -4
[20240124_13:17:29_419] # [T81191][APARadarFilterSaveOblPointToSlotBuf][834]OblCoord[0][74]: -3205, 15399, Dis: 2304, Big: 0
[20240124_13:17:29_419] # 
[20240124_13:17:29_449] # [T81232][APAVisionOblAdd][1323]Vision Obl merge: 63
[20240124_13:17:29_452] # [T81232][APAVisionOblAdd][1326]Receive Vision Obl CrossPointCoord: 0: 2212, 15345; 1: 7432, 15594
[20240124_13:17:29_452] # [T81233][APAVisionOblInfoDebugPrint][118]VisionOblInfo:
[20240124_13:17:29_452] # [T81233][APAVisionOblInfoDebugPrint][119]OblType: 0, bIsMerge 0, DetectCount 23
[20240124_13:17:29_454] # [T81233][APAVisionOblInfoDebugPrint][122]CrossPointCoord: 0: 2236, 15332; 1: 7189, 15570
[20240124_13:17:29_454] # [T81234][APAVisionOblInfoDebugPrint][125]OiginCrossPointCoord: 0: -2179, 3529; 1: -7397, 3803
[20240124_13:17:29_454] # [T81234][APAVisionOblInfoDebugPrint][126]VehCoordAndAng: 16, 11827, ang -0.005(-0.279)
[20240124_13:17:29_454] # [T81235][APAVisionOblInfoDebugPrint][127] 
[20240124_13:17:29_459] # [T81235][APAVisionOblInsert][847]Vision Obl insert: 61
[20240124_13:17:29_459] # [T81235][APAVisionOblInfoDebugPrint][118]VisionOblInfo:
[20240124_13:17:29_459] # [T81236][APAVisionOblInfoDebugPrint][119]OblType: 0, bIsMerge 0, DetectCount 1
[20240124_13:17:29_459] # [T81236][APAVisionOblInfoDebugPrint][122]CrossPointCoord: 0: -8019, 14997; 1: -3462, 15134
[20240124_13:17:29_460] # [T81237][APAVisionOblInfoDebugPrint][125]OriginCrossPointCoord: 0: 8051, 3131; 1: 3495, 3290
[20240124_13:17:29_460] # [T81237][APAVisionOblInfoDebugPrint][126]VehCoordAndAng: 16, 11827, ang -0.005(-0.279)
[20240124_13:17:29_460] # [T81238][APAVisionOblInfoDebugPrint][127] 
[20240124_13:17:29_460] # [T81238][APAVisionOblAdd][1323]Vision Obl merge: 60
[20240124_13:17:29_460] # [T81238][APAVisionOblAdd][1326]Receive Vision Obl CrossPointCoord: 0: 2395, 12924; 1: 7350, 13160
[20240124_13:17:29_460] # [T81239][APAVisionOblInfoDebugPrint][118]VisionOblInfo:
[20240124_13:17:29_460] # [T81239][APAVisionOblInfoDebugPrint][119]OblType: 0, bIsMerge 0, DetectCount 37
[20240124_13:17:29_461] # [T81240][APAVisionOblInfoDebugPrint][122]CrossPointCoord: 0: 2340, 12979; 1: 7253, 13209
[20240124_13:17:29_461] # [T81240][APAVisionOblInfoDebugPrint][125]OriginCrossPointCoord: 0: -2373, 1109; 1: -7327, 1369
[20240124_13:17:29_461] # [T81241][APAVisionOblInfoDebugPrint][126]VehCoordAndAng: 16, 11827, ang -0.005(-0.279)
[20240124_13:17:29_461] # [T81241][APAVisionOblInfoDebugPrint][127] 
[20240124_13:17:29_467] # [T81241][VisionSlotAddValidCheck][893]Vision slot Length: 2401,2402, Depth 5225,5226
[20240124_13:17:29_467] # [T81242][VisionSlotAdd][1521]Added Vision Slot[1][3] Num 4 OriCoord: 0: -2179, 3529; 1: -7397, 3803; 2: -7523, 1404; 3: -2304, 1131
[20240124_13:17:29_467] # [T81242][VisionSlotAdd][1522]VehCoordAndAngle: 16, 11827, ang -0.005 (-0.279)
[20240124_13:17:29_467] # [T81243][VisionSlotAdd][1523]Current VehPos: 16, 11827, ang -0.005 (-0.279)
[20240124_13:17:29_467] # [T81243][VisionSlotAdd][1528]Convert Vision Slot[1][3] Coord: 0: 2212, 15345; 1: 7432, 15594; 2: 7546, 13194; 3: 2326, 12947
[20240124_13:17:29_468] # [T81244][VisionSlotAdd][1533]Old Vision Slot[1][3] Coord: 0: 2234, 15355; 1: 7256, 15595; 2: 7368, 13248; 3: 2346, 13008
[20240124_13:17:29_468] # [T81245][VisionSlotAddSlotWeightCal][1014]u32Weight: 11, CentreY: 2330.000, DisY: 1042.000, SlotAng: 177.000
[20240124_13:17:29_468] # [T81245][VisionSlotAdd][1576]New Vision Slot[1][3] Coord: 0: 2232, 15354; 1: 7275, 15595; 2: 7387, 13242; 3: 2344, 13001
[20240124_13:17:29_468] # [T81246][VisionSlotAdd][1600]vision slot [1][3], u32Weight: 11, Sum: 103, SlotAng: 2.736, CurSlotAng: 2.721
[20240124_13:17:29_468] # [T81247][VisionSlotAddValidCheck][893]Vision slot Length: 2263,2263, Depth 4558,4558
[20240124_13:17:29_469] # [T81247][VisionSlotAdd][1521]Added Vision Slot[0][4] Num 5 OriCoord: 0: 3495, 3290; 1: 8051, 3131; 2: 7972, 869; 3: 3416, 1028
[20240124_13:17:29_469] # [T81248][VisionSlotAdd][1522]VehCoordAndAngle: 16, 11827, ang -0.005 (-0.279)
[20240124_13:17:29_469] # [T81248][VisionSlotAdd][1523]Current VehPos: 16, 11827, ang -0.005 (-0.279)
[20240124_13:17:29_469] # [T81249][VisionSlotAdd][1528]Convert Vision Slot[0][4] Coord: 0: -3462, 15134; 1: -8019, 14997; 2: -7951, 12735; 3: -3394, 12872
[20240124_13:17:29_472] # [T81249][VisionSlotAdd][1533]Old Vision Slot[0][4] Coord: 0: -3429, 15213; 1: -8093, 15120; 2: -8047, 12840; 3: -3384, 12933
[20240124_13:17:29_474] # [T81250][VisionSlotAddSlotWeightCal][1014]u32Weight: 13, CentreY: 2159.000, DisY: 871.000, SlotAng: -1.999
[20240124_13:17:29_474] # [T81251][VisionSlotAdd][1576]New Vision Slot[0][4] Coord: 0: -3433, 15204; 1: -8084, 15107; 2: -8036, 12828; 3: -3385, 12926
[20240124_13:17:29_474] # [T81252][VisionSlotAdd][1600]vision slot [0][4], u32Weight: 13, Sum: 117, SlotAng: -178.801, CurSlotAng: -178.280
[20240124_13:17:29_474] # [T81252][VisionSlotAddValidCheck][893]Vision slot Length: 2320,2321, Depth 4960,4959
[20240124_13:17:29_475] # [T81253][VisionSlotAdd][1521]Added Vision Slot[1][2] Num 4 OriCord: 0: -2373, 1109; 1: -7327, 1369; 2: -7448, -949; 3: -2495, -1208
[20240124_13:17:29_475] # [T81253][VisionSlotAdd][1522]VehCoordAndAngle: 16, 11827, ang -0.005 (-0.279)
[20240124_13:17:29_475] # [T81254][VisionSlotAdd][1523]Current VehPos: 16, 11827, ang -0.005 (-0.279)
[20240124_13:17:29_475] # [T81254][VisionSlotAdd][1528]Convert Vision Slot[1][2] Coord: 0: 2395, 12924; 1: 7350, 13160; 2: 7459, 10842; 3: 2505, 10607
[20240124_13:17:29_479] # [T81255][VisionSlotAdd][1533]Old Vision Slot[1][2] Coord: 0: 2356, 12995; 1: 7305, 13227; 2: 7416, 10867; 3: 2467, 10635
[20240124_13:17:29_479] # [T81256][VisionSlotAddSlotWeightCal][1014]u32Weight: 8, CentreY: -49.500, DisY: 1337.500, SlotAng: 177.001
[20240124_13:17:29_481] # [T81256][VisionSlotAdd][1576]New Vision Slot[1][2] Coord: 0: 2357, 12993; 1: 7306, 13226; 2: 7417, 10866; 3: 2468, 10634
[20240124_13:17:29_481] # [T81257][VisionSlotAdd][1600]vision slot [1][2], u32Weight: 8, Sum: 409, SlotAng: 2.688, CurSlotAng: 2.720
[20240124_13:17:29_481] # [T81258][APARadarFilterSaveOblPointToSlotBuf][832]******  Outline[1] cnt [52] Point[50]  *******
[20240124_13:17:29_481] # [T81258][APARadarFilterSaveOblPointToSlotBuf][833]VehCoord[1][50]: 16, 11827, VehAng: -4
[20240124_13:17:29_499] # [T81259][APARadarFilterSaveOblPointToSlotBuf][834]OblCoord[1][50]: 4584, 15612, Dis: 3616, Big: 0
[20240124_13:17:29_499] # 
[20240124_13:17:29_511] # [T81293][APARadarFilterSaveOblPointToSlotBuf][832]******  Outline[0] cnt [77] Point[75]  *******
[20240124_13:17:29_514] # [T81294][APARadarFilterSaveOblPointToSlotBuf][833]VehCoord[0][75]: 16, 11827, VehAng: -4
[20240124_13:17:29_531] # [T81294][APARadarFilterSaveOblPointToSlotBuf][834]OblCoord[0][75]: -5180, 15777, Dis: 4281, Big: 0
[20240124_13:17:29_531] # 
[20240124_13:17:29_531] # [T81313][APAVisionOblAdd][1323]Vision Obl merge: 63
[20240124_13:17:29_532] # [T81313][APAVisionOblAdd][1326]Receive Vision Obl CrossPointCoord: 0: 2199, 15343; 1: 7455, 15594
[20240124_13:17:29_532] # [T81313][APAVisionOblInfoDebugPrint][118]VisionOblInfo:
[20240124_13:17:29_536] # [T81314][APAVisionOblInfoDebugPrint][119]OblType: 0, bIsMerge 0, DetectCount 24
[20240124_13:17:29_536] # [T81314][APAVisionOblInfoDebugPrint][122]CrossPointCoord: 0: 2235, 15332; 1: 7200, 15571
[20240124_13:17:29_536] # [T81315][APAVisionOblInfoDebugPrint][125]OriginCrossPointCoord: 0: -2166, 3527; 1: -7420, 3803
[20240124_13:17:29_537] # [T81315][APAVisionOblInfoDebugPrint][126]VehCoordAndAng: 16, 11827, ang -0.005(-0.279)
[20240124_13:17:29_537] # [T81316][APAVisionOblInfoDebugPrint][127] 
[20240124_13:17:29_537] # [T81316][APAVisionOblAdd][1323]Vision Obl merge: 60
[20240124_13:17:29_537] # [T81316][APAVisionOblAdd][1326]Receive Vision Obl CrossPointCoord: 0: 2405, 12913; 1: 7410, 13151
[20240124_13:17:29_537] # [T81317][APAVisionOblInfoDebugPrint][118]VisionOblInfo:
[20240124_13:17:29_537] # [T81317][APAVisionOblInfoDebugPrint][119]OblType: 0, bIsMerge 0, DetectCount 38
[20240124_13:17:29_537] # [T81318][APAVisionOblInfoDebugPrint][122]CrossPointCoord: 0: 2342, 12977; 1: 7257, 13208
[20240124_13:17:29_542] # [T81318][APAVisionOblInfoDebugPrint][125]OriginCrossPointCoord: 0: -2384, 1098; 1: -7387, 1360
[20240124_13:17:29_542] # [T81319][APAVisionOblInfoDebugPrint][126]VehCoordAndAng: 16, 11827, ang -0.005(-0.279)
[20240124_13:17:29_542] # [T81319][APAVisionOblInfoDebugPrint][127] 
[20240124_13:17:29_543] # [T81319][APAVisionOblAdd][1323]Vision Obl merge: 61
[20240124_13:17:29_543] # [T81320][APAVisionOblAdd][1326]Receive Vision Obl CrossPointCoord: 0: -8038, 14988; 1: -3478, 15125
[20240124_13:17:29_548] # [T81320][APAVisionOblInfoDebugPrint][118]VisionOblInfo:
[20240124_13:17:29_548] # [T81320][APAVisionOblInfoDebugPrint][119]OblType: 0, bIsMerge 0, DetectCount 2
[20240124_13:17:29_548] # [T81321][APAVisionOblInfoDebugPrint][122]CrossPointCoord: 0: -8028, 14993; 1: -3470, 15129
[20240124_13:17:29_548] # [T81321][APAVisionOblInfoDebugPrint][125]OriginCrossPointCoord: 0: 8070, 3122; 1: 3511, 3281
[20240124_13:17:29_548] # [T81322][APAVisionOblInfoDebugPrint][126]VehCoordAndAng: 16, 11827, ang -0.005(-0.279)
[20240124_13:17:29_548] # [T81322][APAVisionOblInfoDebugPrint][127] 
[20240124_13:17:29_548] # [T81323][VisionSlotAddValidCheck][893]Vision slot Length: 2463,2464, Depth 5261,5262
[20240124_13:17:29_548] # [T81323][VisionSlotAdd][1521]Added Vision Slot[1][3] Num 4 OriCoord: 0: -2166, 3527; 1: -7420, 3803; 2: -7549, 1342; 3: -2294, 1067
[20240124_13:17:29_548] # [T81324][VisionSlotAdd][1522]VehCoordAndAngle: 16, 11827, ang -0.005 (-0.279)
[20240124_13:17:29_551] # [T81324][VisionSlotAdd][1523]Current VehPos: 16, 11827, ang -0.005 (-0.279)
[20240124_13:17:29_551] # [T81325][VisionSlotAdd][1528]Convert Vision Slot[1][3] Coord: 0: 2199, 15343; 1: 7455, 15594; 2: 7572, 13132; 3: 2315, 12883
[20240124_13:17:29_551] # [T81325][VisionSlotAdd][1533]Old Vision Slot[1][3] Coord: 0: 2232, 15354; 1: 7275, 15595; 2: 7387, 13242; 3: 2344, 13001
[20240124_13:17:29_551] # [T81326][VisionSlotAddSlotWeightCal][1014]u32Weight: 12, CentreY: 2297.000, DisY: 1009.000, SlotAng: 176.999
[20240124_13:17:29_552] # [T81327][VisionSlotAdd][1576]New Vision Slot[1][3] Coord: 0: 2228, 15353; 1: 7294, 15595; 2: 7406, 13231; 3: 2341, 12989
[20240124_13:17:29_552] # [T81327][VisionSlotAdd][1600]vision slot [1][3], u32Weight: 12, Sum: 115, SlotAng: 2.734, CurSlotAng: 2.723
[20240124_13:17:29_552] # [T81328][VisionSlotAddValidCheck][893]Vision slot Length: 2336,2336, Depth 5009,5008
[20240124_13:17:29_552] # [T81328][VisionSlotAdd][1521]Added Vision Slot[1][2] Num 4 OriCoord: 0: -2384, 1098; 1: -7387, 1360; 2: -7509, -973; 3: -2507, -1235
[20240124_13:17:29_552] # [T81329][VisionSlotAdd][1522]VehCoordAndAngle: 16, 11827, ang -0.005 (-0.279)
[20240124_13:17:29_552] # [T81330][VisionSlotAdd][1523]Current VehPos: 16, 11827, ang -0.005 (-0.279)
[20240124_13:17:29_553] # [T81330][VisionSlotAdd][1528]Convert Vision Slot[1][2] Coord: 0: 2405, 12913; 1: 7410, 13151; 2: 7520, 10817; 3: 2517, 10580
[20240124_13:17:29_553] # [T81331][VisionSlotAdd][1533]Old Vision Slot[1][2] Coord: 0: 2357, 12993; 1: 7306, 13226; 2: 7417, 10866; 3: 2468, 10634
[20240124_13:17:29_553] # [T81331][VisionSlotAddSlotWeightCal][1014]u32Weight: 8, CentreY: -68.500, DisY: 1356.500, SlotAng: 177.002
[20240124_13:17:29_553] # [T81332][VisionSlotAdd][1576]New Vision Slot[1][2] Coord: 0: 2358, 12992; 1: 7308, 13224; 2: 7419, 10865; 3: 2469, 10633
[20240124_13:17:29_557] # [T81333][VisionSlotAdd][1600]vision slot [1][2], u32Weight: 8, Sum: 417, SlotAng: 2.689, CurSlotAng: 2.719
[20240124_13:17:29_557] # [T81333][VisionSlotAddValidCheck][893]Vision slot Length: 2262,2262, Depth 4561,4561
[20240124_13:17:29_558] # [T81334][VisionSlotAdd][1521]Added Vision Slot[0][4] Num 5 OriCoord: 0: 3511, 3281; 1: 8070, 3122; 2: 7991, 861; 3: 3432, 1020
[20240124_13:17:29_560] # [T81334][VisionSlotAdd][1522]VehCoordAndAngle: 16, 11827, ang -0.005 (-0.279)
[20240124_13:17:29_560] # [T81335][VisionSlotAdd][1523]Current VehPos: 16, 11827, ang -0.005 (-0.279)
[20240124_13:17:29_560] # [T81335][VisionSlotAdd][1528]Convert Vision Slot[0][4] Coord: 0: -3478, 15125; 1: -8038, 14988; 2: -7970, 12727; 3: -3410, 12864
[20240124_13:17:29_560] # [T81336][VisionSlotAdd][1533]Old Vision Slot[0][4] Coord: 0: -3433, 15204; 1: -8084, 15107; 2: -8036, 12828; 3: -3385, 12926
[20240124_13:17:29_560] # [T81337][VisionSlotAddSlotWeightCal][1014]u32Weight: 13, CentreY: 2150.500, DisY: 862.500, SlotAng: -1.997
[20240124_13:17:29_578] # [T81337][VisionSlotAdd][1576]New Vision Slot[0][4] Coord: 0: -3437, 15196; 1: -8080, 15095; 2: -8030, 12818; 3: -3388, 12920
[20240124_13:17:29_578] # [T81338][VisionSlotAdd][1600]vision slot [0][4], u32Weight: 13, Sum: 130, SlotAng: -178.750, CurSlotAng: -178.281
[20240124_13:17:29_620] # [T81401][APAVisionOblAdd][1323]Vision Obl merge: 60
[20240124_13:17:29_620] # [T81401][APAVisionOblAdd][1326]Receive Vision Obl CrossPointCoord: 0: 2367, 12893; 1: 7447, 13134
[20240124_13:17:29_620] # [T81401][APAVisionOblInfoDebugPrint][118]VisionOblInfo:
[20240124_13:17:29_620] # [T81402][APAVisionOblInfoDebugPrint][119]OblType: 0, bIsMerge 0, DetectCount 39
[20240124_13:17:29_620] # [T81402][APAVisionOblInfoDebugPrint][122]CrossPointCoord: 0: 2342, 12975; 1: 7262, 13206
[20240124_13:17:29_626] # [T81403][APAVisionOblInfoDebugPrint][125]OriginCrossPointCoord: 0: -2346, 1077; 1: -7424, 1343
[20240124_13:17:29_626] # [T81403][APAVisionOblInfoDebugPrint][126]VehCoordAndAng: 16, 11827, ang -0.005(-0.279)
[20240124_13:17:29_626] # [T81404][APAVisionOblInfoDebugPrint][127] 
[20240124_13:17:29_626] # [T81404][APAVisionOblAdd][1323]Vision Obl merge: 63
[20240124_13:17:29_627] # [T81404][APAVisionOblAdd][1326]Receive Vision Obl CrossPointCoord: 0: 2289, 15316; 1: 7432, 15560
[20240124_13:17:29_627] # [T81405][APAVisionOblInfoDebugPrint][118]VisionOblInfo:
[20240124_13:17:29_627] # [T81405][APAVisionOblInfoDebugPrint][119]OblType: 0, bIsMerge 0, DetectCount 25
[20240124_13:17:29_627] # [T81405][APAVisionOblInfoDebugPrint][122]CrossPointCoord: 0: 2237, 15332; 1: 7209, 15571
[20240124_13:17:29_627] # [T81406][APAVisionOblInfoDebugPrint][125]OriginCrossPointCoord: 0: -2256, 3500; 1: -7398, 3769
[20240124_13:17:29_627] # [T81406][APAVisionOblInfoDebugPrint][126]VehCoordAndAng: 16, 11827, ang -0.005(-0.279)
[20240124_13:17:29_627] # [T81407][APAVisionOblInfoDebugPrint][127] 
[20240124_13:17:29_627] # [T81407][APAVisionOblAdd][1323]Vision Obl merge: 61
[20240124_13:17:29_629] # [T81407][APAVisionOblAdd][1326]Receive Vision Obl CrossPointCoord: 0: -8049, 14971; 1: -3506, 15107
[20240124_13:17:29_631] # [T81408][APAVisionOblInfoDebugPrint][118]VisionOblInfo:
[20240124_13:17:29_631] # [T81408][APAVisionOblInfoDebugPrint][119]OblType: 0, bIsMerge 0, DetectCount 3
[20240124_13:17:29_631] # [T81409][APAVisionOblInfoDebugPrint][122]CrossPointCoord: 0: -8035, 14986; 1: -3482, 15122
[20240124_13:17:29_631] # [T81409][APAVisionOblInfoDebugPrint][125]OriginCrossPointCoord: 0: 8081, 3105; 1: 3539, 3263
[20240124_13:17:29_631] # [T81410][APAVisionOblInfoDebugPrint][126]VehCoordAndAng: 16, 11827, ang -0.005(-0.279)
[20240124_13:17:29_631] # [T81410][APAVisionOblInfoDebugPrint][127] 
[20240124_13:17:29_632] # [T81411][VisionSlotAddValidCheck][893]Vision slot Length: 2354,2353, Depth 5084,5086
[20240124_13:17:29_632] # [T81411][VisionSlotAdd][1521]Added Vision Slot[1][2] Num 4 OriCoord: 0: -2346, 1077; 1: -7424, 1343; 2: -7548, -1007; 3: -2469, -1274
[20240124_13:17:29_632] # [T81412][VisionSlotAdd][1522]VehCoordAndAngle: 16, 11827, ang -0.005 (-0.279)
[20240124_13:17:29_632] # [T81412][VisionSlotAdd][1523]Current VehPos: 16, 11827, ang -0.005 (-0.279)
[20240124_13:17:29_638] # [T81413][VisionSlotAdd][1528]Convert Vision Slot[1][2] Coord: 0: 2367, 12893; 1: 7447, 13134; 2: 7559, 10783; 3: 2479, 10541
[20240124_13:17:29_638] # [T81413][VisionSlotAdd][1533]Old Vision Slot[1][2] Coord: 0: 2358, 12992; 1: 7308, 13224; 2: 7419, 10865; 3: 2469, 10633
[20240124_13:17:29_639] # [T81414][VisionSlotAddSlotWeightCal][1014]u32Weight: 7, CentreY: -98.500, DisY: 1386.500, SlotAng: 176.996
[20240124_13:17:29_639] # [T81415][VisionSlotAdd][1576]New Vision Slot[1][2] Coord: 0: 2358, 12990; 1: 7310, 13223; 2: 7421, 10864; 3: 2469, 10631
[20240124_13:17:29_639] # [T81415][VisionSlotAdd][1600]vision slot [1][2], u32Weight: 7, Sum: 424, SlotAng: 2.690, CurSlotAng: 2.725
[20240124_13:17:29_639] # [T81416][VisionSlotAddValidCheck][893]Vision slot Length: 2393,2392, Depth 5149,5150
[20240124_13:17:29_639] # [T81416][VisionSlotAdd][1521]Added Vision Slot[1][3] Num 4 OriCoord: 0: -2256, 3500; 1: -7398, 3769; 2: -7524, 1380; 3: -2381, 1110
[20240124_13:17:29_641] # [T81417][VisionSlotAdd][1522]VehCoordAndAngle: 16, 11827, ang -0.005 (-.279)
[20240124_13:17:29_641] # [T81417][VisionSlotAdd][1523]Current VehPos: 16, 11827, ang -0.005 (-0.279)
[20240124_13:17:29_641] # [T81418][VisionSlotAdd][1528]Convert Vision Slot[1][3] Coord: 0: 2289, 15316; 1: 7432, 15560; 2: 7547, 13170; 3: 2403, 12925
[20240124_13:17:29_641] # [T81419][VisionSlotAdd][1533]Old Vision Slot[1][3] Coord: 0: 2228, 15353; 1: 7294, 15595; 2: 7406, 13231; 3: 2341, 12989
[20240124_13:17:29_641] # [T81419][VisionSlotAddSlotWeightCal][1014]u32Weight: 11, CentreY: 2305.000, DisY: 1017.000, SlotAng: 177.000
[20240124_13:17:29_641] # [T81420][VisionSlotAdd][1576]New Vision Slot[1][3] Coord: 0: 2234, 15350; 1: 7306, 15592; 2: 7419, 13225; 3: 2346, 12983
[20240124_13:17:29_647] # [T81421][VisionSlotAdd][1600]vision slot [1][3], u32Weight: 11, Sum: 126, SlotAng: 2.733, CurSlotAng: 2.721
[20240124_13:17:29_648] # [T81421][VisionSlotAddValidCheck][893]Vision slot Length: 2259,2260, Depth 4544,4545
[20240124_13:17:29_648] # [T81422][VisionSlotAdd][1521]Added Vision Slot[0][4] Num 5 OriCoord: 0: 3539, 3263; 1: 8081, 3105; 2: 8003, 846; 3: 3460, 1005
[20240124_13:17:29_648] # [T81422][VisionSlotAdd][1522]VehCoordAndAngle: 16, 11827, ang -0.005 (-0.279)
[20240124_13:17:29_648] # [T81423][VisionSlotAdd][1523]Current VehPos: 16, 11827, ang -0.005 (-0.279)
[20240124_13:17:29_649] # [T81423][VisionSlotAdd][1528]Convert Vision Slot[0][4] Coord: 0: -3506, 15107; 1: -8049, 14971; 2: -7982, 12712; 3: -3438, 12849
[20240124_13:17:29_649] # [T81424][VisionSlotAdd][1533]Old Vision Slot[0][4] Coord: 0: -3437, 15196; 1: -8080, 15095; 2: -8030, 12818; 3: -3388, 12920
[20240124_13:17:29_649] # [T81425][VisionSlotAddSlotWeightCal][1014]u32Weight: 13, CentreY: 2134.000, DisY: 846.000, SlotAng: -1.998
[20240124_13:17:29_653] # [T81425][VisionSlotAdd][1576]New Vision Slot[0][4] Coord: 0: -3444, 15188; 1: -8077, 15084; 2: -8025, 12808; 3: -3392, 12913
[20240124_13:17:29_653] # [T81426][VisionSlotAdd][1600]vision slot [0][4], u32Weight: 13, Sum: 143, SlotAng: -178.708, CurSlotAng: -178.280
[20240124_13:17:29_664] #   81430-task_radar-118: RadarCaptureCnt is 367 
[20240124_13:17:29_664] # 
[20240124_13:17:29_670] # [T81445][APARadarFilterSaveOblPointToSlotBuf][832]******  Outline[1] cnt [53] Point[51]  *******
[20240124_13:17:29_671] # [T81445][APARadarFilterSaveOblPointToSlotBuf][833]VehCoord[1][51]: 16, 11827, VehAng: -4
[20240124_13:17:29_671] # [T81446][APARadarFilterSaveOblPointToSlotBuf][834]OblCoord[1][51]: 4573, 15610, Dis: 3605, Big: 0
[20240124_13:17:29_671] # 
[20240124_13:17:29_698] # [T81481][VisionSlotAddValidCheck][893]Vision slot Length: 2463,2463, Depth 5257,5257
[20240124_13:17:29_702] # [T81481][VisionSlotAdd][1521]Added Vision Slot[1][3] Num 4 OriCoord: 0: -2191, 3546; 1: -7441, 3821; 2: -7570, 1361; 3: -2320, 1086
[20240124_13:17:29_702] # [T81482][VisionSlotAdd][1522]VehCoordAndAngle: 16, 11827, ang -0.005 (-0.279)
[20240124_13:17:29_702] # [T81482][VisionSlotAdd][1523]Current VehPos: 16, 11827, ang -0.005 (-0.279)
[20240124_13:17:29_702] # [T81482][VisionSlotAdd][1528]Convert Vision Slot[1][3] Coord: 0: 2224, 15362; 1: 7476, 15612; 2: 7593, 13151; 3: 2341, 12902
[20240124_13:17:29_707] # [T81483][VisionSlotAdd][1533]Old Vision Slot[1][3] Coord: 0: 2234, 15350; 1: 7306, 15592; 2: 7419, 13225; 3: 2346, 12983
[20240124_13:17:29_707] # [T81484][VisionSlotAddSlotWeightCal][1014]u32Weight: 11, CentreY: 2316.000, DisY: 1028.000, SlotAng: 177.002
[20240124_13:17:29_708] # [T81484][VisionSlotAdd][1576]New Vision Slot[1][3] Coord: 0: 2233, 15351; 1: 7319, 15594; 2: 7433, 13219; 3: 2346, 12977
[20240124_13:17:29_708] # [T81485][VisionSlotAdd][1600]vision slot [1][3], u32Weight: 11, Sum: 137, SlotAng: 2.732, CurSlotAng: 2.720
[20240124_13:17:29_708] # [T81486][VisionSlotAddValidCheck][893]Vision slot Length: 2251,2251, Depth 4642,4642
[20240124_13:17:29_708] # [T81486][VisionSlotAdd][1521]Added Vision Slot[0][4] Num 5 OriCoord: 0: 3508, 3266; 1: 8148, 3104; 2: 8069, 854; 3: 3429, 1016
[20240124_13:17:29_709] # [T81487][VisionSlotAdd][1522]VehCoordAndAngle: 16, 11827, ang -0.005 (-0.279)
[20240124_13:17:29_709] # [T81487][VisionSlotAdd][1523]Current VehPos: 16, 11827, ang -0.005 (-0.279)
[20240124_13:17:29_709] # [T81488][VisionSlotAdd][1528]Convert Vision Slot[0][4] Coord: 0: -3475, 15110; 1: -8116, 14971; 2: -8048, 12720; 3: -3407, 12860
[20240124_13:17:29_709] # [T81488][VisionSlotAdd][1533]Old Vision Slot[0][4] Coord: 0: -3444, 15188; 1: -8077, 15084; 2: -8025, 12808; 3: -3392, 12913
[20240124_13:17:29_714] # [T81489][VisionSlotAddSlotWeightCal][1014]u32Weight: 13, CentreY: 2141.000, DisY: 853.000, SlotAng: -2.000
[20240124_13:17:29_715] # [T81490][VisionSlotAdd][1576]New Vision Slot[0][4] Coord: 0: -3446, 15181; 1: -8080, 15074; 2: -8027, 12801; 3: -3393, 12909
[20240124_13:17:29_715] # [T81490][VisionSlotAdd][1600]vision slot [0][4], u32Weight: 13, Sum: 156, SlotAng: -178.672, CurSlotAng: -178.279
[20240124_13:17:29_715] # [T81491][VisionSlotAddValidCheck][893]Vision slot Length: 2326,2326, Depth 4935,4934
[20240124_13:17:29_715] # [T81492][VisionSlotAdd][1521]Added Vision Slot[1][2] Num 4 OriCoord: 0: -2389, 1088; 1: -7318, 1346; 2: -7439, -977; 3: -2511, -1235
[20240124_13:17:29_715] # [T81492][VisionSlotAdd][1522]VehCoordAndAngle: 16, 11827, ang -0.005 (-0.279)
[20240124_13:17:29_716] # [T81493][VisionSlotAdd][1523]Current VehPos: 16, 11827, ang -0.005 (-0.279)
[20240124_13:17:29_716] # [T81493][VisionSlotAdd][1528]Convert Vision Slot[1][2] Coord: 0: 2410, 12903; 1: 7341, 13137; 2: 7450, 10814; 3: 2521, 10580
[20240124_13:17:29_716] # [T81494][VisionSlotAdd][1533]Old Vision Slot[1][2] Coord: 0: 2358, 12990; 1: 7310, 13223; 2: 7421, 10864; 3: 2469, 10631
[20240124_13:17:29_716] # [T81495][VisionSlotAddSlotWeightCal][1014]u32Weight: 8, CentreY: -73.500, DisY: 1361.500, SlotAng: 177.003
[20240124_13:17:29_716] # [T81495][VisionSlotAdd][1576]New Vision Slot[1][2] Coord: 0: 2359, 12988; 1: 7311, 13221; 2: 7422, 10863; 3: 2470, 10630
[20240124_13:17:29_719] # [T81496][VisionSlotAdd][1600]vision slot [1][2], u32Weight: 8, Sum: 432, SlotAng: 2.690, CurSlotAng: 2.718
[20240124_13:17:29_719] # [T81498][APAVisionOblAdd][1323]Vision Obl merge: 63
[20240124_13:17:29_721] # [T81498][APAVisionOblAdd][1326]Receive Vision Obl CrossPointCoord: 0: 2224, 15362; 1: 7476, 15612
[20240124_13:17:29_721] # [T81499][APAVisionOblInfoDebugPrint][118]VisionOblInfo:
[20240124_13:17:29_721] # [T81499][APAVisionOblInfoDebugPrint][119]OblType: 0, bIsMerge 0, DetectCount 26
[20240124_13:17:29_721] # [T81499][APAVisionOblInfoDebugPrint][122]CrossPointCoord: 0: 2237, 15333; 1: 7219, 15572
[20240124_13:17:29_721] # [T81500][APAVisionOblInfoDebugPrint][125]OriginCrossPointCoord: 0: -2191, 3546; 1: -7441, 3821
[20240124_13:17:29_721] # [T81500][APAVisionOblInfoDebugPrint][126]VehCoordAndAng: 16, 11827, ang -0.005(-0.279)
[20240124_13:17:29_721] # [T81501][APAVisionOblInfoDebugPrint][127] 
[20240124_13:17:29_721] # [T81501][APAVisionOblAdd][1323]Vision Obl merge: 61
[20240124_13:17:29_721] # [T81501][APAVisionOblAdd][1326]Receive Vision Obl CrossPointCoord: 0: -8116, 14971; 1: -3475, 15110
[20240124_13:17:29_727] # [T81502][APAVisionOblInfoDebugPrint][118]VisionOblInfo:
[20240124_13:17:29_727] # [T81502][APAVisionOblInfoDebugPrint][119]OblType: 0, bIsMerge 0, DetectCount 4
[20240124_13:17:29_727] # [T81503][APAVisionOblInfoDebugPrint][122]CrossPointCoord: 0: -8055, 14982; 1: -3480, 15119
[20240124_13:17:29_728] # [T81503][APAVisionOblInfoDebugPrint][125]OriginCrossPointCoord: 0: 8148, 3104; 1: 3508, 3266
[20240124_13:17:29_728] # [T81504][APAVisionOblInfoDebugPrint][126]VehCoordAndAng: 16, 11827, ang -0.005(-0.279)
[20240124_13:17:29_728] # [T81504][APAVisionOblInfoDebugPrint][127] 
[20240124_13:17:29_728] # [T81504][APAVisionOblAdd][1323]Vision Obl merge: 60
[20240124_13:17:29_728] # [T81505][APAVisionOblAdd][1326]Receive Vision Obl CrossPointCoord: 0: 2410, 12903; 1: 7341, 13137
[20240124_13:17:29_728] # [T81505][APAVisionOblInfoDebugPrint][118]VisionOblInfo:
[20240124_13:17:29_728] # [T81506][APAVisionOblInfoDebugPrint][119]OblType: 0, bIsMerge 0, DetectCount 40
[20240124_13:17:29_729] # [T81506][APAVisionOblInfoDebugPrint][122]CrossPointCoord: 0: 2344, 12973; 1: 7264, 13204
[20240124_13:17:29_729] # [T81506][APAVisionOblInfoDebugPrint][125]OriginCrossPointCoord: 0: -2389, 1088; 1: -7318, 1346
[20240124_13:17:29_747] # [T81507][APAVisionOblInfoDebugPrint][126]VehCoordAndAng: 16, 11827, ang -0.005(-0.279)
[20240124_13:17:29_747] # [T81507][APAVisionOblInfoDebugPrint][127] 
[20240124_13:17:29_782] # [T81562][APAVisionOblAdd][1323]Vision Obl merge: 60
[20240124_13:17:29_782] # [T81562][APAVisionOblAdd][1326]Receive Vision Obl CrossPointCoord: 0: 2397, 12908; 1: 7440, 13148
[20240124_13:17:29_782] # [T81562][APAVisionOblInfoDebugPrint][118]VisionOblInfo:
[20240124_13:17:29_783] # [T81563][APAVisionOblInfoDebugPrint][119]OblType: 0, bIsMerge 0, DetectCount 41
[20240124_13:17:29_783] # [T81563][APAVisionOblInfoDebugPrint][122]CrossPointCoord: 0: 2345, 12972; 1: 7268, 13203
[20240124_13:17:29_786] # [T81564][APAVisionOblInfoDebugPrint][125]OriginCrossPointCoord: 0: -2376, 093; 1: -7417, 1357
[20240124_13:17:29_786] # [T81564][APAVisionOblInfoDebugPrint][126]VehCoordAndAng: 16, 11827, ang -0.005(-0.279)
[20240124_13:17:29_786] # [T81565][APAVisionOblInfoDebugPrint][127] 
[20240124_13:17:29_786] # [T81565][APAVisionOblAdd][1323]Vision Obl merge: 63
[20240124_13:17:29_786] # [T81565][APAVisionOblAdd][1326]Receive Vision Obl CrossPointCoord: 0: 2242, 15299; 1: 7354, 15542
[20240124_13:17:29_787] # [T81566][APAVisionOblInfoDebugPrint][118]VisionOblInfo:
[20240124_13:17:29_787] # [T81566][APAVisionOblInfoDebugPrint][119]OblType: 0, bIsMerge 0, DetectCount 27
[20240124_13:17:29_787] # [T81567][APAVisionOblInfoDebugPrint][122]CrossPointCoord: 0: 2237, 15332; 1: 7224, 15571
[20240124_13:17:29_787] # [T81567][APAVisionOblInfoDebugPrint][125]OriginCrossPointCoord: 0: -2209, 3483; 1: -7320, 3751
[20240124_13:17:29_790] # [T81568][APAVisionOblInfoDebugPrint][126]VehCoordAndAng: 16, 11827, ang -0.005(-0.279)
[20240124_13:17:29_790] # [T81568][APAVisionOblInfoDebugPrint][127] 
[20240124_13:17:29_790] # [T81568][APAVisionOblAdd][1323]Vision Obl merge: 61
[20240124_13:17:29_791] # [T81569][APAVisionOblAdd][1326]Receive Vision Obl CrossPointCoord: 0: -8054, 14970; 1: -3498, 15107
[20240124_13:17:29_791] # [T81569][APAVisionOblInfoDebugPrint][118]VisionOblInfo:
[20240124_13:17:29_791] # [T81569][APAVisionOblInfoDebugPrint][119]OblType: 0, bIsMerge 0, DetectCount 5
[20240124_13:17:29_791] # [T81570][APAVisionOblInfoDebugPrint]122]CrossPointCoord: 0: -8055, 14980; 1: -3484, 15117
[20240124_13:17:29_791] # [T81570][APAVisionOblInfoDebugPrint][125]OriginCrossPointCoord: 0: 8086, 3104; 1: 3531, 3263
[20240124_13:17:29_791] # [T81571][APAVisionOblInfoDebugPrint][126]VehCoordAndAng: 16, 11827, ang -0.005(-0.279)
[20240124_13:17:29_792] # [T81571][APAVisionOblInfoDebugPrint][127] 
[20240124_13:17:29_792] # [T81572][VisionSlotAddValidCheck][893]Vision slot Length: 2408,2408, Depth 5047,5047
[20240124_13:17:29_796] # [T81572][VisionSlotAdd][1521]Added Vision Slot[1][2] Num 4 OriCoord: [T81573][AX70VC_VehicleCtrlTask][1868]err resume, enter init state! [1 1 0]
[20240124_13:17:29_796] # 0: -2376, 1093; 1: -7417, 1357; 2: -7543, -1048; 3: -2502, -1312
[20240124_13:17:29_796] # [T81573][VisionSlotAdd][1522]VehCoordAndAngle: 16, 11827, ang -0.005 (-0.279)
[20240124_13:17:29_796] # [T81574][VisionSlotAdd][1523]Current VehPos: 16, 11827, ang -0.005 (-0.279)
[20240124_13:17:29_797] # [T81574][VisionSlotAdd][1528]Convert Vision Slot[1][2] Coord: 0: 2397, 12908; 1: 7440, 13148; 2: 7554, 10742; 3: 2512, 10503
[20240124_13:17:29_797] # [T81575][VisionSlotAdd][1533]Old Vision Slot[1][2] Coord: 0: 2359, 12988; 1: 7311, 13221; 2: 7422, 10863; 3: 2470, 10630
[20240124_13:17:29_797] # [T81576][VisionSlotAddSlotWeightCal][1014]u32Weight: 7, CentreY: -109.500, DisY: 1397.500, SlotAng: 177.002
[20240124_13:17:29_797] # [T81576][VisionSlotAdd][1576]New Vision Slot[1][2] Coord: 0: 2360, 12987; 1: 7313, 13220; 2: 7424, 10861; 3: 2471, 10628
[20240124_13:17:29_797] # [T81577][VisionSlotAdd][1600]vision slot [1][2], u32Weight: 7, Sum: 439, SlotAng: 2.691, CurSlotAng: 2.719
[20240124_13:17:29_797] # [T81577][VisionSlotAddValidCheck][893]Vision slot Length: 2348,2348, Depth 5118,5118
[20240124_13:17:29_803] # [T81578][VisionSlotAdd][1521]Added Vision Slot[1][3] Num 4 OriCoord: 0: -2209, 3483; 1: -7320, 3751; 2: -7443, 1406; 3: -2332, 1138
[20240124_13:17:29_803] # [T81579][VisionSlotAdd][1522]VehCoordAndAngle: 16, 11827, ang -0.005 (-0.279)
[20240124_13:17:29_803] # [T81579][VisionSlotAdd][1523]Current VehPos: 16, 11827, ang -0.005 (-0.279)
[20240124_13:17:29_804] # [T81579][VisionSlotAdd][1528]Convert Vision Slot[1][3] Coord: 0: 2242, 15299; 1: 7354, 15542; 2: 7466, 13197; 3: 2354, 12954
[20240124_13:17:29_804] # [T81580][VisionSlotAdd][1533]Old Vision Slot[1][3] Coord: 0: 2233, 15351; 1: 7319, 15594; 2: 7433, 13219; 3: 2346, 12977
[20240124_13:17:29_804] # [T81581][VisionSlotAddSlotWeightCal][1014]u32Weight: 11, CentreY: 2310.500, DisY: 1022.500, SlotAng: 176.998
[20240124_13:17:29_804] # [T81581][VisionSlotAdd][1576]New Vision Slot[1][3] Coord: 0: 2234, 15347; 1: 7322, 15590; 2: 7435, 13218; 3: 2347, 12975
[20240124_13:17:29_804] # [T81582][VisionSlotAdd][1600]vision slot [1][3], u32Weight: 11, Sum: 148, SlotAng: 2.731, CurSlotAng: 2.723
[20240124_13:17:29_804] # [T81583][VisionSlotAddValidCheck][893]Vision slot Length: 2260,2260, Depth 4557,4558
[20240124_13:17:29_805] # [T81583][VisionSlotAdd][1521]Added Vision Slot[0][4] Num 5 OriCoord: 0: 3531, 3263; 1: 8086 3104; 2: 8008, 845; 3: 3452, 1004
[20240124_13:17:29_805] # [T81584][VisionSlotAdd][1522]VehCoordAndAngle: 16, 11827, ang -0.005 (-0.279)
[20240124_13:17:29_805] # [T81584][VisionSlotAdd][1523]Current VehPos: 16, 11827, ang -0.005 (-0.279)
[20240124_13:17:29_810] # [T81585][VisionSlotAdd][1528]Convert Vision Slot[0][4] Coord: 0: -3498, 15107; 1: -8054, 14970; 2: -7987, 12711; 3: -3430, 12848
[20240124_13:17:29_811] # [T81585][VisionSlotAdd][1533]Old Vision Slot[0][4] Coord: 0: -3446, 15181; 1: -8080, 15074; 2: -8027, 12801; 3: -3393, 12909
[20240124_13:17:29_811] # [T81586][VisionSlotAddSlotWeightCal][1014]u32Weight: 13, CentreY: 2133.500, DisY: 845.500, SlotAng: -1.999
[20240124_13:17:29_811] # [T81587][VisionSlotAdd][1576]New Vision Slot[0][4] Coord: 0: -3450, 15176; 1: -8078, 15066; 2: -8024, 12794; 3: -3396, 12904
[20240124_13:17:29_816] # [T81587][VisionSlotAdd][1600]vision slot [0][4], u32Weight: 13, Sum: 169, SlotAng: -178.642, CurSlotAng: -178.280
[20240124_13:17:29_817] # [T81598][APARadarFilterSaveOblPointToSlotBuf][832]******  Outline[1] cnt [53] Point[51]  *******
[20240124_13:17:29_817] # [T81598][APARadarFilterSaveOblPointToSlotBuf][833]VehCoord[1][51]: 16, 11827, VehAng: -4
[20240124_13:17:29_823] # [T81599][APARadarFilterSaveOblPointToSlotBuf][834]OblCoord[1][51]: 4579, 15611, Dis: 3611, Big: 0
[20240124_13:17:29_823] # 
[20240124_13:17:29_859] # [T81642][APAVisionOblAdd][1323]Vision Obl merge: 63
[20240124_13:17:29_864] # [T81642][APAVisionOblAdd][1326]Receive Vision Obl CrossPointCoord: 0: 2262, 15301; 1: 7365, 15543
[20240124_13:17:29_864] # [T81642][APAVisionOblInfoDebugPrint][118]VisionOblInfo:
[20240124_13:17:29_864] # [T81643][APAVisionOblInfoDebugPrint][119]OblType: 0, bIsMerge 0, DetectCount 28
[20240124_13:17:29_864] # [T81643][APAVisionOblInfoDebugPrint][122]CrossPointCoord: 0: 2238, 1331; 1: 7229, 15570
[20240124_13:17:29_866] # [T81644][APAVisionOblInfoDebugPrint][125]OriginCrossPointCoord: 0: -2229, 3485; 1: -7331, 3752
[20240124_13:17:29_866] # [T81644][APAVisionOblInfoDebugPrint][126]VehCoordAndAng: 16, 11827, ang -0.005(-0.279)
[20240124_13:17:29_866] # [T81645][APAVisionOblInfoDebugPrint][127] 
[20240124_13:17:29_866] # [T81645][APAVisionOblAdd][1323]Vision Obl merge: 61
[20240124_13:17:29_866] # [T81645][APAVisionOblAdd][1326]Receive Vision Obl CrossPointCoord: 0: -8091, 14968; 1: -3475, 15107
[20240124_13:17:29_866] # [T81646][APAVisionOblInfoDebugPrint][118]VisionOblInfo:
[20240124_13:17:29_870] # [T81646][APAVisionOblInfoDebugPrint][119]OblType: 0, bIsMerge 0, DetectCount 6
[20240124_13:17:29_870] # [T81646][APAVisionOblInfoDebugPrint][122]CrossPointCoord: 0: -8061, 14978; 1: -3482, 15115
[20240124_13:17:29_870] # [T81647][APAVisionOblInfoDebugPrint][125]OriginCrossPointCoord: 0: 8123, 3102; 1: 3508, 3263
[20240124_13:17:29_870] # [T81647][APAVisionOblInfoDebugPrint][126]VehCoordAndAng: 16, 11827, ang -0.005(-0.279)
[20240124_13:17:29_871] # [T81648][APAVisionOblInfoDebugPrint][127] 
[20240124_13:17:29_871] # [T81648][APAVisionOblAdd][1323]Vision Obl merge: 60
[20240124_13:17:29_871] # [T81649][APAVisionOblAdd][1326]Receive Vision Obl CrossPointCoord: 0: 2379, 12896; 1: 7368, 13133
[20240124_13:17:29_871] # [T81649][APAVisionOblInfoDebugPrint][118]VisionOblInfo:
[20240124_13:17:29_871] # [T81649][APAVisionObInfoDebugPrint][119]OblType: 0, bIsMerge 0, DetectCount 42
[20240124_13:17:29_872] # [T81650][APAVisionOblInfoDebugPrint][122]CrossPointCoord: 0: 2346, 12970; 1: 7271, 13201
[20240124_13:17:29_872] # [T81650][APAVisionOblInfoDebugPrint][125]OriginCrossPointCoord: 0: -2358, 1080; 1: -7345, 1342
[20240124_13:17:29_872] # [T81651][APAVisionOblInfoDebugPrint][126]VehCoordAndAng: 16, 11827, ang -0.005(-0.279)
[20240124_13:17:29_876] # [T81651][APAVisionOblInfoDebugPrint][127] 
[20240124_13:17:29_876] # [T81652][VisionSlotAddValidCheck][893]Vision slot Length: 2351,2351, Depth 5108,5108
[20240124_13:17:29_876] # [T81652][VisionSlotAdd][1521]Added Vision Slot[1][3] Num 4 OriCoord: 0: -2229, 3485; 1: -7331, 3752; 2: -7454, 1404; 3: -2352, 1137
[20240124_13:17:29_877] # [T81653][VisionSlotAdd][1522]VehCoordAndAngle: 16, 11827, ang -0.005 (-0.279)
[20240124_13:17:29_877] # [T81653][VisionSlotAdd][1523]Current VehPos: 16, 11827, ang -0.005 (-0.279)
[20240124_13:17:29_877] # [T81654][VisionSlotAdd][1528]Convert Vision Slot[1][3] Coord: 0: 2262, 15301; 1: 7365, 15543; 2: 7477, 13195; 3: 2374, 12953
[20240124_13:17:29_877] # [T81654][VisionSlotAdd][1533]Old Vision Slot[1][3] Coord: 0: 2234, 15347; 1: 7322, 15590; 2: 7435, 13218; 3: 2347, 12975
[20240124_13:17:29_878] # [T81655][VisionSlotAddSlotWeightCal][1014]u32Weight: 11, CentreY: 2311.000, DisY: 1023.000, SlotAng: 177.004
[20240124_13:17:29_878] # [T81656][VisionSlotAdd][1576]New Vision Slot[1][3] Coord: 0: 2236, 15344; 1: 7325, 15587; 2: 7438, 13216; 3: 2348, 12973
[20240124_13:17:29_878] # [T81656][VisionSlotAdd][1600]vision slot [1][3], u32Weight: 11, Sum: 159, SlotAng: 2.730, CurSlotAng: 2.717
[20240124_13:17:29_881] # [T81657][VisionSlotAddValidCheck][893]Vision slot Length: 2266,2266, Depth 4617,4617
[20240124_13:17:29_882] # [T81657][VisionSlotAdd][1521]Added Vision Slot[0][4] Num 5 OriCoord: 0: 3508, 3263; 1: 8123, 3102; 2: 8044, 837; 3: 3429, 998
[20240124_13:17:29_882] # [T81658][VisionSlotAdd][1522]VehCoordAndAngle: 16, 11827, ang -0.005 (-0.279)
[20240124_13:17:29_882] # [T81659][VisionSlotAdd][1523]Current VehPos: 16, 11827, ang -0.005 (-0.279)
[20240124_13:17:29_882] # [T81659][VisionSlotAdd][1528]Convert Vision Slot[0][4] Coord: 0: -3475, 15107; 1: -8091, 14968; 2: -8023, 12703; 3: -3407, 12842
[20240124_13:17:29_883] # [T81660][VisionSlotAdd][1533]Old Vision Slot[0][4] Coord: 0: -3450, 15176; 1: -8078, 15066; 2: -8024, 12794; 3: -3396, 12904
[20240124_13:17:29_883] # [T81660][VisionSltAddSlotWeightCal][1014]u32Weight: 13, CentreY: 2130.500, DisY: 842.500, SlotAng: -1.998
[20240124_13:17:29_883] # [T81661][VisionSlotAdd][1576]New Vision Slot[0][4] Coord: 0: -3452, 15171; 1: -8079, 15059; 2: -8024, 12788; 3: -3397, 12900
[20240124_13:17:29_883] # [T81662][VisionSlotAdd][1600]vision slot [0][4], u32Weight: 13, Sum: 182, SlotAng: -178.617, CurSlotAng: -178.281
[20240124_13:17:29_883] # [T81662][VisionSlotAddValidCheck][893]Vision slot Length: 2322,2323, Depth 4993,4993
[20240124_13:17:29_887] # [T81663][VisionSlotAdd][1521]Added Vision Slot[1][2] Num 4 OriCoord: 0: -2358, 1080; 1: -7345, 1342; 2: -7466, -978; 3: -2479, -1239
[20240124_13:17:29_887] # [T81663][VisionSlotAdd][1522]VehCoordAndAngle: 16, 11827, ang -0.005 (-0.279)
[20240124_13:17:29_887] # [T81664][VisionSlotAdd][1523]Current VehPos: 16, 11827, ang -0.005 (-0.279)
[20240124_13:17:29_887] # [T81664][VisionSlotAdd][1528]Convert Vision Slot[1][2] Coord: 0: 2379, 12896; 1: 7368, 13133; 2: 7477, 10813; 3: 2489, 10576
[20240124_13:17:29_887] # [T81665][VisionSlotAdd][1533]Old Vision Slot[1][2] Coord: 0: 2360, 12987; 1: 7313, 13220; 2: 7424, 10861; 3: 2471, 10628
[20240124_13:17:29_888] # [T81666][VisionSlotAddSlotWeightCal][1014]u32Weight: 8, CentreY: -79.500, DisY: 1367.500, SlotAng: 176.998
[20240124_13:17:29_896] # [T81666][VisionSlotAdd][1576]New Vision Slot[1][2] Coord: 0: 2360, 12986; 1: 7314, 13218; 2: 7425, 10860; 3: 2471, 10628
[20240124_13:17:29_896] # [T81667][VisionSlotAdd][1600]vision slot [1][2], u32Weight: 8, Sum: 447, SlotAng: 2.691, CurSlotAng: 2.723
[20240124_13:17:29_897] # [T81677][DecisionParkInRequestCalPath][3130]CalID[9], SideIndex[0], SlotIndex[2], PlanCmd[4]
[20240124_13:17:29_901] # [T81678][UI_ODIDisplay][269]ApaUIComData: Cmd[26] CurParkMode[1], CurOprSts[2]
[20240124_13:17:29_901] # [T81678][APAParkManaParkingSetParkingSideSwitched][2622]Parking Side Switched Finish. LeftIndex[1], RightIndex[0], Side[1]
[20240124_13:17:29_901] # [T81679][APAParkManaParkingSetParkingSideSwitched][2637]Parking Slot Data Switch Finish.
[20240124_13:17:29_902] # [T81679][locate_position_set][337]locate reset pos@81679: 1  -16.665, 11827.489, 0.3, minus: 0.000
[20240124_13:17:29_902] # 
[20240124_13:17:29_905] # [T81680][VT_APAPathPlanningHandle][2279]after: 0  1  1
[20240124_13:17:29_905] # [T81680][VT_APAPathPlanningHandle][2280]!!  id:0  !! index = 2
[20240124_13:17:29_905] # 
[20240124_13:17:29_910] # [T81687][Dispatch_Data_Print][157]HMICmd  Change: CurODIDisplayCmd[26]; OperatingState[2], Gear[0]
[20240124_13:17:29_917] # [T81688][DecisionParkInRequestCalPath][3150]Request Planning Failed: CalID[9], Side[0], Class[2], Type[2]
[20240124_13:17:29_917] # [T81698][DecisionParkInRequestCalPath][3130]CalID[8], SideIndex[1], SlotIndex[2], PlanCmd[4]
[20240124_13:17:29_918] # [T81698][APAParkManaParkingSetParkingSideSwitched][2622]Parking Side Switched Finish. LeftIndex[0], RightIndex[1], Side[0]
[20240124_13:17:29_918] # [T81699][APAParkManaParkingSetParkingSideSwitched][2637]Parking Slot Data Switch Finish.
[20240124_13:17:29_923] # [T81699][locate_position_set][337]locate reset pos@81699: 0  16.665, 11827.489, -0.3, minus: 0.000
[20240124_13:17:29_923] # 
[20240124_13:17:29_934] # [T81700][VT_APAPathPlanningHandle][2279]after: 1  0  0
[20240124_13:17:29_934] # [T81701][VT_APAPathPlanningHandle][2280]!!  id:0  !! index = 2
[20240124_13:17:29_934] # 
[20240124_13:17:29_935] # [T81708][DecisionParkInRequestCalPath][3150]Request Planning Failed: CalID[8], Side[1], Class[2], Type[2]
[20240124_13:17:29_939] # [T81717][DecisionParkInRequestCalPath][3130]CalID[6], SideIndex[0], SlotIndex[1], PlanCmd[4]
[20240124_13:17:29_939] # [T81718][APAParkManaParkingSetParkingSideSwitched][2622]Parking Side Switched Finish. LeftIndex[1], RightIndex[0], Side[1]
[20240124_13:17:29_939] # [T81718][APAParkManaParkingSetParkingSideSwitched][2637]Parking Slot Data Switch Finish.
[20240124_13:17:29_939] # [T81719][locate_position_set][337]locate reset pos@81719: 1  -16.665, 11827.489, 0.3, minus: 0.000
[20240124_13:17:29_939] # 
[20240124_13:17:29_940] # [T81720][VT_APAPathPlanningHandle][2279]after: 0  1  1
[20240124_13:17:29_943] # [T81720][VT_APAPathPlanningHandle][2280]!!  id:0  !! index = 1
[20240124_13:17:29_943] # 
[20240124_13:17:29_944] # [T81724][APAVisionOblAdd][1323]Vision Obl merge: 60
[20240124_13:17:29_944] # [T81724][APAVisionOblAdd][1326]Receive Vision Obl CrossPointCoord: 0: -2350, 12916; 1: -7441, 13158
[20240124_13:17:29_944] # [T81724][APAVisionOblInfoDebugPrint][118]VisionOblInfo:
[20240124_13:17:29_954] # [T81725][APAVisionOblInfoDebugPrint][119]OblType: 0, bIsMerge 0, DetectCount 43
[20240124_13:17:29_954] # [T81725][APAVisionOblInfoDebugPrint][122]CrossPointCoord: 0: -2346, 12969; 1: -7275, 13200
[20240124_13:17:29_954] # [T81726][APAVisionOblInfoDebugPrint][125]OriginCrossPointCoord: 0: -2329, 1100; 1: -7418, 1367
[20240124_13:17:29_954] # [T81726][APAVisionOblInfoDebugPrint][126]VehCoordAndAng: -16, 11827, ang 0.005(0.279)
[20240124_13:17:29_954] # [T81727][APAVisionOblInfoDebugPrint][127] 
[20240124_13:17:29_955] # [T81727][APAVisionOblAdd][1323]Vision Obl merge: 63
[20240124_13:17:29_955] # [T81727][APAVisionOblAdd][1326]Receive Vision Obl CrossPointCoord: 0: -2214, 15277; 1: -7279, 15518
[20240124_13:17:29_955] # [T81728][APAVisionOblInfoDebugPrint][118]VisionOblInfo:
[20240124_13:17:29_955] # [T81728][APAVisionOblInfoDebugPrint][119]OblType: 0, bIsMerge 0, DetectCount 29
[20240124_13:17:29_955] # [T81728][APAVisionOblInfoDebugPrint][122]CrossPointCoord: 0: -2237, 15329; 1: -7231, 15568
[20240124_13:17:29_955] # [T81729][APAVisionOblInfoDebugPrint][125]OriginCrossPointCoord: 0: -2181, 3461; 1: -7245, 3726
[20240124_13:17:29_956] # [T81730][APAVisionOblInfoDebugPrint][126]VehCoordAndAng: -16, 11827, ang 0.005(0.279)
[20240124_13:17:29_956] # [T81730][APAVisionOblInfoDebugPrint][127] 
[20240124_13:17:29_956] # [T81730][APAVisionOblAdd][1323]Vision Obl merge: 61
[20240124_13:17:29_956] # [T81731][APAVisionOblAdd][1326]Receive Vision Obl CrossPointCoord: 0: 8072, 14974; 1: 3447, 15114
[20240124_13:17:29_956] # [T81731][APAVisionOblInfoDebugPrint][118]VisionOblInfo:
[20240124_13:17:29_956] # [T81731][APAVisionOblInfoDebugPrint][119]OblType: 0, bIsMerge 0, DetectCount 7
[20240124_13:17:29_956] # [T81732][APAVisionOblInfoDebugPrint][122]CrossPointCoord: 0: 8062, 14977; 1: 3477, 15115
[20240124_13:17:29_957] # [T81732][APAVisionOblInfoDebugPrint][125]OriginCrossPointCoord: 0: 8104, 3108; 1: 3480, 3270
[20240124_13:17:29_957] # [T81733][APAVisionOblInfoDebugPrint][126]VehCoordAndAng: -16, 11827, ang 0.005(0.279)
[20240124_13:17:29_957] # [T81733][APAVisionOblInfoDebugPrint][127] 
[20240124_13:17:29_957] # [T81734][VisionSlotAddValidCheck][893]Vision slot Length: 2402,2402, Depth 5095,5095
[20240124_13:17:29_957] # [T81734][VisionSlotAdd][1521]Added Vision Slot[1][2] Num 4 OriCoord: 0: -2329, 1100; 1: -7418, 1367; 2: -7544, -1032; 3: -2455, -1299
[20240124_13:17:29_957] # [T81735][VisionSlotAdd][1522]VehCoordAndAngle: -16, 11827, ang 0.005 (0.279)
[20240124_13:17:29_965] # [T81735][VisionSlotAdd][1523]Current VehPos: -16, 11827, ang 0.005 (0.279)
[20240124_13:17:29_966] # [T81736][VisionSlotAdd][1528]Convert Vision Slot[1][2] Coord: 0: -2350, 12916; 1: -7441, 13158; 2: -7555, 10758; 3: -2465, 10516
[20240124_13:17:29_966] # [T81736][VisionSlotAdd][1533]Old Vision Slot[1][2] Coord: 0: -2360, 12986; 1: -7314, 13218; 2: -7425, 10860; 3: -2471, 10628
[20240124_13:17:29_966] # [T81737][VisionSlotAddSlotWeightCal][1014]u32Weight: 7, CentreY: -99.500, DisY: 1387.500, SlotAng: 176.997
[20240124_13:17:29_966] # [T81738][VisionSlotAdd][1576]New Vision Slot[1][2] Coord: 0: -2360, 12984; 1: -7316, 13218; 2: -7427, 10859; 3: -2471, 10626
[20240124_13:17:29_967] # [T81738][VisionSlotAdd][1600]vision slot [1][2], u32Weight: 7, Sum: 454, SlotAng: 177.308, CurSlotAng: 177.275
[20240124_13:17:29_967] # [T81739][VisionSlotAddValidCheck][893]Vision slot Length: 2347,2346, Depth 5070,5069
[20240124_13:17:29_967] # [T81739][VisionSlotAdd][1521]Added Vision Slot[1][3] Num 4 OriCoord: 0: -2181, 3461; 1: -7245, 3726; 2: -7367, 1383; 3: -2304, 1117
[20240124_13:17:29_967] # [T81740][VisionSlotAdd][1522]VehCoordAndAngle: -16, 11827, ang 0.005 (0.279)
[20240124_13:17:29_967] # [T81741][VisionSlotAdd][1523]Current VehPos: -16, 11827, ang 0.005 (0.279)
[20240124_13:17:29_967] # [T81741][VisionSlotAdd][1528]Convert Vision Slot[1][3] Coord: 0: -2214, 15277; 1: -7279, 15518; 2: -7390, 13174; 3: -2326, 12933
[20240124_13:17:29_968] # [T81742][VisionSlotAdd][1533]Old Vision Slot[1][3] Coord: 0: -2236, 15344; 1: -7325, 15587; 2: -7438, 13216; 3: -2348, 12973
[20240124_13:17:29_968] # [T81742][VisionSlotAddSlotWeightCal][1014]u32Weight: 12, CentreY: 2289.000, DisY: 1001.000, SlotAng: 176.999
[20240124_13:17:29_968] # [T81743][VisionSlotAdd][1576]New Vision Slot[1][3] Coord: 0: -2234, 15339; 1: -7322, 15582; 2: -7435, 13213; 3: -2347, 12971
[20240124_13:17:29_968] # [T81744][VisionSlotAdd][1600]vision slot [1][3], u32Weight: 12, Sum: 171, SlotAng: 177.270, CurSlotAng: 177.277
[20240124_13:17:29_968] # [T81744][VisionSlotAddValidCheck][893]Vision slot Length: 2266,2265, Depth 4626,4626
[20240124_13:17:29_969] # [T81745][VisionSlotAdd][1521]Added Vision Slot[0][4] Num 5 OriCoord: 0: 3480, 3270; 1: 8104, 3108; 2: 8025, 844; 3: 3401, 1005
[20240124_13:17:29_969] # [T81745][VisionSlotAdd][1522]VehCoordAndAngle: -16, 11827, ang 0.005 (0.279)
[20240124_13:17:29_969] # [T81746][VisionSlotAdd][1523]Current VehPos: -16, 11827, ang 0.005 (0.279)
[20240124_13:17:29_969] # [T81746][VisionSlotAdd][1528]Convert Vision Slot[0][4] Coord: 0: 3447, 15114; 1: 8072, 14974; 2: 8004, 12710; 3: 3379, 12849
[20240124_13:17:29_973] # [T81747][VisionSlotAdd][1533]Old Vision Slot[0][4] Coord: 0: 3452, 15171; 1: 8079, 15059; 2: 8024, 12788; 3: 3397, 12900
[20240124_13:17:29_973] # [T81748][VisionSlotAddSlotWeightCal][1014]u32Weight: 13, CentreY: 2137.500, DisY: 849.500, SlotAng: -2.000
[20240124_13:17:29_973] # [T81748][VisionSlotAdd][1576]New Vision Slot[0][4] Coord: 0: 3452, 15167; 1: 8079, 15054; 2: 8023, 12782; 3: 3396, 12896
[20240124_13:17:29_974] # [T81749][VisionSlotAdd][1600]vision slot [0][4], u32Weight: 13, Sum: 195, SlotAng: -1.406, CurSlotAng: -1.722
[20240124_13:17:29_981] # [T81750][DecisionParkInRequestCalPath][3150]Request Planning Failed: CalID[6], Side[0], Class[2], Type[2]
[20240124_13:17:29_981] # [T81759][DecisionParkInRequestCalPath][3130]CalID[7], SideIndex[1], SlotIndex[1], PlanCmd[4]
[20240124_13:17:29_984] # [T81760][APAParkManaParkingSetParkingSideSwitched][2622]Parking Side Switched Finish. LeftIndex[0], RightIndex[1], Side[0]
[20240124_13:17:29_984] # [T81760][APAParkManaParkingSetParkingSideSwitched][2637]Parking Slot Data Switch Finish.
[20240124_13:17:29_984] # [T81761][locate_position_set][337]locate reset pos@81761: 0  16.665, 11827.489, -0.3, minus: 0.000
[20240124_13:17:29_984] # 
[20240124_13:17:29_984] # [T81761][VT_APAPathPlanningHandle][2279]after: 1  0  0
[20240124_13:17:29_989] # [T81762][VT_APAPathPlanningHandle][2280]!!  id:0  !! index = 1
[20240124_13:17:29_989] # 
[20240124_13:17:29_994] # [T81769][DecisionParkInRequestCalPath][3150]Request Planning Failed: CalID[7], Side[1], Class[2], Type[2]
[20240124_13:17:29_998] # [T81780][DecisionParkInRequestCalPath][3130]CalID[4], SideIndex[0], SlotIndex[0], PlanCmd[4]
[20240124_13:17:30_002] # [T81780][APAParkManaParkingSetParkingSideSwitched][2622]Parking Side Switched Finish. LeftIndex[1], RightIndex[0], Side[1]
[20240124_13:17:30_002] # [T81781][APAParkManaParkingSetParkingSideSwitched][2637]Parking Slot Data Switch Finish.
[20240124_13:17:30_003] # [T81782][locate_position_set][337]locate reset pos@81782: 1  -16.665, 11827.489, 0.3, minus: 0.000
[20240124_13:17:30_003] # 
[20240124_13:17:30_003] # [T81782][VT_APAPathPlanningHandle][2279]after: 0  1  1
[20240124_13:17:30_012] # [T81783][VT_APAPathPlanningHandle][2280]!!  id:0  !! index = 0
[20240124_13:17:30_012] # 
[20240124_13:17:30_018] # [T81789][DecisionParkInRequestCalPath][3150]Request Planning Failed: CalID[4], Side[0], Class[2], Type[2]
[20240124_13:17:30_018] # [T81799][DecisionParkInRequestCalPath][3130]CalID[5], SideIndex[1], SlotIndex[0], PlanCmd[4]
[20240124_13:17:30_023] # [T81800][APAParkManaParkingSetParkingSideSwitched][2622]Parking Side Switched Finish. LeftIndex[0], RightIndex[1], Side[0]
[20240124_13:17:30_023] # [T81800][APAParkManaParkingSetParkingSideSwitched][2637]Parking Slot Data Switch Finish.
[20240124_13:17:30_024] # [T81801][locate_position_set][337]locate reset pos@81801: 0  16.665, 11827.489, -0.3, minus: 0.000
[20240124_13:17:30_024] # 
[20240124_13:17:30_024] # [T81801][VT_APAPathPlanningHandle][2279]after: 1  0  0
[20240124_13:17:30_024] # [T81802][VT_APAPathPlanningHandle][2280]!!  id:0  !! index = 0
[20240124_13:17:30_024] # 
[20240124_13:17:30_024] # [T81804][APAVisionOblAdd][1323]Vision Obl merge: 63
[20240124_13:17:30_024] # [T81804][APAVisionOblAdd][1326]Receive Vision Obl CrossPointCoord: 0: 2200, 15281; 1: 7301, 15524
[20240124_13:17:30_026] # [T81804][APAVisionOblInfoDebugPrint][118]VisionOblInfo:
[20240124_13:17:30_026] # [T81805][APAVisionOblInfoDebugPrint][119]OblType: 0, bIsMerge 0, DetectCount 30
[20240124_13:17:30_030] # [T81805][APAVisionOblInfoDebugPrint][122]CrossPointCoord: 0: 2236, 15327; 1: 7234, 15567
[20240124_13:17:30_030] # [T81806][APAVisionOblInfoDebugPrint][125]OriginCrossPointCoord: 0: -2167, 3465; 1: -7267, 3732
[20240124_13:17:30_031] # [T81806][APAVisionOblInfoDebugPrint][126]VehCoordAndAng: 16, 11827, ang -0.005(-0.279)
[20240124_13:17:30_031] # [T81807][APAVisionOblInfoDebugPrint][127] 
[20240124_13:17:30_031] # [T81807][APAVisionOblAdd][1323]Vision Obl merge: 60
[20240124_13:17:30_031] # [T81807][APAVisionOblAdd][1326]Receive Vision Obl CrossPointCoord: 0: 2364, 12934; 1: 7389, 13173
[20240124_13:17:30_031] # [T81808][APAVisionOblInfoDebugPrint][118]VisionOblInfo:
[20240124_13:17:30_032] # [T81808][APAVisionOblInfoDebugPrint][119]OblType: 0, bIsMerge 0, DetectCount 44
[20240124_13:17:30_032] # [T81808][APAVisionOblInfoDebugPrint][122]CrossPointCoord: 0: 2347, 12968; 1: 7277, 13199
[20240124_13:17:30_032] # [T81809][APAVisionOblInfoDebugPrint][125]OriginCrossPointCoord: 0: -2342, 1118; 1: -7366, 1382
[20240124_13:17:30_033] # [T81809][APAVisionOblInfoDebugPrint][126]VehCoordAndAng: 16, 11827, ang -0.005(-0.279)
[20240124_13:17:30_033] # [T81810][APAVisionOblInfoDebugPrint][127] 
[20240124_13:17:30_033] # [T81810][APAVisionOblAdd][1323]Vision Obl merge: 61
[20240124_13:17:30_033] # [T81810][APAVisionOblAdd][1326]Receive Vision Obl CrossPointCoord: 0: -8059, 14978; 1: -3476, 15116
[20240124_13:17:30_033] # [T81811][APAVisionOblInfoDebugPrint][118]VisionOblInfo:
[20240124_13:17:30_038] # [T81811][APAVisionOblInfoDebugPrint][119]OblType: 0, bIsMerge 0, DetectCount 8
[20240124_13:17:30_038] # [T81812][APAVisionOblInfoDebugPrint][122]CrossPointCoord: 0: -8062, 14977; 1: -3477, 15115
[20240124_13:17:30_038] # [T81812][APAVisionOblInfoDebugPrint][125]OriginCrossPointCoord: 0: 8091, 3112; 1: 3509, 3272
[20240124_13:17:30_038] # [T81813][APAVisionOblInfoDebugPrint][126]VehCoordAndAng: 16, 11827, ang -0.005(-0.279)
[20240124_13:17:30_039] # [T81813][APAVisionOblInfoDebugPrint][127] 
[20240124_13:17:30_039] # [T81814][VisionSlotAddValidCheck][893]Vision slot Length: 2362,2361, Depth 5106,5107
[20240124_13:17:30_039] # [T81814][VisionSlotAdd][1521]Added Vision Slot[1][3] Num 4 OriCoord: 0: -2167, 3465; 1: -7267, 3732; 2: -7391, 1374; 3: -2291, 1106
[20240124_13:17:30_039] # [T81815][VisionSlotAdd][1522]VehCoordAndAngle: 16, 11827, ang -0.005 (-0.279)
[20240124_13:17:30_039] # [T81815][VisionSlotAdd][1523]Current VehPos: 16, 11827, ang -0.005 (-0.279)
[20240124_13:17:30_039] # [T81816][VisionSlotAdd][1528]Convert Vision Slot[1][3] Coord: 0: 2200, 15281; 1: 7301, 15524; 2: 7414, 13165; 3: 2313, 12922
[20240124_13:17:30_040] # [T81816][VisionSlotAdd][1533]Old Vision Slot[1][3] Coord: 0: 2234, 15339; 1: 7322, 15582; 2: 7435, 13213; 3: 2347, 12971
[20240124_13:17:30_045] # [T81817][VisionSlotAddSlotWeightCal][1014]u32Weight: 12, CentreY: 2285.500, DisY: 997.500, SlotAng: 176.998
[20240124_13:17:30_045] # [T81818][VisionSlotAdd][1576]New Vision Slot[1][3] Coord: 0: 2232, 15335; 1: 7320, 15578; 2: 7433, 13210; 3: 2345, 12967
[20240124_13:17:30_045] # [T81818][VisionSlotAdd][1600]vision slot [1][3], u32Weight: 12, Sum: 183, SlotAng: 2.729, CurSlotAng: 2.724
[20240124_13:17:30_045] # [T81819][VisionSlotAddValidCheck][893]Vision slot Length: 2374,2375, Depth 5030,5030
[20240124_13:17:30_046] # [T81819][VisionSlotAdd][1521]Added Vision Slot[1][2] Num 4 OriCoord: 0: -2342, 1118; 1: -7366, 1382; 2: -7490, -990; 3: -2466, -1253
[20240124_13:17:30_046] # [T81820][VisionSlotAdd][1522]VehCoordAndAngle: 16, 11827, ang -0.005 (-0.279)
[20240124_13:17:30_046] # [T81820][VisionSlotAdd][1523]Current VehPos: 16, 11827, ang -0.005 (-0.279)
[20240124_13:17:30_046] # [T81821][VisionSlotAdd][1528]Convert Vision Slot[1][2] Coord: 0: 2364, 12934; 1: 7389, 13173; 2: 7501, 10801; 3: 2476, 10562
[20240124_13:17:30_046] # [T81822][VisionSlotAdd][1533]Old Vision Slot[1][2] Coord: 0: 2360, 12984; 1: 7316, 13218; 2: 7427, 10859; 3: 2471, 10626
[20240124_13:17:30_047] # [T81822][VisionSlotAddSlotWeightCal][1014]u32Weight: 8, CentreY: -67.500, DisY: 1355.500, SlotAng: 176.998
[20240124_13:17:30_047] # [T81823][VisionSlotAdd][1576]New Vision Slot[1][2] Coord: 0: 2360, 12984; 1: 7317, 13217; 2: 7428, 10858; 3: 2471, 10625
[20240124_13:17:30_047] # [T81824][VisionSlotAdd][1600]vision slot [1][2], u32Weight: 8, Sum: 462, SlotAng: 2.692, CurSlotAng: 2.724
[20240124_13:17:30_051] # [T81824][VisionSlotAddValidCheck][893]Vision slot Length: 2263,2263, Depth 4584,4584
[20240124_13:17:30_052] # [T81825][VisionSlotAdd][1521]Added Vision Slot[0][4] Num 5 OriCoord: 0: 3509, 3272; 1: 8091, 3112; 2: 8012, 850; 3: 3430, 1010
[20240124_13:17:30_052] # [T81825][VisionSlotAdd][1522]VehCoordAndAngle: 16, 11827, ang -0.005 (-0.279)
[20240124_13:17:30_052] # [T81826][VisionSlotAdd][1523]Current VehPos: 16, 11827, ang -0.005 (-0.279)
[20240124_13:17:30_052] # [T81826][VisionSlotAdd][1528]Convert Vision Slot[0][4] Coord: 0: -3476, 15116; 1: -8059, 14978; 2: -7991, 12716; 3: -3408, 12854
[20240124_13:17:30_053] # [T81827][VisionSlotAdd][1533]Old Vision Slot[0][4] Coord: 0: -3452, 15167; 1: -8079, 15054; 2: -8023, 12782; 3: -3396, 12896
[20240124_13:17:30_053] # [T81828][VisionSlotAddSlotWeightCal][1014]u32Weight: 13, CentreY: 2141.000, DisY: 853.000, SlotAng: -2.000
[20240124_13:17:30_053] # [T81828][VisionSlotAdd][1576]New Vision Slot[0][4] Coord: 0: -3453, 15164; 1: -8077, 15049; 2: -8021, 12778; 3: -3397, 12893
[20240124_13:17:30_053] # [T81829][VisionSlotAdd][1600]vision slot [0][4], u32Weight: 13, Sum: 208, SlotAng: -178.575, CurSlotAng: -178.279
[20240124_13:17:30_056] # [T81830][DecisionParkInRequestCalPath][3150]Request Planning Failed: CalID[5], Side[1], Class[2], Type[2]
[20240124_13:17:30_073] # [T81853][APARadarFilterSaveOblPointToSlotBuf][832]******  Outline[1] cnt [53] Point[51]  *******
[20240124_13:17:30_073] # [T81853][APARadarFilterSaveOblPointToSlotBuf][833]VehCoord[1][51]: 16, 11827, VehAng: -4
[20240124_13:17:30_088] # [T81854][APARadarFilterSaveOblPointToSlotBuf][834]OblCoord[1][51]: 4574, 15610, Dis: 3606, Big: 0
[20240124_13:17:30_088] # 
[20240124_13:17:30_107] # [T81885][APAVisionOblAdd][1323]Vision Obl merge: 63
[20240124_13:17:30_108] # [T81885][APAVisionOblAdd][1326]Receive Vision Obl CrossPointCoord: 0: 2206, 15280; 1: 7300, 15523
[20240124_13:17:30_108] # [T81885][APAVisionOblInfoDebugPrint][118]VisionOblInfo:
[20240124_13:17:30_109] # [T81886][APAVisionOblInfoDebugPrint][119]OblType: 0, bIsMerge 0, DetectCount 31
[20240124_13:17:30_109] # [T81886][APAVisionOblInfoDebugPrint][122]CrossPointCoord: 0: 2235, 15326; 1: 7236, 15565
[20240124_13:17:30_109] # [T81887][APAVisionOblInfoDebugPrint][125]OriginCrossPointCoord: 0: -2173, 3464; 1: -7266, 3731
[20240124_13:17:30_109] # [T81887][APAVisionOblInfoDebugPrint][126]VehCoordAndAng: 16, 11827, ang -0.005(-0.279)
[20240124_13:17:30_109] # [T81888][APAVisionOblInfoDebugPrint][127] 
[20240124_13:17:30_109] # [T81888][APAVisionOblAdd][1323]Vision Obl merge: 60
[20240124_13:17:30_109] # [T81888][APAVisionOblAdd][1326]Receive Vision Obl CrossPointCoord: 0: 2348, 12915; 1: 7378, 13153
[20240124_13:17:30_109] # [T81889][APAVisionOblInfoDebugPrint][118]VisionOblInfo:
[20240124_13:17:30_112] # [T81889][APAVisionOblInfoDebugPrint][119]OblType: 0, bIsMerge 0, DetectCount 45
[20240124_13:17:30_113] # [T81889][APAVisionOblInfoDebugPrint][122]CrossPointCoord: 0: 2347, 12967; 1: 7279, 13198
[20240124_13:17:30_113] # [T81890][APAVisionOblInfoDebugPrint][125]OriginCrossPointCoord: 0: -2327,1099; 1: -7355, 1362
[20240124_13:17:30_113] # [T81890][APAVisionOblInfoDebugPrint][126]VehCoordAndAng: 16, 11827, ang -0.005(-0.279)
[20240124_13:17:30_113] # [T81891][APAVisionOblInfoDebugPrint][127] 
[20240124_13:17:30_113] # [T81891][APAVisionOblAdd][1323]Vision Obl merge: 61
[20240124_13:17:30_113] # [T81891][APAVisionOblAdd][1326]Receive Vision Obl CrossPointCoord: 0: -8061, 14951; 1: -3479, 15089
[20240124_13:17:30_113] # [T81892][APAVisionOblInfoDebugPrint][118]VisionOblInfo:
[20240124_13:17:30_114] # [T81892][APAVisionOblInfoDebugPrint][119]OblType: 0, bIsMerge 0, DetectCount 9
[20240124_13:17:30_114] # [T81893][APAVisionOblInfoDebugPrint][122]CrossPointCoord: 0: -8062, 14974; 1: -3477, 15112
[20240124_13:17:30_114] # [T81893][APAVisionOblInfoDebugPrint][125]OriginCrossPointCoord: 0: 8093, 3085; 1: 3512, 3245
[20240124_13:17:30_114] # [T81894][APAVisionOblInfoDebugPrint][126]VehCoordAndAng: 16, 11827, ang -0.005(-0.279)
[20240124_13:17:30_123] # [T81894][APAVisionOblInfoDebugPrint][127] 
[20240124_13:17:30_123] # [T81895][VisionSlotAddValidCheck][893]Vision slot Length: 2359,2359, Depth 5099,5100
[20240124_13:17:30_123] # [T81895][VisionSlotAdd][1521]Added Vision Slot[1][3] Num 4 OriCoord: 0: -2173, 3464; 1: -7266, 3731; 2: -7390, 1375; 3: -2296, 1108
[20240124_13:17:30_123] # [T81896][VisionSlotAdd][1522]VehCoordAndAngle: 16, 11827, ang -0.005 (-0.279)
[20240124_13:17:30_124] # [T81896][VisionSlotAdd][1523]Current VehPos: 16, 11827, ang -0.005 (-0.279)
[20240124_13:17:30_124] # [T81897][VisionSlotAdd][1528]Convert Vision Slot[1][3] Coord: 0: 2206, 15280; 1: 7300, 15523; 2: 7413, 13166; 3: 2318, 12924
[20240124_13:17:30_124] # [T81897][VisionSlotAdd][1533]Old Vision Slot[1][3] Coord: 0: 2232, 15335; 1: 7320, 15578; 2: 7433, 13210; 3: 2345, 12967
[20240124_13:17:30_124] # [T81898][VisionSlotAddSlotWeightCal][1014]u32Weight: 12, CentreY: 2286.000, DisY: 998.000, SlotAng: 176.999
[20240124_13:17:30_125] # [T81899][VisionSlotAdd][1576]New Vision Slot[1][3] Coord: 0: 2230, 15332; 1: 7319, 15574; 2: 7432, 13207; 3: 2343, 12965
[20240124_13:17:30_125] # [T81899][VisionSlotAdd][1600]vision slot [1][3], u32Weight: 12, Sum: 195, SlotAng: 2.729, CurSlotAng: 2.722
[20240124_13:17:30_125] # [T81900][VisionSlotAddValidCheck][893]Vision slot Length: 2400,2400, Depth 5034,5034
[20240124_13:17:30_125] # [T81900][VisionSlotAdd][1521]Added Vision Slot[1][2] Num 4 OriCoord: 0: -2327, 1099; 1: -7355, 1362; 2: -7480, -1035; 3: -2452, -1298
[20240124_13:17:30_125] # [T81901][VisionSlotAdd][1522]VehCoordAndAngle: 16, 11827, ang -0.005 (-0.279)
[20240124_13:17:30_125] # [T81901][VisionSlotAdd][1523]Current VehPos: 16, 11827, ang -0.005 (-0.279)
[20240124_13:17:30_126] # [T81902][VisionSlotAdd][1528]Convert Vision Slot[1][2] Coord: 0: 2348, 1215; 1: 7378, 13153; 2: 7491, 10756; 3: 2462, 10517
[20240124_13:17:30_126] # [T81903][VisionSlotAdd][1533]Old Vision Slot[1][2] Coord: 0: 2360, 12984; 1: 7317, 13217; 2: 7428, 10858; 3: 2471, 10625
[20240124_13:17:30_126] # [T81903][VisionSlotAddSlotWeightCal][1014]u32Weight: 7, CentreY: -99.500, DisY: 1387.500, SlotAng: 177.006
[20240124_13:17:30_130] # [T81904][VisionSlotAdd][1576]New Vision Slot[1][2] Coord: 0: 2360, 12983; 1: 7318, 13216; 2: 7429, 1085; 3: 2471, 10623
[20240124_13:17:30_131] # [T81905][VisionSlotAdd][1600]vision slot [1][2], u32Weight: 7, Sum: 469, SlotAng: 2.693, CurSlotAng: 2.715
[20240124_13:17:30_131] # [T81905][VisionSlotAddValidCheck][893]Vision slot Length: 2247,2247, Depth 4583,4584
[20240124_13:17:30_131] # [T81906][VisionSlotAdd][1521]Added Vision Slot[0][4] Num 5 OriCoord: 0: 3512, 3245; 1: 8093, 3085; 2: 8015, 839; 3: 3433, 999
[20240124_13:17:30_131] # [T81907][VisionSlotAdd][1522]VehCoordAndAngle: 16, 11827, ang -0.005 (-0.279)
[20240124_13:17:30_132] # [T81907][VisionSlotAdd][1523]Current VehPos: 16, 11827, ang -0.005 (-0.279)
[20240124_13:17:30_132] # [T81907][VisionSlotAdd][1528]Convert Vision Slot[0][4] Coord: 0: -3479, 15089; 1: -8061, 14951; 2: -7994, 12705; 3: -3411, 12843
[20240124_13:17:30_132] # [T81908][VisionSlotAdd][1533]Old Vision Slot[0][4] Coord: 0: -3453, 15164; 1: -8077, 15049; 2: -8021, 12778; 3: -3397, 12893
[20240124_13:17:30_132] # [T81909][VisionSlotAddSlotWeightCal][1014]u32Weight: 14, CentreY: 2122.000, DisY: 834.000, SlotAng: -2.000
[20240124_13:17:30_132] # [T81909][VisionSlotAdd][1576]New Vision Slot[0][4] Coord: 0: -3455, 15159; 1: -8076, 15043; 2: -8019, 12774; 3: -3397, 12890
[20240124_13:17:30_145] # [T81911][VisionSlotAdd][1600]vision slot [0][4], u32Weight: 14, Sum: 222, SlotAng: -178.556, CurSlotAng: -178.279
[20240124_13:17:30_166] #   81928-task_radar-118: RadarCaptureCnt is 367 
[20240124_13:17:30_166] # 
[20240124_13:17:30_188] # [T81968][APAVisionOblAdd][1323]Vision Obl merge: 63
[20240124_13:17:30_188] # [T81968][APAVisionOblAdd][1326]Receive Vision Obl CrossPointCoord: 0: 2203, 15287; 1: 7281, 15529
[20240124_13:17:30_188] # [T81968][APAVisionOblInfoDebugPrint][118]VisionOblInfo:
[20240124_13:17:30_188] # [T81969][APAVisionOblInfoDebugPrint][119]OblType: 0, bIsMerge 0, DetectCount 32
[20240124_13:17:30_189] # [T81969][APAVisionOblInfoDebugPrint][122]CrossPointCoord: 0: 2234, 15324; 1: 7237, 15564
[20240124_13:17:30_196] # [T81970][APAVisionOblInfoDebugPrint][125]OriginCrossPointCoord: 0: -2170, 3471; 1: -7247, 3737
[20240124_13:17:30_196] # [T81970][APAVisionOblInfoDebugPrint][126]VehCoordAndAng: 16, 11827, ang -0.005(-0.279)
[20240124_13:17:30_196] # [T81971][APAVisionOblInfoDebugPrint][127] 
[20240124_13:17:30_196] # [T81971][APAVisionOblAdd][1323]Vision Obl merge: 60
[20240124_13:17:30_196] # [T81971][APAVisionOblAdd][1326]Receive Vision Obl CrossPointCoord: 0: 2360, 12937; 1: 7395, 13176
[20240124_13:17:30_196] # [T81972][APAVisionOblInfoDebugPrint][118]VisionOblInfo:
[20240124_13:17:30_197] # [T81972][APAVisionOblInfoDebugPrint][119]OblType: 0, bIsMerge 0, DetectCount 46
[20240124_13:17:30_197] # [T81972][APAVisionOblInfoDebugPrint][122]CrossPointCoord: 0: 2347, 12966; 1: 7282, 13198
[20240124_13:17:30_197] # [T81973][APAVisionOblInfoDebugPrint][125]OriginCrossPointCoord: 0: -2338, 1121; 1: -7372, 1385
[20240124_13:17:30_197] # [T81973][APAVisionOblInfoDebugPrint][126]VehCoordAndAng: 16, 11827, ang -0.005(-0.279)
[20240124_13:17:30_197] # [T81974][APAVisionOblInfoDebugPrint][127] 
[20240124_13:17:30_197] # [T81974][APAVisionOblAdd][1323]Vision Obl merge: 61
[20240124_13:17:30_198] # [T81974][APAVisionOblAdd][1326]Receive Vision Obl CrossPointCoord: 0: -8043, 14975; 1: -3502, 15111
[20240124_13:17:30_198] # [T81975][APAVisionOblInfoDebugPrint][118]VisionOblInfo:
[20240124_13:17:30_198] # [T81975][APAVisionOblInfoDebugPrint][119]OblType: 0, bIsMerge 0, DetectCount 10
[20240124_13:17:30_202] # [T81976][APAVisionOblInfoDebugPrint][122]CrossPointCoord: 0: -8060, 14975; 1: -3480, 15112
[20240124_13:17:30_203] # [T81976][APAVisionOblInfoDebugPrint][125]OriginCrossPointCoord: 0: 8075, 3109; 1: 3535, 3267
[20240124_13:17:30_203] # [T81977][APAVisionOblInfoDebugPrint][126]VehCoordAndAng: 16, 11827, ang -0.005(-0.279)
[20240124_13:17:30_203] # [T81977][APAVisionOblInfoDebugPrint][127] 
[20240124_13:17:30_203] # [T81978][VisionSlotAddValidCheck][893]Vision slot Length: 2370,2370, Depth 5083,5083
[20240124_13:17:30_203] # [T81978][VisionSlotAdd][1521]Added Vision Slot[1][3] Num 4 OriCoord: 0: -2170, 3471; 1: -7247, 3737; 2: -7371, 1370; 3: -2294, 1104
[20240124_13:17:30_203] # [T81979][VisionSlotAdd][1522]VehCoordAndAngle: 16, 11827, ang -0.005 (-0.279)
[20240124_13:17:30_204] # [T81979][VisionSlotAdd][1523]Current VehPos: 16, 11827, ang -0.005 (-0.279)
[20240124_13:17:30_204] # [T81980][VisionSlotAdd][1528]Convert Vision Slot[1][3] Coord: 0: 2203, 15287; 1: 7281, 15529; 2: 7394, 13161; 3: 2316, 12920
[20240124_13:17:30_204] # [T81980][VisionSlotAdd][1533]Old Vision Slot[1][3] Coord: 0: 2230, 15332; 1: 7319, 15574; 2: 7432, 13207; 3: 2343, 12965
[20240124_13:17:30_204] # [T81981][VisionSlotAddSlotWeightCal][1014]u32Weight: 12, CentreY: 2287.500, DisY: 999.500, SlotAng: 177.001
[20240124_13:17:30_204] # [T81981][VisionSlotAdd][1576]New Vision Slot[1][3] Coord: 0: 2229, 15329; 1: 7317, 15572; 2: 7430, 13205; 3: 2341, 12962
[20240124_13:17:30_204] # [T81982][VisionSlotAdd][1600]vision slot [1][3], u32Weight: 12, Sum: 207, SlotAng: 2.728, CurSlotAng: 2.720
[20240124_13:17:30_208] # [T81983][VisionSlotAddValidCheck][893]Vision slot Length: 2404,2404, Depth 5040,5040
[20240124_13:17:30_208] # [T81983][VisionSlotAdd][1521]Added Vision Slot[1][2] Num 4 OriCoord: 0: -2338, 1121; 1: -7372, 1385; 2: -7498, -1016; 3: -2464, -1280
[20240124_13:17:30_208] # [T81984][VisionSlotAdd][1522]VehCoordAndAngle: 16, 11827, ang -0.005 (-0.279)
[20240124_13:17:30_208] # [T81984][VisionSlotAdd][1523]Current VehPos: 16, 11827, ang -0.005 (-0.279)
[20240124_13:17:30_208] # [T81985][VisionSlotAdd][1528]Convert Vision Slot[1][2] Coord: 0: 2360, 12937; 1: 7395, 13176; 2: 7509, 10775; 3: 2474, 10535
[20240124_13:17:30_209] # [T81986][VisionSlotAdd][1533]Old Vision Slot[1][2] Coord: 0: 2360, 12983; 1: 7318, 13216; 2: 7429, 10856; 3: 2471, 10623
[20240124_13:17:30_209] # [T81986][VisionSlotAddSlotWeightCal][1014]u32Weight: 8, CentreY: -79.500, DisY: 1367.500, SlotAng: 176.998
[20240124_13:17:30_209] # [T81987][VisionSlotAdd][1576]New Vision Slot[1][2] Coord: 0: 2360, 12982; 1: 7319, 13215; 2: 7430, 10855; 3: 2471, 10622
[20240124_13:17:30_209] # [T81987][VisionSlotAdd][1600]vision slot [1][2], u32Weight: 8, Sum: 477, SlotAng: 2.693, CurSlotAng: 2.723
[20240124_13:17:30_209] # [T81988][VisionSlotAddValidCheck][893]Vision slot Length: 2257,2258, Depth 4542,4541
[20240124_13:17:30_210] # [T81989][VisionSlotAdd][1521]Added Vision Slot[0][4] Num 5 OriCoord: 0: 3535, 3267; 1: 8075, 3109; 2: 7996, 852; 3: 3457, 1011
[20240124_13:17:30_213] # [T81989][VisionSlotAdd][1522]VehCoordAndAngle: 16, 11827, ang -0.005 (-0.279)
[20240124_13:17:30_213] # [T81990][VisionSlotAdd][1523]Current VehPos: 16, 11827, ang -0.005 (-0.279)
[20240124_13:17:30_213] # [T81990][VisionSlotAdd][1528]Convert Vision Slot[0][4] Coord: 0: -3502, 15111; 1: -8043, 14975; 2: -7975, 12718; 3: -3435, 12855
[20240124_13:17:30_213] # [T81991][VisionSlotAdd][1533]Old Vision Slot[0][4] Coord: 0: -3455, 15159; 1: -8076, 15043; 2: -8019, 12774; 3: -3397, 12890
[20240124_13:17:30_213] # [T81992][VisionSlotAddSlotWeightCal][1014]u32Weight: 13, CentreY: 2139.000, DisY: 851.000, SlotAng: -2.000
[20240124_13:17:30_228] # [T81992][VisionSlotAdd][1576]New Vision Slot[0][4] Coord: 0: -3457, 15156; 1: -8074, 15039; 2: -8016, 12771; 3: -3400, 12888
[20240124_13:17:30_228] # [T81993][VisionSlotAdd][1600]vision slot [0][4], u32Weight: 13, Sum: 235, SlotAng: -178.541, CurSlotAng: -178.279
[20240124_13:17:30_266] # [T82049][APAVisionOblAdd][1323]Vision Obl merge: 60
[20240124_13:17:30_270] # [T82049][APAVisionOblAdd][1326]Receive Vision Ob CrossPointCoord: 0: 2334, 12926; 1: 7402, 13166
[20240124_13:17:30_272] # [T82049][APAVisionOblInfoDebugPrint][118]VisionOblInfo:
[20240124_13:17:30_272] # [T82050][APAVisionOblInfoDebugPrint][119]OblType: 0, bIsMerge 0, DetectCount 47
[20240124_13:17:30_272] # [T82050][APAVisionOblInfoDebugPrint][122]CrossPointCoord: 0: 2347, 12965; 1: 7284, 13197
[20240124_13:17:30_272] # [T82051][APAVisionOblInfoDebugPrint][125]OriginCrossPointCoord: 0: -2312, 1110; 1: -7379, 1375
[20240124_13:17:30_272] # [T82051][APAVisionOblInfoDebugPrint][126]VehCoordAndAng: 16, 11827, ang -0.005(-0.279)
[20240124_13:17:30_272] # [T82052][APAVisionOblInfoDebugPrint][127] 
[20240124_13:17:30_272] # [T82052][APAVisionOblAdd][1323]Vision Obl merge: 63
[20240124_13:17:30_272] # [T82052][APAVisionOblAdd][1326]Receive Vision Obl CrossPointCoord: 0: 2204, 15281; 1: 7315, 15525
[20240124_13:17:30_276] # [T82053][APAVisionOblInfoDebugPrint][118]VisionOblInfo:
[20240124_13:17:30_276] # [T82053][APAVisionOblInfoDebugPrint][119]OblType: 0, bIsMerge 0, DetectCount 33
[20240124_13:17:30_276] # [T82054][APAVisionOblInfoDebugPrint][122]CrossPointCoord: 0: 2233, 15323; 1: 7239, 15563
[20240124_13:17:30_276] # [T82054][APAVisionOblInfoDebugPrint][125]OriginCrossPointCoord: 0: -2171, 3465; 1: -7281, 3733
[20240124_13:17:30_276] # [T82055][APAVisionOblInfoDebugPrint][126]VehCoordAndAng: 16, 11827, ang -0.005(-0.279)
[20240124_13:17:30_276] # [T82055][APAVisionOblInfoDebugPrint][127] 
[20240124_13:17:30_281] # [T82055][APAVisionOblAdd][1323]Vision Obl merge: 61
[20240124_13:17:30_281] # [T82056][APAVisionOblAdd][1326]Receive Vision Obl CrossPointCoord: 0: -8056, 14961; 1: -3480, 15098
[20240124_13:17:30_281] # [T82056][APAVisionOblInfoDebugPrint][118]VisionOblInfo:
[20240124_13:17:30_281] # [T82056][APAVisionOblInfoDebugPrint][119]OblType: 0, bIsMerge 0, DetectCount 11
[20240124_13:17:30_281] # [T82057][APAVisionOblInfoDebugPrint][122]CrossPointCoord: 0: -8059, 14973; 1: -3480, 15111
[20240124_13:17:30_281] # [T82057][APAVisionOblInfoDebugPrint][125]OriginCrossPointCoord: 0: 8088, 3095; 1: 3513, 3254
[20240124_13:17:30_281] # [T82058][APAVisionOblInfoDebugPrint][126]VehCoordAndAng: 16, 11827, ang -0.005(-0.279)
[20240124_13:17:30_281] # [T82058][APAVisionOblInfoDebugPrint][127] 
[20240124_13:17:30_281] # [T82059][VisionSlotAddValidCheck][893]Vision slot Length: 2398,2398, Depth 5073,5073
[20240124_13:17:30_281] # [T82059][VisionSlotAdd][1521]Added Vision Slot[1][2] Num 4 OriCoord: 0: -2312, 1110; 1: -7379, 1375; 2: -7505, -1020; 3: -2438, -1285
[20240124_13:17:30_281] # [T82060][VisionSlotAdd][1522]VehCoordAndAngle: 16, 11827, ang -0.005 (-0.279)
[20240124_13:17:30_281] # [T82060][VisionSlotAdd][1523]Current VehPos: 16, 11827, ang -0.005 (-0.279)
[20240124_13:17:30_281] # [T82061][VisionSlotAdd][1528]Convert Vision Slot[1][2] Coord: 0: 2334, 12926; 1: 7402, 13166; 2: 7516, 10770; 3: 2448, 10530
[20240124_13:17:30_281] # [T82061][VisionSlotAdd][1533]Old Vision Slot[1][2] Coord: 0: 2360, 12982; 1: 7319, 13215; 2: 7430, 10855; 3: 2471, 10622
[20240124_13:17:30_281] # [T82062][VisionSlotAddSlotWeightCal][1014]u32Weight: 7, CentreY: -87.500, DisY: 1375.500, SlotAng: 177.006
[20240124_13:17:30_281] # [T82063][VisionSlotAdd][1576]New Vision Slot[1][2] Coord: 0: 2359, 12981; 1: 7321, 13214; 2: 7432, 10854; 3: 2471, 10620
[20240124_13:17:30_281] # [T82063][VisionSlotAdd][1600]vision slot [1][2], u32Weight: 7, Sum: 484, SlotAng: 2.693, CurSlotAng: 2.715
[20240124_13:17:30_281] # [T82064][VisionSlotAddValidCheck][893]Vision slot Length: 2361,2361, Depth 5117,5117
[20240124_13:17:30_288] # [T82064][VisionSlotAdd][1521]Added Vision Slot[1][3] Num 4 OriCoord: 0: -2171, 3465; 1: -7281, 3733; 2: -7405, 1375; 3: -2295, 1107
[20240124_13:17:30_288] # [T82065][VisionSlotAdd][1522]VehCoordAndAngle: 16, 11827, ang -0.005 (-0.279)
[20240124_13:17:30_288] # [T82066][VisionSlotAdd][1523]Current VehPos: 16, 11827, ang -0.005 (-0.279)
[20240124_13:17:30_288] # [T82066][VisionSlotAdd][1528]Convert Vision Slot[1][3] Coord: 0: 2204, 15281; 1: 7315, 15525; 2: 7428, 13166; 3: 2317, 12923
[20240124_13:17:30_292] # [T82067][VisionSlotAdd][1533]Old Vision Slot[1][3] Coord: 0: 2229, 15329; 1: 7317, 15572; 2: 7430, 13205; 3: 2341, 12962
[20240124_13:17:30_292] # [T82067][VisionSlotAddSlotWeightCal][1014]u32Weight: 12, CentreY: 2286.000, DisY: 998.000, SlotAng: 176.998
[20240124_13:17:30_292] # [T82068][VisionSlotAdd][1576]New Vision Slot[1][3] Coord: 0: 2227, 15327; 1: 7317, 15569; 2: 7430, 13203; 3: 2340, 12960
[20240124_13:17:30_292] # [T82069][VisionSlotAdd][1600]vision slot [1][3], u32Weight: 12, Sum: 219, SlotAng: 2.728, CurSlotAng: 2.723
[20240124_13:17:30_292] # [T82069][VisionSlotAddValidCheck][893]Vision slot Length: 2249,2250, Depth 4577,4578
[20240124_13:17:30_292] # [T82070][VisionSlotAdd][1521]Added Vision Slot[0][4] Num 5 OriCoord: 0: 3513, 3254; 1: 8088, 3095; 2: 8010, 846; 3: 3434, 1006
[20240124_13:17:30_292] # [T82070][VisionSlotAdd][1522]VehCoordAndAngle: 16, 11827, ang -0.005 (-0.279)
[20240124_13:17:30_292] # [T82071][VisionSlotAdd][1523]Current VehPos: 16, 11827, ang -0.005 (-0.279)
[20240124_13:17:30_292] # [T82071][VisionSlotAdd][1528]Convert Vision Slot[0][4] Coord: 0: -3480, 15098; 1: -8056, 14961; 2: -7989, 1212; 3: -3412, 12850
[20240124_13:17:30_298] # [T82072][VisionSlotAdd][1533]Old Vision Slot[0][4] Coord: 0: -3457, 15156; 1: -8074, 15039; 2: -8016, 12771; 3: -3400, 12888
[20240124_13:17:30_299] # [T82073][VisionSlotAddSlotWeightCal][1014]u32Weight: 13, CentreY: 2130.000, DisY: 842.000, SlotAng: -1.996
[20240124_13:17:30_308] # [T82073][VisionSlotAdd][1576]New Vision Slot[0][4] Coord: 0: -3459, 15153; 1: -8073, 15035; 2: -8015, 12768; 3: -3400, 12886
[20240124_13:17:30_308] # [T82074][VisionSlotAdd][1600]vision slot [0][4], u32Weight: 13, Sum: 248, SlotAng: -178.528, CurSlotAng: -178.282
[20240124_13:17:30_322] # [T82108][APARadarFilterSaveOblPointToSlotBuf][832]******  Outline[1] cnt [53] Point[51]  *******
[20240124_13:17:30_322] # [T82109][APARadarFilterSaveOblPointToSlotBuf][833]VehCoord[1][51]: 16, 11827, VehAng: -4
[20240124_13:17:30_338] # [T82109][APARadarFilterSaveOblPointToSlotBuf][834]OblCoord[1][51]: 4580, 15611, Dis: 3612, Big: 0
[20240124_13:17:30_338] # 
[20240124_13:17:30_338] # [T82130][APAVisionOblAdd][1323]Vision Obl merge: 60
[20240124_13:17:30_338] # [T82130][APAVisionOblAdd][1326]Receive Vision Obl CrossPointCoord: 0: 2347, 12935; 1: 7408, 13175
[20240124_13:17:30_338] # [T82130][APAVisionOblInfoDebugPrint][118]VisionOblInfo:
[20240124_13:17:30_338] # [T82131][APAVisionOblInfoDebugPrint][119]OblType: 0, bIsMerge 0, DetectCount 48
[20240124_13:17:30_338] # [T82131][APAVisionOblInfoDebugPrint][122]CrossPointCoord: 0: 2347, 12965; 1: 7287, 13197
[20240124_13:17:30_338] # [T82132][APAVisionOblInfoDebugPrint][125]OriginCrossPointCoord: 0: -2325, 1119; 1: -7385, 1384
[20240124_13:17:30_338] # [T82132][APAVisionOblInfoDebugPrint][126]VehCoordAndAng: 16, 11827, ang -0.005(-0.279)
[20240124_13:17:30_338] # [T82133][APAVisionOblInfoDebugPrint][127] 
[20240124_13:17:30_359] # [T82133][APAVisionOblAdd][1323]Vision Obl merge: 63
[20240124_13:17:30_359] # [T82133][APAVisionOblAdd][1326]Receive Vision Obl CrossPointCoord: 0: 2240, 15290; 1: 7301, 15532
[20240124_13:17:30_359] # [T82134][APAVisionOblInfoDebugPrint][118]VisionOblInfo:
[20240124_13:17:30_359] # [T82134][APAVisionOblInfoDebugPrint][119]OblType: 0, bIsMerge 0, DetectCount 34
[20240124_13:17:30_359] # [T82134][APAVisionOblInfoDebugPrint][122]CrossPointCoord: 0: 2233, 15322; 1: 7241, 15562
[20240124_13:17:30_359] # [T82135][APAVisionOblInfoDebugPrint][125]OriginCrossPointCoord: 0: -2207, 3474; 1: -7267, 3740
[20240124_13:17:30_359] # [T82135][APAVisionOblInfoDebugPrint][126]VehCoordAndAng: 16, 11827, ang -0.005(-0.279)
[20240124_13:17:30_359] # [T82136][APAVisionOblInfoDebugPrint][127] 
[20240124_13:17:30_359] # [T82136][APAVisionOblAdd][1323]Vision Obl merge: 61
[20240124_13:17:30_359] # [T82136][APAVisionOblAdd][1326]Receive Vision Obl CrossPointCoord: 0: -8044, 14961; 1: -3462, 15099
[20240124_13:17:30_359] # [T82137][APAVisionOblInfoDebugPrint][118]VisionOblInfo:
[20240124_13:17:30_359] # [T82137][APAVisionOblInfoDebugPrint][119]OblType: 0, bIsMerge 0, DetectCount 12
[20240124_13:17:30_359] # [T82138][APAVisionOblInfoDebugPrint][122]CrossPointCoord: 0: -8058, 14972; 1: -3478, 15110
[20240124_13:17:30_359] # [T82138][APAVisionOblInfoDebugPrint][125]OriginCrossPointCoord: 0: 8076, 3095; 1: 3495, 3255
[20240124_13:17:30_359] # [T82139][APAVisionOblInfoDebugPrint][126]VehCoordAndAng: 16, 11827, ang -0.005(-0.279)
[20240124_13:17:30_359] # [T82139][APAVisionOblInfoDebugPrint][127] 
[20240124_13:17:30_359] # [T82140][VisionSlotAddValidCheck][893]Vision slot Length: 2392,2391, Depth 5066,5066
[20240124_13:17:30_359] # [T82140][VisionSlotAdd][1521]Added Vision Slot[1][2] Num 4 OriCoord: 0: -2325, 1119; 1: -7385, 1384; 2: -7510, -1004; 3: -2450, -1270
[20240124_13:17:30_366] # [T82141][VisionSlotAdd][1522]VehCoordAndAngle: 16, 11827, ang -0.005 (-0.279)
[20240124_13:17:30_366] # [T82141][VisionSlotAdd][1523]Current VehPos: 16, 11827, ang -0.005 (-0.279)
[20240124_13:17:30_366] # [T82142][VisionSlotAdd][1528]Convert Vision Slot[1][2] Coord: 0: 2347, 12935; 1: 7408, 13175; 2: 7521, 10786; 3: 2460, 10545
[20240124_13:17:30_366] # [T82142][VisionSlotAdd][1533]Old Vision Slot[1][2] Coord: 0: 2359, 12981; 1: 7321, 13214; 2: 7432, 10854; 3: 2471, 10620
[20240124_13:17:30_366] # [T82143][VisionSlotAddSlotWeightCal][1014]u32Weight: 8, CentreY: -75.500, DisY: 1363.500, SlotAng: 176.996
[20240124_13:17:30_366] # [T82144][VisionSlotAdd][1576]New Vision Slot[1][2] Coord: 0: 2359, 12980; 1: 7322, 13214; 2: 7433, 10853; 3: 2470, 10619
[20240124_13:17:30_366] # [T82144][VisionSlotAdd][1600]vision slot [1][2], u32Weight: 8, Sum: 492, SlotAng: 2.694, CurSlotAng: 2.725
[20240124_13:17:30_366] # [T82145][VisionSlotAddValidCheck][893]Vision slot Length: 2352,2353, Depth 5066,5067
[20240124_13:17:30_369] # [T82145][VisionSlotAdd][1521]Added Vision Slot[1][3] Num 4 OriCoord: 0: -2207, 3474; 1: -7267, 3740; 2: -7391, 1390; 3: -2330, 1125
[20240124_13:17:30_369] # [T82146][VisionSlotAdd][1522]VehCoordAndAngle: 16, 11827, ang -0.005 (-0.279)
[20240124_13:17:30_369] # [T82146][VisionSlotAdd][1523]Current VehPos: 16, 11827, ang -0.005 (-0.279)
[20240124_13:17:30_369] # [T82147][VisionSlotAdd][1528]Convert Vision Slot[1][3] Coord: 0: 2240, 15290; 1: 7301, 15532; 2: 7414, 13181; 3: 2352, 12941
[20240124_13:17:30_369] # [T82148][VisionSlotAdd][1533]Old Vision Slot[1][3] Coord: 0: 2227, 15327; 1: 7317, 15569; 2: 7430, 13203; 3: 2340, 12960
[20240124_13:17:30_369] # [T82148][VisionSlotAddSlotWeightCal][1014]u32Weight: 12, CentreY: 2299.500, DisY: 1011.500, SlotAng: 176.997
[20240124_13:17:30_369] # [T82149][VisionSlotAdd][1576]New Vision Slot[1][3] Coord: 0: 2228, 15325; 1: 7316, 15567; 2: 7429, 13201; 3: 2341, 12959
[20240124_13:17:30_369] # [T82150][VisionSlotAdd][1600]vision slot [1][3], u32Weight: 12, Sum: 231, SlotAng: 2.728, CurSlotAng: 2.724
[20240124_13:17:30_369] # [T82150][VisionSlotAddValidCheck][893]Vision slot Length: 2245,2245, Depth 4583,4584
[20240124_13:17:30_369] # [T82151][VisionSlotAdd][1521]Added Vision Slot[0][4] Num 5 OriCoord: 0: 3495, 3255; 1: 8076, 3095; 2: 7998, 851; 3: 3416, 1011
[20240124_13:17:30_369] # [T82151][VisionSlotAdd][1522]VehCoordAndAngle: 16, 11827, ang -0.005 (-0.279)
[20240124_13:17:30_369] # [T82152][VisionSlotAdd][1523]Current VehPos: 16, 11827, ang -0.005 (-0.279)
[20240124_13:17:30_369] # [T82152][VisionSlotAdd][1528]Convert Vision Slot[0][4] Coord: 0: -3462, 15099; 1: -8044, 14961; 2: -7977, 12717; 3: -3394, 12855
[20240124_13:17:30_369] # [T82153][VisionSlotAdd][1533]Old Vision Slot[0][4] Coord: 0: -3459, 15153; 1: -8073, 15035; 2: -8015, 12768; 3: -3400, 12886
[20240124_13:17:30_369] # [T82154][VisionSlotAddSlotWeightCal][1014]u32Weight: 13, CentreY: 2133.000, DisY: 845.000, SlotAng: -2.000
[20240124_13:17:30_369] # [T82154][VisionSlotAdd][1576]New Vision Slot[0][4] Coord: 0: -3459, 15151; 1: -8072, 15031; 2: -8013, 12765; 3: -3400, 12885
[20240124_13:17:30_387] # [T82155][VisionSlotAdd][1600]vision slot [0][4], u32Weight: 13, Sum: 261, SlotAng: -178.515, CurSlotAng: -178.279
[20240124_13:17:30_426] # [T82210][APAVisionOblAdd][1323]Vision Obl merge: 63
[20240124_13:17:30_426] # [T82210][APAVisionOblAdd][1326]Receive Vision Obl CrossPointCoord: 0: 2238, 15289; 1: 7416, 15535
[20240124_13:17:30_426] # [T82210][APAViionOblInfoDebugPrint][118]VisionOblInfo:
[20240124_13:17:30_426] # [T82211][APAVisionOblInfoDebugPrint][119]OblType: 0, bIsMerge 0, DetectCount 35
[20240124_13:17:30_426] # [T82211][APAVisionOblInfoDebugPrint][122]CrossPointCoord: 0: 2233, 15321; 1: 7246, 15561
[20240124_13:17:30_426] # [T82212][APAVisionOblInfoDebugPrint][125]OriginCrossPointCoord: 0: -2205, 3473; 1: -7382, 3744
[20240124_13:17:30_426] # [T82212][APAVisionOblInfoDebugPrint][126]VehCoordAndAng: 16, 11827, ang -0.005(-0.279)
[20240124_13:17:30_426] # [T82213][APAVisionOblInfoDebugPrint][127] 
[20240124_13:17:30_426] # [T82213][APAVisionOblAdd][1323]Vision Obl merge: 61
[20240124_13:17:30_426] # [T82213][APAVisionOblAdd][1326]Receive Vision Obl CrossPointCoord: 0: -8036, 14957; 1: -3505, 15093
[20240124_13:17:30_426] # [T82214][APAVisionOblInfoDebugPrint][118]VisionOblInfo:
[20240124_13:17:30_426] # [T82214][APAVisionOblInfoDebugPrint][119]OblType: 0, bIsMerge 0, DetectCount 13
[20240124_13:17:30_426] # [T82215][APAVisionOblInfoDebugPrint][122]CrossPointCoord: 0: -8056, 14971; 1: -3480, 15109
[20240124_13:17:30_426] # [T82215][APAVisionOblInfoDebugPrint][125]OriginCrossPointCoord: 0: 8068, 3091; 1: 3538, 3249
[20240124_13:17:30_426] # [T82216][APAVisionOblInfoDebugPrint][126]VehCoordAndAng: 16, 11827, ang -0.005(-0.279)
[20240124_13:17:30_438] # [T82216][APAVisionOblInfoDebugPrint][127] 
[20240124_13:17:30_438] # [T82216][APAVisionOblAdd][1323]Vision Obl merge: 60
[20240124_13:17:30_438] # [T82217][APAVisionOblAdd][1326]Receive Vision Obl CrossPointCoord: 0: 2439, 12944; 1: 7374, 13179
[20240124_13:17:30_438] # [T82217][APAVisionOblInfoDebugPrint][118]VisionOblInfo:
[20240124_13:17:30_438] # [T82217][APAVisionOblInfoDebugPrint][119]OblType: 0, bIsMerge 0, DetectCount 49
[20240124_13:17:30_438] # [T82218][APAVisionOblInfoDebugPrint][122]CrossPointCoord: 0: 2349, 12964; 1: 7289, 13196
[20240124_13:17:30_438] # [T82218][APAVisionOblInfoDebugPrint][125]OriginCrossPointCoord: 0: -2417, 1129; 1: -7351, 1388
[20240124_13:17:30_438] # [T82219][APAVisionOblInfoDebugPrint][126]VehCoordAndAng: 16, 11827, ang -0.005(-0.279)
[20240124_13:17:30_438] # [T82219][APAVisionOblInfoDebugPrint][127] 
[20240124_13:17:30_438] # [T82220][VisionSlotAddValidCheck][893]Vision slot Length: 2365,2365, Depth 5184,5185
[20240124_13:17:30_438] # [T82220][VisionSlotAdd][1521]Added Vision Slot[1][3] Num 4 OriCoord: 0: -2205, 3473; 1: -7382, 3744; 2: -7506, 1382; 3: -2328, 1111
[20240124_13:17:30_438] # [T82221][VisionSlotAdd][1522]VehCoordAndAngle: 16, 11827, ang -0.005 (-0.279)
[20240124_13:17:30_438] # [T82221][VisionSlotAdd][153]Current VehPos: 16, 11827, ang -0.005 (-0.279)
[20240124_13:17:30_438] # [T82222][VisionSlotAdd][1528]Convert Vision Slot[1][3] Coord: 0: 2238, 15289; 1: 7416, 15535; 2: 7529, 13172; 3: 2350, 12927
[20240124_13:17:30_438] # [T82222][VisionSlotAdd][1533]Old Vision Slot[1][3] Coord: 0: 2228, 15325; 1: 7316, 15567; 2: 7429, 13201; 3: 2341, 12959
[20240124_13:17:30_438] # [T82223][VisionSlotAddSlotWeightCal][1014]u32Weight: 12, CentreY: 2292.000, DisY: 1004.000, SlotAng: 177.004
[20240124_13:17:30_438] # [T82224][VisionSlotAdd][1576]New Vision Slot[1][3] Coord: 0: 2228, 15323; 1: 7321, 15566; 2: 7434, 13200; 3: 2341, 12957
[20240124_13:17:30_438] # [T82224][VisionSlotAdd][1600]vision slot [1][3], u32Weight: 12, Sum: 243, SlotAng: 2.727, CurSlotAng: 2.717
[20240124_13:17:30_438] # [T82225][VisionSlotAddValidCheck][893]Vision slot Length: 2229,2229, Depth 4532,4532
[20240124_13:17:30_438] # [T82226][VisionSlotAdd][1521]Added Vision Slot[0][4] Num 5 OriCoord: 0: 3538, 3249; 1: 8068, 3091; 2: 7990, 863; 3: 3460, 1021
[20240124_13:17:30_438] # [T82226][VisionSlotAdd][1522]VehCoordAndAngle: 16, 11827, ang -0.005 (-0.279)
[20240124_13:17:30_438] # [T82227][VisionSlotAdd][1523]Current VehPos: 16, 11827, ang -0.005 (-0.279)
[20240124_13:17:30_438] # [T82227][VisionSlotAdd][1528]Convert Vision Slot[0][4] Coord: 0: -3505, 15093; 1: -8036, 14957; 2: -7969, 12729; 3: -3438, 12865
[20240124_13:17:30_438] # [T82228][VisionSlotAdd][1533]Old Vision Slot[0][4] Coord: 0: -3459, 15151; 1: -8072, 15031; 2: -8013, 12765; 3: -3400, 12885
[20240124_13:17:30_438] # [T82228][VisionSlotAddSlotWeightCal][1014]u32Weight: 13, CentreY: 2135.000, DisY: 847.000, SlotAng: -1.998
[20240124_13:17:30_438] # [T82229][VisionSlotAdd][1576]New Vision Slot[0][4] Coord: 0: -3461, 15148; 1: -8070, 15028; 2: -8011, 12763; 3: -3402, 12884
[20240124_13:17:30_454] # [T82230][VisionSlotAdd][1600]vision slot [0][4], u32Weight: 13, Sum: 274, SlotAng: -178.504, CurSlotAng: -178.281
[20240124_13:17:30_454] # [T82230][VisionSlotAddValidCheck][893]Vision slot Length: 2411,2411, Depth 4940,4939
[20240124_13:17:30_454] # [T82231][VisionSlotAdd][1521]Added Vision Slot[1][2] Num 4 OriCoord: 0: -2417, 1129; 1: -7351, 1388; 2: -7477, -1020; 3: -2544, -1279
[20240124_13:17:30_454] # [T82232][VisionSlotAdd][1522]VehCoordAndAngle: 16, 11827, ang -0.005 (-0.279)
[20240124_13:17:30_454] # [T82232][VisionSlotAdd][1523]Current VehPos: 16, 11827, ang -0.005 (-0.79)
[20240124_13:17:30_454] # [T82232][VisionSlotAdd][1528]Convert Vision Slot[1][2] Coord: 0: 2439, 12944; 1: 7374, 13179; 2: 7488, 10771; 3: 2554, 10536
[20240124_13:17:30_454] # [T82233][VisionSlotAdd][1533]Old Vision Slot[1][2] Coord: 0: 2359, 12980; 1: 7322, 13214; 2: 7433, 10853; 3: 2470, 10619
[20240124_13:17:30_454] # [T82234][VisionSlotAddSlotWeightCal][1014]u32Weight: 8, CentreY: -75.000, DisY: 1363.000, SlotAng: 176.995
[20240124_13:17:30_454] # [T82234][VisionSlotAdd][1576]New Vision Slot[1][2] Coord: 0: 2360, 12980; 1: 7323, 13213; 2: 7434, 10851; 3: 2472, 10618
[20240124_13:17:30_472] # [T82235][VisionSlotAdd][1600]vision slot [1][2], u32Weight: 8, Sum: 500, SlotAng: 2.694, CurSlotAng: 2.726
[20240124_13:17:30_518] # [T82302][APAVisionOblAdd][1323]Vision Obl merge: 63
[20240124_13:17:30_518] # [T82302][APAVisionOblAdd][1326]Receive Vision Obl CrossPointCoord: 0: 2235, 15277; 1: 7306, 15519
[20240124_13:17:30_518] # [T82302][APAVisionOblInfoDebugPrint][118]VisionOblInfo:
[20240124_13:17:30_518] # [T82303][APAVisionOblInfoDebugPrint][119]OblType: 0, bIsMerge 0, DetectCount 36
[20240124_13:17:30_518] # [T82303][APAVisionOblInfoDebugPrint][122]CrossPointCoord: 0: 2233, 15320; 1: 7248, 15560
[20240124_13:17:30_518] # [T82304][APAVisionOblInfoDebugPrint][125]OriginCrossPointCoord: 0: -2202, 3461; 1: -7272, 3727
[20240124_13:17:30_518] # [T82304][APAVisionOblInfoDebugPrint][126]VehCoordAndAng: 16, 11827, ang -0.005(-0.279)
[20240124_13:17:30_518] # [T82305][APAVisionOblInfoDebugPrint][127] 
[20240124_13:17:30_518] # [T8230][APAVisionOblAdd][1323]Vision Obl merge: 60
[20240124_13:17:30_518] # [T82305][APAVisionOblAdd][1326]Receive Vision Obl CrossPointCoord: 0: 2342, 12896; 1: 7399, 13136
[20240124_13:17:30_518] # [T82306][APAVisionOblInfoDebugPrint][118]VisionOblInfo:
[20240124_13:17:30_518] # [T82306][APAVisionOblInfoDebugPrint][119]OblType: 0, bIsMerge 0, DetectCount 50
[20240124_13:17:30_518] # [T82306][APAVisionOblInfoDebugPrint][122]CrossPointCoord: 0: 2349, 12963; 1: 7291, 13195
[20240124_13:17:30_518] # [T82307][APAVisionOblInfoDebugPrint][125]OriginCrossPointCoord: 0: -2321, 1080; 1: -7376, 1345
[20240124_13:17:30_518] # [T82308][APAVisionOblInfoDebugPrint][126]VehCoordAndAng: 16, 11827, ang -0.005(-0.279)
[20240124_13:17:30_518] # [T82308][APAVisionOblInfoDebugPrint][127] 
[20240124_13:17:30_518] # [T82308][APAVisionOblAdd][1323]Vision Obl merge: 61
[20240124_13:17:30_518] # [T82309][APAVisionOblAdd][1326]Receive Vision Obl CrossPointCoord: 0: -8007, 14961; 1: -3512, 15096
[20240124_13:17:30_518] # [T82309][APAVisionOblInfoDebugPrint][118]VisionOblInfo:
[20240124_13:17:30_518] # [T82309][APAVisionOblInfoDebugPrint][119]OblType: 0, bIsMerge 0, DetectCount 14
[20240124_13:17:30_533] # [T82310][APAVisionOblInfoDebugPrint][122]CrossPointCoord: 0: -8053, 14970; 1: -3483, 15108
[20240124_13:17:30_533] # [T82310][APAVisionOblInfoDebugPrint][125]OriginCrossPointCoord: 0: 8039, 3095; 1: 3545, 3252
[20240124_13:17:30_533] # [T82311][APAVisionOblInfoDebugPrint][126]VehCoordAndAng: 16, 11827, ang -0.005(-0.279)
[20240124_13:17:30_533] # [T82311][APAVisionOblInfoDebugPrint][127] 
[20240124_13:17:30_533] # [T82312][VisionSlotAddValidCheck][893]Vision slot Length: 2310,2310, Depth 5076,5076
[20240124_13:17:30_533] # [T82312][VisionSlotAdd][1521]Added Vision Slot[1][3] Num 4 OriCoord: 0: -2202, 3461; 1: -7272, 3727; 2: -7393, 1420; 3: -2323, 1154
[20240124_13:17:30_533] # [T82313][VisionSlotAdd][1522]VehCoordAndAngle: 16, 11827, ang -0.005 (-0.279)
[20240124_13:17:30_533] # [T82313][VisionSlotAdd][1523]Current VehPos: 16, 11827, ang -0.005 (-0.279)
[20240124_13:17:30_533] # [T82314][VisionSlotAdd][1528]Convert Vision Slot[1][3] Coord: 0: 2235, 15277; 1: 7306, 15519; 2: 7416, 13211; 3: 2345, 12970
[20240124_13:17:30_533] # [T82315][VisionSlotAdd][1533]Old Vision Slot[1][3] Coord: 0: 2228, 15323; 1: 7321, 15566; 2: 7434, 13200; 3: 2341, 12957
[20240124_13:17:30_533] # [T82315][VisionSlotAddSlotWeightCal][1014]u32Weight: 11, CentreY: 2307.500, DisY: 1019.500, SlotAng: 176.997
[20240124_13:17:30_533] # [T82316][VisionSlotAdd][1576]New Vision Slot[1][3] Coord: 0: 2229, 15321; 1: 7320, 15564; 2: 7433, 13200; 3: 2341, 12958
[20240124_13:17:30_533] # [T82316][VisionSlotAdd][1600]vision slot [1][3], u32Weight: 11, Sum: 254, SlotAng: 2.727, CurSlotAng: 2.724
[20240124_13:17:30_533] # [T82317][VisionSlotAddValidCheck][893]Vision slot Length: 2385,2386, Depth 5061,5061
[20240124_13:17:30_533] # [T82318][VsionSlotAdd][1521]Added Vision Slot[1][2] Num 4 OriCoord: 0: -2321, 1080; 1: -7376, 1345; 2: -7501, -1038; 3: -2446, -1302
[20240124_13:17:30_533] # [T82318][VisionSlotAdd][1522]VehCoordAndAngle: 16, 11827, ang -0.005 (-0.279)
[20240124_13:17:30_533] # [T82319][VisionSlotAdd][1523]Current VehPos: 16, 11827, ang -0.005 (-0.279)
[20240124_13:17:30_533] # [T82319][VisionSlotAdd][1528]Convert Vision Slot[1][2] Coord: 0: 2342, 12896; 1: 7399, 13136; 2: 7512, 10753; 3: 2456, 10513
[20240124_13:17:30_533] # [T82320][VisionSlotAdd][1533]Old Vision Slot[1][2] Coord: 0: 2360, 12980; 1: 7323, 13213; 2: 7434, 10851; 3: 2472, 10618
[20240124_13:17:30_533] # [T82320][VisionSlotAddSlotWeightCal][1014]u32Weight: 7, CentreY: -111.000, DisY: 1399.000, SlotAng: 177.005
[20240124_13:17:30_533] # [T82321][VisionSlotAdd][1576]New Vision Slot[1][2] Coord: 0: 2360, 12978; 1: 7324, 13212; 2: 7435, 10850; 3: 2471, 10616
[20240124_13:17:30_533] # [T82322][VisionSlotAdd][1600]vision slot [1][2], u32Weight: 7, Sum: 507, SlotAng: 2.695, CurSlotAng: 2.716
[20240124_13:17:30_533] # [T82322][VisionSlotAddValidCheck][893]Vision slot Length: 2244,2244, Depth 4496,4496
[20240124_13:17:30_533] # [T82323][VisionSlotAdd][1521]Added Vision Slot[0][4] Num 5 OriCoord: 0: 3545, 3252; 1: 8039, 3095; 2: 7961, 852; 3: 3467, 1009
[20240124_13:17:30_533] # [T82324][VisionSlotAdd][1522]VehCoordAndAngle: 16, 11827, ang -0.005 (-0.279)
[20240124_13:17:30_533] # [T82324][VisionSlotAdd][1523]Current VehPos: 16, 11827, ang -0.005 (-0.279)
[20240124_13:17:30_533] # [T82324][VisionSlotAdd][1528]Convert Vision Slot[0][4] Coord: 0: -3512, 15096; 1: -8007, 14961; 2: -7940, 12718; 3: -3445, 12853
[20240124_13:17:30_533] # [T82325][VisionSlotAdd][1533]Old Vision Slt[0][4] Coord: 0: -3461, 15148; 1: -8070, 15028; 2: -8011, 12763; 3: -3402, 12884
[20240124_13:17:30_533] # [T82326][VisionSlotAddSlotWeightCal][1014]u32Weight: 13, CentreY: 2130.500, isY: 842.500, SlotAng: -2.001
[20240124_13:17:30_549] # [T82326][VisionSlotAdd][1576]New Vision Slot[0][4] Coord: 0: -3463, 15146; 1: -8067, 15025; 2: -8008, 12761; 3: -3404, 12882
[20240124_13:17:30_549] # [T82327][VisionSlotAdd][1600]vision slot [0][4], u32Weight: 13, Sum: 287, SlotAng: -178.494, CurSlotAng: -178.278
[20240124_13:17:30_598] # [T82383][VisionSlotAddValidCheck][893]Vision slot Length: 2363,2363, Depth 5112,5113
[20240124_13:17:30_598] # [T82383][VisionSlotAdd][1521]Added Vision Slot[1][3] Num 4 OriCoord: 0: -2165, 3466; 1: -7271, 3733; 2: -7395, 1373; 3: -2288, 1106
[20240124_13:17:30_598] # [T82384][VisionSlotAdd][1522]VehCoordAndAngle: 16, 11827, ang -0.005 (-0.279)
[20240124_13:17:30_598] # [T82384][VisionSlotAdd][1523]Current VehPos: 16, 11827, ang -0.005 (-0.279)
[20240124_13:17:30_598] # [T82385][VisionSlotAdd][1528]Convert Vision Slot[1][3] Coord: 0: 2198, 15282; 1: 7305, 15525; 2: 7418, 13164; 3: 2310, 12922
[20240124_13:17:30_598] # [T82385][VisionSlotAdd][1533]Old Vision Slot[1][3] Coord: 0: 2229, 15321; 1: 7320, 15564; 2: 7433, 13200; 3: 2341, 12958
[20240124_13:17:30_598] # [T82386][VisionSlotAddSlotWeightCal][1014]u32Weight: 12, CentreY: 2286.000, DisY: 998.000, SlotAng: 177.007
[20240124_13:17:30_598] # [T82386][VisionSlotAdd][1576]New Vision Slot[1][3] Coord: 0: 2227, 15319; 1: 7320, 15562; 2: 7432, 13199; 3: 2340, 12956
[20240124_13:17:30_598] # [T82387][VisionSlotAdd][1600]vision slot [1][3], u32Weight: 12, Sum: 266, SlotAng: 2.727, CurSlotAng: 2.714
[20240124_13:17:30_598] # [T82388][VisionSlotAddValidCheck][893]Vision slot Length: 2382,2381, Depth 5059,5060
[20240124_13:17:30_598] # [T82388][VisionSlotAdd][1521]Added Vision Slot[1][2] Num 4 OriCoord: 0: -2332, 1092; 1: -7385, 1356; 2: -7510, -1022; 3: -2456, -1287
[20240124_13:17:30_598] # [T82389][VisionSlotAdd][1522]VehCoordAndAngle: 16, 11827, ang -0.005 (-0.279)
[20240124_13:17:30_598] # [T82389][VisionSlotAdd][1523]Current VehPos: 16, 11827, ang -0.005 (-0.279)
[20240124_13:17:30_614] # [T82390][VisionSlotAdd][1528]Convert Vision Slot[1][2] Coord: 0: 2353, 12908; 1: 7408, 13147; 2: 7521, 10768; 3: 2466, 10528
[20240124_13:17:30_614] # [T82391][VisionSlotAdd][1533]Old Vision Slot[1][2] Coord: 0: 2360, 12978; 1: 7324, 13212; 2: 7435, 10850; 3: 2471, 10616
[20240124_13:17:30_614] # [T82391][VisionSlotAddSlotWeightCal][1014]u32Weight: 7, CentreY: -97.500, DisY: 1385.500, SlotAng: 177.004
[20240124_13:17:30_614] # [T82392][VisionSlotAdd][1576]New Vision Slot[1][2] Coord: 0: 2360, 12978; 1: 7325, 13211; 2: 7436, 10849; 3: 2471, 10615
[20240124_13:17:30_614] # [T82393][VisionSltAdd][1600]vision slot [1][], u32Weight: 7, Sum: 514, SlotAng: 2.695, CurSlotAng: 2.717
[20240124_13:17:30_614] # [T82393][VisionSlotAddValidCheck][893]Vision slot Length: 2247,2248, Depth 4577,4578
[20240124_13:17:30_614] # [T82394][VisionSlotAdd][1521]Added Vision Slot[0][4] Num 5 OriCoord: 0: 3513, 3252; 1: 8088, 3093; 2: 8010, 846; 3: 3434, 1006
[20240124_13:17:30_614] # [T82394][VisionSlotAdd][1522]VehCoordAndAngle: 16, 11827, ang -0.005 (-0.279)
[20240124_13:17:30_614] # [T82395][VisionSlotAdd][1523]Current VehPos: 16, 11827, ang -0.005 (-0.279)
[20240124_13:17:30_614] # [T82395][VisionSlotAdd][1528]Convert Vision Slot[0][4] Coord: 0: -3480, 15096; 1: -8056, 14959; 2: -7989, 12712; 3: -3412, 12850
[20240124_13:17:30_614] # [T82396][VisionSlotAdd][1533]Old Vision Slot[0][4] Coord: 0: -3463, 15146; 1: -8067, 15025; 2: -8008, 12761; 3: -3404, 12882
[20240124_13:17:30_614] # [T82397][VisionSlotAddSlotWeightCal][1014]u32Weight: 13, CentreY: 2129.000, DisY: 841.000, SlotAng: -1.996
[20240124_13:17:30_614] # [T82397][VisionSlotAdd][1576]New Vision Slot[0][4] Coord: 0: -3464, 15143; 1: -8067, 15022; 2: -8007, 12759; 3: -3404, 12881
[20240124_13:17:30_614] # [T82398][VisionSlotAdd][1600]vision slot [0][4], u32Weight: 13, Sum: 300, SlotAng: -178.485, CurSlotAng: -178.282
[20240124_13:17:30_614] # [T82399][APAVisionOblAdd][1323]Vision Obl merge: 63
[20240124_13:17:30_614] # [T82399][APAVisionOblAdd][1326]Receive Vision Obl CrossPointCoord: 0: 2198, 15282; 1: 7305, 15525
[20240124_13:17:30_614] # [T82400][APAVisionOblInfoDebugPrint][118]VisionOblInfo:
[20240124_13:17:30_614] # [T82400][APAVisionOblInfoDebugPrint][119]OblType: 0, bIsMerge 0, DetectCount 37
[20240124_13:17:30_614] # [T82401][APAVisionOblInfoDebugPrint][122]CrossPointCoord: 0: 2232, 15319; 1: 7250, 15559
[20240124_13:17:30_614] # [T82401][APAVisionOblInfoDebugPrint][125]OriginCrossPointCoord: 0: -2165, 3466; 1: -7271, 3733
[20240124_13:17:30_614] # [T82402][APAVisionOblInfoDebugPrint][126]VehCoordAndAng: 16, 11827, ang -0.005(-0.279)
[20240124_13:17:30_614] # [T82402][APAVisionOblInfoDebugPrint][127] 
[20240124_13:17:30_614] # [T82402][APAVisionOblAdd][1323]Vision Obl merge: 60
[20240124_13:17:30_614] # [T82403][APAVisionOblAdd][1326]Receive Vision Obl CrossPointCoord: 0: 2353, 12908; 1: 7408, 13147
[20240124_13:17:30_614] # [T82403][APAVisionOblInfoDebugPrint][118]VisionOblInfo:
[20240124_13:17:30_614] # [T82404][APAVisionOblInfoDebugPrint][119]OblType: 0, bIsMerge 0, DetectCount 51
[20240124_13:17:30_614] # [T82404][APAVisionOblInfoDebugPrint][122]CrossPointCoord: 0: 2349, 12962; 1: 7293, 13194
[20240124_13:17:30_628] # [T82404][APAVisionOblInfoDebugPrint][125]OriginCrossPointCoord: 0: -2332, 1092; 1: -7385, 1356
[20240124_13:17:30_628] # [T82405][APAVisionOblInfoDebugPrint][126]VehCoordAndAng: 16, 11827, ang -0.005(-0.279)
[20240124_13:17:30_628] # [T82406][APAVisionOblInfoDebugPrint][127] 
[20240124_13:17:30_628] # [T82406][APAVisionOblAdd][1323]Vision Obl merge: 61
[20240124_13:17:30_628] # [T82406][APAVisionOblAdd][1326]Receive Vision Obl CrossPointCoord: 0: -8056, 14959; 1: -3480, 15096
[20240124_13:17:30_628] # [T82407][APAVisionOblInfoDebugPrint][118]VisionOblInfo:
[20240124_13:17:30_628] # [T82407][APAVisionOblInfoDebugPrint][119]OblType: 0, bIsMerge 0, DetectCount 15
[20240124_13:17:30_628] # [T82407][APAVisionOblInfoDebugPrint][122]CrossPointCoord: 0: -8053, 14970; 1: -3482, 15107
[20240124_13:17:30_628] # [T82408][APAVisionOblInfoDebugPrint][125]OriginCrossPointCoord: 0: 8088, 3093; 1: 3513, 3252
[20240124_13:17:30_628] # [T82408][APAVisionOblInfoDebugPrint][126]VehCoordAndAng: 16, 11827, ang -0.005(-0.279)
[20240124_13:17:30_628] # [T82409][APAVisionOblInfoDebugPrint][127] 
[20240124_13:17:30_660] #   82429-task_radar-118: RadarCaptureCnt is 371 
[20240124_13:17:30_660] # 
[20240124_13:17:30_679] # [T82464][APAVisionOblAdd][1323]Vision Obl merge: 60
[20240124_13:17:30_679] # [T82464][APAVisionOblAdd][1326]Receive Vision Obl CrossPointCoord: 0: 2378, 12891; 1: 7447, 13131
[20240124_13:17:30_679] # [T82464][APAVisionOblInfoDebugPrint][118]VisionOblInfo:
[20240124_13:17:30_679] # [T82465][APAVisionOblInfoDebugPrint][119]OblType: 0, bIsMerge 0, DetectCount 52
[20240124_13:17:30_679] # [T82465][APAVisionOblInfoDebugPrint][122]CrossPointCoord: 0: 2349, 12960; 1: 7296, 13193
[20240124_13:17:30_679] # [T82466][APAVisionOblInfoDebugPrint][125]OriginCrossPointCoord: 0: -2357, 1075; 1: -7424, 1340
[20240124_13:17:30_679] # [T82466][APAVisionOblInfoDebugPrint][126]VehCoordAndAng: 16, 11827, ang -0.005(-0.279)
[20240124_13:17:30_679] # [T82467][APAVisionOblInfoDebugPrint][127] 
[20240124_13:17:30_679] # [T82467][APAVisionOblAdd][1323]Vision Obl merge: 63
[20240124_13:17:30_679] # [T82467][APAVisionOblAdd][1326]Receive Vision Obl CrossPointCoord: 0: 2226, 15282; 1: 7321, 15524
[20240124_13:17:30_693] # [T82468][APAVisionOblInfoDebugPrint][118]VisionOblInfo:
[20240124_13:17:30_693] # [T82468][APAVisionOblInfoDebugPrint][119]OblType: 0, bIsMerge 0, DetectCount 38
[20240124_13:17:30_693] # [T82468][APAVisionOblInfoDebugPrint][122]CrossPointCoord: 0: 2232, 15318; 1: 7251, 15558
[20240124_13:17:30_693] # [T82469][APAVisionOblInfoDebugPrint][125]OriginCrossPointCoord: 0: -2193, 3466; 1: -7287, 3733
[20240124_13:17:30_693] # [T82469][APAVisionOblInfoDebugPrint][126]VehCoordAndAng: 16, 11827, ang -0.005(-0.279)
[20240124_13:17:30_693] # [T82470][APAVisionOblInfoDebugPrint][127] 
[20240124_13:17:30_693] # [T82470][APAVisionOblAdd][1323]Vision Obl merge: 61
[20240124_13:17:30_693] # [T82470][APAVisionOblAdd][1326]Receive Vision Obl CrossPointCoord: 0: -8034, 14958; 1: -3480, 15095
[20240124_13:17:30_693] # [T82471][APAVisionOblInfoDebugPrint][118]VisionOblInfo:
[20240124_13:17:30_693] # [T82471][APAVisionOblInfoDebugPrint][119]OblType: 0, bIsMerge 0, DetectCount 16
[20240124_13:17:30_693] # [T82472][APAVisionOblInfoDebugPrint][122]CrossPointCoord: 0: -8052, 14969; 1: -3482, 15106
