[20240124_13:45:05_916] #    9000-task_radar-118: RadarCaptureCnt is 92 
[20240124_13:45:05_916] # 
[20240124_13:45:05_916] #    9498-task_radar-118: RadarCaptureCnt is 92 
[20240124_13:45:05_916] # 
[20240124_13:45:05_916] #    9999-task_radar-118: RadarCaptureCnt is 92 
[20240124_13:45:05_916] # 
[20240124_13:45:05_917] # [T10471][CornerInfoMsg30ToPerceptionSend][862]CornerCoord: 0: 0, 0; 1: 0, 0; 2: 0, 0; 3: 0, 0
[20240124_13:45:05_917] # [T10472][CornerInfoMsg30ToPerceptionSend][864]VehLocation 0, Gear 0, OperatingState 0
[20240124_13:45:05_917] #   10497-task_radar-118: RadarCaptureCnt is 92 
[20240124_13:45:05_917] # 
[20240124_13:45:05_917] #   10998-task_radar-118: RadarCaptureCnt is 93 
[20240124_13:45:05_917] # 
[20240124_13:45:05_922] #   11496-task_radar-118: RadarCaptureCnt is 93 
[20240124_13:45:05_922] # 
[20240124_13:45:05_922] #   11997-task_radar-118: RadarCaptureCnt is 94 
[20240124_13:45:05_922] # 
[20240124_13:45:05_922] #   12495-task_radar-118: RadarCaptureCnt is 95 
[20240124_13:45:05_922] # 
[20240124_13:45:05_922] #   12996-task_radar-118: RadarCaptureCnt is 97 
[20240124_13:45:05_922] # 
[20240124_13:45:06_042] #   13494-task_radar-118: RadarCaptureCnt is 98 
[20240124_13:45:06_042] # 
[20240124_13:45:06_548] #   13995-task_radar-118: RadarCaptureCnt is 98 
[20240124_13:45:06_548] # 
[20240124_13:45:07_046] #   14493-task_radar-118: RadarCaptureCnt is 98 
[20240124_13:45:07_046] # 
[20240124_13:45:07_547] #   14994-task_radar-118: RadarCaptureCnt is 98 
[20240124_13:45:07_547] # 
[20240124_13:45:08_037] #   15492-task_radar-118: RadarCaptureCnt is 99 
[20240124_13:45:08_037] # 
[20240124_13:45:08_041] # [T15506][CornerInfoMsg30ToPerceptionSend][862]CornerCoord: 0: 0, 0; 1: 0, 0; 2: 0, 0; 3: 0, 0
[20240124_13:45:08_053] # [T15507][CornerInfoMsg30ToPerceptionSend][864]VehLocation 0, Gear 0, OperatingState 0
[20240124_13:45:08_547] #   15993-task_radar-118: RadarCaptureCnt is 100 
[20240124_13:45:08_547] # 
[20240124_13:45:08_807] # [T16274][UIInteractionLevel1CallBack][2764]CurL1Cmd[4]; PrevL1Cmd[0]
[20240124_13:45:08_810] # [T16274][locate_position_set][337]locate reset pos@16274: 1  0.000, 5000.000, 0.0, minus: 0.000
[20240124_13:45:08_810] # 
[20240124_13:45:08_810] # [T16276][Dispatch_ParkInData_Init][737]ParkIn data Init.
[20240124_13:45:08_812] # [T16276][locate_position_set][337]locate reset pos@16276: 1  0.000, 5000.000, 0.0, minus: 0.000
[20240124_13:45:08_812] # 
[20240124_13:45:08_819] # [T16276][APAUISendOprStateAndL2ModeData][286]ApaUIComData: Level2Mode[1]
[20240124_13:45:08_819] # [T16277][APAUISendOprStateAndL2ModeData][295]ApaUIComData: OperatingState[1]
[20240124_13:45:08_822] # [T16286][Dispatch_Data_Print][146]UIInteractiveLevel2ManaAddr[10dc0c], Size[1]
[20240124_13:45:08_828] # [T16286][Dispatch_Data_Print][147]OprtSta Change: APAState=[3]; OperatingState[1]; Gear[0]
[20240124_13:45:08_828] # [T16286][UI_ODIDisplay][269]ApaUIComData: Cmd[25] CurParkMode[1], CurOprSts[1]
[20240124_13:45:08_840] # [T16296][Dispatch_Data_Print][157]HMICmd  Change: CurODIDisplayCmd[25]; OperatingState[1], Gear[0]
[20240124_13:45:09_032] #   16491-task_radar-118: RadarCaptureCnt is 101 
[20240124_13:45:09_032] # 
[20240124_13:45:09_073] # [T16539][APAVisionOblInsert][847]Vision Obl insert: 0
[20240124_13:45:09_073] # [T16539][APAVisionOblInfoDebugPrint][118]VisionOblInfo:
[20240124_13:45:09_073] # [T16539][APAVisionOblInfoDebugPrint][119]OblType: 0, bIsMerge 0, DetectCount 1
[20240124_13:45:09_073] # [T16540][APAVisionOblInfoDebugPrint][122]CrossPointCoord: 0: -2565, 9406; 1: -7471, 9663
[20240124_13:45:09_073] # [T16540][APAVisionOblInfoDebugPrint][125]OriginCrossPointCoord: 0: -2565, 4406; 1: -7471, 4663
[20240124_13:45:09_077] # [T16541][APAVisionOblInfoDebugPrint][126]VehCoordAndAng: 0, 5000, ang 0.000(0.000)
[20240124_13:45:09_077] # [T16541][APAVisionOblInoDebugPrint][127] 
[20240124_13:45:09_077] # [T16541][APAVisionOblInsert][847]Vision Obl insert: 0
[20240124_13:45:09_077] # [T16542][APAVisionOblInfoDebugPrint][118]VisionOblInfo:
[20240124_13:45:09_077] # [T16542][APAVisionOblInfoDebugPrint][119]OblType: 0, bIsMerge 0, DetectCount 1
[20240124_13:45:09_081] # [T16542][APAVisionOblInfoDebugPrint][122]CrossPointCoord: 0: 8368, 5425; 1: 4303, 7868
[20240124_13:45:09_081] # [T16543][APAVisionOblInfoDebugPrint][125]OriginCrossPointCoord: 0: 8368, 425; 1: 4303, 2868
[20240124_13:45:09_081] # [T16543][APAVisionOblInfoDebugPrint][126]VehCoordAndAng: 0, 5000, ang 0.000(0.000)
[20240124_13:45:09_082] # [T16544][APAVisionOblInfoDebugPrint][127] 
[20240124_13:45:09_082] # [T16544][APAVisionOblAdd][1323]Vision Obl merge: 0
[20240124_13:45:09_082] # [T16544][APAVisionOblAdd][1326]Receive Vision Obl CrossPointCoord: 0: -2635, 6944; 1: -7545, 7287
[20240124_13:45:09_082] # [T16545][APAVisionOblInfoDebugPrint][118]VisionOblInfo:
[20240124_13:45:09_084] # [T16545][APAVisionOblInfoDebugPrint][119]OblType: 0, bIsMerge 0, DetectCount 2
[20240124_13:45:09_084] # [T16546][APAVisionOblInfoDebugPrint][122]CrossPointCoord: 0: 2866, 6184; 1: -1621, 7577
[20240124_13:45:09_084] # [T16546][APAVisionOblInfoDebugPrint][125]OriginCrossPointCoord: 0: -2635, 1944; 1: -7545, 2287
[20240124_13:45:09_084] # [T16547][APAVisionOblInfoDebugPrint][126]VehCoordAndAng: 0, 5000, ang 0.000(0.000)
[20240124_13:45:09_084] # [T16547][APAVisionOblInfoDebugPrint][127] 
[20240124_13:45:09_084] # [T16547][VisionSlotAddValidCheck][893]Vision slot Length: 2385,2384, Depth 4912,4911
[20240124_13:45:09_085] # [T16548][VisionSlotAdd][1613]Added Vision Slot[1][0] Num 0 OriCoord: 0: -2565, 4406; 1: -7471, 4663; 2: -7595, 2282; 3: -2690, 2024
[20240124_13:45:09_085] # [T16549][VisionSlotAdd][1615]VehCoordAndAngle: 0, 5000, ang 0.000 (0.000)
[20240124_13:45:09_085] # [T16549][VisionSlotAdd][1616]Current VehPos: 0, 5000, ang 0.000 (0.000)
[20240124_13:45:09_085] # [T16549][VisionSlotAdd][1621]New Vision Slot[1][0] Coord: 0: -2565, 9406; 1: -7471, 9663; 2: -7595, 7282; 3: -2690, 7024
[20240124_13:45:09_085] # [T16550][VisionSlotAddSlotWeightCal][1014]u32Weight: 1, CentreY: 3215.000, DisY: 1927.000, SlotAng: 176.995
[20240124_13:45:09_085] # [T16551][VisionSlotInfoInsert][513]VisionSlot[1][0] id 1 is insert, num 0->1
[20240124_13:45:09_088] # [T16551][VisionSlotInfoDebugPrint][148]VisionSlot[1][0]: ID 1, SlotType: 垂直, SlotLength: 2385, SlotDepth 4912
[20240124_13:45:09_090] # [T16552][VisionSlotInfoDebugPrint][155]VehCoordAndAng: 0, 5000, ang 0.000(0.000)
[20240124_13:45:09_090] # [T16552][VisionSlotInfoDebugPrint][160]tOriCrossPt: 0: -2565, 4406; 1: -7471, 4663; 2: -7595, 2282; 3: -2690, 2024
[20240124_13:45:09_090] # [T16553][VisionSlotInfoDebugPrint][165]tCrossPt: 0: -2565, 9406; 1: -7471, 9663; 2: -7595, 7282; 3: -2690, 7024
[20240124_13:45:09_090] # [T16553][VisionSlotInfoDebugPrint][169]TimeDelay 151, bAvailable 1, u32WeightSum 1, u32SlotSparallelCount 0, u32SlotPerpenicularCount 1
[20240124_13:45:09_090] # [T16554][VisionSlotInfoInsert][520]VisionSlot[1] num 1 after : 1        0       0       0       0
[20240124_13:45:09_090] # [T16555][VisionSlotAdd][1650]vision slot [1][0], u32Weight: 1, CurSlotAng: 176.995
[20240124_13:45:09_090] # [T16555][VisionSlotAddValidCheck][893]Vision slot Length: 2622,2621, Depth 4742,4742
[20240124_13:45:09_090] # [T16556][VisionSlotAdd][1613]Added Vision Slot[0][0] Num 0 OriCoord: 0: 4303, 2868; 1: 8368, 425; 2: 7018, -1822; 3: 2953, 620
[20240124_13:45:09_090] # [T16556][VisionSlotAdd][1615]VehCoordAndAngle: 0, 5000, ang 0.000 (0.000)
[20240124_13:45:09_090] # [T16557][VisionSlotAdd][1616]Current VehPos: 0, 5000, ang 0.000 (0.000)
[20240124_13:45:09_094] # [T16557][VisionSlotAdd][1621]New Vision Slot[0][0] Coord: 0: 4303, 7868; 1: 8368, 5425; 2: 7018, 3178; 3: 2953, 5620
[20240124_13:45:09_094] # [T16558][VisionSlotAddSlotWeightCal][1014]u32Weight: 18, CentreY: 1744.000, DisY: 456.000, SlotAng: -31.000
[20240124_13:45:09_094] # [T16558][VisionSlotInfoInsert][513]VisionSlot[0][0] id 2 is insert, num 0->1
[20240124_13:45:09_094] # [T16559][VisionSlotInfoDebugPrint][148]VisionSlot[0][0]: ID 2, SlotType: 垂直, SlotLength: 2622, SlotDepth 4742
[20240124_13:45:09_094] # [T16559][VisionSlotInfoDebugPrint][155]VehCoordAndAng: 0, 5000, ang 0.000(0.000)
[20240124_13:45:09_098] # [T16560][VisionSlotInfoDebugPrint][160]tOriCrossPt: 0: 4303, 2868; 1: 8368, 425; 2: 7018, -1822; 3: 2953, 620
[20240124_13:45:09_098] # [T16560][VisionSlotInfoDebugPrint][165]tCrossPt: 0: 4303, 7868; 1: 8368, 5425; 2: 7018, 3178; 3: 2953, 5620
[20240124_13:45:09_098] # [T16561][VisionSlotInfoDebugPrint][169]TimeDelay 151, bAvailable 1, u32WeightSum 18, u32SlotSparallelCount 0, u32SlotPerpenicularCount 1
[20240124_13:45:09_098] # [T16562][VisionSlotInfoInsert][520]VisionSlot[0] num 1 after : 2        0       0       0       0
[20240124_13:45:09_098] # [T16562][VisionSlotAdd][1650]vision slot [0][0], u32Weight: 18, CurSlotAng: -31.000
[20240124_13:45:09_098] # [T16563][VisionSlotAddValidCheck][893]Vision slot Length: 2317,2316, Depth 4921,4922
[20240124_13:45:09_098] # [T16563][VisionSlotAdd][1613]Added Vision Slot[1][0] Num 1 OriCoord: 0: -2635, 1944; 1: -7545, 2287; 2: -7707, -24; 3: -2797, -368
[20240124_13:45:09_102] # [T16564][VisionSlotAdd][1615]VehCoordAndAngle: 0, 5000, ang 0.000 (0.000)
[20240124_13:45:09_102] # [T16564][VisionSlotAdd][1616]Current VehPos: 0, 5000, ang 0.000 (0.000)
[20240124_13:45:09_102] # [T16565][VisionSlotAdd][1621]New Vision Slot[1][0] Coord: 0: -2635, 6944; 1: -7545, 7287; 2: -7707, 4976; 3: -2797, 4632
[20240124_13:45:09_102] # [T16565][VisionSlotAddSlotWeightCal][1014]u32Weight: 17, CentreY: 788.000, DisY: 500.000, SlotAng: 175.998
[20240124_13:45:09_102] # [T16566][VisionSlotInfoInsert][513]VisionSlot[1][0] id 3 is insert, num 1->2
[20240124_13:45:09_102] # [T16566][VisionSlotInfoDebugPrint][148]VisionSlot[1][0]: ID 3, SlotType: 垂直, SlotLength: 2317, SlotDepth 4921
[20240124_13:45:09_102] # [T16567][VisionSlotInfoDebugPrint][155]VehCoordAndAng: 0, 5000, ang 0.000(0.000)
[20240124_13:45:09_102] # [T16567][VisionSlotInfoDebugPrint][160]tOriCrossPt: 0: -2635, 1944; 1: -7545, 2287; 2: -7707, -24; 3: -2797, -368
[20240124_13:45:09_102] # [T16568][VisionSlotInfoDebugPrint][165]tCrossPt: 0: -2635, 6944; 1: -7545, 7287; 2: -7707, 4976; 3: -2797, 4632
[20240124_13:45:09_106] # [T16569][VisionSlotInfoDebugPrint][169]TimeDelay 151, bAvailable 1, u32WeightSum 17, u32SlotSparallelCount 0, u32SlotPerpenicularCount 1
[20240124_13:45:09_106] # [T16569][VisionSlotInfoInsert][520]VisionSlot[1] num 2 after : 3        1       0       0       0
[20240124_13:45:09_106] # [T16570][VisionSlotAdd][1650]vision slot [1][0], u32Weight: 17, CurSlotAng: 175.998
[20240124_13:45:09_106] # [T16570][ParkSlotInfoInsert][505]ParkSlot[0][0] id 1 is insert, num 0->1
[20240124_13:45:09_109] # [T16571][ParkSlotInfoDebugPrint][105]ParkSlot[0][0]: ID 1, SlotClass 视觉, RadarSlotID 0, VisionSlotID 2
[20240124_13:45:09_110] # [T16571][ParkSlotInfoDebugPrint][123]SlotType 垂直, SlotLength 2622, SlotDepth 4742
[20240124_13:45:09_110] # [T16572][ParkSlotInfoDebugPrint][130]VehCoordAndAng: 0, 5000, ang 0.000(0.000)
[20240124_13:45:09_110] # [T16572][ParkSlotInfoDebugPrint][135]tCrossPt: 0: 4303, 7868; 1: 8368, 5425; 2: 7018, 3178; 3: 2953, 5620
[20240124_13:45:09_113] # [T16573][ParkSlotInfoDebugPrint][138]bConfirmed 0, VehToSlotCurDis 0, VehToSlotNextReqDis 0, RequestType 0, RequestCnt 0
[20240124_13:45:09_113] # [T16573][ParkSlotInfoDebugPrint][141]ParkOut: Front 0, Rear 0, Left 0, Right 0
[20240124_13:45:09_113] # [T16574][ParkSlotInfoInsert][512]ParkSlot[0] num 1 after : 1    0       0
[20240124_13:45:09_113] # [T16574][ParkSlotInfoInsert][505]ParkSlot[1][0] id 2 is insert, num 0->1
[20240124_13:45:09_113] # [T16575][ParkSlotInfoDebugPrint][105]ParkSlot[1][0]: ID 2, SlotClass 视觉, RadarSlotID 0, VisionSlotID 3
[20240124_13:45:09_113] # [T16575][ParkSlotInfoDebugPrint][123]SlotType 垂直, SlotLength 2317, SlotDepth 4921
[20240124_13:45:09_113] # [T16576][ParkSlotInfoDebugPrint][130]VehCoordAndAng: 0, 5000, ang 0.000(0.000)
[20240124_13:45:09_113] # [T16576][ParkSlotInfoDebugPrint][135]tCrossPt: 0: -2635, 6944; 1: -7545, 7287; 2: -7707, 4976; 3: -2797, 4632
[20240124_13:45:09_113] # [T16577][ParkSlotInfoDebugPrint][138]bConfirmed 0, VehToSlotCurDis 0, VehToSlotNextReqDis 0, RequestType 0, RequestCnt 0
[20240124_13:45:09_113] # [T16577][ParkSlotInfoDebugPrint][141]ParkOut: Front 0, Rear 0, Left 0, Right 0
[20240124_13:45:09_117] # [T16578][ParkSlotInfoInsert][512]ParkSlot[1] num 1 after : 2    0       0
[20240124_13:45:09_117] # [T16579][DecisionParkInRequestCalPath][3130]CalID[1], SideIndex[0], SlotIndex[0], PlanCmd[4]
[20240124_13:45:09_117] # [T16579][APAUISendOprStateAndL2ModeData][295]ApaUIComData: OperatingState[2]
[20240124_13:45:09_123] # [T16579][UI_ODIDisplay][269]ApaUIComData: Cmd[26] CurParkMode[1], CurOprSts[2]
[20240124_13:45:09_123] # [T16587][Dispatch_Data_Print][146]UIInteractiveLevel2ManaAddr[10dc0c], Size[1]
[20240124_13:45:09_123] # [T16588][Dispatch_Data_Print][147]OprtSta Change: APAState=[3]; OperatingState[2]; Gear[0]
[20240124_13:45:09_130] # [T16588][Dispatch_Data_Print][157]HMICmd  Change: CurODIDisplayCmd[26]; OperatingState[2], Gear[0]
[20240124_13:45:09_134] # [T16589][DecisionParkInRequestCalPath][3150]Request Planning Failed: CalID[1], Side[0], Class[2], Type[2]
[20240124_13:45:09_134] # [T16597][DecisionParkInRequestCalPath][3130]CalID[2], SideIndex[1], SlotIndex[0], PlanCmd[4]
[20240124_13:45:09_134] # [T16598][APAParkManaParkingSetParkingSideSwitched][2622]Parking Side Switched Finish. LeftIndex[0], RightIndex[1], Side[0]
[20240124_13:45:09_134] # [T16598][APAParkManaParkingSetParkingSideSwitched][2637]Parking Slot Data Switch Finish.
[20240124_13:45:09_134] # [T16599][locate_position_set][337]locate reset pos@16599: 0  -0.000, 5000.000, -0.0, minus: 0.000
[20240124_13:45:09_134] # 
[20240124_13:45:09_134] # [T16600][VT_APAPathPlanningHandle][2279]after: 1  0  0
[20240124_13:45:09_142] # [T16600][VT_APAPathPlanningHandle][2280]!!  id:0  !! index = 0
[20240124_13:45:09_142] # 
[20240124_13:45:09_148] # [T16607][DecisionParkInRequestCalPath][3150]Request Planning Failed: CalID[2], Side[1], Class[2], Type[2]
[20240124_13:45:09_148] # [T16613][VisionSlotAddValidCheck][893]Vision slot Length: 2385,2384, Depth 4912,4911
[20240124_13:45:09_150] # [T16613][VisionSlotAdd][1521]Added Vision Slot[1][1] Num 2 OriCoord: 0: -2565, 4406; 1: -7471, 4663; 2: -7595, 2282; 3: -2690, 2024
[20240124_13:45:09_150] # [T16614][VisionSlotAdd][1522]VehCoordAndAngle: 0, 5000, ang -0.000 (-0.000)
[20240124_13:45:09_150] # [T16614][VisionSlotAdd][1523]Current VePos: 0, 5000, ang -0.000 (-0.000)
[20240124_13:45:09_150] # [T16615][VisionSlotAdd][1528]Convert Vision Slot[1][1] Coord: 0: 2565, 9406; 1: 7471, 9663; 2: 7595, 7282; 3: 2690, 7024
[20240124_13:45:09_153] # [T16615][VisionSlotAdd][1533]Old Vision Slot[1][1] Coord: 0: 2565, 9406; 1: 7471, 9663; 2: 7595, 7282; 3: 2690, 7024
[20240124_13:45:09_153] # [T16616][VisionSlotAddSlotWeightCal][1014]u32Weight: 1, CentreY: 3215.000, DisY: 1927.000, SlotAng: 176.995
[20240124_13:45:09_153] # [T16617][VisionSlotAdd][1576]New Vision Slot[1][1] Coord: 0: 2565, 9406; 1: 7471, 9663; 2: 7595, 7282; 3: 2690, 7024
[20240124_13:45:09_155] # [T16617][VisionSlotAdd][1600]vision slot [1][1], u32Weight: 1, Sum: 2, SlotAng: 3.005, CurSlotAng: 3.005
[20240124_13:45:09_155] # [T16618][VisionSlotAddValidCheck][893]Vision slot Length: 2622,2621, Depth 4742,4742
[20240124_13:45:09_155] # [T16618][VisionSlotAdd][1521]Added Vision Slot[0][0] Num 1 OriCoord: 0: 4303, 2868; 1: 8368, 425; 2: 7018, -1822; 3: 2953, 620
[20240124_13:45:09_155] # [T16619][VisionSlotAdd][1522]VehCoordAndAngle: 0, 5000, ang -0.000 (-0.000)
[20240124_13:45:09_155] # [T16619][VisionSlotAdd][1523]Current VehPos: 0, 5000, ang -0.000 (-0.000)
[20240124_13:45:09_155] # [T16620][VisionSlotAdd][1528]Convert Vision Slot[0][0] Coord: 0: -4303, 7868; 1: -8368, 5425; 2: -7018, 3178; 3: -2953, 5620
[20240124_13:45:09_159] # [T16621][VisionSlotAdd][1533]Old Vision Slot[0][0] Coord: 0: -4303, 7868; 1: -8368, 5425; 2: -7018, 3178; 3: -2953, 5620
[20240124_13:45:09_159] # [T16621][VisionSlotAddSlotWeightCal][1014]u32Weight: 18, CentreY: 1744.000, DisY: 456.000, SlotAng: -31.000
[20240124_13:45:09_159] # [T16622][VisionSlotAdd][1576]New Vision Slot[0][0] Coord: 0: -4303, 7868; 1: -8368, 5425; 2: -7018, 3178; 3: -2953, 5620
[20240124_13:45:09_159] # [T16623][VisionSlotAdd][1600]vision slot [0][0], u32Weight: 18, Sum: 36, SlotAng: -149.000, CurSlotAng: -149.000
[20240124_13:45:09_159] # [T16623][VisionSlotAddValidCheck][893]Vision slot Length: 2317,2316, Depth 4921,4922
[20240124_13:45:09_161] # [T16624][VisionSlotAdd][1521]Added Vision Slot[1][0] Num 2 OriCoord: 0: -2635, 1944; 1: -7545, 2287; 2: -7707, -24; 3: -2797, -368
[20240124_13:45:09_161] # [T16624][VisionSlotAdd][1522]VehCoordAndAngle: 0, 5000, ang -0.000 (-0.000)
[20240124_13:45:09_161] # [T16625][VisionSlotAdd][1523]Current VehPos: 0, 5000, ang -0.000 (-0.000)
[20240124_13:45:09_162] # [T1662][VisionSlotAdd][1528]Convert Vision Slot[1][0] Coord: 0: 2635, 6944; 1: 7545, 7287; 2: 7707, 4976; 3: 2797, 4632
[20240124_13:45:09_162] # [T16626][VisionSlotAdd][1533]Old Vision Slot[1][0] Coord: 0: 2635, 6944; 1: 7545, 7287; 2: 7707, 4976; 3: 2797, 4632
[20240124_13:45:09_163] # [T16627][VisionSlotAddSlotWeightCal][1014]u32Weight: 17, CentreY: 788.000, DisY: 500.000, SlotAng: 175.998
[20240124_13:45:09_163] # [T16627][VisionSlotAdd][1576]New Vision Slot[1][0] Coord: 0: 2635, 6944; 1: 7545, 7287; 2: 7707, 4976; 3: 2797, 4632
[20240124_13:45:09_163] # [T16628][VisionSlotAdd][1600]vision slot [1][0], u32Weight: 17, Sum: 34, SlotAng: 4.002, CurSlotAng: 4.002
[20240124_13:45:09_163] # [T16629][APAVisionOblAdd][1323]Vision Obl merge: 1
[20240124_13:45:09_166] # [T16629][APAVisionOblAdd][1326]Receive Vision Obl CrossPointCoord: 0: 2565, 9406; 1: 7471, 9663
[20240124_13:45:09_166] # [T16629][APAVisionOblInfoDebugPrint][118]VisionOblInfo:
[20240124_13:45:09_166] # [T16630][APAVisionOblInfoDebugPrint][119]OblType: 0, bIsMerge 0, DetectCount 2
[20240124_13:45:09_166] # [T16630][APAVisionOblInfoDebugPrint][122]CrossPointCoord: 0: 2565, 9406; 1: 7471, 9663
[20240124_13:45:09_166] # [T16630][APAVisionOblInfoDebugPrint][125]OriginCrossPointCoord: 0: -2565, 4406; 1: -7471, 4663
[20240124_13:45:09_167] # [T16631][APAVisionOblInfoDebugPrint][126]VehCoordAndAng: 0, 5000, ang -0.000(-0.000)
[20240124_13:45:09_167] # [T16632][APAVisionOblInfoDebugPrint][127] 
[20240124_13:45:09_167] # [T16632][APAVisionOblAdd][1323]Vision Obl merge: 0
[20240124_13:45:09_167] # [T16632][APAVisionOblAdd][1326]Receive Vision Obl CrossPointCoord: 0: -8368, 5425; 1: -4303, 7868
[20240124_13:45:09_167] # [T16633][APAVisionOblInfoDebugPrint][118]VisionOblInfo:
[20240124_13:45:09_167] # [T16633][APAVisionOblInfoDebugPrint][119]OblType: 0, bIsMerge 0, DetectCount 3
[20240124_13:45:09_167] # [T16633][APAVisionOblInfoDebugPrint][122]CrossPointCoord: 0: -4700, 5931; 1: -353, 7674
[20240124_13:45:09_167] # [T16634][APAVisionOblInfoDebugPrint][125]OriginCrossPointCoord: 0: 8368, 425; 1: 4303, 2868
[20240124_13:45:09_172] # [T16634][APAVisionOblInfoDebugPrint][126]VehCoordAndAng: 0, 5000, ang -0.000(-0.000)
[20240124_13:45:09_172] # [T16635][APAVisionOblInfoDebugPrint][127] 
[20240124_13:45:09_172] # [T16635][APAVisionOblAdd][1323]Vision Obl merge: 0
[20240124_13:45:09_172] # [T16635][APAVisionOblAdd][1326]Receive Vision Obl CrossPointCoord: 0: 2635, 6944; 1: 7545, 7287
[20240124_13:45:09_173] # [T16636][APAVisionOblInfoDebugPrint][118]VisionOblInfo:
[20240124_13:45:09_173] # [T16636][APAVisionOblInfoDebugPrint][119]OblType: 0, bIsMerge 0, DetectCount 4
[20240124_13:45:09_173] # [T16637][APAVisionOblInfoDebugPrint][122]CrossPointCoord: 0: -2866, 6184; 1: 1621, 7577
[20240124_13:45:09_173] # [T16637][APAVisionOblInfoDebugPrint][125]OriginCrossPointCoord: 0: -2635, 1944; 1: -7545, 2287
[20240124_13:45:09_173] # [T16638][APAVisionOblInfoDebugPrint][126]VehCoordAndAng: 0, 5000, ang -0.000(-0.000)
[20240124_13:45:09_173] # [T16638][APAVisionOblInfoDebugPrint][127] 
[20240124_13:45:09_173] # [T16639][APARadarFilterSaveOblPointToSlotBuf][832]******  Outline[1] cnt [2] Point[0]  *******
[20240124_13:45:09_173] # [T16639][APARadarFilterSaveOblPointToSlotBuf][833]VehCoord[1][0]: 0, 5000, VehAng: 0
[20240124_13:45:09_176] # [T16639][APARadarFilterSaveOblPointToSlotBuf][834]OblCoord[1][0]: 4455, 8790, Dis: 3521, Big: 0
[20240124_13:45:09_176] # 
[20240124_13:45:09_176] # [T16640][APARadarFilterSaveOblPointToSlotBuf][832]******  Outline[0] cnt [2] Point[0]  *******
[20240124_13:45:09_176] # [T16640][APARadarFilterSaveOblPointToSlotBuf][833]VehCoord[0][0]: 0, 5000, VehAng: 0
[20240124_13:45:09_197] # [T16641][APARadarFilterSaveOblPointToSlotBuf][834]OblCoord[0][0]: -4790, 8850, Dis: 3856, Big: 0
[20240124_13:45:09_197] # 
[20240124_13:45:09_218] # [T16683][APARadarFilterSaveOblPointToSlotBuf][832]******  Outline[1] cnt [3] Point[1]  *******
[20240124_13:45:09_218] # [T16683][APARadarFilterSaveOblPointToSlotBuf][833]VehCoord[1][1]: 0, 5000, VehAng: 0
[20240124_13:45:09_221] # [T16684][APARadarFilterSaveOblPointToSlotBuf][834]OblCoord[1][1]: 4440, 8788, Dis: 3506, Big: 0
[20240124_13:45:09_221] # 
[20240124_13:45:09_221] # [T16684][APARadarFilterSaveOblPointToSlotBuf][832]******  Outline[0] cnt [3] Point[1]  *******
[20240124_13:45:09_221] # [T16685][APARadarFilterSaveOblPointToSlotBuf][833]VehCoord[0][1]: 0, 5000, VehAng: 0
[20240124_13:45:09_229] # [T16685][APARadarFilterSaveOblPointToSlotBuf][834]OblCoord[0][1]: -4924, 8873, Dis: 3990, Big: 0
[20240124_13:45:09_229] # 
[20240124_13:45:09_241] # [T16706][APAVisionOblAdd][1323]Vision Obl merge: 1
[20240124_13:45:09_241] # [T16706][APAVisionOblAdd][1326]Receive Vision Obl CrossPointCoord: 0: 2565, 9430; 1: 7470, 9687
[20240124_13:45:09_241] # [T16706][APAVisionOblInfoDebugPrint][118]VisionOblInfo:
[20240124_13:45:09_244] # [T16707][APAVisionOblInfoDebugPrint][119]OblType: 0, bIsMerge 0, DetectCount 3
[20240124_13:45:09_244] # [T16707][APAVisionOblInfoDebugPrint][122]CrossPointCoord: 0: 2565, 9414; 1: 7470, 9671
[20240124_13:45:09_244] # [T16708][APAVisionOblInfoDebugPrint][125]OriginCrossPointCoord: 0: -2565, 4430; 1: -7470, 4687
[20240124_13:45:09_244] # [T16708][APAVisionOblInfoDebugPrint][126]VehCoordAndAng: 0, 5000, ang -0.000(-0.000)
[20240124_13:45:09_244] # [T16709][APAVisionOblInfoDebugPrint][127] 
[20240124_13:45:09_246] # [T16709][APAVisionOblAdd][1323]Vision Obl merge: 0
[20240124_13:45:09_246] # [T16709][APAVisionOblAdd][1326]Receive Vision Obl CrossPointCoord: 0: -8363, 5404; 1: -4295, 7848
[20240124_13:45:09_248] # [T16710][APAVisionOblInfoDebugPrint][118]VisionOblInfo:
[20240124_13:45:09_248] # [T16710][APAVisionOblInfoDebugPrint][119]OblType: 0, bIsMerge 0, DetectCount 5
[20240124_13:45:09_248] # [T16710][APAVisionOblInfoDebugPrint][122]CrossPointCoord: 0: -3965, 6028; 1: 437, 7631
[20240124_13:45:09_248] # [T16711][APAVisionOblInfoDebugPrint][125]OriginCrossPointCoord: 0: 8363, 404; 1: 4295, 2848
[20240124_13:45:09_250] # [T16711][APAVisionOblInfoDebugPrint][126]VehCoordAndAng: 0, 5000, ang -0.000(-0.000)
[20240124_13:45:09_250] # [T16712][APAVisionOblInfoDebugPrint][127] 
[20240124_13:45:09_250] # [T16712][APAVisionOblAdd][1323]Vision Obl merge: 0
[20240124_13:45:09_250] # [T16712][APAVisionOblAdd][1326]Receive Vision Obl CrossPointCoord: 0: 2658, 6975; 1: 7532, 7316
[20240124_13:45:09_250] # [T16713][APAVisionOblInfoDebugPrint][118]VisionOblInfo:
[20240124_13:45:09_250] # [T16713][APAVisionOblInfoDebugPrint][119]OblType: 0, bIsMerge 0, DetectCount 6
[20240124_13:45:09_250] # [T16714][APAVisionOblInfoDebugPrint][122]CrossPointCoord: 0: -2861, 6186; 1: 1620, 7579
[20240124_13:45:09_250] # [T16714][APAVisionOblInfoDebugPrint][125]OriginCrossPointCoord: 0: -2658, 1975; 1: -7532, 2316
[20240124_13:45:09_250] # [T16715][APAVisionOblInfoDebugPrint][126]VehCoordAndAng: 0, 5000, ang -0.000(-0.000)
[20240124_13:45:09_250] # [T16715][APAVisionOblInfoDebugPrint][127] 
[20240124_13:45:09_250] # [T16715][VisionSlotAddValidCheck][893]Vision slot Length: 2388,2388, Depth 4911,4911
[20240124_13:45:09_250] # [T16716][VisionSlotAdd][1521]Added Vision Slot[1][1] Num 2 OriCoord: 0: -2565, 4430; 1: -7470, 4687; 2: -7595, 2302; 3: -2690, 2045
[20240124_13:45:09_250] # [T16717][VisionSlotAdd][1522]VehCoordAndAngle: 0, 5000, ang -0.000 (-0.000)
[20240124_13:45:09_254] # [T16717][VisionSlotAdd][1523]Current VehPos: 0, 5000, ang -0.000 (-0.000)
[20240124_13:45:09_254] # [T16717][VisionSlotAdd][1528]Convert Vision Slot[1][1] Coord: 0: 2565, 9430; 1: 7470, 9687; 2: 7595, 7302; 3: 2690, 7045
[20240124_13:45:09_254] # [T16718][VisionSlotAdd][1533]Old Vision Slot[1][1] Coord: 0: 2565, 9406; 1: 7471, 9663; 2: 7595, 7282; 3: 2690, 7024
[20240124_13:45:09_254] # [T16719][VisionSlotAddSlotWeightCal][1014]u32Weight: 1, CentreY: 3237.500, DisY: 1949.500, SlotAng: 177.001
[20240124_13:45:09_254] # [T16719][VisionSlotAdd][1576]New Vision Slot[1][1] Coord: 0: 2565, 9414; 1: 7470, 9671; 2: 7595, 7288; 3: 2690, 7031
[20240124_13:45:09_257] # [T16720][VisionSlotAdd][1600]vision slot [1][1], u32Weight: 1, Sum: 3, SlotAng: 3.003, CurSlotAng: 2.999
[20240124_13:45:09_257] # [T16721][VisionSlotAddValidCheck][893]Vision slot Length: 2616,2616, Depth 4745,4745
[20240124_13:45:09_258] # [T16721][VisionSlotAdd][1521]Added Vision Slot[0][0] Num 1 OriCoord: 0: 4295, 2848; 1: 8363, 404; 2: 7015, -1839; 3: 2947, 605
[20240124_13:45:09_258] # [T16722][VisionSlotAdd][1522]VehCoordAndAngle: 0, 5000, ang -0.000 (-0.000)
[20240124_13:45:09_260] # [T16722][VisionSlotAdd][1523]Current VehPos: 0, 5000, ang -0.000 (-0.000)
[20240124_13:45:09_260] # [T16723][VisionSlotAdd][1528]Convert Vision Slot[0][0] Coord: 0: -4295, 7848; 1: -8363, 5404; 2 -7015, 3161; 3: -2947, 5605
[20240124_13:45:09_260] # [T16723][VisionSlotAdd][1533]Old Vision Slot[0][0] Coord: 0: -4303, 7868; 1: -8368, 5425; 2: -7018, 3178; 3: -2953, 5620
[20240124_13:45:09_260] # [T16724][VisionSlotAddSlotWeightCal][1014]u32Weight: 18, CentreY: 1726.500, DisY: 438.500, SlotAng: -30.997
[20240124_13:45:09_260] # [T16725][VisionSlotAdd][1576]New Vision Slot[0][0] Coord: 0: -4300, 7861; 1: -8366, 5418; 2: -7017, 3172; 3: -2951, 5615
[20240124_13:45:09_263] # [T16725][VisionSlotAdd][1600]vision slot [0][0], u32Weight: 18, Sum: 54, SlotAng: -149.001, CurSlotAng: -149.003
[20240124_13:45:09_263] # [T16726][VisionSlotAddValidCheck][893]Vision slot Length: 2349,2349, Depth 4885,4885
[20240124_13:45:09_263] # [T16726][VisionSlotAdd][1521]Added Vision Slot[1][0] Num 2 OriCoord: 0: -2658, 1975; 1: -7532, 2316; 2: -7696, -28; 3: -2822, -369
[20240124_13:45:09_263] # [T16727][VisionSlotAdd][1522]VehCoordAndAngle: 0, 5000, ang -0.000 (-0.000)
[20240124_13:45:09_263] # [T16727][VisionSlotAdd][1523]Current VehPos: 0, 5000, ang -0.000 (-0.000)
[20240124_13:45:09_263] # [T16728][VisionSlotAdd][1528]Convert Vision Slot[1][0] Coord: 0: 2658, 6975; 1: 7532, 7316; 2: 7696, 4972; 3: 2822, 4631
[20240124_13:45:09_263] # [T16729][VisionSlotAdd][1533]Old Vision Slot[1][0] Coord: 0: 2635, 6944; 1: 7545, 7287; 2: 7707, 4976; 3: 2797, 4632
[20240124_13:45:09_263] # [T16729][VisionSlotAddSlotWeightCal][1014]u32Weight: 17, CentreY: 803.000, DisY: 485.000, SlotAng: 175.998
[20240124_13:45:09_267] # [T16730][VisionSlotAdd][1576]New Vision Slot[1][0] Coord: 0: 2642, 6954; 1: 7540, 7296; 2: 7703, 4974; 3: 2805, 4631
[20240124_13:45:09_275] # [T16730][VisionSlotAdd][1600]vision slot [1][0], u32Weight: 17, Sum: 51, SlotAng: 4.002, CurSlotAng: 4.002
[20240124_13:45:09_342] # [T16808][VisionSlotAddValidCheck][893]Vision slot Length: 2420,2420, Depth 4908,4909
[20240124_13:45:09_345] # [T16808][VisionSlotAdd][1521]Added Vision Slot[1][1] Num 2 OriCoord: 0: -2582, 4436; 1: -7484, 4693; 2: -7611, 2276; 3: -2708, 2019
[20240124_13:45:09_346] # [T16809][VisionSlotAdd][1522]VehCoordAndAngle: 0, 5000, ang -0.000 (-0.000)
[20240124_13:45:09_346] # [T16809][VisionSlotAdd][1523]Current VehPos: 0, 5000, ang -0.000 (-0.000)
[20240124_13:45:09_346] # [T16810][VisionSlotAdd][1528]Convert Vision Slot[1][1] Coord: 0: 2582, 9436; 1: 7484, 9693; 2: 7611, 7276; 3: 2708, 7019
[20240124_13:45:09_346] # [T16810][VisionSlotAdd][1533]Old Vision Slot[1][1] Coord: 0: 2565, 9414; 1: 7470, 9671; 2: 7595, 7288; 3: 2690, 7031
[20240124_13:45:09_346] # [T1611][VisionSlotAddSlotWeightCal][1014]u32Weight: 1, CentreY: 3227.500, DisY: 1939.500, SlotAng: 176.999
[20240124_13:45:09_346] # [T16811][VisionSlotAdd][1576]New Vision Slot[1][1] Coord: 0: 2569, 9419; 1: 7474, 9676; 2: 7599, 7285; 3: 2694, 7028
[20240124_13:45:09_349] # [T16812][VisionSlotAdd][1600]vision slot [1][1], u32Weight: 1, Sum: 4, SlotAng: 3.002, CurSlotAng: 3.001
[20240124_13:45:09_349] # [T16813][VisionSlotAddValidCheck][893]Vision slot Length: 2300,2300, Depth 4843,4842
[20240124_13:45:09_349] # [T16813][VisionSlotAdd][1521]Added Vision Slot[1][0] Num 2 OriCoord: 0: -2676, 1960; 1: -7508, 2297; 2: -7668, 2; 3: -2837, -335
[20240124_13:45:09_349] # [T16814][VisionSlotAdd][1522]VehCoordAndAngle: 0, 5000, ang -0.000 (-0.000)
[20240124_13:45:09_349] # [T16814][VisionSlotAdd][1523]Current VehPos: 0, 5000, ang -0.000 (-0.000)
[20240124_13:45:09_349] # [T16815][VisionSlotAdd][1528]Convert Vision Slot[1][0] Coord: 0: 2676, 6960; 1: 7508, 7297; 2: 7668, 5002; 3: 2837, 4665
[20240124_13:45:09_349] # [T16815][VisionSlotAdd][1533]Old Vision Slot[1][0] Coord: 0: 2642, 6954; 1: 7540, 7296; 2: 7703, 4974; 3: 2805, 4631
[20240124_13:45:09_353] # [T16816][VisionSlotAddSlotWeightCal][1014]u32Weight: 18, CentreY: 812.500, DisY: 475.500, SlotAng: 176.010
[20240124_13:45:09_353] # [T16817][VisionSlotAdd][1576]New Vision Slot[1][0] Coord: 0: 2651, 6955; 1: 7532, 7296; 2: 7694, 4981; 3: 2813, 4640
[20240124_13:45:09_353] # [T16817][VisionSlotAdd][1600]vision slot [1][0], u32Weight: 18, Sum: 69, SlotAng: 3.99, CurSlotAng: 3.990
[20240124_13:45:09_353] # [T16818][VisionSlotAddValidCheck][893]Vision slot Length: 2637,2637, Depth 4737,4737
[20240124_13:45:09_353] # [T16818][VisionSlotAdd][1521]Added Vision Slot[0][0] Num 1 OriCoord: 0: 4315, 2866; 1: 8376, 426; 2: 7017, -1834; 3: 2956, 605
[20240124_13:45:09_353] # [T16819][VisionSlotAdd][1522]VehCoordAndAngle: 0, 5000, ang -0.000 (-0.000)
[20240124_13:45:09_357] # [T16820][VisionSlotAdd][1523]Current VehPos: 0, 5000, ang -0.000 (-0.000)
[20240124_13:45:09_357] # [T16820][VisionSlotAdd][1528]Convert Vision Slot[0][0] Coord: 0: -4315, 7866; 1: -8376, 5426; 2: -7017, 3166; 3: -2956, 5605
[20240124_13:45:09_358] # [T16821][VisionSlotAdd][1533]Old Vision Slot[0][0] Coord: 0: -4300, 7861; 1: -8366, 5418; 2: -7017, 3172; 3: -2951, 5615
[20240124_13:45:09_358] # [T16821][VisionSlotAddSlotWeightCal][1014]u32Weight: 18, CentreY: 1735.500, DisY: 447.500, SlotAng: -30.994
[20240124_13:45:09_358] # [T16822][VisionSlotAdd][1576]New Vision Slot[0][0] Coord: 0: -4304, 7862; 1: -8368, 5420; 2: -7017, 3170; 3: -2952, 5612
[20240124_13:45:09_358] # [T16823][VisionSlotAdd][1600]vision slot [0][0], u32Weight: 18, Sum: 72, SlotAng: -149.002, CurSlotAng: -149.006
[20240124_13:45:09_358] # [T16823][APAVisionOblAdd][1323]Vision Obl merge: 1
[20240124_13:45:09_358] # [T16824][APAVisionOblAdd][1326]Receive Vision Obl CrossPointCoord: 0: 2582, 9436; 1: 7484, 9693
[20240124_13:45:09_361] # [T16824][APAVisionOblInfoDebugPrint][118]VisionOblInfo:
[20240124_13:45:09_361] # [T16824][APAVisionOblInfoDebugPrint][119]OblType: 0, bIsMerge 0, DetectCount 4
[20240124_13:45:09_361] # [T16825][APAVisionOblInfoDebugPrint][122]CrossPointCoord: 0: 2569, 9419; 1: 7474, 9676
[20240124_13:45:09_361] # [T16825][APAVisionOblInfoDebugPrint][125]OriginCrossPointCoord: 0: -2582, 4436; 1: -7484, 4693
[20240124_13:45:09_361] # [T16826][APAVisionOblInfoDebugPrint][126]VehCoordAndAng: 0, 5000, ang -0.000(-0.000)
[20240124_13:45:09_361] # [T16826][APAVisionOblInfoDebugPrint][127] 
[20240124_13:45:09_361] # [T16827][APAVisionOblAdd][1323]Vision Obl merge: 0
[20240124_13:45:09_361] # [T16827][APAVisionOblAdd][1326]Receive Vision Obl CrossPointCoord: 0: 2676, 6960; 1: 7508, 7297
[20240124_13:45:09_361] # [T16827][APAVisionOblInfoDebugPrint][118]VisionOblInfo:
[20240124_13:45:09_366] # [T16828][APAVisionOblInfoDebugPrint][119]OblType: 0, bIsMerge 0, DetectCount 7
[20240124_13:45:09_366] # [T16828][APAVisionOblInfoDebugPrint][122]CrossPointCoord: 0: -2070, 6296; 1: 2461, 7538
[20240124_13:45:09_366] # [T16829][APAVisionOblInfoDebugPrint][125]OriginCrossPointCoord: 0: -2676, 1960; 1: -7508, 2297
[20240124_13:45:09_366] # [T16829][APAVisionOblInfoDebugPrint][126]VehCoordAndAng: 0, 5000, ang -0.000(-0.000)
[20240124_13:45:09_366] # [T16830][APAVisionOblInfoDebugPrint][127] 
[20240124_13:45:09_366] # [T16830][APAVisionOblAdd][1323]Vision Obl merge: 0
[20240124_13:45:09_366] # [T16830][APAVisionOblAdd][1326]Receive Vision Obl CrossPointCoord: 0: -8376, 5426; 1: -4315, 7866
[20240124_13:45:09_366] # [T16831][APAVisionOblInfoDebugPrint][118]VisionOblInfo:
[20240124_13:45:09_366] # [T16831][APAVisionOblInfoDebugPrint][119]OblType: 0, bIsMerge 0, DetectCount 8
[20240124_13:45:09_366] # [T16831][APAVisionOblInfoDebugPrint][122]CrossPointCoord: 0: -2858, 6187; 1: 1614, 7579
[20240124_13:45:09_366] # [T16832][APAVisionOblInfoDebugPrint][125]OriginCrossPointCoord: 0: 8376, 426; 1: 4315, 2866
[20240124_13:45:09_370] # [T16832][APAVisionOblInfoDebugPrint][126]VehCoordAndAng: 0, 5000, ang -0.000(-0.000)
[20240124_13:45:09_375] # [T16833][APAVisionOblInfoDebugPrint][127] 
[20240124_13:45:09_415] # [T16880][VisionSlotAddValidCheck][893]Vision slot Length: 2420,2420, Depth 4918,4918
[20240124_13:45:09_415] # [T16880][VisionSlotAdd][1521]Added Vision Slot[1][1] Num 2 OriCoord: 0: -2596, 4436; 1: -7508, 4693; 2: -7635, 2276; 3: -2723, 2019
[20240124_13:45:09_418] # [T16881][VisionSlotAdd][1522]VehCoordAndAngle: 0, 5000, ang -0.000 (-0.000)
[20240124_13:45:09_418] # [T16881][VisionSlotAdd][1523]Current VehPos: 0, 5000, ang -0.000 (-0.000)
[20240124_13:45:09_418] # [T16882][VisionSlotAdd][1528]Convert Vision Slot[1][1] Coord: 0: 2596, 9436; 1: 7508, 9693; 2: 7635, 7276; 3: 2723, 7019
[20240124_13:45:09_418] # [T16882][VisionSlotAdd][1533]Old Vision Slot[1][1] Coord: 0: 2569, 9419; 1: 7474, 9676; 2: 7599, 7285; 3: 2694, 7028
[20240124_13:45:09_420] # [T16883][VisionSlotAddSlotWeightCal][1014]u32Weight: 1, CentreY: 3227.500, DisY: 1939.500, SlotAng: 177.005
[20240124_13:45:09_420] # [T16884][VisionSlotAdd][1576]New Vision Slot[1][1] Coord: 0: 2574, 9422; 1: 7480, 9679; 2: 7606, 7283; 3: 2700, 7026
[20240124_13:45:09_422] # [T16884][VisionSlotAdd][1600]vision slot [1][1], u32Weight: 1, Sum: 5, SlotAng: 3.001, CurSlotAng: 2.995
[20240124_13:45:09_422] # [T16885][VisionSlotAddValidCheck][893]Vision slot Length: 2312,2311, Depth 4855,4855
[20240124_13:45:09_422] # [T16885][VisionSlotAdd][1521]Aded Vision Slot[1][0] Num 2 OriCoord: 0: -2690, 1953; 1: -7534, 2291; 2: -7695, -15; 3: -2851, -354
[20240124_13:45:09_422] # [T16886][VisionSlotAdd][1522]VehCoordAndAngle: 0, 5000, ang -0.000 (-0.000)
[20240124_13:45:09_422] # [T16886][VisionSlotAdd][1523]Current VehPos: 0, 5000, ang -0.000 (-0.000)
[20240124_13:45:09_425] # [T16887][VisionSlotAdd][1528]Convert Vision Slot[1][0] Coord: 0: 2690, 6953; 1: 7534, 7291; 2: 7695, 4985; 3: 2851, 4646
[20240124_13:45:09_425] # [T16888][VisionSlotAdd][1533]Old Vision Slot[1][0] Coord: 0: 2651, 6955; 1: 7532, 7296; 2: 7694, 4981; 3: 2813, 4640
[20240124_13:45:09_425] # [T16888][VisionSlotAddSlotWeightCal][1014]u32Weight: 17, CentreY: 799.500, DisY: 488.500, SlotAng: 176.003
[20240124_13:45:09_425] # [T16889][VisionSlotAdd][1576]New Vision Slot[1][0] Coord: 0: 2659, 6955; 1: 7532, 7295; 2: 7694, 4982; 3: 2820, 4641
[20240124_13:45:09_426] # [T16889][VisionSlotAdd][1600]vision slot [1][0], u32Weight: 17, Sum: 86, SlotAng: 3.999, CurSlotAng: 3.997
[20240124_13:45:09_426] # [T16890][VisionSlotAddValidCheck][893]Vision slot Length: 2622,2621, Depth 4755,4754
[20240124_13:45:09_426] # [T16891][VisionSlotAdd][1521]Added Vision Slot[0][0] Num 1 OriCoord: 0: 4299, 2853; 1: 8375, 404; 2: 7024, -1843; 3: 2948, 605
[20240124_13:45:09_428] # [T16891][VisionSlotAdd][1522]VehCoordAndAngle: 0, 5000, ang -0.000 (-0.000)
[20240124_13:45:09_428] # [T16892][VisionSlotAdd][1523]Current VehPos: 0, 5000, ang -0.000 (-0.000)
[20240124_13:45:09_428] # [T16892][VisionSlotAdd][1528]Convert Vision Slot[0][0] Coord: 0: -4299, 7853; 1: -8375, 5404; 2: -7024, 3157; 3: -2948, 5605
[20240124_13:45:09_428] # [T16893][VisionSlotAdd][1533]Old Vision Slot[0][0] Coord: 0: -4304, 7862; 1: -8368, 5420; 2: -7017, 3170; 3: -2952, 5612
[20240124_13:45:09_431] # [T16893][VisionSlotAddSlotWeightCal][1014]u32Weight: 18, CentreY: 1729.000, DisY: 441.000, SlotAng: -30.994
[20240124_13:45:09_431] # [T16894][VisionSlotAdd][1576]New Vision Slot[0][0] Coord: 0: -4303, 7860; 1: -8370, 5416; 2: -7018, 3168; 3: -2951,5611
[20240124_13:45:09_431] # [T16895][VisionSlotAdd][1600]vision slot [0][0], u32Weight: 18, Sum: 90, SlotAng: -149.003, CurSlotAng: -149.006
[20240124_13:45:09_431] # [T16896][APAVisionOblAdd][1323]Vision Obl merge: 1
[20240124_13:45:09_432] # [T16896][APAVisionOblAdd][1326]Receive Vision Obl CrossPointCoord: 0: 2596, 9436; 1: 7508, 9693
[20240124_13:45:09_432] # [T16896][APAVisionOblInfoDebugPrint][118]VisionOblInfo:
[20240124_13:45:09_432] # [T16897][APAVisionOblInfoDebugPrint][119]OblType: 0, bIsMerge 0, DetectCount 5
[20240124_13:45:09_432] # [T16897][APAVisionOblInfoDebugPrint][122]CrossPointCoord: 0: 2574, 9422; 1: 7480, 9679
[20240124_13:45:09_432] # [T16898][APAVisionOblInfoDebugPrint][125]OriginCrossPointCoord: 0: -2596, 4436; 1: -7508, 4693
[20240124_13:45:09_432] # [T16898][APAVisionOblInfoDebugPrint][126]VehCoordAndAng: 0, 5000, ang -0.000(-0.000)
[20240124_13:45:09_432] # [T16899][APAVisionOblInfoDebugPrint][127] 
[20240124_13:45:09_436] # [T16899][APAVisionOblAdd][1323]Vision Obl merge: 0
[20240124_13:45:09_436] # [T16899][APAVisionOblAdd][1326]Receive Vision Obl CrossPointCoord: 0: 2690, 6953; 1: 7534, 7291
[20240124_13:45:09_436] # [T16900][APAVisionOblInfoDebugPrint][118]VisionOblInfo:
[20240124_13:45:09_437] # [T16900][APAVisionOblInfoDebugPrint][119]OblType: 0, bIsMerge 0, DetectCount 9
[20240124_13:45:09_437] # [T16900][APAVisionOblInfoDebugPrint][122]CrossPointCoord: 0: -2242, 6272; 1: 2272, 7547
[20240124_13:45:09_437] # [T16901][APAVisionOblInfoDebugPrint][125]OriginCrossPointCoord: 0: -2690, 1953; 1: -7534, 2291
[20240124_13:45:09_437] # [T16901][APAVisionOblInfoDebugPrint][126]VehCoordAndAng: 0, 5000, ang -0.000(-0.000)
[20240124_13:45:09_437] # [T16902][APAVisionOblInfoDebugPrint][127] 
[20240124_13:45:09_437] # [T16902][APAVisionOblAdd][1323]Vision Obl merge: 0
[20240124_13:45:09_437] # [T16902][APAVisionOblAdd][1326]Receive Vision Obl CrossPointCoord: 0: -8375, 5404; 1: -4299, 7853
[20240124_13:45:09_441] # [T16903][APAVisionOblInfoDebugPrint][118]VisionOblInfo:
[20240124_13:45:09_441] # [T16903][APAVisionOblInfoDebugPrint][119]OblType: 0, bIsMerge 0, DetectCount 10
[20240124_13:45:09_441] # [T16904][APAVisionOblInfoDebugPrint][122]CrossPointCoord: 0: -2855, 6186; 1: 1614, 7578
[20240124_13:45:09_442] # [T16904][APAVisionOblInfoDebugPrint][125]OriginCrossPointCoord: 0: 8375, 404; 1: 4299, 2853
[20240124_13:45:09_442] # [T16905][APAVisionOblInfoDebugPrint][126]VehCoordAndAng: 0, 5000, ang -0.000(-0.000)
[20240124_13:45:09_459] # [T16905][APAVisionOblInfoDebugPrint][127] 
[20240124_13:45:09_507] # [T16971][VisionSlotAddValidCheck][893]Vision slot Length: 2392,2393, Depth 4934,4935
[20240124_13:45:09_507] # [T16971][VisionSlotAdd][1521]Added Vision Slot[1][1] Num 2 OriCoord: 0: -2565, 4433; 1: -7493, 4692; 2: -7619, 2302; 3: -2690, 2044
[20240124_13:45:09_507] # [T16972][VisionSlotAdd][1522]VehCoordAndAngle: 0, 5000, ang -0.000 (-0.000)
[20240124_13:45:09_507] # [T16972][VisionSlotAdd][1523]Current VehPos: 0, 5000, ang -0.000 (-0.000)
[20240124_13:45:09_507] # [T16973][VisionSlotAdd][1528]Convert Vision Slot[1][1] Coord: 0: 2565, 9433; 1: 7493, 9692; 2: 7619, 7302; 3: 2690, 7044
[20240124_13:45:09_510] # [T16973][VisionSlotAdd][1533]Old Vision Slot[1][1] Coord: 0: 2574, 9422; 1: 7480, 9679; 2: 7606, 7283; 3: 2700, 7026
[20240124_13:45:09_510] # [T16974][VisionSlotAddSlotWeightCal][1014]u32Weight: 1, CentreY: 3238.500, DisY: 1950.500, SlotAng: 176.998
[20240124_13:45:09_510] # [T16975][VisionSlotAdd][1576]New Vision Slot[1][1] Coord: 0: 2573, 9424; 1: 7482, 9681; 2: 7608, 7286; 3: 2698, 7029
[20240124_13:45:09_510] # [T16975][VisionSlotAdd][1600]vision slot [1][1], u32Weight: 1, Sum: 6, SlotAng: 3.001, CurSlotAng: 3.002
[20240124_13:45:09_510] # [T16976][VisionSlotAddValidCheck][893]Vision slot Length: 2616,2615, Depth 4724,4724
[20240124_13:45:09_514] # [T16976][VisionSlotAdd][1521]Added Vision Slot[0][0] Num 1 OriCoord: 0: 4307, 2843; 1: 8357, 410; 2: 7010, -1832; 3: 2960, 600
[20240124_13:45:09_514] # [T16977][VisionSlotAdd][1522]VehCoordAndAngle: 0, 5000, ang -0.000 (-0.000)
[20240124_13:45:09_514] # [T16977][VisionSlotAdd][1523]Current VehPos: 0, 5000, ang -0.000 (-0.000)
[20240124_13:45:09_514] # [T16978][VisionSlotAdd][1528]Convert Vision Slot[0][0] Coord: 0: -4307, 7843; 1: -8357, 5410; 2: -7010, 3168; 3: -2960, 5600
[20240124_13:45:09_514] # [T16979][VisionSlotAdd][1533]Old Vision Slot[0][0] Coord: 0: -4303, 7860; 1: -8370, 5416; 2: -7018, 3168; 3: -2951, 5611
[20240124_13:45:09_514] # [T16979][VisionSlotAddSlotWeightCal][1014]u32Weight: 18, CentreY: 1721.500, DisY: 433.500, SlotAng: -30.990
[20240124_13:45:09_514] # [T16980][VisionSlotAdd][1576]New Vision Slot[0][0] Coord: 0: -4303, 7857; 1: -8367, 5415; 2: -7017, 3168; 3: -2952, 5609
[20240124_13:45:09_518] # [T16980][VisionSlotAdd][1600]vision slot [0][0], u32Weight: 18, Sum: 108, SlotAng: -149.004, CurSlotAng: -149.010
[20240124_13:45:09_518] # [T16981][VisionSlotAddValidCheck][893]Vision slot Length: 2324,2324, Depth 4878,4878
[20240124_13:45:09_518] # [T16982][VisionSlotAdd][1521]Added Vision Slot[1][0] Num 2 OriCoord: 0: -2682, 1959; 1: -7549, 2300; 2: -7711, -19; 3: -2844, -360
[20240124_13:45:09_518] # [T16982][VisionSlotAdd][1522]VehCoordAndAngle: 0, 5000, ang -0.000 (-0.000)
[20240124_13:45:09_518] # [T16983][VisionSlotAdd][1523]Current VehPos: 0, 5000, ang -0.000 (-0.000)
[20240124_13:45:09_518] # [T16983][VisionSlotAdd][1528]Convert Vision Slot[1][0] Coord: 0: 2682, 6959; 1: 7549, 7300; 2: 7711, 4981; 3: 2844, 4640
[20240124_13:45:09_518] # [T16984][VisionSlotAdd][1533]Old Vision Slot[1][0] Coord: 0: 2659, 6955; 1: 7532, 7295; 2: 7694, 4982; 3: 2820, 4641
[20240124_13:45:09_522] # [T16984][VisionSlotAddSlotWeightCal][1014]u32Weight: 17, CentreY: 799.500, DisY: 488.500, SlotAng: 175.992
[20240124_13:45:09_522] # [T16985][VisionSlotAdd][1576]New Vision Slot[1][0] Coord: 0: 2662, 6955; 1: 7535, 7296; 2: 7697, 4982; 3: 2824, 4641
[20240124_13:45:09_540] # [T16986][VisionSlotAdd][1600]vision slot [1][0], u32Weight: 17, Sum: 103, SlotAng: 4.000, CurSlotAng: 4.008
[20240124_13:45:09_540] #   16992-task_radar-118: RadarCaptureCnt is 102 
[20240124_13:45:09_540] # 
[20240124_13:45:09_606] # [T17072][VisionSlotAddValidCheck][893]Vision slot Length: 2412,2411, Depth 4934,4934
[20240124_13:45:09_606] # [T17072][VisionSlotAdd][1521]Added Vision Slot[1][1] Num 2 OriCoord: 0: -2598, 4443; 1: -7526, 4701; 2: -7652, 2293; 3: -2724, 2034
[20240124_13:45:09_612] # [T17073][VisionSlotAdd][1522]VehCoordAndAngle: 0, 5000, ang -0.000 (-0.000)
[20240124_13:45:09_612] # [T17073][VisionSlotAdd][1523]Current VehPos: 0, 5000, ang -0.000 (-0.000)
[20240124_13:45:09_612] # [T17073][VisionSlotAdd][1528]Convert Vision Slot[1][1] Coord: 0: 2598, 9443; 1: 7526, 9701; 2: 7652, 7293; 3: 2724, 7034
[20240124_13:45:09_612] # [T17074][VisionSlotAdd][1533]Old Vision Slot[1][1] Coord: 0: 2573, 9424; 1: 7482, 9681; 2: 7608, 7286; 3: 2698, 7029
[20240124_13:45:09_614] # [T17075][VisionSlotAddSlotWeightCal][1014]u32Weight: 1, CentreY: 3238.500, DisY: 1950.500, SlotAng: 176.997
[20240124_13:45:09_614] # [T17075][VisionSlotAdd][1576]New Vision Slot[1][1] Coord: 0: 2576, 9427; 1: 7489, 9684; 2: 7614, 7287; 3: 2702, 7029
[20240124_13:45:09_614] # [T17076][VisionSlotAdd][1600]vision slot [1][1], u32Weight: 1, Sum: 7, SlotAng: 3.001, CurSlotAng: 3.003
[20240124_13:45:09_614] # [T17077][VisionSlotAddValidCheck][893]Vision slot Length: 2583,2582, Depth 4790,4789
[20240124_13:45:09_614] # [T17077][VisionSlotAdd][1521]Added Vision Slot[0][0] Num 1 OriCoord: 0: 4267, 2832; 1: 8373, 365; 2: 7043, -1849; 3: 2937, 617
[20240124_13:45:09_616] # [T17078][VisionSlotAdd][1522]VehCoordAndAngle: 0, 5000, ang -0.000 (-0.000)
[20240124_13:45:09_616] # [T17078][VisionSlotAdd][1523]Current VehPos: 0, 5000, ang -0.000 (-0.000)
[20240124_13:45:09_619] # [T17079][VisionSlotAdd][1528]Convert Vision Slot[0][0] Coord: 0: -4267, 7832; 1: -8373, 5365; 2: -7043, 3151; 3: -2937, 5617
[20240124_13:45:09_619] # [T17079][VisionSlotAdd][1533]Old Vision Slot[0][0] Coord: 0: -4303, 7857; 1: -8367, 5415; 2: -7017, 3168; 3: -2952, 5609
[20240124_13:45:09_619] # [T17080][VisionSlotAddSlotWeightCal][1014]u32Weight: 18, CentreY: 1724.500, DisY: 436.500, SlotAng: -30.994
[20240124_13:45:09_619] # [T17081][VisionSlotAdd][1576]New Vision Slot[0][0] Coord: 0: -4298, 7854; 1: -8368, 5408; 2: -7020, 3165; 3: -2950, 5610
[20240124_13:45:09_619] # [T17081][VisionSlotAdd][1600]vision slot [0][0], u32Weight: 18, Sum: 126, SlotAng: -149.005, CurSlotAng: -149.007
[20240124_13:45:09_619] # [T17082][VisionSlotAddValidCheck][893]Vision slot Length: 2339,2339, Depth 4962,4961
[20240124_13:45:09_619] # [T17082][VisionSlotAdd][1521]Added Vision Slot[1][0] Num 2 OriCoord: 0: -2665, 1960; 1: -7615, 2306; 2: -7778, -28; 3: -2829, -374
[20240124_13:45:09_619] # [T17083][VisionSlotAdd][1522]VehCoordAndAngle: 0, 5000, ang -0.000 (-0.000)
[20240124_13:45:09_619] # [T17084][VisionSlotAdd][1523]Current VehPos: 0, 5000, ang -0.000 (-0.000)
[20240124_13:45:09_619] # [T17084][VisionSlotAdd][1528]Convert Vision Slot[1][0] Coord: 0: 2665, 6960; 1: 7615, 7306; 2: 7778, 4972; 3: 2829, 4626
[20240124_13:45:09_619] # [T17085][VisionSlotAdd][1533]Old Vision Slot[1][0] Coord: 0: 2662, 6955; 1: 7535, 7296; 2: 7697, 4982; 3: 2824, 4641
[20240124_13:45:09_623] # [T17085][VisionSlotAddSlotWeightCal][1014]u32Weight: 17, CentreY: 793.000, DisY: 495.000, SlotAng: 176.001
[20240124_13:45:09_623] # [T17086][VisionSlotAdd][1576]New Vision Slot[1][0] Coord: 0: 2663, 6956; 1: 7546, 7297; 2: 7708, 4980; 3: 2825, 4639
[20240124_13:45:09_623] # [T17087][VisionSlotAdd][1600]vision slot [1][0], u32Weight: 17, Sum: 120, SlotAng: 4.000, CurSlotAng: 3.999
[20240124_13:45:09_623] # [T17087][APAVisionOblAdd][1323]Vision Obl merge: 1
[20240124_13:45:09_623] # [T17087][APAVisionOblAdd][1326]Receive Vision Obl CrossPointCoord: 0: 2598, 9443; 1: 7526, 9701
[20240124_13:45:09_623] # [T17088][APAVisionOblInfoDebugPrint][118]VisionOblInfo:
[20240124_13:45:09_623] # [T17088][APAVisionOblInfoDebugPrint][119]OblType: 0, bIsMerge 0, DetectCount 6
[20240124_13:45:09_623] # [T17089][APAVisionOblInfoDebugPrint][122]CrossPointCoord: 0: 2578, 9426; 1: 7488, 9683
[20240124_13:45:09_623] # [T17089][APAVisionOblInfoDebugPrint][125]OriginCrossPointCoord: 0: -2598, 4443; 1: -7526, 4701
[20240124_13:45:09_627] # [T17090][APAVisionOblInfoDebugPrint][126]VehCoordAndAng: 0, 5000, ang -0.000(-0.000)
[20240124_13:45:09_627] # [T17090][APAVisionOblInfoDebugPrint][127] 
[20240124_13:45:09_627] # [T17090][APAVisionOblAdd][1323]Vision Obl merge: 0
[20240124_13:45:09_627] # [T17091][APAVisionOblAdd][1326]Receive Vision Obl CrossPointCoord: 0: -8373, 5365; 1: -4267, 7832
[20240124_13:45:09_627] # [T17091][APAVisionOblInfoDebugPrint][118]VisionOblInfo:
[20240124_13:45:09_627] # [T17092][APAVisionOblInfoDebugPrint][119]OblType: 0, bIsMerge 0, DetectCount 11
[20240124_13:45:09_627] # [T17092][APAVisionOblInfoDebugPrint][122]CrossPointCoord: 0: -3357, 6111; 1: 1080, 7601
[20240124_13:45:09_631] # [T17093][APAVisionOblInfoDebugPrint][125]OriginCrossPointCoord: 0: 8373, 365; 1: 4267, 2832
[20240124_13:45:09_631] # [T17093][APAVisionOblInfoDebugPrint][126]VehCoordAndAng: 0, 5000, ang -0.000(-0.000)
[20240124_13:45:09_631] # [T17094][APAVisionOblInfoDebugPrint][127] 
[20240124_13:45:09_631] # [T17094][APAVisionOblAdd][1323]Vision Obl merge: 0
[20240124_13:45:09_631] # [T17094][APAVisionOblAdd][1326]Receive Vision Obl CrossPointCoord: 0: 2665, 6960; 1: 7615, 7306
[20240124_13:45:09_631] # [T17095][APAVisionOblInfoDebugPrint][118]VisionOblInfo:
[20240124_13:45:09_631] # [T17095][APAVisionOblInfoDebugPrint][119]OblType: 0, bIsMerge 0, DetectCount 12
[20240124_13:45:09_631] # [T17095][APAVisionOblInfoDebugPrint][122]CrossPointCoord: 0: -2855, 6182; 1: 1624, 7576
[20240124_13:45:09_631] # [T17096][APAVisionOblInfoDebugPrint][125]OriginCrossPointCoord: 0: -2665, 1960; 1: -7615, 2306
[20240124_13:45:09_631] # [T17096][APAVisionOblInfoDebugPrint][126]VehCoordAndAng: 0, 5000, ang -0.000(-0.000)
[20240124_13:45:09_642] # [T17097][APAVisionOblInfoDebugPrint][127] 
[20240124_13:45:09_681] # [T17144][APAVisionOblAdd][1323]Vision Obl merge: 1
[20240124_13:45:09_681] # [T17144][APAVisionOblAdd][1326]Receive Vision Obl CrossPointCoord: 0: 2551, 9448; 1: 7588, 9712
[20240124_13:45:09_681] # [T17145][APAVisionOblInfoDebugPrint][118]VisionOblInfo:
[20240124_13:45:09_684] # [T17145][APAVisionOblInfoDebugPrint][119]OblType: 0, bIsMerge 0, DetectCount 7
[20240124_13:45:09_684] # [T17146][APAVisionOblInfoDebugPrint][122]CrossPointCoord: 0: 2574, 9429; 1: 7502, 9687
[20240124_13:45:09_684] # [T17146][APAVisionOblInfoDebugPrint][125]OriginCrossPointCoord: 0: -2551, 4448; 1: -7588, 4712
[20240124_13:45:09_684] # [T17147][APAVisionOblInfoDebugPrint][126]VehCoordAndAng: 0, 5000, ang -0.000(-0.000)
[20240124_13:45:09_684] # [T17147][APAVisionOblInfoDebugPrint][127] 
[20240124_13:45:09_684] # [T17147][APAVisionOblAdd][1323]Vision Obl merge: 0
[20240124_13:45:09_684] # [T17148][APAVisionOblAdd][1326]Receive Vision Obl CrossPointCoord: 0: -8370, 5379; 1: -4290, 7831
[20240124_13:45:09_688] # [T17148][APAVisionOblInfoDebugPrint][118]VisionOblInfo:
[20240124_13:45:09_688] # [T17149][APAVisionOblInfoDebugPrint][119]OblType: 0, bIsMerge 0, DetectCount 13
[20240124_13:45:09_688] # [T17149][APAVisionOblInfoDebugPrint][122]CrossPointCoord: 0: -3279, 6120; 1: 1169, 7596
[20240124_13:45:09_688] # [T17149][APAVisionOblInfoDebugPrint][125]OriginCrossPointCoord: 0: 8370, 379; 1: 4290, 2831
[20240124_13:45:09_688] # [T17150][APAVisionOblInfoDebugPrint][126]VehCoordAndAng: 0, 5000, ang -0.000(-0.000)
[20240124_13:45:09_688] # [T17150][APAVisionOblInfoDebugPrint][127] 
[20240124_13:45:09_688] # [T17151][VisionSlotAddValidCheck][893]Vision slot Length: 2429,2429, Depth 5043,5043
[20240124_13:45:09_688] # [T17151][VisionSlotAdd][1521]Added Vision Slot[1][1] Num 2 OriCoord: 0: -2551, 4448; 1: -7588, 4712; 2: -7715, 2286; 3: -2678, 2022
[20240124_13:45:09_688] # [T17152][VisionSlotAdd][1522]VehCoordAndAngle: 0, 5000, ang -0.000 (-0.000)
[20240124_13:45:09_688] # [T17152][VisionSlotAdd][1523]Current VehPos: 0, 5000, ang -0.000 (-0.000)
[20240124_13:45:09_688] # [T17153][VisionSlotAdd][1528]Convert Vision Slot[1][1] Coord: 0: 2551, 9448; 1: 7588, 9712; 2: 7715, 7286; 3: 2678, 7022
[20240124_13:45:09_688] # [T17153][VisionSlotAdd][1533]Old Vision Slot[1][1] Coord: 0: 2576, 9427; 1: 7489, 9684; 2: 7614, 7287; 3: 2702, 7029
[20240124_13:45:09_692] # [T17154][VisionSlotAddSlotWeightCal][1014]u32Weight: 1, CentreY: 3235.000, DisY: 1947.000, SlotAng: 177.000
[20240124_13:45:09_692] # [T17155][VisionSlotAdd][1576]New Vision Slot[1][1] Coord: 0: 2573, 9429; 1: 7501, 9688; 2: 7627, 7287; 3: 2699, 7028
[20240124_13:45:09_692] # [T17155][VisionSlotAdd][1600]vision slot [1][1], u32Weight: 1, Sum: 8, SlotAng: 3.001, CurSlotAng: 3.000
[20240124_13:45:09_692] # [T17156][VisionSlotAddValidCheck][893]Vision slot Length: 2617,2616, Depth 4760,4758
[20240124_13:45:09_694] # [T17156][VisionSlotAdd][1521]Added Vision Slot[0][0] Num 1 OriCoord: 0: 4290, 2831; 1: 8370, 379; 2: 7021, -1863; 3: 2942, 587
[20240124_13:45:09_694] # [T17157][VisionSlotAdd][1522]VehCoordAndAngle: 0, 5000, ang -0.000 (-0.000)
[20240124_13:45:09_694] # [T17158][VisionSlotAdd][1523]Current VehPos: 0, 5000, ang -0.000 (-0.000)
[20240124_13:45:09_694] # [T17158][VisionSlotAdd][1528]Convert Vision Slot[0][0] Coord: 0: -4290, 7831; 1: -8370, 5379; 2: -7021, 3137; 3: -2942, 5587
[20240124_13:45:09_696] # [T17159][VisionSlotAdd][1533]Old Vision Slot[0][0] Coord: 0: -4298, 7854; 1: -8368, 5408; 2: -7020, 3165; 3: -2950, 5610
[20240124_13:45:09_696] # [T17159][VisionSlotAddSlotWeightCal][1014]u32Weight: 18, CentreY: 1709.000, DisY: 421.000, SlotAng: -30.998
[20240124_13:45:09_696] # [T17160][VisionSlotAdd][1576]New Vision Slot[0][0] Coord: 0: -4297, 7851; 1: -8368, 5404; 2: -7020, 3162; 3: -2949, 5607
[20240124_13:45:09_711] # [T17161][VisionSlotAdd][1600]vision slot [0][0], u32Weight: 18, Sum: 144, SlotAng: -149.004, CurSlotAng: -149.002
[20240124_13:45:09_770] # [T17234][APAVisionOblAdd][1323]Vision Obl merge: 1
[20240124_13:45:09_772] # [T17234][APAVisionOblAdd][1326]Receive Vision Obl CrossPointCoord: 0: 2597, 9403; 1: 7526, 9661
[20240124_13:45:09_772] # [T17235][APAVisionOblInfoDebugPrint][118]VisionOblInfo:
[20240124_13:45:09_772] # [T17235][APAVisionOblInfoDebugPrint][119]OblType: 0, bIsMerge 0, DetectCount 8
[20240124_13:45:09_772] # [T17235][APAVisionOblInfoDebugPrint][122]CrossPointCoord: 0: 2577, 9426; 1: 7505, 9684
[20240124_13:45:09_772] # [T17236][APAVisionOblInfoDebugPrint][125]OriginCrossPointCoord: 0: -2597, 4403; 1: -7526, 4661
[20240124_13:45:09_776] # [T17236][APAVisionOblInfoDebugPrint][126]VehCoordAndAng: 0, 5000, ang -0.000(-0.000)
[20240124_13:45:09_776] # [T17237][APAVisionOblInfoDebugPrint][127] 
[20240124_13:45:09_776] # [T17237][APAVisionOblAdd][1323]Vision Obl merge: 0
[20240124_13:45:09_776] # [T17237][APAVisionOblAdd][1326]Receive Vision Obl CrossPointCoord: 0: -8336, 5400; 1: -4308, 7820
[20240124_13:45:09_776] # [T17238][APAVisionOblInfoDebugPrint][118]VisionOblInfo:
[20240124_13:45:09_776] # [T17238][APAVisionOblInfoDebugPrint][119]OblType: 0, bIsMerge 0, DetectCount 14
[20240124_13:45:09_780] # [T17239][APAVisionOblInfoDebugPrint][122]CrossPointCoord: 0: -3640, 6068; 1: 778, 7612
[20240124_13:45:09_780] # [T17239][APAVisionOblInfoDebugPrint][125]OriginCrossPointCoord: 0: 8336, 400; 1: 4308, 2820
[20240124_13:45:09_780] # [T17240][APAVisionOblInfoDebugPrint][126]VehCoordAndAng: 0, 5000, ang -0.000(-0.000)
[20240124_13:45:09_780] # [T17240][APAVisionOblInfoDebugPrint][127] 
[20240124_13:45:09_780] # [T17240][APAVisionOblAdd][1323]Vision Obl merge: 0
[20240124_13:45:09_780] # [T17241][APAVisionOblAdd][1326]Receive Vision Obl CrossPointCoord: 0: 2732, 7003; 1: 7568, 7257
[20240124_13:45:09_781] # [T17241][APAVisionOblInfoDebugPrint][118]VisionOblInfo:
[20240124_13:45:09_781] # [T17242][APAVisionOblInfoDebugPrint][119]OblType: 0, bIsMerge 0, DetectCount 15
[20240124_13:45:09_781] # [T17242][APAVisionOblInfoDebugPrint][122]CrossPointCoord: 0: -3215, 6131; 1: 1231, 7588
[20240124_13:45:09_782] # [T17242][APAVisionOblInfoDebugPrint][125]OriginCrossPointCoord: 0: -2732, 2003; 1: -7568, 2257
[20240124_13:45:09_782] # [T17243][APAVisionOblInfoDebugPrint][126]VehCoordAndAng: 0, 5000, ang -0.000(-0.000)
[20240124_13:45:09_782] # [T17243][APAVisionOblInfoDebugPrint][127] 
[20240124_13:45:09_782] # [T17244][APAVisionOblAdd][1323]Vision Obl merge: 1
[20240124_13:45:09_782] # [T17244][APAVisionOblAdd][1326]Receive Vision Obl CrossPointCoord: 0: -8221, 8315; 1: -4473, 10567
[20240124_13:45:09_782] # [T17245][APAVisionOblInfoDebugPrint][118]VisionOblInfo:
[20240124_13:45:09_782] # [T17245][APAVisionOblInfoDebugPrint][119]OblType: 0, bIsMerge 0, DetectCount 9
[20240124_13:45:09_784] # [T17245][APAVisionOblInfoDebugPrint][122]CrossPointCoord: 0: 1377, 9302; 1: 6174, 9782
[20240124_13:45:09_784] # [T17246][APAVisionOblInfoDebugPrint][125]OriginCrossPointCoord: 0: 8221, 3315; 1: 4473, 5567
[20240124_13:45:09_784] # [T17246][APAVisionOblInfoDebugPrint][126]VehCoordAndAng: 0, 5000, ang -0.000(-0.000)
[20240124_13:45:09_784] # [T17247][APAVisionOblInfoDebugPrint][127] 
[20240124_13:45:09_785] # [T17247][VisionSlotAddValidCheck][893]Vision slot Length: 2437,2436, Depth 4935,4935
[20240124_13:45:09_785] # [T17248][VisionSlotAdd][1521]Added Vision Slot[1][1] Num 2 OriCoord: 0: -2597, 4403; 1: -7526, 4661; 2: -7654, 2228; 3: -2725, 1969
[20240124_13:45:09_785] # [T17248][VisionSlotAdd][1522]VehCoordAndAngle: 0, 5000, ang -0.000 (-0.000)
[20240124_13:45:09_785] # [T17249][VisionSlotAdd][1523]Current VehPos: 0, 5000, ang -0.000 (-0.000)
[20240124_13:45:09_785] # [T17249][VisionSlotAdd][1528]Convert Vision Slot[1][1] Coord: 0: 2597, 9403; 1: 7526, 9661; 2: 7654, 7228; 3: 2725, 6969
[20240124_13:45:09_788] # [T17250][VisionSlotAdd][1533]Old Vision Slot[1][1] Coord: 0: 2573, 9429; 1: 7501, 9688; 2: 7627, 7287; 3: 2699, 7028
[20240124_13:45:09_788] # [T17250][VisionSlotAddSlotWeightCal][1014]u32Weight: 2, CentreY: 3186.000, DisY: 1898.000, SlotAng: 176.998
[20240124_13:45:09_788] # [T17251][VisionSlotAdd][1576]New Vision Slot[1][1] Coord: 0: 2578, 9424; 1: 7506, 9682; 2: 7632, 7275; 3: 2704, 7016
[20240124_13:45:09_788] # [T17252][VisionSlotAdd][1600]vision slot [1][1], u32Weight: 2, Sum: 10, SlotAng: 3.001, CurSlotAng: 3.002
[20240124_13:45:09_788] # [T17252][VisionSlotAddValidCheck][893]Vision slot Length: 2594,2593, Depth 4699,4698
[20240124_13:45:09_788] # [T17253][VisionSlotAdd][1521]Added Vision Slot[0][0] Num 1 OriCoord: 0: 4308, 2820; 1: 8336, 400; 2: 7000, -1823; 3: 2972, 596
[20240124_13:45:09_788] # [T17253][VisionSlotAdd][1522]VehCoordAndAngle: 0, 5000, ang -0.000 (-0.000)
[20240124_13:45:09_788] # [T17254][VisionSlotAdd][1523]Current VehPos: 0, 5000, ang -0.000 (-0.000)
[20240124_13:45:09_788] # [T17254][VisionSlotAdd][1528]Convert Vision Slot[0][0] Coord: 0: -4308, 7820; 1: -8336, 5400; 2: -7000, 3177; 3: -2972, 5596
[20240124_13:45:09_792] # [T17255][VisionSlotAdd][1533]Old Vision Slot[0][0] Coord: 0: -4297, 7851; 1: -8368, 5404; 2: -7020, 3162; 3: -2949, 5607
[20240124_13:45:09_792] # [T17256][VisionSlotAddSlotWeightCal][1014]u32Weight: 18, CentreY: 1708.000, DisY: 420.000, SlotAng: -30.992
[20240124_13:45:09_792] # [T17256][VisionSlotAdd][1576]New Vision Slot[0][0] Coord: 0: -4298, 7847; 1: -8365, 5404; 2: -7018, 3163; 3: -2952, 5606
[20240124_13:45:09_792] # [T17257][VisionSlotAdd][1600]vision slot [0][0], u32Weight: 18, Sum: 162, SlotAng: -149.005, CurSlotAng: -149.008
[20240124_13:45:09_792] # [T17258][VisionSlotAddValidCheck][893]Vision slot Length: 2329,2329, Depth 4842,4842
[20240124_13:45:09_792] # [T17258][VisionSlotAdd][1521]Added Vision Slot[1][0] Num 2 OriCoord: 0: -2732, 2003; 1: -7568, 2257; 2: -7690, -69; 3: -2854, -323
[20240124_13:45:09_792] # [T17259][VisionSlotAdd][1522]VehCoordAndAngle: 0, 5000, ang -0.000 (-0.000)
[20240124_13:45:09_798] # [T17259][VisionSlotAdd][1523]Current VehPos: 0, 5000, ang -0.000 (-0.000)
[20240124_13:45:09_798] # [T17260][VisionSlotAdd][1528]Convert Vision Slot[1][0] Coord: 0: 2732, 7003; 1: 7568, 7257; 2: 7690, 4931; 3: 2854, 4677
[20240124_13:45:09_798] # [T17260][VisionSlotAdd][1533]Old Vision Slot[1][0] Coord: 0: 2663, 6956; 1: 7546, 7297; 2: 7708, 4980; 3: 2825, 4639
[20240124_13:45:09_798] # [T17261][VisionSlotAddSlotWeightCal][1014]u32Weight: 18, CentreY: 840.000, DisY: 448.000, SlotAng: 176.993
[20240124_13:45:09_801] # [T17262][VisionSlotAdd][1576]New Vision Slot[1][0] Coord: 0: 2672, 6962; 1: 7549, 7292; 2: 7706, 4974; 3: 2829, 4644
[20240124_13:45:09_801] # [T17262][VisionSlotAdd][1600]vision slot [1][0], u32Weight: 18, Sum: 138, SlotAng: 3.872, CurSlotAng: 3.007
[20240124_13:45:09_801] # [T17263][VisionSlotAddValidCheck][893]Vision slot Length: 2451,2451, Depth 4372,4372
[20240124_13:45:09_801] # [T17263][VisionSlotAdd][1613]Added Vision Slot[0][1] Num 1 OriCoord: 0: 4473, 5567; 1: 8221, 3315; 2: 6959, 1213; 3: 3211, 3465
[20240124_13:45:09_801] # [T17264][VisionSlotAdd][1615]VehCoordAndAngle: 0, 5000, ang -0.000 (-0.000)
[20240124_13:45:09_801] # [T17264][VisionSlotAdd][1616]Current VehPos: 0, 5000, ang -0.000 (-0.000)
[20240124_13:45:09_803] # [T17265][VisionSlotAdd][1621]New Vision Slot[0][1] Coord: 0: -4473, 10567; 1: -8221, 8315; 2: -6959, 6213; 3: -3211, 8465
[20240124_13:45:09_803] # [T17265][VisionSlotAddSlotWeightCal][1014]u32Weight: 1, CentreY: 4516.000, DisY: 3228.000, SlotAng: -31.000
[20240124_13:45:09_803] # [T17266][VisionSlotInfoInsert][513]VisionSlot[0][1] id 4 is insert, num 1->2
[20240124_13:45:09_805] # [T17266][VisionSlotInfoDebugPrint][148]VisionSlot[0][1]: ID 4, SlotType: 垂直, SlotLength: 2451, SlotDepth 4372
[20240124_13:45:09_805] # [T17267][VisionSlotInfoDebugPrint][155]VehCoordAndAng: 0, 5000, ang -0.000(-0.000)
[20240124_13:45:09_805] # [T17268][VisionSlotInfoDebugPrint][160]tOriCrossPt: 0: 4473, 5567; 1: 8221, 3315; 2: 6959, 1213; 3: 3211, 3465
[20240124_13:45:09_805] # [T17268][VisionSlotInfoDebugPrint][165]tCrossPt: 0: -4473, 10567; 1: -8221, 8315; 2: -6959, 6213; 3: -3211, 8465
[20240124_13:45:09_805] # [T17269][VisionSlotInfoDebugPrint][169]TimeDelay 12, bAvailable 1, u32WeightSum 1, u32SlotSparallelCount 0, u32SlotPerpenicularCount 1
[20240124_13:45:09_813] # [T17270][VisionSlotInfoInsert][520]VisionSlot[0] num 2 after : 2        4       0       0       0
[20240124_13:45:09_813] # [T17270][VisionSlotAdd][1650]vision slot [0][1], u32Weight: 1, CurSlotAng: -149.000
[20240124_13:45:09_872] # [T17336][APAVisionOblAdd][1323]Vision Obl merge: 0
[20240124_13:45:09_872] # [T17336][APAVisionOblAdd][1326]Receive Vision Obl CrossPointCoord: 0: -8427, 5419; 1: -4207, 7855
[20240124_13:45:09_872] # [T17336][APAVisionOblInfoDebugPrint][118]VisionOblInfo:
[20240124_13:45:09_872] # [T17337][APAVisionOblInfoDebugPrint][119]OblType: 0, bIsMerge 0, DetectCount 16
[20240124_13:45:09_872] # [T17337][APAVisionOblInfoDebugPrint][122]CrossPointCoord: 0: -3541, 6086; 1: 891, 7605
[20240124_13:45:09_875] # [T17338][APAVisionOblInfoDebugPrint][125]OriginCrossPointCoord: 0: 8427, 419; 1: 4207, 2855
[20240124_13:45:09_875] # [T17338][APAVisionOblInfoDebugPrint][126]VehCoordAndAng: 0, 5000, ang -0.000(-0.000)
[20240124_13:45:09_875] # [T17339][APAVisionOblInfoDebugPrint][127] 
[20240124_13:45:09_875] # [T17339][APAVisionOblAdd][1323]Vision Obl merge: 1
[20240124_13:45:09_875] # [T17339][APAVisionOblAdd][1326]Receive Vision Obl CrossPointCoord: 0: 2578, 9408; 1: 7543, 9669
[20240124_13:45:09_875] # [T17340][APAVisionOblInfoDebugPrint][118]VisionOblInfo:
[20240124_13:45:09_875] # [T17340][APAVisionOblInfoDebugPrint][119]OblType: 0, bIsMerge 0, DetectCount 10
[20240124_13:45:09_875] # [T17340][APAVisionOblInfoDebugPrint][122]CrossPointCoord: 0: 1497, 9313; 1: 6311, 9770
[20240124_13:45:09_879] # [T17341][APAVisionOblInfoDebugPrint][125]OriginCrossPointCoord: 0: -2578, 4408; 1: -7543, 4669
[20240124_13:45:09_879] # [T17341][APAVisionOblInfoDebugPrint][126]VehCoordAndAng: 0, 5000, ang -0.000(-0.000)
[20240124_13:45:09_883] # [T17342][APAVisionOblInfoDebugPrint][127] 
[20240124_13:45:09_883] # [T17342][APAVisionOblAdd][1323]Vision Obl merge: 0
[20240124_13:45:09_883] # [T17342][APAVisionOblAdd][1326]Receive Vision Obl CrossPointCoord: 0: 2678, 6965; 1: 7572, 7308
[20240124_13:45:09_883] # [T17343][APAVisionOblInfoDebugPrint][118]VisionOblInfo:
[20240124_13:45:09_883] # [T17343][APAVisionOblInfoDebugPrint][119]OblType: 0, bIsMerge 0, DetectCount 17
[20240124_13:45:09_883] # [T17344][APAVisionOblInfoDebugPrint][122]CrossPointCoord: 0: -3175, 6138; 1: 1284, 7587
[20240124_13:45:09_883] # [T17344][APAVisionOblInfoDebugPrint][125]OriginCrossPointCoord: 0: -2678, 1965; 1: -7572, 2308
[20240124_13:45:09_883] # [T17345][APAVisionOblInfoDebugPrint][126]VehCoordAndAng: 0, 5000, ang -0.000(-0.000)
[20240124_13:45:09_883] # [T17345][APAVisionOblInfoDebugPrint][127] 
[20240124_13:45:09_883] # [T17345][VisionSlotAddValidCheck][893]Vision slot Length: 2577,2576, Depth 4872,4872
[20240124_13:45:09_887] # [T17346][VisionSlotAdd][1521]Added Vision Slot[0][0] Num 2 OriCoord: 0: 4207, 2855; 1: 8427, 419; 2: 7138, -1812; 3: 2918, 623
[20240124_13:45:09_887] # [T17347][VisionSlotAdd][1522]VehCoordAndAngle: 0, 5000, ang -0.000 (-0.000)
[20240124_13:45:09_887] # [T17347][VisionSlotAdd][1523]Current VehPos: 0, 5000, ang -0.000 (-0.000)
[20240124_13:45:09_887] # [T17348][VisionSlotAdd][1528]Convert Vision Slot[0][0] Coord: 0: -4207, 7855; 1: -8427, 5419; 2: -7138, 3188; 3: -2918, 5623
[20240124_13:45:09_887] # [T17348][VisionSlotAdd][1533]Old Vision Slot[0][0] Coord: 0: -4298, 7847; 1: -8365, 5404; 2: -7018, 3163; 3: -2952, 5606
[20240124_13:45:09_887] # [T17349][VisionSlotAddSlotWeightCal][1014]u32Weight: 18, CentreY: 1739.000, DisY: 451.000, SlotAng: -29.991
[20240124_13:45:09_887] # [T17349][VisionSlotAdd][1576]New Vision Slot[0][0] Coord: 0: -4289, 7848; 1: -8371, 5405; 2: -7030, 3166; 3: -2948, 5607
[20240124_13:45:09_891] # [T17350][VisionSlotAdd][1600]vision slot [0][0], u32Weight: 18, Sum: 180, SlotAng: -149.108, CurSlotAng: -150.009
[20240124_13:45:09_891] # [T17351][VisionSlotAddValidCheck][893]Vision slot Length: 2434,2435, Depth 4971,4971
[20240124_13:45:09_891] # [T17351][VisionSlotAdd][1521]Added Vision Slot[1][1] Num 2 OriCoord: 0: -2578, 4408; 1: -7543, 4669; 2: -7670, 2237; 3: -2705, 1977
[20240124_13:45:09_892] # [T17352][VisionSlotAdd][1522]VehCoordAndAngle: 0, 5000, ang -0.000 (-0.000)
[20240124_13:45:09_892] # [T17352][VisionSlotAdd][1523]Current VehPos: 0, 5000, ang -0.000 (-0.000)
[20240124_13:45:09_892] # [T17353][VisionSlotAdd][1528]Convert Vision Slot[1][1] Coord: 0: 2578, 9408; 1: 7543, 9669; 2: 7670, 7237; 3: 2705, 6977
[20240124_13:45:09_892] # [T17353][VisionSlotAdd][1533]Old Vision Slot[1][1] Coord: 0: 2578, 9424; 1: 7506, 9682; 2: 7632, 7275; 3: 2704, 7016
[20240124_13:45:09_892] # [T17354][VisionSlotAddSotWeightCal][1014]u32Weight: 2, CentreY: 3192.500, DisY: 1904.500, SlotAng: 176.997
[20240124_13:45:09_894] # [T17355][VisionSlotAdd][1576]New Vision Slot[1][1] Coord: 0: 2578, 9421; 1: 7512, 9680; 2: 7638, 7269; 3: 2704, 7010
[20240124_13:45:09_894] # [T17355][VisionSlotAdd][1600]vision slot [1][1], u32Weight: 2, Sum: 12, SlotAng: 3.002, CurSlotAng: 3.003
[20240124_13:45:09_894] # [T17356][VisionSlotAddValidCheck][893]Vision slot Length: 2340,2341, Depth 4906,4905
[20240124_13:45:09_894] # [T17356][VisionSlotAdd][1521]Added Vision Slot[1][0] Num 2 OriCoord: 0: -2678, 1965; 1: -7572, 2308; 2: -7735, -28; 3: -2841, -370
[20240124_13:45:09_894] # [T17357][VisionSlotAdd][1522]VehCoordAndAngle: 0, 5000, ang -0.000 (-0.000)
[20240124_13:45:09_896] # [T17358][VisionSlotAdd][1523]Current VehPos: 0, 5000, ang -0.000 (-0.000)
[20240124_13:45:09_896] # [T17358][VisionSlotAdd][1528]Convert Vision Slot[1][0] Coord: 0: 2678, 6965; 1: 7572, 7308; 2: 7735, 4972; 3: 2841, 4630
[20240124_13:45:09_896] # [T17359][VisionSlotAdd][1533]Old Vision Slot[1][0] Coord: 0: 2672, 6962; 1: 7549, 7292; 2: 7706, 4974; 3: 2829, 4644
[20240124_13:45:09_896] # [T17359][VisionSlotAddSlotWeightCal][1014]u32Weight: 17, CentreY: 797.500, DisY: 490.500, SlotAng: 175.997
[20240124_13:45:09_896] # [T17360][VisionSlotAdd][1576]New Vision Slot[1][0] Coord: 0: 2672, 6962; 1: 7551, 7294; 2: 7709, 4974; 3: 2830, 4642
[20240124_13:45:09_904] # [T17361][VisionSlotAdd][1600]vision slot [1][0], u32Weight: 17, Sum: 155, SlotAng: 3.886, CurSlotAng: 4.003
[20240124_13:45:09_944] # [T17406][APAVisionOblAdd][1323]Vision Obl merge: 1
[20240124_13:45:09_944] # [T17406][APAVisionOblAdd][1326]Receive Vision Obl CrossPointCoord: 0: 2555, 9446; 1: 7510, 9706
[20240124_13:45:09_944] # [T17407][APAVisionOblInfoDebugPrint][118]VisionOblInfo:
[20240124_13:45:09_944] # [T17407][APAVisionOblInfoDebugPrint][119]OblType: 0, bIsMerge 0, DetectCount 11
[20240124_13:45:09_944] # [T17407][APAVisionOblInfoDebugPrint][122]CrossPointCoord: 0: 1593, 9325; 1: 6420, 9765
[20240124_13:45:09_947] # [T17408][APAVisionOblInfoDebugPrint][125]OriginCrossPointCoord: 0: -2555, 4446; 1: -7510, 4706
[20240124_13:45:09_947] # [T17408][APAVisionOblInfoDebugPrint][126]VehCoordAndAng: 0, 5000, ang -0.000(-0.000)
[20240124_13:45:09_947] # [T17409][APAVisionOblInfoDebugPrint][127] 
[20240124_13:45:09_947] # [T17409][APAVisionOblAdd][1323]Vision Obl merge: 0
[20240124_13:45:09_947] # [T17409][APAVisionOblAdd][1326]Receive Vision Obl CrossPointCoord: 0: -8374, 5421; 1: -4306, 7865
[20240124_13:45:09_947] # [T17410][APAVisionOblInfoDebugPrint][118]VisionOblInfo:
[20240124_13:45:09_949] # [T17410][APAVisionOblInfoDebugPrint][119]OblType: 0, bIsMerge 0, DetectCount 18
[20240124_13:45:09_949] # [T17411][APAVisionOblInfoDebugPrint][122]CrossPointCoord: 0: -3464, 6098; 1: 973, 7603
[20240124_13:45:09_949] # [T17411][APAVisionOblInfoDebugPrint][125]OriginCrossPointCoord: 0: 8374, 421; 1: 4306, 2865
[20240124_13:45:09_949] # [T17412][APAVisionOblInfoDebugPrint][126]VehCoordAndAng: 0, 5000, ang -0.000(-0.000)
[20240124_13:45:09_949] # [T17412][APAVisionOblInfoDebugPrint][127] 
[20240124_13:45:09_949] # [T17412][APAVisionOblAdd][1323]Vision Obl merge: 0
[20240124_13:45:09_949] # [T17413][APAVisionOblAdd][1326]Receive Vision Obl CrossPointCoord: 0: 2681, 6945; 1: 7496, 7282
[20240124_13:45:09_949] # [T17413][APAVisionOblInfoDebugPrint][118]VisionOblInfo:
[20240124_13:45:09_949] # [T17414][APAVisionOblInfoDebugPrint][119]OblType: 0, bIsMerge 0, DetectCount 19
[20240124_13:45:09_949] # [T17414][APAVisionOblInfoDebugPrint][122]CrossPointCoord: 0: -3141, 6143; 1: 1316, 7586
[20240124_13:45:09_953] # [T17414][APAVisionOblInfoDebugPrint][125]OriginCrossPointCoord: 0: -2681, 1945; 1: -7496, 2282
[20240124_13:45:09_953] # [T17415][APAVisionOblInfoDebugPrint][126]VehCoordAndAng: 0, 5000, ang -0.000(-0.000)
[20240124_13:45:09_953] # [T17415][APAVisionOblInfoDebugPrint][127] 
[20240124_13:45:09_953] # [T17416][VisionSlotAddValidCheck][893]Vision slot Length: 2431,2431, Depth 4961,4961
[20240124_13:45:09_953] # [T17416][VisionSlotAdd][1521]Added Vision Slot[1][1] Num 2 OriCoord: 0: -2555, 4446; 1: -7510, 4706; 2: -7637, 2278; 3: -2682, 2018
[20240124_13:45:09_953] # [T17417][VisionSlotAdd][1522]VehCoordAndAngle: 0, 5000, ang -0.000 (-0.000)
[20240124_13:45:09_953] # [T17417][VisionSlotAdd][1523]Current VehPos: 0, 5000, ang -0.000 (-0.000)
[20240124_13:45:09_957] # [T17418][VisionSlotAdd][1528]Convert Vision Slot[1][1] Coord: 0: 2555, 9446; 1: 7510, 9706; 2: 7637, 7278; 3: 2682, 7018
[20240124_13:45:09_957] # [T17418][VisionSlotAdd][1533]Old Vision Slot[1][1] Coord: 0: 2578, 9421; 1: 7512, 9680; 2: 7638, 7269; 3: 2704, 7010
[20240124_13:45:09_957] # [T17419][VisionSlotAddSlotWeightCal][1014]u32Weight: 1, CentreY: 3232.000, DisY: 1944.000, SlotAng: 176.996
[20240124_13:45:09_957] # [T17420][VisionSlotAdd][1576]New Vision Slot[1][1] Coord: 0: 2576, 9423; 1: 7512, 9682; 2: 7638, 7269; 3: 2702, 7010
[20240124_13:45:09_957] # [T17420][VisionSlotAdd][1600]vision slot [1][1], u32Weight: 1, Sum: 13, SlotAng: 3.002, CurSlotAng: 3.004
[20240124_13:45:09_957] # [T17421][VisionSlotAddValidCheck][893]Vision slot Length: 2632,2632, Depth 4745,4745
[20240124_13:45:09_957] # [T17421][VisionSlotAdd][1521]Added Vision Slot[0][0] Num 2 OriCoord: 0: 4306, 2865; 1: 8374, 421; 2: 7018, -1835; 3: 2950, 609
[20240124_13:45:09_961] # [T17422][VisionSlotAdd][1522]VehCoordAndAngle: 0, 5000, ang -0.000 (-0.000)
[20240124_13:45:09_961] # [T17422][VisionSlotAdd][1523]Current VehPos: 0, 5000, ang -0.000 (-0.000)
[20240124_13:45:09_961] # [T17423][VisionSlotAdd][1528]Convert Vision Slot[0][0] Coord: 0: -4306, 7865; 1: -8374, 5421; 2: -7018, 3165; 3: -2950, 5609
[20240124_13:45:09_962] # [T17424][VisionSlotAdd][1533]Old Vision Slot[0][0] Coord: 0: -4289, 7848; 1: -8371, 5405; 2: -7030, 3166; 3: -2948, 5607
[20240124_13:45:09_962] # [T17424][VisionSlotAddSlotWeightCal][1014]u32Weight: 18, CentreY: 1737.000, DisY: 449.000, SlotAng: -30.997
[20240124_13:45:09_962] # [T17425][VisionSlotAdd][1576]New Vision Slot[0][0] Coord: 0: -4290, 7849; 1: -8371, 5407; 2: -7029, 3166; 3: -2948, 5607
[20240124_13:45:09_962] # [T17426][VisionSlotAdd][1600]vision slot [0][0], u32Weight: 18, Sum: 198, SlotAng: -149.098, CurSlotAng: -149.003
[20240124_13:45:09_967] # [T17426][VisionSlotAddValidCheck][893]Vision slot Length: 2314,2314, Depth 4826,4826
[20240124_13:45:09_967] # [T17427][VisionSlotAdd][1521]Added Vision Slot[1][0] Num 2 OriCoord: 0: -2681, 1945; 1: -7496, 2282; 2: -7658, -27; 3: -2843, -364
[20240124_13:45:09_967] # [T17427][VisionSlotAdd][1522]VehCoordAndAngle: 0, 5000, ang -0.000 (-0.000)
[20240124_13:45:09_967] # [T17428][VisionSlotAdd][1523]Current VehPos: 0, 5000, ang -0.000 (-0.000)
[20240124_13:45:09_969] # [T17428][VisionSlotAdd][1528]Convert Vision Slot[1][0] Coord: 0: 2681, 6945; 1: 7496, 7282; 2: 7658, 4973; 3: 2843, 4636
[20240124_13:45:09_969] # [T17429][VisionSlotAdd][1533]Old Vision Slot[1][0] Coord: 0: 2672, 6962; 1: 7551, 7294; 2: 7709, 4974; 3: 2830, 4642
[20240124_13:45:09_969] # [T17430][VisionSlotAddSlotWeightCal][1014]u32Weight: 17, CentreY: 790.500, DisY: 497.500, SlotAng: 175.996
[20240124_13:45:09_969] # [T17430][VisionSlotAdd][1576]New Vision Slot[1][0] Coord: 0: 2673, 6961; 1: 7546, 7292; 2: 7704, 4973; 3: 2831, 4641
[20240124_13:45:09_975] # [T17431][VisionSlotAdd][1600]vision slot [1][0], u32Weight: 17, Sum: 172, SlotAng: 3.898, CurSlotAng: 4.004
[20240124_13:45:10_032] #   17490-task_radar-118: RadarCaptureCnt is 103 
[20240124_13:45:10_032] # 
[20240124_13:45:10_032] # [T17498][VisionSlotAddValidCheck][893]Vision slot Length: 2362,2361, Depth 4843,4842
[20240124_13:45:10_036] # [T17498][VisionSlotAdd][1521]Added Vision Slot[1][1] Num 2 OriCoord: 0: -2637, 4407; 1: -7474, 4660; 2: -7597, 2302; 3: -2761, 2048
[20240124_13:45:10_036] # [T17499][VisionSlotAdd][1522]VehCoordAndAngle: 0, 5000, ang -0.000 (-0.000)
[20240124_13:45:10_036] # [T17499][VisionSlotAdd][1523]Current VehPos: 0, 5000, ang -0.000 (-0.000)
[20240124_13:45:10_036] # [T17500][VisionSlotAdd][1528]Convert Vision Slot[1][1] Coord: 0: 2637, 9407; 1: 7474, 9660; 2: 7597, 7302; 3: 2761, 7048
[20240124_13:45:10_036] # [T17500][VisionSlotAdd][1533]Old Vision Slot[1][1] Coord: 0: 2576, 9423; 1: 7512, 9682; 2: 7638, 7269; 3: 2702, 7010
[20240124_13:45:10_040] # [T17501][VisionSlotAddSlotWeightCal][1014]u32Weight: 1, CentreY: 3227.500, DisY: 1939.500, SlotAng: 177.000
[20240124_13:45:10_040] # [T17502][VisionSlotAdd][1576]New Vision Slot[1][1] Coord: 0: 2580, 9422; 1: 7509, 9680; 2: 7635, 7272; 3: 2706, 7013
[20240124_13:45:10_040] # [T17502][VisionSlotAdd][1600]vision slot [1][1], u32Weight: 1, Sum: 14, SlotAng: 3.002, CurSlotAng: 3.000
[20240124_13:45:10_040] # [T17503][VisionSlotAddValidCheck][893]Vision slot Length: 2653,2652, Depth 4772,4772
[20240124_13:45:10_040] # [T17503][VisionSlotAdd][1521]Added Vision Slot[0][0] Num 2 OriCoord: 0: 4297, 2882; 1: 8388, 424; 2: 7021, -1849; 3: 2930, 608
[20240124_13:45:10_040] # [T17504][VisionSlotAdd][1522]VehCoordAndAngle: 0, 5000, ang -0.000 (-0.000)
[20240124_13:45:10_040] # [T17504][VisionSlotAdd][1523]Current VehPos: 0, 5000, ang -0.000 (-0.000)
[20240124_13:45:10_040] # [T17505][VisionSlotAdd][1528]Convert Vision Slot[0][0] Coord: 0: -4297, 7882; 1: -8388, 5424; 2: -7021, 3151; 3: -2930, 5608
[20240124_13:45:10_044] # [T17505][VisionSlotAdd][1533]Old Vision Slot[0][0] Coord: 0: -4290, 7849; 1: -8371, 5407; 2: -7029, 3166; 3: -2948, 5607
[20240124_13:45:10_044] # [T17506][VisionSlotAddSlotWeightCal][1014]u32Weight: 18, CentreY: 1745.000, DisY: 457.000, SlotAng: -30.994
[20240124_13:45:10_044] # [T17507][VisionSlotAdd][1576]New Vision Slot[0][0] Coord: 0: -4291, 7852; 1: -8372, 5408; 2: -7028, 3164; 3: -2947, 5607
[20240124_13:45:10_044] # [T17507][VisionSlotAdd][1600]vision slot [0][0], u32Weight: 18, Sum: 216, SlotAng: -149.090, CurSlotAng: -149.006
[20240124_13:45:10_044] # [T17508][VisionSlotAddValidCheck][893]Vision slot Length: 2340,2341, Depth 4935,4935
[20240124_13:45:10_049] # [T17509][VisionSlotAdd][1521]Added Vision Slot[1][0] Num 2 OriCoord: 0: -2653, 1970; 1: -7576, 2315; 2: -7739, -21; 3: -2816, -365
[20240124_13:45:10_049] # [T17509][VisionSlotAdd][1522]VehCoordAndAngle: 0, 5000, ang -0.000 (-0.000)
[20240124_13:45:10_049] # [T17510][VisionSlotAdd][1523]Current VehPos: 0, 5000, ang -0.000 (-0.000)
[20240124_13:45:10_049] # [T17510][VisionSlotAdd][1528]Convert Vision Slot[1][0] Coord: 0: 2653, 6970; 1: 7576, 7315; 2: 7739, 4979; 3: 2816, 4635
[20240124_13:45:10_049] # [T17511][VisionSlotAdd][1533]Old Vision Slot[1][0] Coord: 0: 2673, 6961; 1: 7546, 7292; 2: 7704, 4973; 3: 2831, 4641
[20240124_13:45:10_049] # [T17511][VisionSlotAddSlotWeightCal][1014]u32Weight: 17, CentreY: 802.500, DisY: 485.500, SlotAng: 175.997
[20240124_13:45:10_049] # [T17512][VisionSlotAdd][1576]New Vision Slot[1][0] Coord: 0: 2671, 6961; 1: 7548, 7294; 2: 7707, 4974; 3: 2830, 4641
[20240124_13:45:10_049] # [T17513][VisionSlotAdd][1600]vision slot [1][0], u32Weight: 17, Sum: 189, SlotAng: 3.907, CurSlotAng: 4.003
[20240124_13:45:10_049] # [T17513][VisionSlotAddValidCheck][893]Vision slot Length: 2447,2447, Depth 4374,4374
[20240124_13:45:10_049] # [T17514][VisionSlotAdd][1521]Added Vision Slot[0][1] Num 2 OriCoord: 0: 4468, 5587; 1: 8218, 3334; 2: 6958, 1236; 3: 3208, 3489
[20240124_13:45:10_049] # [T17514][VisionSlotAdd][1522]VehCoordAndAngle: 0, 5000, ang -0.000 (-0.000)
[20240124_13:45:10_053] # [T17515][VisionSlotAdd][1523]Current VehPos: 0, 5000, ang -0.000 (-0.000)
[20240124_13:45:10_053] # [T17515][VisionSlotAdd][1528]Convert Vision Slot[0][1] Coord: 0: -4468, 10587; 1: -8218, 8334; 2: -6958, 6236; 3: -3208, 8489
[20240124_13:45:10_053] # [T17516][VisionSlotAdd][1533]Old Vision Slot[0][1] Cood: 0: -4473, 10567; 1: -8221, 8315; 2: -6959, 6213; 3: -3211, 8465
[20240124_13:45:10_053] # [T17517][VisionSlotAddSlotWeightCal][1014]u32Weight: 1, CentreY: 4538.000, DisY: 3250.000, SlotAng: -30.997
[20240124_13:45:10_053] # [T17517][VisionSlotAdd][1576]New Vision Slot[0][1] Coord: 0: -4470, 10577; 1: -8219, 8324; 2: -6958, 6224; 3: -3209, 8477
[20240124_13:45:10_057] # [T17518][VisionSlotAdd][1600]vision slot [0][1], u32Weight: 1, Sum: 2, SlotAng: -149.001, CurSlotAng: -149.003
[20240124_13:45:10_057] # [T17519][APAVisionOblAdd][1323]Vision Obl merge: 1
[20240124_13:45:10_057] # [T17519][APAVisionOblAdd][1326]Receive Vision Obl CrossPointCoord: 0: 2637, 9407; 1: 7474, 9660
[20240124_13:45:10_057] # [T17520][APAVisionOblInfoDebugPrint][118]VisionOblInfo:
[20240124_13:45:10_057] # [T17520][APAVisionOblInfoDebugPrint][119]OblType: 0, bIsMerge 0, DetectCount 12
[20240124_13:45:10_057] # [T17521][APAVisionOblInfoDebugPrint][122]CrossPointCoord: 0: 1680, 9332; 1: 6508, 9756
[20240124_13:45:10_057] # [T17522][APAVisionOblInfoDebugPrint][125]OriginCrossPointCoord: 0: -2637, 4407; 1: -7474, 4660
[20240124_13:45:10_061] # [T17522][APAVisionOblInfoDebugPrint][126]VehCoordAndAng: 0, 5000, ang -0.000(-0.000)
[20240124_13:45:10_061] # [T17523][APAVisionOblInfoDebugPrint][127] 
[20240124_13:45:10_061] # [T17523][APAVisionOblAdd][1323]Vision Obl merge: 0
[20240124_13:45:10_061] # [T17523][APAVisionOblAdd][1326]Receive Vision Obl CrossPointCoord: 0: -8388, 5424; 1: -4297, 7882
[20240124_13:45:10_061] # [T17524][APAVisionOblInfoDebugPrint][118]VisionOblInfo:
[20240124_13:45:10_061] # [T17524][APAVisionOblInfoDebugPrint][119]OblType: 0, bIsMerge 0, DetectCount 20
[20240124_13:45:10_061] # [T17524][APAVisionOblInfoDebugPrint][122]CrossPointCoord: 0: -3403, 6107; 1: 1036, 7600
[20240124_13:45:10_061] # [T17525][APAVisionOblInfoDebugPrint][125]OriginCrossPointCoord: 0: 8388, 424; 1: 4297, 2882
[20240124_13:45:10_061] # [T17525][APAVisionOblInfoDebugPrint][126]VehCoordAndAng: 0, 5000, ang -0.000(-0.000)
[20240124_13:45:10_061] # [T17526][APAVisionOblInfoDebugPrint][127] 
[20240124_13:45:10_065] # [T17526][APAVisionOblAdd][1323]Vision Obl merge: 0
[20240124_13:45:10_065] # [T17526][APAVisionOblAdd][1326]Receive Vision Obl CrossPointCoord: 0: 2653, 6970; 1: 7576, 7315
[20240124_13:45:10_065] # [T17527][APAVisionOblInfoDebugPrint][118]VisionOblInfo:
[20240124_13:45:10_065] # [T17527][APAVisionOblInfoDebugPrint][119]OblType: 0, bIsMerge 0, DetectCount 21
[20240124_13:45:10_065] # [T17528][APAVisionOblInfoDebugPrint][122]CrossPointCoord: 0: -3115, 6148; 1: 1347, 7587
[20240124_13:45:10_065] # [T17528][APAVisionOblInfoDebugPrint][125]OriginCrossPointCoord: 0: -2653, 1970; 1: -7576, 2315
[20240124_13:45:10_065] # [T17529][APAVisionOblInfoDebugPrint][126]VehCoordAndAng: 0, 5000, ang -0.000(-0.000)
[20240124_13:45:10_065] # [T17529][APAVisionOblInfoDebugPrint][127] 
[20240124_13:45:10_065] # [T17529][APAVisionOblAdd][1323]Vision Obl merge: 1
[20240124_13:45:10_065] # [T17530][APAVisionOblAdd][1326]Receive Vision Obl CrossPointCoord: 0: -8218, 8334; 1: -4468, 10587
[20240124_13:45:10_065] # [T17530][APAVisionOblInfoDebugPrint][118]VisionOblInfo:
[20240124_13:45:10_069] # [T17531][APAVisionOblInfoDebugPrint][119]OblType: 0, bIsMerge 0, DetectCount 13
[20240124_13:45:10_069] # [T17531][APAVisionOblInfoDebugPrint][122]CrossPointCoord: 0: 919, 9255; 1: 5663, 9820
[20240124_13:45:10_069] # [T17532][APAVisionOblInfoDebugPrint][125]OriginCrossPointCoord: 0: 8218, 3334; 1: 4468, 5587
[20240124_13:45:10_088] # [T17532][APAVisionOblInfoDebugPrint][126]VehCoordAndAng: 0, 5000, ang -0.000(-0.000)
[20240124_13:45:10_088] # [T17532][AAVisionOblInfoDebugPrint][127] 
[20240124_13:45:10_134] # [T17598][APAVisionOblAdd][1323]Vision Obl merge: 1
[20240124_13:45:10_134] # [T17598][APAVisionOblAdd][1326]Receive Vision Obl CrossPointCoord: 0: 2611, 9437; 1: 7510, 9694
[20240124_13:45:10_134] # [T17598][APAVisionOblInfoDebugPrint][118]VisionOblInfo:
[20240124_13:45:10_138] # [T17599][APAVisionOblInfoDebugPrint][119]OblType: 0, bIsMerge 0, DetectCount 14
[20240124_13:45:10_138] # [T17599][APAVisionOblInfoDebugPrint][122]CrossPointCoord: 0: 1040, 9268; 1: 5795, 9811
[20240124_13:45:10_138] # [T17600][APAVisionOblInfoDebugPrint][125]OriginCrossPointCoord: 0: -2611, 4437; 1: -7510, 4694
[20240124_13:45:10_138] # [T17600][APAVisionOblInfoDebugPrint][126]VehCoordAndAng: 0, 5000, ang -0.000(-0.000)
[20240124_13:45:10_138] # [T17601][APAVisionOblInfoDebugPrint][127] 
[20240124_13:45:10_138] # [T17601][APAVisionOblAdd][1323]Vision Obl merge: 0
[20240124_13:45:10_138] # [T17601][APAVisionOblAdd[1326]Receive Vision Obl CrossPointCoord: 0: -8383, 5407; 1: -4312, 7853
[20240124_13:45:10_138] # [T17602][APAVisionOblInfoDebugPrint][118]VisionOblInfo:
[20240124_13:45:10_138] # [T17602][APAVisionOblInfoDebugPrint][119]OblType: 0, bIsMerge 0, DetectCount 22
[20240124_13:45:10_142] # [T17602][APAVisionOblInfoDebugPrint][122]CrossPointCoord: 0: -3354, 6114; 1: 1090, 7599
[20240124_13:45:10_142] # [T17603][APAVisionOblInfoDebugPrint][125]OriginCrossPointCoord: 0: 8383, 407; 1: 4312, 2853
[20240124_13:45:10_142] # [T17603][APAVisionOblInfoDebugPrint][126]VehCoordAndAng: 0, 5000, ang -0.000(-0.000)
[20240124_13:45:10_142] # [T17604][APAVisionOblInfoDebugPrint][127] 
[20240124_13:45:10_142] # [T17604][APAVisionOblAdd][1323]Vision Obl merge: 0
[20240124_13:45:10_142] # [T17605][APAVisionOblAdd][1326]Receive Vision Obl CrossPointCoord: 0: 2673, 6972; 1: 7606, 7317
[20240124_13:45:10_142] # [T17605][APAVisionOblInfoDebugPrint][118]VisionOblInfo:
[20240124_13:45:10_142] # [T17605][APAVisionOblInfoDebugPrint][119]OblType: 0, bIsMerge 0, DetectCount 23
[20240124_13:45:10_142] # [T17606][APAVisionOblInfoDebugPrint][122]CrossPointCoord: 0: -3092, 6151; 1: 1373, 7587
[20240124_13:45:10_142] # [T17606][APAVisionOblInfoDebugPrint][125]OriginCrossPointCoord: 0: -2673, 1972; 1: -7606, 2317
[20240124_13:45:10_142] # [T17607][APAVisionOblInfoDebugPrint][126]VehCoordAndAng: 0, 5000, ang -0.000(-0.000)
[20240124_13:45:10_142] # [T17607][APAVisionOblInfoDebugPrint][127] 
[20240124_13:45:10_146] # [T17608][APAVisionOblAdd][1323]Vision Obl merge: 1
[20240124_13:45:10_147] # [T17608][APAVisionOblAdd][1326]Receive Vision Obl CrossPointCoord: 0: -8213, 8316; 1: -4413, 10598
[20240124_13:45:10_147] # [T17608][APAVisionOblInfoDebugPrint][118]VisionOblInfo:
[20240124_13:45:10_147] # [T17609][APAVisionOblInfoDebugPrint][119]OblType: 0, bIsMerge 0, DetectCount 15
[20240124_13:45:10_147] # [T17609][APAVisionOblInfoDebugPrint][122]CrossPointCoord: 0: 423, 9204; 1: 5115, 9863
[20240124_13:45:10_147] # [T17610][APAVisionOblInfoDebugPrint][125]OriginCrossPointCoord: 0: 8213, 3316; 1: 4413, 5598
[20240124_13:45:10_147] # [T17610][APAVisionOblInfoDebugPrint][126]VehCoordAndAng: 0, 5000, ang -0.000(-0.000)
[20240124_13:45:10_147] # [T17611][APAVisionOblInfoDebugPrint][127] 
[20240124_13:45:10_147] # [T17611][VisionSlotAddValidCheck][893]Vision slot Length: 2375,2376, Depth 4905,4905
[20240124_13:45:10_150] # [T17611][VisionSlotAdd][1521]Added Vision Slot[1][1] Num 2 OriCoord: 0: -2611, 4437; 1: -7510, 4694; 2: -7634, 2321; 3: -2735, 2065
[20240124_13:45:10_150] # [T17612][VisionSlotAdd][1522]VehCoordAndAngle: 0, 5000, ang -0.000 (-0.000)
[20240124_13:45:10_150] # [T17612][VisionSlotAdd][1523]Current VehPos: 0, 5000, ang -0.000 (-0.000)
[20240124_13:45:10_150] # [T17613][VisionSlotAdd][1528]Convert Vision Slot[1][1] Coord: 0: 2611, 9437; 1: 7510, 9694; 2: 7634, 7321; 3: 2735, 7065
[20240124_13:45:10_150] # [T17614][VisionSlotAdd][1533]Old Vision Slot[1][1] Coord: 0: 2580, 9422; 1: 7509, 9680; 2: 7635, 7272; 3: 2706, 7013
[20240124_13:45:10_150] # [T17614][VisionSlotAddSlotWeightCal][1014]u32Weight: 1, CentreY: 3251.000, DisY: 1963.000, SlotAng: 177.003
[20240124_13:45:10_154] # [T17615][VisionSlotAdd][1576]New Vision Slot[1][1] Coord: 0: 2582, 9423; 1: 7509, 9681; 2: 7635, 7275; 3: 2708, 706
[20240124_13:45:10_154] # [T17615][VisionSlotAdd][1600]vision slot [1][1], u32Weight: 1, Sum: 15, SlotAng: 3.002, CurSlotAng: 2.997
[20240124_13:45:10_154] # [T17616][VisionSlotAddValidCheck][893]Vision slot Length: 2622,2621, Depth 4749,4748
[20240124_13:45:10_154] # [T17617][VisionSlotAdd][1521]Added Vision Slot[0][0] Num 2 OriCoord: 0: 4312, 2853; 1: 8383, 407; 2: 7032, -1840; 3: 2961, 605
[20240124_13:45:10_156] # [T17617][VisionSlotAdd][1522]VehCoordAndAngle: 0, 5000, ang -0.000 (-0.000)
[20240124_13:45:10_156] # [T17618][VisionSlotAdd][1523]Current VehPos: 0, 5000, ang -0.000 (-0.000)
[20240124_13:45:10_156] # [T17618][VisionSlotAdd][1528]Convert Vision Slot[0][0] Coord: 0: -4312, 7853; 1: -8383, 5407; 2: -7032, 3160; 3: -2961, 5605
[20240124_13:45:10_156] # [T17619][VisionSlotAdd][1533]Old Vision Slot[0][0] Coord: 0: -4291, 7852; 1: -8372, 5408; 2: -7028, 3164; 3: -2947, 5607
[20240124_13:45:10_156] # [T17619][VisionSlotAddSlotWeightCal][1014]u32Weight: 18, CentreY: 1729.000, DisY: 441.000, SlotAng: -30.994
[20240124_13:45:10_159] # [T17620][VisionSlotAdd][1576]New Vision Slot[0][0] Coord: 0: -4292, 7852; 1: -8373, 5408; 2: -7028, 3164; 3: -2948, 5607
[20240124_13:45:10_159] # [T17621][VisionSlotAdd][1600]vision slot [0][0], u32Weight: 18, Sum: 234, SlotAng: -149.084, CurSlotAng: -149.006
[20240124_13:45:10_159] # [T17621][VisionSlotAddValidCheck][893]Vision slot Length: 2345,2345, Depth 4945,4945
[20240124_13:45:10_159] # [T17622][VisionSlotAdd][1521]Added Vision Slot[1][0] Num 2 OriCoord: 0: -2673, 1972; 1: -7606, 2317; 2: -7770, -23; 3: -2837, -368
[20240124_13:45:10_159] # [T17623][VisionSlotAdd][1522]VehCoordAndAngle: 0, 5000, ang -0.000 (-0.000)
[20240124_13:45:10_159] # [T17623][VisionSlotAdd][1523]Current VehPos: 0, 5000, ang -0.000 (-0.000)
[20240124_13:45:10_163] # [T17623][VisionSlotAdd][1528]Convert Vision Slot[1][0] Coord: 0: 2673, 6972; 1: 7606, 7317; 2: 7770, 4977; 3: 2837, 4632
[20240124_13:45:10_163] # [T17624][VisionSlotAdd][1533]Old Vision Slot[1][0] Coord: 0: 2671, 6961; 1: 7548, 7294; 2: 7707, 4974; 3: 2830, 4641
[20240124_13:45:10_163] # [T17625][VisionSlotAddSlotWeightCal][1014]u32Weight: 17, CentreY: 802.000, DisY: 486.000, SlotAng: 175.999
[20240124_13:45:10_163] # [T17625][VisionSlotAdd][1576]New Vision Slot[1][0] Coord: 0: 2671, 6962; 1: 7553, 7296; 2: 7712, 4974; 3: 2830, 4640
[20240124_13:45:10_163] # [T17626][VisionSlotAdd][1600]vision slot [1][0], u32Weight: 17, Sum: 206, SlotAng: 3.915, CurSlotAng: 4.001
[20240124_13:45:10_163] # [T17627][VisionSlotAddValidCheck][893]Vision slot Length: 2392,2393, Depth 4432,4432
[20240124_13:45:10_163] # [T17627][VisionSlotAdd][1521]Added Vision Slot[0][1] Num 2 OriCoord: 0: 4413, 5598; 1: 8213, 3316; 2: 6980, 1264; 3: 3181, 3547
[20240124_13:45:10_163] # [T17628][VisionSlotAdd][1522]VehCoordAndAngle: 0, 5000, ang -0.000 (-0.000)
[20240124_13:45:10_163] # [T17628][VisionSlotAdd][1523]Current VehPos: 0, 5000, ang -0.000 (-0.000)
[20240124_13:45:10_167] # [T17629][VisionSlotAdd][1528]Convert Vision Slot[0][1] Coord: 0: -4413, 10598; 1: -8213, 8316; 2: -6980, 6264; 3: -3181, 8547
[20240124_13:45:10_167] # [T17629][VisionSlotAdd][1533]Old Vision Slot[0][1] Coord: 0: -4470, 10577; 1: -8219, 8324; 2: -6958, 6224; 3: -3209, 8477
[20240124_13:45:10_167] # [T17630][VisionSlotAddSlotWeightCal][1014]u32Weight: 1, CentreY: 4572.500, DisY: 3284.500, SlotAng: -30.995
[20240124_13:45:10_167] # [T17631][VisionSlotAdd][1576]New Vision Slot[0][1] Coord: 0: -4451, 10584; 1: -8217, 8321; 2: -6965, 6237; 3: -3200, 8500
[20240124_13:45:10_175] # [T17631][VisionSlotAdd][1600]vision slot [0][1], u32Weight: 1, Sum: 3, SlotAng: -149.003, CurSlotAng: -149.005
[20240124_13:45:10_205] # [T17669][APAVisionOblAdd][1323]Vision Obl merge: 1
[20240124_13:45:10_205] # [T17669][APAVisionOblAdd][1326]Receive Vision Obl CrossPointCoord: 0: 2595, 9416; 1: 7510, 9673
[20240124_13:45:10_207] # [T17669][APAVisionOblInfoDebugPrint][118]VisionOblInfo:
[20240124_13:45:10_207] # [T17670][APAVisionOblInfoDebugPrint][119]OblType: 0, bIsMerge 0, DetectCount 16
[20240124_13:45:10_207] # [T17670][APAVisionOblInfoDebugPrint][122]CrossPointCoord: 0: 558, 9217; 1: 5264, 9851
[20240124_13:45:10_207] # [T17671][APAVisionOblInfoDebugPrint][125]OriginCrossPointCoord: 0: -2595, 4416; 1: -7510, 4673
[20240124_13:45:10_207] # [T17671][APAVisionOblInfoDebugPrint][126]VehCoordAndAng: 0, 5000, ang -0.000(-0.000)
[20240124_13:45:10_207] # [T17672][APAVisionOblInfoDebugPrint][127] 
[20240124_13:45:10_211] # [T17672][APAVisionOblAdd][1323]Vision Obl merge: 0
[20240124_13:45:10_211] # [T17672][APAVisionOblAdd][1326]Receive Vision Obl CrossPointCoord: 0: -8373, 5411; 1: -4293, 7863
[20240124_13:45:10_211] # [T17673][APAVisionOblInfoDebugPrint][118]VisionOblInfo:
[20240124_13:45:10_211] # [T17673][APAVisionOblInfoDebugPrint][119]OblType: 0, bIsMerge 0, DetectCount 24
[20240124_13:45:10_211] # [T17674][APAVisionOblInfoDebugPrint][122]CrossPointCoord: 0: -3312, 6120; 1: 1137, 7598
[20240124_13:45:10_211] # [T17674][APAVisionOblInfoDebugPrint][125]OriginCrossPointCoord: 0: 8373, 411; 1: 4293, 2863
[20240124_13:45:10_211] # [T17674][APAVisionOblInfoDebugPrint][126]VehCoordAndAng: 0, 5000, ang -0.000(-0.000)
[20240124_13:45:10_211] # T17675][APAVisionOblInfoDebugPrint][127] 
[20240124_13:45:10_211] # [T17675][APAVisionOblAdd][1323]Vision Obl merge: 0
[20240124_13:45:10_215] # [T17675][APAVisionOblAdd][1326]Receive Vision Obl CrossPointCoord: 0: 2637, 6978; 1: 7563, 7323
[20240124_13:45:10_215] # [T17676][APAVisionOblInfoDebugPrint][118]VisionOblInfo:
[20240124_13:45:10_215] # [T17676][APAVisionOblInfoDebugPrint][119]OblType: 0, bIsMerge 0, DetectCount 25
[20240124_13:45:10_215] # [T17677][APAVisionOblInfoDebugPrint][122]CrossPointCoord: 0: -3074, 6155; 1: 1394, 7587
[20240124_13:45:10_221] # [T17677][APAVisionOblInfoDebugPrint][125]OriginCrossPointCoord: 0: -2637, 1978; 1: -7563, 2323
[20240124_13:45:10_223] # [T17678][APAVisionOblInfoDebugPrint][126]VehCoordAndAng: 0, 5000, ang -0.000(-0.000)
[20240124_13:45:10_223] # [T17678][APAVisionOblInfoDebugPrint][127] 
[20240124_13:45:10_223] # [T17679][APAVisionOblAdd][1323]Vision Obl merge: 1
[20240124_13:45:10_223] # [T17679][APAVisionOblAdd][1326]Receive Vision Obl CrossPointCoord: 0: -8161, 8338; 1: -4413, 10590
[20240124_13:45:10_223] # [T17679][APAVisionOblInfoDebugPrint][118]VisionOblInfo:
[20240124_13:45:10_223] # [T17680][APAVisionOblInfoDebugPrint][119]OblType: 0, bIsMerge 0, DetectCount 17
[20240124_13:45:10_223] # [T17680][APAVisionOblInfoDebugPrint][122]CrossPointCoord: 0: 46, 9166; 1: 4695, 9895
[20240124_13:45:10_223] # [T17681][APAVisionOblInfoDebugPrint][125]OriginCrossPointCoord: 0: 8161, 3338; 1: 4413, 5590
[20240124_13:45:10_223] # [T17681][APAVisionOblInfoDebugPrint][126]VehCoordAndAng: 0, 5000, ang -0.000(-0.000)
[20240124_13:45:10_223] # [T17682][APAVisionOblInfoDebugPrint][127] 
[20240124_13:45:10_223] # [T17682][VisionSlotAddValidCheck][893]Vision slot Length: 2370,2369, Depth 4921,4921
[20240124_13:45:10_223] # [T17682][VisionSlotAdd][1521]Added Vision Slot[1][1] Num 2 OriCoord: 0: -2595, 4416; 1: -7510, 4673; 2: -7634, 2307; 3: -2719, 2049
[20240124_13:45:10_224] # [T17683][VisionSlotAdd][1522]VehCoordAndAngle: 0, 5000, ang -0.000 (-0.000)
[20240124_13:45:10_224] # [T17684][VisionSlotAdd][1523]Current VehPos: 0, 5000, ang -0.000 (-0.000)
[20240124_13:45:10_224] # [T17684][VisionSlotAdd][1528]Convert Vision Slot[1][1] Coord: 0: 2595, 9416; 1: 7510, 9673; 2: 7634, 7307; 3: 2719, 7049
[20240124_13:45:10_224] # [T17685][VisionSlotAdd][1533]Old Vision Slot[1][1] Coord: 0: 2582, 9423; 1: 7509, 9681; 2: 7635, 7275; 3: 2708, 7016
[20240124_13:45:10_226] # [T17685][VisionSlotAddSlotWeightCal][1014]u32Weight: 1, CentreY: 3232.500, DisY: 1944.500, SlotAng: 177.001
[20240124_13:45:10_227] # [T17686][VisionSlotAdd][1576]New Vision Slot[1][1] Coord: 0: 2583, 9422; 1: 7509, 9681; 2: 7635, 7277; 3: 2709, 7018
[20240124_13:45:10_227] # [T17687][VisionSlotAdd][1600]vision slot [1][1], u32Weight: 1, Sum: 16, SlotAng: 3.001, CurSlotAng: 2.999
[20240124_13:45:10_227] # [T17687][VisionSlotAddValidCheck][893]Vision slot Length: 2607,2605, Depth 4760,4759
[20240124_13:45:10_227] # [T17688][VisionSlotAdd][1521]Added Vision Slot[0][0] Num 2 OriCoord: 0: 4293, 2863; 1: 8373, 411; 2: 7030, -1822; 3: 2950, 628
[20240124_13:45:10_227] # [T17688][VisionSlotAdd][1522]VehCoordAndAngle: 0, 5000, ang -0.000 (-0.000)
[20240124_13:45:10_227] # [T17689][VisionSlotAdd][1523]Current VehPos: 0, 5000, ang -0.000 (-0.000)
[20240124_13:45:10_228] # [T17689][VisionSlotAdd][1528]Convert Vision Slot[0][0] Coord: 0: -4293, 7863; 1: -8373, 5411; 2: -7030, 3178; 3: -2950, 5628
[20240124_13:45:10_230] # [T17690][VisionSlotAdd][1533]Old Vision Slot[0][0] Coord: 0: -4292, 7852; 1: -8373, 5408; 2: -7028, 3164; 3: -2948, 5607
[20240124_13:45:10_230] # [T17690][VisionSlotAddSlotWeightCal][1014]u32Weight: 18, CentreY: 1745.500, DisY: 457.500, SlotAng: -30.995
[20240124_13:45:10_230] # [T17691][VisionSlotAdd][1576]New Vision Slot[0][0] Coord: 0: -4292, 7853; 1: -8373, 5408; 2: -7028, 3165; 3: -2948, 5609
[20240124_13:45:10_230] # [T17692][VisionSlotAdd][1600]vision slot [0][0], u32Weight: 18, Sum: 252, SlotAng: -149.078, CurSlotAng: -149.005
[20240124_13:45:10_231] # [T17692][VisionSlotddValidCheck][893]Vision slot Length: 2345,2346, Depth 4938,4938
[20240124_13:45:10_232] # [T17693][VisionSlotAdd][1521]Added Vision Slot[1][0] Num 2 OriCoord: 0: -2637, 1978; 1: -7563, 2323; 2: -7727, -18; 3: -2800, -362
[20240124_13:45:10_233] # [T17694][VisionSlotAdd][1522]VehCoordAndAngle: 0, 5000, ang -0.000 (-0.000)
[20240124_13:45:10_233] # [T17694][VisionSlotAdd][1523]Current VehPos: 0, 5000, ang -0.000 (-0.000)
[20240124_13:45:10_233] # [T17694][VisionSlotAdd][1528]Convert Vision Slot[1][0] Coord: 0: 2637, 6978; 1: 7563, 7323; 2: 7727, 4982; 3: 2800, 4638
[20240124_13:45:10_233] # [T17695][VisionSlotAdd][1533]Old Vision Slot[1][0] Coord: 0: 2671, 6962; 1: 7553, 7296; 2: 7712, 4974; 3: 2830, 4640
[20240124_13:45:10_235] # [T17696][VisionSlotAddSlotWeightCal][1014]u32Weight: 17, CentreY: 808.000, DisY: 480.000, SlotAng: 176.000
[20240124_13:45:10_236] # [T17696][VisionSlotAdd][1576]New Vision Slot[1][0] Coord: 0: 2669, 6963; 1: 7554, 7298; 2: 7713, 4975; 3: 2828, 4640
[20240124_13:45:10_236] # [T17697][VisionSlotAdd][1600]vision slot [1][0], u32Weight: 17, Sum: 223, SlotAng: 3.921, CurSlotAng: 4.000
[20240124_13:45:10_236] # [T17698][VisionSlotAddValidCheck][893]Vision slot Length: 2439,2439, Depth 4372,4372
[20240124_13:45:10_236] # [T17698][VisionSlotAdd][1521]Added Vision Slot[0][1] Num 2 OriCoord: 0: 4413, 5590; 1: 8161, 3338; 2: 6904, 1247; 3: 3156, 3499
[20240124_13:45:10_238] # [T17699][VisionSlotAdd][1522]VehCoordAndAngle: 0, 5000, ang -0.000 (-0.000)
[20240124_13:45:10_238] # [T17699][VisionSlotAdd][1523]Current VehPos: 0, 5000, ang -0.000 (-0.000)
[20240124_13:45:10_239] # [T17700][VisionSlotAdd][1528]Convert Vision Slot[0][1] Coord: 0: -4413, 10590; 1: -8161, 8338; 2: -6904, 6247; 3: -3156, 8499
[20240124_13:45:10_239] # [T17700][VisionSlotAdd][1533]Old Vision Slot[0][1] Coord: 0: -4451, 10584; 1: -8217, 8321; 2: -6965, 6237; 3: -3200, 8500
[20240124_13:45:10_239] # [T17701][VisionSlotAddSlotWeightCal][1014]u32Weight: 1, CentreY: 4544.500, DisY: 3256.500, SlotAng: -31.000
[20240124_13:45:10_239] # [T17702][VisionSlotAdd][1576]New Vision Slot[0][1] Coord: 0: -4441, 10585; 1: -8203, 8325; 2: -6950, 6240; 3: -3189, 8500
[20240124_13:45:10_252] # [T17702][VisionSlotAdd][1600]vision slot [0][1], u32Weight: 1, Sum: 4, SlotAng: -149.002, CurSlotAng: -149.000
[20240124_13:45:10_308] # [T17770][APAVisionOblAdd][1323]Vision Obl merge: 1
[20240124_13:45:10_308] # [T17770][APAVisionOblAdd][1326]Receive Vision Obl CrossPointCoord: 0: 2571, 9439; 1: 7487, 9697
[20240124_13:45:10_308] # [T17770][APAVisionOblInfoDebugPrint][118]VisionOblInfo:
[20240124_13:45:10_308] # [T17771][APAVisionOblInfoDebugPrint][119]OblType: 0, bIsMerge 0, DetectCount 18
[20240124_13:45:10_308] # [T17771][APAVisionOblInfoDebugPrint][122]CrossPointCoord: 0: 186, 9181; 1: 4850, 9884
[20240124_13:45:10_309] # [T17771][APAVisionOblInfoDebugPrint][125]OriginCrossPointCoord: 0: -2571, 4439; 1: -7487, 4697
[20240124_13:45:10_311] # [T17772][APAVisionOblInfoDebugPrint][126]VehCoordAndAng: 0, 5000, ang -0.000(-0.000)
[20240124_13:45:10_311] # [T17772][APAVisionOblInfoDebugPrint][127] 
[20240124_13:45:10_311] # [T17773][APAVisionOblAdd][1323]Vision Obl merge: 0
[20240124_13:45:10_311] # [T17773][APAVisionOblAdd][1326]Receive Vision Obl CrossPointCoord: 0: -8428, 5364; 1: -4265, 7866
[20240124_13:45:10_311] # [T17774][APAVisionOblInfoDebugPrint][118]VisionOblInfo:
[20240124_13:45:10_311] # [T17774][APAVisionOblInfoDebugPrint][119]OblType: 0, bIsMerge 0, DetectCount 26
[20240124_13:45:10_314] # [T17774][APAVisionOblInfoDebugPrint][122]CrossPointCoord: 0: -3280, 6124; 1: 1176, 7598
[20240124_13:45:10_314] # [T17775][APAVisionOblInfoDebugPrint][125]OriginCrossPointCoord: 0: 8428, 364; 1: 4265, 2866
[20240124_13:45:10_315] # [T17775][APAVisionOblInfoDebugPrint][126]VehCoordAndAng: 0, 5000, ang -0.000(-0.000)
[20240124_13:45:10_315] # [T17776][APAVisionOblInfoDebugPrint][127] 
[20240124_13:45:10_315] # [T17776][APAVisionOblAdd][1323]Vision Obl merge: 0
[20240124_13:45:10_315] # [T17776][APAVisionOblAdd][1326]Receive Vision Obl CrossPointCoord: 0: 2666, 6978; 1: 7484, 7315
[20240124_13:45:10_315] # [T17777][APAVisionOblInfoDebugPrint][118]VisionOblInfo:
[20240124_13:45:10_316] # [T17777][APAVisionOblInfoDebugPrint][119]OblType: 0, bIsMerge 0, DetectCount 27
[20240124_13:45:10_318] # [T17778][APAVisionOblInfoDebugPrint][122]CrossPointCoord: 0: -3060, 6156; 1: 1410, 7587
[20240124_13:45:10_318] # [T17778][APAVisionOblInfoDebugPrint][125]OriginCrossPointCoord: 0: -2666, 1978; 1: -7484, 2315
[20240124_13:45:10_318] # [T17779][APAVisionOblInfoDebugPrint][126]VehCoordAndAng: 0, 5000, ang -0.000(-0.000)
[20240124_13:45:10_318] # [T17779][APAVisionOblInfoDebugPrint][127] 
[20240124_13:45:10_319] # [T17779][VisionSlotAddValidCheck][893]Vision slot Length: 2401,2401, Depth 4922,4921
[20240124_13:45:10_319] # [T17780][VisionSlotAdd][1521]Added Vision Slot[1][1] Num 2 OriCoord: 0: -2571, 4439; 1: -7487, 4697; 2: -7612, 2299; 3: -2697, 2041
[20240124_13:45:10_319] # [T17781][VisionSlotAdd][1522]VehCoordAndAngle: 0, 5000, ang -0.000 (-0.000)
[20240124_13:45:10_319] # [T17781][VisionSlotAdd][1523]Current VehPos: 0, 5000, ang -0.000 (-0.000)
[20240124_13:45:10_321] # [T17781][VisionSlotAdd][1528]Convert Vision Slot[1][1] Coord: 0: 2571, 9439; 1: 7487, 9697; 2: 7612, 7299; 3: 2697, 7041
[20240124_13:45:10_322] # [T17782][VisionSlotAdd][1533]Old Vision Slot[1][1] Coord: 0: 2583, 9422; 1: 7509, 9681; 2: 7635, 7277; 3: 2709, 7018
[20240124_13:45:10_322] # [T17783][VisionSlotAddSlotWeightCal][1014]u32Weight: 1, CentreY: 3240.000, DisY: 1952.000, SlotAng: 176.995
[20240124_13:45:10_322] # [T17783][VisionSlotAdd][1576]New Vision Slot[1][1] Coord: 0: 2582, 9423; 1: 7508, 9682; 2: 7634, 7278; 3: 2708, 7020
[20240124_13:45:10_325] # [T17784][VisionSlotAdd][1600]vision slot [1][1], u32Weight: 1, Sum: 17, SlotAng: 3.002, CurSlotAng: 3.005
[20240124_13:45:10_327] # [T17785][VisionSlotAddValidCheck][893]Vision slot Length: 2594,2593, Depth 4857,4856
[20240124_13:45:10_328] # [T17785][VisionSlotAdd][1521]Added Vision Slot[0][0] Num 2 OriCoord: 0: 4265, 2866; 1: 8428, 364; 2: 7092, -1859; 3: 2929, 642
[20240124_13:45:10_328] # [T17786][VisionSlotAdd][1522]VehCoordAndAngle: 0, 5000, ang -0.000 (-0.000)
[20240124_13:45:10_328] # [T17786][VisionSlotAdd][1523]Current VehPos: 0, 5000, ang -0.000 (-0.000)
[20240124_13:45:10_328] # [T17787][VisionSlotAdd][1528]Convert Vision Slot[0][0] Coord: 0: -4265, 7866; 1: -8428, 5364; 2: -7092, 3141; 3: -2929, 5642
[20240124_13:45:10_328] # [T17787][VisionSlotAdd][1533]Old Vision Slot[0][0] Coord: 0: -4292, 7853; 1: -8373, 5408; 2: -7028, 3165; 3: -2948, 5609
[20240124_13:45:10_329] # [T17788][VisionSlotAddSlotWeightCal][1014]u32Weight: 18, CentreY: 1754.000, DisY: 466.000, SlotAng: -31.001
[20240124_13:45:10_329] # [T17789][VisionSlotAdd][1576]New Vision Slot[0][0] Coord: 0: -4291, 7854; 1: -8377, 5405; 2: -7033, 3163; 3: -2947, 5611
[20240124_13:45:10_329] # [T17789][VisionSlotAdd][1600]vision slot [0][0], u32Weight: 18, Sum: 270, SlotAng: -149.073, CurSlotAng: -148.999
[20240124_13:45:10_329] # [T17790][VisionSlotAddValidCheck][893]Vision slot Length: 2330,2330, Depth 4829,4829
[20240124_13:45:10_329] # [T17790][VisionSlotAdd][1521]Added Vision Slot[1][0] Num 2 OriCoord: 0: -2666, 1978; 1: -7484, 2315; 2: -7647, -10; 3: -2829, -347
[20240124_13:45:10_331] # [T17791][VisionSlotAdd][1522]VehCoordAndAngle: 0, 5000, ang -0.000 (-0.000)
[20240124_13:45:10_331] # [T17791][VisionSlotAdd][1523]Current VehPos: 0, 5000, ang -0.000 (-0.000)
[20240124_13:45:10_331] # [T17792][VisionSlotAdd][1528]Convert Vision Slot[1][0] Coord: 0: 2666, 6978; 1: 7484, 7315; 2: 7647, 4990; 3: 2829, 4653
[20240124_13:45:10_331] # [T17793][VisionSlotAdd][1533]Old Vision Slot[1][0] Coord: 0: 2669, 6963; 1: 7554, 7298; 2: 7713, 4975; 3: 2828, 4640
[20240124_13:45:10_333] # [T17793][VisionSlotAddSlotWeightCal][1014]u32Weight: 18, CentreY: 815.500, DisY: 472.500, SlotAng: 175.999
[20240124_13:45:10_333] # [T17794][VisionSlotAdd][1576]New Vision Slot[1][0] Coord: 0: 2668, 6964; 1: 7549, 7299; 2: 7708, 4976; 3: 2828, 4641
[20240124_13:45:10_345] # [T17794][VisionSlotAdd][1600]vision slot [1][0], u32Weight: 18, Sum: 241, SlotAng: 3.927, CurSlotAng: 4.001
[20240124_13:45:10_399] # [T17861][APAVisionOblAdd][1323]Vision Obl merge: 0
[20240124_13:45:10_400] # [T17861][APAVisionOblAdd][1326]Receive Vision Obl CrossPointCoord: 0: -8378, 5395; 1: -4296, 7848
[20240124_13:45:10_400] # [T17861][APAVisionOblInfoDebugPrint][118]VisionOblInfo:
[20240124_13:45:10_400] # [T17862][APAVisionOblInfoDebugPrint][119]OblType: 0, bIsMerge 0, DetectCount 28
[20240124_13:45:10_400] # [T17862][APAVisionOblInfoDebugPrint][12]CrossPointCoord: 0: -3250, 6129; 1: 1206, 7597
[20240124_13:45:10_401] # [T17863][APAVisionOblInfoDebugPrint][125]OriginCrossPointCoord: 0: 8378, 395; 1: 4296, 2848
[20240124_13:45:10_402] # [T17863][APAVisionOblInfoDebugPrint][126]VehCoordAndAng: 0, 5000, ang -0.000(-0.000)
[20240124_13:45:10_402] # [T17864][APAVisionOblInfoDebugPrint][127] 
[20240124_13:45:10_402] # [T17864][APAVisionOblAdd][1323]Vision Obl merge: 1
[20240124_13:45:10_402] # [T17864][APAVisionOblAdd][1326]Receive Vision Obl CrossPointCoord: 0: 2594, 9372; 1: 7541, 9631
[20240124_13:45:10_404] # [T17865][APAVisionOblInfoDebugPrint][118]VisionOblInfo:
[20240124_13:45:10_404] # [T17865][APAVisionOblInfoDebugPrint][119]OblType: 0, bIsMerge 0, DetectCount 19
[20240124_13:45:10_404] # [T17866][APAVisionOblInfoDebugPrint][122]CrossPointCoord: 0: 313, 9191; 1: 4992, 9870
[20240124_13:45:10_404] # [T17866][APAVisionOblInfoDebugPrint][125]OriginCrossPointCoord: 0: -2594, 4372; 1: -7541, 4631
[20240124_13:45:10_404] # [T17867][APAVisionOblInfoDebugPrint][126]VehCoordAndAng: 0, 5000, ang -0.000(-0.000)
[20240124_13:45:10_406] # [T17867][APAVisionOblInfoDebugPrint][127] 
[20240124_13:45:10_406] # [T17867][APAVisionOblAdd][1323]Vision Obl merge: 0
[20240124_13:45:10_409] # [T17868][APAVisionOblAdd][1326]Receive Vision Obl CrossPointCoord: 0: 2670, 6973; 1: 7606, 7319
[20240124_13:45:10_409] # [T17868][APAVisionOblInfoDebugPrint][118]VisionOblInfo:
[20240124_13:45:10_409] # [T17868][APAVisionOblInfoDebugPrint][119]OblType: 0, bIsMerge 0, DetectCount 29
[20240124_13:45:10_409] # [T17869][APAVisionOblInfoDebugPrint][122]CrossPointCoord: 0: -3045, 6158; 1: 1427, 7587
[20240124_13:45:10_409] # [T17869][APAVisionOblInfoDebugPrint][125]OriginCrossPointCoord: 0: -2670, 1973; 1: -7606, 2319
[20240124_13:45:10_410] # [T17870][APAVisionOblInfoDebugPrint][126]VehCoordAndAng: 0, 5000, ang -0.000(-0.000)
[20240124_13:45:10_410] # [T17870][APAVisionOblInfoDebugPrint][127] 
[20240124_13:45:10_410] # [T17871][VisionSlotAddValidCheck][893]Vision slot Length: 2617,2616, Depth 4762,4763
[20240124_13:45:10_410] # [T17871][VisionSlotAdd][1521]Added Vision Slot[0][0] Num 2 OriCoord: 0: 4296, 2848; 1: 8378, 395; 2: 7030, -1848; 3: 2947, 605
[20240124_13:45:10_410] # [T17872][VisionSlotAdd][1522]VehCoordAndAngle: 0, 5000, ang -0.000 (-0.000)
[20240124_13:45:10_410] # [T17872][VisionSlotAdd][1523]Current VehPos: 0, 5000, ang -0.000 (-0.000)
[20240124_13:45:10_413] # [T17873][VisionSlotAdd][1528]Convert Vision Slot[0][0] Coord: 0: -4296, 7848; 1: -8378, 5395; 2: -7030, 3152; 3: -2947, 5605
[20240124_13:45:10_413] # [T17873][VisionSlotAdd][1533]Old Vision Slot[0][0] Coord: 0: -4291, 7854; 1: -8377, 5405; 2: -7033, 3163; 3: -2947, 5611
[20240124_13:45:10_414] # [T17874][VisionSlotAddSlotWeightCal][1014]u32Weight: 18, CentreY: 1726.500, DisY: 438.500, SlotAng: -31.000
[20240124_13:45:10_414] # [T17875][VisionSlotAdd][1576]New Vision Slot[0][0] Coord: 0: -4291, 7853; 1: -8377, 5404; 2: -7032, 3163; 3: -2947, 5610
[20240124_13:45:10_415] # [T17875][VisionSlotAdd][1600]vision slot [0][0], u32Weight: 18, Sum: 288, SlotAng: -149.068, CurSlotAng: -149.000
[20240124_13:45:10_417] # [T17876][VisionSlotAddValidCheck][893]Vision slot Length: 2396,2396, Depth 4953,4954
[20240124_13:45:10_417] # [T17876][VisionSlotAdd][1521]Added Vision Slot[1][1] Num 2 OriCoord: 0: -2594, 4372; 1: -7541, 4631; 2: -7667, 2238; 3: -2719, 1979
[20240124_13:45:10_417] # [T17877][VisionSlotAdd][1522]VehCoordAndAngle: 0, 5000, ang -0.000 (-0.000)
[20240124_13:45:10_417] # [T17878][VisionSlotAdd][1523]Current VehPos: 0, 5000, ang -0.000 (-0.000)
[20240124_13:45:10_418] # [T17878][VisionSlotAdd][1528]Convert Vision Slot[1][1] Coord: 0: 2594, 9372; 1: 7541, 9631; 2: 7667, 7238; 3: 2719, 6979
[20240124_13:45:10_418] # [T17879][VisionSlotAdd][1533]Old Vision Slot[1][1] Coord: 0: 2582, 9423; 1: 7508, 9682; 2: 7634, 7278; 3: 2708, 7020
[20240124_13:45:10_420] # [T17879][VisionSlotAddSlotWeightCal][1014]u32Weight: 2, CentreY: 3175.500, DisY: 1887.500, SlotAng: 177.003
[20240124_13:45:10_420] # [T17880][VisionSlotAdd][1576]New Vision Slot[1][1] Coord: 0: 2583, 9418; 1: 7511, 9676; 2: 7637, 7274; 3: 2709, 7015
[20240124_13:45:10_420] # [T17880][VisionSlotAdd][1600]vision slot [1][1], u32Weight: 2, Sum: 19, SlotAng: 3.001, CurSlotAng: 2.997
[20240124_13:45:10_420] # [T17881][VisionSlotAddValidCheck][893]Vision slot Length: 2347,2348, Depth 4948,4948
[20240124_13:45:10_421] # [T17882][VisionSlotAdd][1521]Added Vision Slot[1][0] Num 2 OriCoord: 0: -2670, 1973; 1: -7606, 2319; 2: -7770, -24; 3: -2834, -369
[20240124_13:45:10_421] # [T17882][VisionSlotAdd][1522]VehCoordAndAngle: 0, 5000, ang -0.000 (-0.000)
[20240124_13:45:10_421] # [T17883][VisionSlotAdd][1523]Current VehPos: 0, 5000, ang -0.000 (-0.000)
[20240124_13:45:10_423] # [T17883][VisionSlotAdd][1528]Convert Vision Slot[1][0] Coord: 0: 2670, 6973; 1: 7606, 7319; 2: 7770, 4976; 3: 2834, 4631
[20240124_13:45:10_423] # [T17884][VisionSlotAdd][1533]Old Vision Slot[1][0] Coord: 0: 2668, 6964; 1: 7549, 7299; 2: 7708, 4976; 3: 2828, 4641
[20240124_13:45:10_423] # [T17884][VisionSlotAddSlotWeightCal][1014]u32Weight: 17, CentreY: 802.000, DisY: 486.000, SlotAng: 175.996
[20240124_13:45:10_424] # [T17885][VisionSlotAdd][1576]New Vision Slot[1][0] Coord: 0: 2668, 6965; 1: 7552, 7301; 2: 7712, 4976; 3: 2828, 4640
[20240124_13:45:10_438] # [T17886][VisionSlotAdd][1600]vision slot [1][0], u32Weight: 17, Sum: 258, SlotAng: 3.932, CurSlotAng: 4.004
[20240124_13:45:10_479] # [T17941][APAVisionOblAdd][1323]Vision Obl merge: 1
[20240124_13:45:10_480] # [T17941][APAVisionOblAdd][1326]Receive Vision Obl CrossPointCoord: 0: 2563, 9440; 1: 7479, 9697
[20240124_13:45:10_480] # [T17941][APAVisionOblInfoDebugPrint][118]VisionOblInfo:
[20240124_13:45:10_480] # [T17942][APAVisionOblInfoDebugPrint][119]OblType: 0, bIsMerge 0, DetectCount 20
[20240124_13:45:10_480] # [T17942][APAVisionOblInfoDebugPrint][122]CrossPointCoord: 0: 425, 9203; 1: 5116, 9862
[20240124_13:45:10_480] # [T17943][APAVisionOblInfoDebugPrint][125]OriginCrossPointCoord: 0: -2563, 4440; 1: -7479, 4697
[20240124_13:45:10_482] # [T17943][APAVisionOblInfoDebugPrint][126]VehCoordAndAng: 0, 5000, ang -0.000(-0.000)
[20240124_13:45:10_482] # [T17944][APAVisionOblInfoDebugPrint][127] 
[20240124_13:45:10_482] # [T17944][APAVisionOblAdd][1323]Vision Obl merge: 0
[20240124_13:45:10_482] # [T17944][APAVisionOblAdd][1326]Receive Vision Obl CrossPointCoord: 0: -8391, 5403; 1: -4291, 7867
[20240124_13:45:10_483] # [T17945][APAVisionOblInfoDebugPrint][118]VisionOblInfo:
[20240124_13:45:10_483] # [T17945][APAVisionOblInfoDebugPrint][119]OblType: 0, bIsMerge 0, DetectCount 30
[20240124_13:45:10_485] # [T17945][APAisionOblInfoDebugPrint][122]CrossPointCoord: 0: -3224, 6133; 1: 1236, 7596
[20240124_13:45:10_485] # [T17946][APAVisionOblInfoDebugPrint][125]OriginCrossPointCoord: 0: 8391, 403; 1: 4291, 2867
[20240124_13:45:10_485] # [T17946][APAVisionOblInfoDebugPrint][126]VehCoordAndAng: 0, 5000, ang -0.000(-0.000)
[20240124_13:45:10_485] # [T17947][APAVisionOblInfoDebugPrint][127] 
[20240124_13:45:10_485] # [T17947][APAVisionOblAdd][1323]Vision Obl merge: 0
[20240124_13:45:10_486] # [T17947][APAVisionOblAdd][1326]Receive Vision Obl CrossPointCoord: 0: 2714, 6957; 1: 7568, 7297
[20240124_13:45:10_486] # [T17948][APAVisionOblInfoDebugPrint][118]VisionOblInfo:
[20240124_13:45:10_488] # [T17948][APAVisionOblInfoDebugPrint][119]OblType: 0, bIsMerge 0, DetectCount 31
[20240124_13:45:10_489] # [T17949][APAVisionOblInfoDebugPrint][122]CrossPointCoord: 0: -3032, 6159; 1: 1441, 7587
[20240124_13:45:10_489] # [T17949][APAVisionOblInfoDebugPrint][125]OriginCrossPointCoord: 0: -2714, 1957; 1: -7568, 2297
[20240124_13:45:10_489] # [T17950][APAVisionOblInfoDebugPrint][126]VehCoordAndAng: 0, 5000, ang -0.000(-0.000)
[20240124_13:45:10_489] # [T17950][APAVisionOblInfoDebugPrint][127] 
[20240124_13:45:10_490] # [T17950][VisionSlotAddValidCheck][893]Vision slot Length: 2418,2418, Depth 4922,4921
[20240124_13:45:10_490] # [T17951][VisionSlotAdd][1521]Added Vision Slot[1][1] Num 2 OriCoord: 0: -2563, 4440; 1: -7479, 4697; 2: -7605, 2282; 3: -2690, 2025
[20240124_13:45:10_492] # [T17952][VisionSlotAdd][1522]VehCoordAndAngle: 0, 5000, ang -0.000 (-0.000)
[20240124_13:45:10_492] # [T17952][VisionSlotAdd][1523]Current VehPos: 0, 5000, ang -0.000 (-0.000)
[20240124_13:45:10_492] # [T17952][VisionSlotAdd][1528]Convert Vision Slot[1][1] Coord: 0: 2563, 9440; 1: 7479, 9697; 2: 7605, 7282; 3: 2690, 7025
[20240124_13:45:10_492] # [T17953][VisionSlotAdd][1533]Old Vision Slot[1][1] Coord: 0: 2583, 9418; 1: 7511, 9676; 2: 7637, 7274; 3: 2709, 7015
[20240124_13:45:10_492] # [T17954][VisionSlotAddSlotWeightCal][1014]u32Weight: 1, CentreY: 3232.500, DisY: 1944.500, SlotAng: 177.007
[20240124_13:45:10_493] # [T17954][VisionSlotAdd][1576]New Vision Slot[1][1] Coord: 0: 2582, 9419; 1: 7510, 9677; 2: 7635, 7274; 3: 2708, 7016
[20240124_13:45:10_495] # [T17955][VisionSlotAdd][1600]vision slot [1][1], u32Weight: 1, Sum: 20, SlotAng: 3.001, CurSlotAng: 2.993
[20240124_13:45:10_495] # [T17956][ViionSlotAddValidCheck][893]Vision slot Length: 2643,2641, Depth 4783,4782
[20240124_13:45:10_495] # [T17956][VisionSlotAdd][1521]Added Vision Slot[0][0] Num 2 OriCoord: 0: 4291, 2867; 1: 8391, 403; 2: 7030, -1861; 3: 2930, 601
[20240124_13:45:10_495] # [T17957][VisionSlotAdd][1522]VehCoordAndAngle: 0, 5000, ang -0.000 (-0.000)
[20240124_13:45:10_495] # [T17957][VisionSlotAdd][1523]Current VehPos: 0, 5000, ang -0.000 (-0.000)
[20240124_13:45:10_497] # [T17958][VisionSlotAdd][1528]Convert Vision Slot[0][0] Coord: 0: -4291, 7867; 1: -8391, 5403; 2: -7030, 3139; 3: -2930, 5601
[20240124_13:45:10_497] # [T17958][VisionSlotAdd][1533]Old Vision Slot[0][0] Coord: 0: -4291, 7853; 1: -8377, 5404; 2: -7032, 3163; 3: -2947, 5610
[20240124_13:45:10_498] # [T17959][VisionSlotAddSlotWeightCal][1014]u32Weight: 18, CentreY: 1734.000, DisY: 446.000, SlotAng: -30.995
[20240124_13:45:10_498] # [T17960][VisionSlotAdd][1576]New Vision Slot[0][0] Coord: 0: -4291, 7854; 1: -8378, 5404; 2: -7032, 3161; 3: -2946, 5610
[20240124_13:45:10_499] # [T17960][VisionSlotAdd][1600]vision slot [0][0], u32Weight: 18, Sum: 306, SlotAng: -149.065, CurSlotAng: -149.005
[20240124_13:45:10_502] # [T17961][VisionSlotAddValidCheck][893]Vision slot Length: 2324,2325, Depth 4865,4866
[20240124_13:45:10_502] # [T17961][VisionSlotAdd][1521]Added Vision Slot[1][0] Num 2 OriCoord: 0: -2714, 1957; 1: -7568, 2297; 2: -7731, -23; 3: -2876, -362
[20240124_13:45:10_502] # [T17962][VisionSlotAdd][1522]VehCoordAndAngle: 0, 5000, ang -0.000 (-0.000)
[20240124_13:45:10_503] # [T17963][VisionSlotAdd][1523]Current VehPos: 0, 5000, ang -0.000 (-0.000)
[20240124_13:45:10_503] # [T17963][VisionSlotAdd][1528]Convert Vision Slot[1][0] Coord: 0: 2714, 6957; 1: 7568, 7297; 2: 7731, 4977; 3: 2876, 4638
[20240124_13:45:10_503] # [T17964][VisionSlotAdd][1533]Old Vision Slot[1][0] Coord: 0: 2668, 6965; 1: 7552, 7301; 2: 7712, 4976; 3: 2828, 4640
[20240124_13:45:10_503] # [T17964][VisionSlotAddSlotWeightCal][1014]u32Weight: 17, CentreY: 797.500, DisY: 490.500, SlotAng: 176.000
[20240124_13:45:10_505] # [T17965][VisionSlotAdd][1576]New Vision Slot[1][0] Coord: 0: 2671, 6964; 1: 7553, 7300; 2: 7713, 4976; 3: 2831, 4640
[20240124_13:45:10_514] # [T17965][VisionSlotAdd][1600]vision slot [1][0], u32Weight: 17, Sum: 275, SlotAng: 3.937, CurSlotAng: 4.000
[20240124_13:45:10_547] #   17991-task_radar-118: RadarCaptureCnt is 103 
[20240124_13:45:10_547] # 
[20240124_13:45:10_568] # [T18032][VisionSlotAddValidCheck][893]Vision slot Length: 2372,2372, Depth 4934,4935
[20240124_13:45:10_570] # [T18032][VisionSlotAdd][1521]Added Vision Slot[1][1] Num 2 OriCoord: 0: -2567, 4415; 1: -7495, 4673; 2: -7620, 2304; 3: -2691, 2046
[20240124_13:45:10_571] # [T18033][VisionSlotAdd][1522]VehCoordAndAngle: 0, 5000, ang -0.000 (-0.000)
[20240124_13:45:10_571] # [T18033][VisionSlotAdd][1523]Current VehPos: 0, 5000, ang -0.000 (-0.000)
[20240124_13:45:10_571] # [T18033][VisionSlotAdd][1528]Convert Vision Slot[1][1] Coord: 0: 2567, 9415; 1: 7495, 9673; 2: 7620, 7304; 3: 2691, 7046
[20240124_13:45:10_573] # [T18034][VisionSlotAdd][1533]Old Vision Slot[1][1] Coord: 0: 2582, 9419; 1: 7510, 9677; 2: 7635, 7274; 3: 2708, 7016
[20240124_13:45:10_573] # [T18035][VisionSlotAddSlotWeightCal][1014]u32Weight: 1, CentreY: 3230.500, DisY: 1942.500, SlotAng: 177.003
[20240124_13:45:10_573] # [T18035][VisionSlotAdd][1576]New Vision Slot[1][1] Coord: 0: 2582, 9419; 1: 7509, 9677; 2: 7635, 7276; 3: 2707, 7017
[20240124_13:45:10_575] # [T18036][VisionSlotAdd][1600]vision slot [1][1], u32Weight: 1, Sum: 21, SlotAng: 3.000, CurSlotAng: 2.997
[20240124_13:45:10_575] # [T18037][VisionSlotAddValidCheck][893]Vision slot Length: 2596,2595, Depth 4853,4852
[20240124_13:45:10_575] # [T18037][VisionSlotAdd][1521]Added Vision Slot[0][0] Num 2 OriCoord: 0: 4250, 2853; 1: 8410, 353; 2: 7073, -1872; 3: 2913, 627
[20240124_13:45:10_576] # [T18038][VisionSlotAdd][1522]VehCoordAndAngle: 0, 5000, ang -0.000 (-0.000)
[20240124_13:45:10_578] # [T18038][VisionSlotAdd][1523]Current VehPos: 0, 5000, ang -0.000 (-0.000)
[20240124_13:45:10_579] # [T18039][VisionSlotAdd][1528]Convert Vision Slot[0][0] Coord: 0: -4250, 7853; 1: -8410, 5353; 2: -7073, 3128; 3: -2913, 5627
[20240124_13:45:10_579] # [T18039][VisionSlotAdd][1533]Old Vision Slot[0][0] Coord: 0: -4291, 7854; 1: -8378, 5404; 2: -7032, 3161; 3: -2946, 5610
[20240124_13:45:10_580] # [T18040][VisionSlotAddSlotWeightCal][1014]u32Weight: 18, CentreY: 1740.000, DisY: 452.000, SlotAng: -30.999
[20240124_13:45:10_580] # [T18041][VisionSlotAdd][1576]New Vision Slot[0][0] Coord: 0: -4289, 7854; 1: -8379, 5401; 2: -7035, 3159; 3: -2944, 5611
[20240124_13:45:10_580] # [T18041][VisionSlotAdd][1600]vision slot [0][0], u32Weight: 18, Sum: 324, SlotAng: -149.061, CurSlotAng: -149.001
[20240124_13:45:10_582] # [T18042][VisionSlotAddValidCheck][893]Vision slot Length: 2402,2402, Depth 5043,5043
[20240124_13:45:10_583] # [T18042][VisionSlotAdd][1521]Added Vision Slot[1][0] Num 2 OriCoord: 0: -2655, 2050; 1: -7692, 2314; 2: -7818, -85; 3: -2781, -349
[20240124_13:45:10_583] # [T18043][VisionSlotAdd][1522]VehCoordAndAngle: 0, 5000, ang -0.000 (-0.000)
[20240124_13:45:10_583] # [T18043][VisionSlotAdd][1523]Current VehPos: 0, 5000, ang -0.000 (-0.000)
[20240124_13:45:10_583] # [T18044][VisionSlotAdd][1528]Convert Vision Slot[1][0] Coord: 0: 2655, 7050; 1: 7692, 7314; 2: 7818, 4915; 3: 2781, 4651
[20240124_13:45:10_583] # [T18045][VisionSlotAdd][1533]Old Vision Slot[1][0] Coord: 0: 2671, 6964; 1: 7553, 7300; 2: 7713, 4976; 3: 2831, 4640
[20240124_13:45:10_584] # [T18045][VisionSlotAddSlotWeightCal][1014]u32Weight: 18, CentreY: 850.500, DisY: 437.500, SlotAng: 177.000
[20240124_13:45:10_590] # [T18046][VisionSlotAdd][1576]New Vision Slot[1][0] Coord: 0: 2670, 6970; 1: 7562, 7301; 2: 7720, 4972; 3: 2828, 4641
[20240124_13:45:10_590] # [T18046][VisionSlotAdd][1600]vision slot [1][0], u32Weight: 18, Sum: 293, SlotAng: 3.877, CurSlotAng: 3.000
[20240124_13:45:10_590] # [T18047][APAVisionOblAdd][1323]Vision Obl merge: 1
[20240124_13:45:10_590] # [T18047][APAVisinOblAdd][1326]Receive Vision Obl CrossPointCoord: 0: 2567, 9415; 1: 7495, 9673
[20240124_13:45:10_590] # [T18048][APAVisionOblInfoDebugPrint][118]VisionOblInfo:
[20240124_13:45:10_590] # [T18048][APAVisionOblInfoDebugPrint][119]OblType: 0, bIsMerge 0, DetectCount 21
[20240124_13:45:10_591] # [T18049][APAVisionOblInfoDebugPrint][122]CrossPointCoord: 0: 527, 9213; 1: 5229, 9853
[20240124_13:45:10_591] # [T18049][APAVisionOblInfoDebugPrint][125]OriginCrossPointCoord: 0: -2567, 4415; 1: -7495, 4673
[20240124_13:45:10_591] # [T18050][APAVisionOblInfoDebugPrint][126]VehCoordAndAng: 0, 5000, ang -0.000(-0.000)
[20240124_13:45:10_591] # [T18050][APAVisionOblInfoDebugPrint][127] 
[20240124_13:45:10_591] # [T18050][APAVisionOblAdd][1323]Vision Obl merge: 0
[20240124_13:45:10_591] # [T18051][APAVisionOblAdd][1326]Receive Vision Obl CrossPointCoord: 0: -8410, 5353; 1: -4250, 7853
[20240124_13:45:10_592] # [T18051][APAVisionOblInfoDebugPrint][118]VisionOblInfo:
[20240124_13:45:10_592] # [T18052][APAVisionOblInfoDebugPrint][119]OblType: 0, bIsMerge 0, DetectCount 32
[20240124_13:45:10_592] # [T18052][APAVisionOblInfoDebugPrint][122]CrossPointCoord: 0: -3200, 6134; 1: 1263, 7595
[20240124_13:45:10_592] # [T18052][APAVisionOblInfoDebugPrint][125]OriginCrossPointCoord: 0: 8410, 353; 1: 4250, 2853
[20240124_13:45:10_594] # [T18053][APAVisionOblInfoDebugPrint][126]VehCoordAndAng: 0, 5000, ang -0.000(-0.000)
[20240124_13:45:10_594] # [T18053][APAVisionOblInfoDebugPrint][127] 
[20240124_13:45:10_594] # [T18054][APAVisionOblAdd][1323]Vision Obl merge: 0
[20240124_13:45:10_594] # [T18054][APAVisionOblAdd][1326]Receive Vision Obl CrossPointCoord: 0: 2655, 7050; 1: 7692, 7314
[20240124_13:45:10_595] # [T18055][APAVisionOblInfoDebugPrint][118]VisionOblInfo:
[20240124_13:45:10_595] # [T18055][APAVisionOblInfoDebugPrint][119]OblType: 0, bIsMerge 0, DetectCount 33
[20240124_13:45:10_595] # [T18055][APAVisionOblInfoDebugPrint][122]CrossPointCoord: 0: -3023, 6162; 1: 1457, 7586
[20240124_13:45:10_595] # [T18056][APAVisionOblInfoDebugPrint][125]OriginCrossPointCoord: 0: -2655, 2050; 1: -7692, 2314
[20240124_13:45:10_595] # [T18056][APAVisionOblInfoDebugPrint][126]VehCoordAndAng: 0, 5000, ang -0.000(-0.000)
[20240124_13:45:10_610] # [T18057][APAVisionOblInfoDebugPrint][127] 
[20240124_13:45:10_660] # [T18123][VisionSlotAddValidCheck][893]Vision slot Length: 2415,2416, Depth 4925,4924
[20240124_13:45:10_661] # [T18123][VisionSlotAdd][1521]Added Vision Slot[1][1] Num 2 OriCoord: 0: -2600, 4433; 1: -7519, 4691; 2: -7645, 2278; 3: -2727, 2021
[20240124_13:45:10_662] # [T18124][VisionSlotAdd][1522]VehCoordAndAngle: 0, 5000, ang -0.000 (-0.000)
[20240124_13:45:10_662] # [T18124][VisionSlotAdd][1523]Current VehPos: 0, 5000, ang -0.000 (-0.000)
[20240124_13:45:10_663] # [T18124][VisionSlotAdd][1528]Convert Vision Slot[1][1] Coord: 0: 2600, 9433; 1: 7519, 9691; 2: 7645, 7278; 3: 2727, 7021
[20240124_13:45:10_663] # [T18125][VisionSlotAdd][1533]Old Vision Slot[1][1] Coord: 0: 2582, 9419; 1: 7509, 9677; 2: 7635, 7276; 3: 2707, 7017
[20240124_13:45:10_665] # [T18126][VisionSlotAddSlotWeightCal][1014]u32Weight: 1, CentreY: 3227.000, DisY: 1939.000, SlotAng: 177.003
[20240124_13:45:10_665] # [T18126][VisionSlotAdd][1576]New Vision Slot[1][1] Coord: 0: 2582, 9419; 1: 7509, 9678; 2: 7635, 7276; 3: 2708, 7017
[20240124_13:45:10_665] # [T18127][VisionSlotAdd][1600]vision slot [1][1], u32Weight: 1, Sum: 22, SlotAng: 3.000, CurSlotAng: 2.997
[20240124_13:45:10_667] # [T18128][VisionSlotAddValidCheck][893]Vision slot Length: 2627,2626, Depth 4750,4751
[20240124_13:45:10_668] # [T18128][VisionSlotAdd][1521]Added Vision Slot[0][0] Num 2 OriCoord: 0: 4327, 2834; 1: 8399, 387; 2: 7046, -1864; 3: 2973, 582
[20240124_13:45:10_668] # [T18129][VisionSlotAdd][1522]VehCoordAndAngle: 0, 5000, ang -0.000 (-0.000)
[20240124_13:45:10_668] # [T18129][VisionSlotAdd][1523]Current VehPos: 0, 5000, ang -0.000 (-0.000)
[20240124_13:45:10_669] # [T18130][VisionSlotAdd][1528]Convert Vision Slot[0][0] Coord: 0: -4327, 7834; 1: -8399, 5387; 2: -7046, 3136; 3: -2973, 5582
[20240124_13:45:10_671] # [T18130][VisionSlotAdd][1533]Old Vision Slot[0][0] Coord: 0: -4289, 7854; 1: -8379, 5401; 2: -7035, 3159; 3: -2944, 5611
[20240124_13:45:10_672] # [T18131][VisionSlotAddSlotWeightCal][1014]u32Weight: 18, CentreY: 1708.000, DisY: 420.000, SlotAng: -30.995
[20240124_13:45:10_672] # [T18132][VisionSlotAdd][1576]New Vision Slot[0][0] Coord: 0: -4291, 7853; 1: -8380, 5401; 2: -7035, 3158; 3: -2945, 5609
[20240124_13:45:10_672] # [T18132][VisionSlotAdd][1600]vision slot [0][0], u32Weight: 18, Sum: 342, SlotAng: -149.058, CurSlotAng: -149.005
[20240124_13:45:10_673] # [T18133][VisionSlotAddValidCheck][893]Vision slot Length: 2350,2349, Depth 4935,4935
[20240124_13:45:10_673] # [T18133][VisionSlotAdd][1521]Added Vision Slot[1][0] Num 2 OriCoord: 0: -2662, 1981; 1: -7585, 2325; 2: -7749, -19; 3: -2826, -364
[20240124_13:45:10_673] # [T18134][VisionSlotAdd][1522]VehCoordAndAngle: 0, 5000, ang -0.000 (-0.000)
[20240124_13:45:10_673] # [T18134][VisionSlotAdd][1523]Current VehPos: 0, 5000, ang -0.000 (-0.000)
[20240124_13:45:10_675] # [T18135][VisionSlotAdd][1528]Convert Vision Slot[1][0] Coord: 0: 2662, 6981; 1: 7585, 7325; 2: 7749, 4981; 3: 2826, 4636
[20240124_13:45:10_676] # [T18136][VisionSlotAdd][1533]Old Vision Slot[1][0] Coord: 0: 2670, 6970; 1: 7562, 7301; 2: 7720, 4972; 3: 2828, 4641
[20240124_13:45:10_676] # [T18136][VisionSlotAddSlotWeightCal][1014]u32Weight: 17, CentreY: 808.500, DisY: 479.500, SlotAng: 175.997
[20240124_13:45:10_676] # [T18137][VisionSlotAdd][1576]New Vision Slot[1][0] Coord: 0: 2670, 6970; 1: 7563, 7303; 2: 7721, 4972; 3: 2828, 4640
[20240124_13:45:10_676] # [T18137][VisionSlotAdd][1600]vision slot [1][0], u32Weight: 17, Sum: 310, SlotAng: 3.884, CurSlotAng: 4.003
[20240124_13:45:10_677] # [T18138][APAVisionOblAdd][1323]Vision Obl merge: 1
[20240124_13:45:10_677] # [T18138][APAVisionOblAdd][1326]Receive Vision Obl CrossPointCoord: 0: 2600, 9433; 1: 7519, 9691
[20240124_13:45:10_677] # [T18139][APAVisionOblInfoDebugPrint][118]VisionOblInfo:
[20240124_13:45:10_679] # [T18139][APAVisionOblInfoDebugPrint][119]OblType: 0, bIsMerge 0, DetectCount 22
[20240124_13:45:10_679] # [T18140][APAVisionOblInfoDebugPrint][122]CrossPointCoord: 0: 621, 922; 1: 5333, 9845
[20240124_13:45:10_679] # [T18140][APAVisionOblInfoDebugPrint][125]OriginCrossPointCoord: 0: -2600, 4433; 1: -7519, 4691
[20240124_13:45:10_679] # [T18141][APAVisionOblInfoDebugPrint][126]VehCoordAndAng: 0, 5000, ang -0.000(-0.000)
[20240124_13:45:10_679] # [T18141][APAVisionOblInfoDebugPrint][127] 
[20240124_13:45:10_680] # [T18141][APAVisionOblAdd][1323]Vision Obl merge: 0
[20240124_13:45:10_682] # [T18142][APAVisionOblAdd][1326]Receive Vision Obl CrossPointCoord: 0: -8399, 5387; 1: -4327, 7834
[20240124_13:45:10_682] # [T18142][APAVisionOblInfoDebugPrint][118]VisionOblInfo:
[20240124_13:45:10_683] # [T18142][APAVisionOblInfoDebugPrint][119]OblType: 0, bIsMerge 0, DetectCount 34
[20240124_13:45:10_683] # [T18143][APAVisionOblInfoDebugPrint][122]CrossPointCoord: 0: -3181, 6139; 1: 1287, 7594
[20240124_13:45:10_683] # [T18143][APAVisionOblInfoDebugPrint][125]OriginCrossPointCoord: 0: 8399, 387; 1: 4327, 2834
[20240124_13:45:10_683] # [T18144][APAVisionOblInfoDebugPrint][126]VehCoordAndAng: 0, 5000, ang -0.000(-0.000)
[20240124_13:45:10_683] # [T18144][APAVisionOblInfoDebugPrint][127] 
[20240124_13:45:10_684] # [T18145][APAVisionOblAdd][1323]Vision Obl merge: 0
[20240124_13:45:10_684] # [T18145][APAVisionOblAdd][1326]Receive Vision Obl CrossPointCoord: 0: 2662, 6981; 1: 7585, 7325
[20240124_13:45:10_685] # [T18145][APAVisionOblInfoDebugPrint][118]VisionOblInfo:
[20240124_13:45:10_685] # [T18146][APAVisionOblInfoDebugPrint][119]OblType: 0, bIsMerge 0, DetectCount 35
[20240124_13:45:10_686] # [T18146][APAVisionOblInfoDebugPrint][122]CrossPointCoord: 0: -3014, 6163; 1: 1467, 7586
[20240124_13:45:10_686] # [T18147][APAVisionOblInfoDebugPrint][125]OriginCrossPointCoord: 0: -2662, 1981; 1: -7585, 2325
[20240124_13:45:10_686] # [T18147][APAVisionOblInfoDebugPrint][126]VehCoordAndAng: 0, 5000, ang -0.000(-0.000)
[20240124_13:45:10_707] # [T18148][APAVisionOblInfoDebugPrint][127] 
[20240124_13:45:10_742] # [T18205][APAVisionOblAdd][1323]Vision Obl merge: 1
[20240124_13:45:10_744] # [T18205][APAVisionOblAdd][1326]Receive Vision Obl CrossPointCoord: 0: 2564, 9428; 1: 7493, 9687
[20240124_13:45:10_744] # [T18205][APAVisionOblInfoDebugPrint][118]VisionOblInfo:
[20240124_13:45:10_744] # [T18206][APAVisionOblInfoDebugPrint][119]OblType: 0, bIsMerge 0, DetectCount 23
[20240124_13:45:10_744] # [T18206][APAVisionOblInfoDebugPrint][122]CrossPointCoord: 0: 706, 9232; 1: 5427, 9838
[20240124_13:45:10_745] # [T18206][APAVisionOblInfoDebugPrint][125]OriginCrossPointCoord: 0: -2564, 4428; 1: -7493, 4687
[20240124_13:45:10_746] # [T18207][APAVisionOblInfoDebugPrint][126]VehCoordAndAng: 0, 5000, ang -0.000(-0.000)
[20240124_13:45:10_747] # [T18207][APAVisionOblInfoDebugPrint][127] 
[20240124_13:45:10_747] # [T18208][APAVisionOblAdd][1323]Vision Obl merge: 0
[20240124_13:45:10_747] # [T18208][APAVisionOblAdd][1326]Receive Vision Obl CrossPointCoord: 0: -8382, 5437; 1: -4300, 7889
[20240124_13:45:10_747] # [T18209][APAVisionOblInfoDebugPrint][118]VisionOblInfo:
[20240124_13:45:10_747] # [T18209][APAVisionOblInfoDebugPrint][119]OblType: 0, bIsMerge 0, DetectCount 36
[20240124_13:45:10_748] # [T18209][APAVisionOblInfoDebugPrint][122]CrossPointCoord: 0: -3163, 6143; 1: 1307, 7594
[20240124_13:45:10_755] # [T18210][APAVisionOblInfoDebugPrint][125]OriginCrossPointCoord: 0: 8382, 437; 1: 4300, 2889
[20240124_13:45:10_755] # [T18210][APAVisionOblInfoDebugPrint][126]VehCoordAndAng: 0, 5000, ang -0.000(-0.000)
[20240124_13:45:10_755] # [T18211][APAVisionOblInfoDebugPrint][127] 
[20240124_13:45:10_755] # [T18211][APAVisionOblAdd][1323]Vision Obl merge: 0
[20240124_13:45:10_756] # [T18211][APAVisionOblAdd][1326]Receive Vision Obl CrossPointCoord: 0: 2671, 6966; 1: 7525, 7305
[20240124_13:45:10_756] # [T18212][APAVisionOblInfoDebugPrint][118]VisionOblInfo:
[20240124_13:45:10_756] # [T18212][APAVisionOblInfoDebugPrint][119]OblType: 0, bIsMerge 0, DetectCount 37
[20240124_13:45:10_756] # [T18213][APAVisionOblInfoDebugPrint][122]CrossPointCoord: 0: -3005, 6165; 1: 1475, 7587
[20240124_13:45:10_756] # [T18213][APAVisionOblInfoDebugPrint][125]OriginCrossPointCoord: 0: -2671, 1966; 1: -7525, 2305
[20240124_13:45:10_756] # [T18214][APAVisionOblInfoDebgPrint][126]VehCoordAndAng: 0, 5000, ang -0.000(-0.000)
[20240124_13:45:10_756] # [T18214][APAVisionOblInfoDebugPrint][127] 
[20240124_13:45:10_757] # [T18214][VisionSlotAddValidCheck][893]Vision slot Length: 2397,2397, Depth 4935,4934
[20240124_13:45:10_757] # [T18215][VisionSlotAdd][1521]Added Vision Slot[1][1] Num 2 OriCoord: 0: -2564, 4428; 1: -7493, 4687; 2: -7618, 2293; 3: -2690, 2034
[20240124_13:45:10_757] # [T18216][VisionSlotAdd][1522]VehCoordAndAngle: 0, 5000, ang -0.000 (-0.000)
[20240124_13:45:10_757] # [T18216][VisionSlotAdd][1523]Current VehPos: 0, 5000, ang -0.000 (-0.000)
[20240124_13:45:10_757] # [T18216][VisionSlotAdd][1528]Convert Vision Slot[1][1] Coord: 0: 2564, 9428; 1: 7493, 9687; 2: 7618, 7293; 3: 2690, 7034
[20240124_13:45:10_757] # [T18217][VisionSlotAdd][1533]Old Vision Slot[1][1] Coord: 0: 2582, 9419; 1: 7509, 9678; 2: 7635, 7276; 3: 2708, 7017
[20240124_13:45:10_758] # [T18218][VisionSlotAddSlotWeightCal][1014]u32Weight: 1, CentreY: 3231.000, DisY: 1943.000, SlotAng: 176.992
[20240124_13:45:10_760] # [T18218][VisionSlotAdd][1576]New Vision Slot[1][1] Coord: 0: 2582, 9420; 1: 7509, 9678; 2: 7634, 7276; 3: 2707, 7018
[20240124_13:45:10_760] # [T18219][VisionSlotAdd][1600]vision slot [1][1], u32Weight: 1, Sum: 23, SlotAng: 3.001, CurSlotAng: 3.008
[20240124_13:45:10_760] # [T18220][VisionSlotAddValidCheck][893]Vision slot Length: 2652,2653, Depth 4761,4760
[20240124_13:45:10_761] # [T18220][VisionSlotAdd][1521]Added Vision Slot[0][0] Num 2 OriCoord: 0: 4300, 2889; 1: 8382, 437; 2: 7015, -1837; 3: 2934, 615
[20240124_13:45:10_761] # [T18221][VisionSlotAdd][1522]VehCoordAndAngle: 0, 5000, ang -0.000 (-0.000)
[20240124_13:45:10_761] # [T18221][VisionSlotAdd][1523]Current VehPos: 0, 5000, ang -0.000 (-0.000)
[20240124_13:45:10_761] # [T18222][VisionSlotAdd][1528]Convert Vision Slot[0][0] Coord: 0: -4300, 7889; 1: -8382, 5437; 2: -7015, 3163; 3: -2934, 5615
[20240124_13:45:10_761] # [T18222][VisionSlotAdd][1533]Old Vision Slot[0][0] Coord: 0: -4291, 7853; 1: -8380, 5401; 2: -7035, 3158; 3: -2945, 5609
[20240124_13:45:10_763] # [T18223][VisionSlotAddSlotWeightCal][1014]u32Weight: 18, CentreY: 1752.000, DisY: 464.000, SlotAng: -30.996
[20240124_13:45:10_763] # [T18223][VisionSlotAdd][1576]New Vision Slot[0][0] Coord: 0: -4291, 7855; 1: -8380, 5402; 2: -7034, 3158; 3: -2945, 5610
[20240124_13:45:10_763] # [T18224][VisionSlotAdd][1600]vision slot [0][0], u32Weight: 18, Sum: 360, SlotAng: -149.055, CurSlotAng: -149.004
[20240124_13:45:10_763] # [T18225][VisionSlotAddValidCheck][893]Vision slot Length: 2350,2349, Depth 4865,4865
[20240124_13:45:10_764] # [T18225][VisionSlotAdd][1521]Added Vision Slot[1][0] Num 2 OriCoord: 0: -2671, 1966; 1: -7525, 2305; 2: -7689, -39; 3: -2835, -379
[20240124_13:45:10_766] # [T18226][VisionSlotAdd][1522]VehCoordAndAngle: 0, 5000, ang -0.000 (-0.000)
[20240124_13:45:10_766] # [T18226][VisionSlotAdd][1523]Current VehPos: 0, 5000, ang -0.000 (-0.000)
[20240124_13:45:10_766] # [T18227][VisionSlotAdd][1528]Convert Vision Slot[1][0] Coord: 0: 2671, 6966; 1: 7525, 7305; 2: 7689, 4961; 3: 2835, 4621
[20240124_13:45:10_767] # [T18227][VisionSlotAdd][1533]Old Vision Slot[1][0] Coord: 0: 2670, 6970; 1: 7563, 7303; 2: 7721, 4972; 3: 2828, 4640
[20240124_13:45:10_767] # [T18228][VisionSlotAddSlotWeightCal][1014]u32Weight: 17, CentreY: 793.500, DisY: 494.500, SlotAng: 175.999
[20240124_13:45:10_770] # [T18229][VisionSlotAdd][1576]New Vision Slot[1][0] Coord: 0: 2670, 6970; 1: 7561, 7303; 2: 7720, 4972; 3: 2828, 4639
[20240124_13:45:10_785] # [T18229][VisionSlotAdd][1600]vision slot [1][0], u32Weight: 17, Sum: 327, SlotAng: 3.890, CurSlotAng: 4.001
[20240124_13:45:10_833] # [T18296][VisionSlotAddValidCheck][893]Vision slot Length: 2415,2415, Depth 4977,4977
[20240124_13:45:10_835] # [T18296][VisionSlotAdd][1521]Added Vision Slot[1][1] Num 2 OriCoord: 0: -2577, 4388; 1: -7548, 4648; 2: -7674, 2236; 3: -2703, 1976
[20240124_13:45:10_835] # [T18297][VisionSlotAdd][1522]VehCoordAndAngle: 0, 5000, ang -0.000 (-0.000)
[20240124_13:45:10_835] # [T18297][VisionSlotAdd][1523]Current VehPos: 0, 5000, ang -0.000 (-0.000)
[20240124_13:45:10_835] # [T18298][VisionSlotAdd][1528]Convert Vision Slot[1][1] Coord: 0: 2577, 9388; 1: 7548, 9648; 2: 7674, 7236; 3: 2703, 6976
[20240124_13:45:10_838] # [T18298][VisionSlotAdd][1533]Old Vision Slot[1][1] Coord: 0: 2582, 9420; 1: 7509, 9678; 2: 7634, 7276; 3: 2707, 7018
[20240124_13:45:10_838] # [T18299][VisionSlotAddSlotWeightCal][1014]u32Weight: 2, CentreY: 3182.000, DisY: 1894.000, SlotAng: 177.006
[20240124_13:45:10_838] # [T18299][VisionSlotAdd][1576]New Vision Slot[1][1] Coord: 0: 2581, 9417; 1: 7512, 9676; 2: 7637, 7273; 3: 2707, 7015
[20240124_13:45:10_839] # [T18300][VisionSlotAdd][1600]vision slot [1][1], u32Weight: 2, Sum: 25, SlotAng: 3.000, CurSlotAng: 2.994
[20240124_13:45:10_840] # [T18301][VisionSlotAddValidCheck][893]Vision slot Length: 2331,2331, Depth 4845,4846
[20240124_13:45:10_841] # [T18301][VisionSlotAdd][1521]Added Vision Slot[1][0] Num 2 OriCoord: 0: -2713, 1957; 1: -7547, 2295; 2: -7710, -31; 3: -2875, -369
[20240124_13:45:10_841] # [T18302][VisionSlotAdd][1522]VehCoordAndAngle: 0, 5000, ang -0.000 (-0.000)
[20240124_13:45:10_841] # [T18302][VisionSlotAdd][1523]Current VehPos: 0, 5000, ang -0.000 (-0.000)
[20240124_13:45:10_841] # [T18303][VisionSlotAdd][1528]Convert Vision Slot[1][0] Coord: 0: 2713, 6957; 1: 7547, 7295; 2: 7710, 4969; 3: 2875, 4631
[20240124_13:45:10_843] # [T18303][VisionSlotAdd][1533]Old Vision Slot[1][0] Coord: 0: 2670, 6970; 1: 7561, 7303; 2: 7720, 4972; 3: 2828, 4639
[20240124_13:45:10_844] # [T18304][VisionSlotAddSlotWeightCal][1014]u32Weight: 17, CentreY: 794.000, DisY: 494.000, SlotAng: 176.001
[20240124_13:45:10_844] # [T18305][VisionSlotAdd][1576]New Vision Slot[1][0] Coord: 0: 2672, 6969; 1: 7560, 7302; 2: 7719, 4972; 3: 2831, 4639
[20240124_13:45:10_844] # [T18305][VisionSlotAdd][1600]vision slot [1][0], u32Weight: 17, Sum: 344, SlotAng: 3.896, CurSlotAng: 3.999
[20240124_13:45:10_844] # [T18306][VisionSlotAddValidCheck][893]Vision slot Length: 2657,2658, Depth 4761,4760
[20240124_13:45:10_847] # [T18306][VisionSlotAdd][1521]Added Vision Slot[0][0] Num 2 OriCoord: 0: 4304, 2880; 1: 8386, 428; 2: 7016, -1850; 3: 2935, 602
[20240124_13:45:10_847] # [T18307][VisionSlotAdd][1522]VehCoordAndAngle: 0, 5000, ang -0.000 (-0.000)
[20240124_13:45:10_847] # [T18307][VisionSlotAdd][1523]Current VehPos: 0, 5000, ang -0.000 (-0.000)
[20240124_13:45:10_848] # [T18308][VisionSlotAdd][1528]Convert Vision Slot[0][0] Coord: 0: -4304, 7880; 1: -8386, 5428; 2: -7016, 3150; 3: -2935, 5602
[20240124_13:45:10_848] # [T18309][VisionSlotAdd][1533]Old Vision Slot[0][0] Coord: 0: -4291, 7855; 1: -8380, 5402; 2: -7034, 3158; 3: -2945, 5610
[20240124_13:45:10_848] # [T18309][VisionSlotAddSlotWeightCal][1014]u32Weight: 18, CentreY: 1741.000, DisY: 453.000, SlotAng: -30.996
[20240124_13:45:10_850] # [T18310][VisionSlotAdd][1576]New Vision Slot[0][0] Coord: 0: -4292, 7856; 1: -8381, 5404; 2: -7033, 3158; 3: -2944, 5609
[20240124_13:45:10_851] # [T18311][VisionSlotAdd][1600]vision slot [0][0], u32Weight: 18, Sum: 378, SlotAng: -149.053, CurSlotAng: -149.004
[20240124_13:45:10_851] # [T18311][VisionSlotAddValidCheck][893]Vision slot Length: 2430,2429, Depth 4376,4376
[20240124_13:45:10_851] # [T18312][VisionSlotAdd][1521]Added Vision Slot[0][1] Num 2 OriCoord: 0: 4435, 5564; 1: 8186, 3310; 2: 6935, 1227; 3: 3183, 3481
[20240124_13:45:10_851] # [T18312][VisionSlotAdd][1522]VehCoordAndAngle: 0, 5000, ang -0.000 (-0.000)
[20240124_13:45:10_851] # [T18313][VisionSlotAdd][1523]Current VehPos: 0, 5000, ang -0.000 (-0.000)
[20240124_13:45:10_858] # [T18313][VisionSlotAdd][1528]Convert Vision Slot[0][1] Coord: 0: -4435, 10564; 1: -8186, 8310; 2: -6935, 6227; 3: -3183, 8481
[20240124_13:45:10_858] # [T18314][VisionSlotAdd][1533]Old Vision Slot[0][1] Coord: 0: -4441, 10585; 1: -8203, 8325; 2: -6950, 6240; 3: -3189, 8500
[20240124_13:45:10_858] # [T18315][VisionSlotAddSlotWeightCal][1014]u32Weight: 1, CentreY: 4522.500, DisY: 3234.500, SlotAng: -30.999
[20240124_13:45:10_859] # [T18315][VisionSlotAdd][1576]New Vision Slot[0][1] Coord: 0: -4440, 10581; 1:-8199, 8322; 2: -6947, 6237; 3: -3187, 8496
[20240124_13:45:10_859] # [T18316][VisionSlotAdd][1600]vision slot [0][1], u32Weight: 1, Sum: 5, SlotAng: -149.002, CurSlotAng: -149.001
[20240124_13:45:10_859] # [T18317][APAVisionOblAdd][1323]Vision Obl merge: 1
[20240124_13:45:10_859] # [T18318][APAVisionOblAdd][1326]Receive Vision Obl CrossPointCoord: 0: 2577, 9388; 1: 7548, 9648
[20240124_13:45:10_860] # [T18318][APAVisionOblInfoDebugPrint][118]VisionOblInfo:
[20240124_13:45:10_860] # [T18318][APAVisionOblInfoDebugPrint][119]OblType: 0, bIsMerge 0, DetectCount 24
[20240124_13:45:10_860] # [T18319][APAVisionOblInfoDebugPrint][122]CrossPointCoord: 0: 784, 9239; 1: 5516, 9830
[20240124_13:45:10_860] # [T18319][APAVisionOblInfoDebugPrint][125]OriginCrossPointCoord: 0: -2577, 4388; 1: -7548, 4648
[20240124_13:45:10_860] # [T18320][APAVisionOblInfoDebugPrint][126]VehCoordAndAng: 0, 5000, ang -0.000(-0.000)
[20240124_13:45:10_860] # [T18320][APAVisionOblInfoDebugPrint][127] 
[20240124_13:45:10_861] # [T18321][APAVisionOblAdd][1323]Vision Obl merge: 0
[20240124_13:45:10_862] # [T18321][APAVisionOblAdd][1326]Receive Vision Obl CrossPointCoord: 0: 2713, 6957; 1: 7547, 7295
[20240124_13:45:10_862] # [T18321][APAVisionOblInfoDebugPrint][118]VisionOblInfo:
[20240124_13:45:10_863] # [T18322][APAVisionOblInfoDebugPrint][119]OblType: 0, bIsMerge 0, DetectCount 38
[20240124_13:45:10_863] # [T18322][APAVisionOblInfoDebugPrint][122]CrossPointCoord: 0: -2855, 6186; 1: 1635, 7579
[20240124_13:45:10_863] # [T18323][APAVisionOblInfoDebugPrint][125]OriginCrossPointCoord: 0: -2713, 1957; 1: -7547, 2295
[20240124_13:45:10_863] # [T18323][APAVisionOblInfoDebugPrint][126]VehCoordAndAng: 0, 5000, ang -0.000(-0.000)
[20240124_13:45:10_864] # [T18324][APAVisionOblInfoDebugPrint][127] 
[20240124_13:45:10_864] # [T18324][APAVisionOblAdd][1323]Vision Obl merge: 0
[20240124_13:45:10_864] # [T18324][APAVisionOblAdd][1326]Receive Vision Obl CrossPointCoord: 0: -8386, 5428; 1: -4304, 7880
[20240124_13:45:10_864] # [T18325][APAVisionOblInfoDebugPrint][118]VisionOblInfo:
[20240124_13:45:10_866] # [T18325][APAVisionOblInfoDebugPrint][119]OblType: 0, bIsMerge 0, DetectCount 39
[20240124_13:45:10_866] # [T18326][APAVisionOblInfoDebugPrint][122]CrossPointCoord: 0: -2997, 6166; 1: 1483, 7587
[20240124_13:45:10_867] # [T18326][APAVisionOblInfoDebugPrint][125]OriginCrossPointCoord: 0: 8386, 428; 1: 4304, 2880
[20240124_13:45:10_867] # [T18327][APAVisionOblInfoDebugPrint][126]VehCoordAndAng: 0, 5000, ang -0.000(-0.000)
[20240124_13:45:10_867] # [T18327][APAVisionOblInfoDebugPrint][127] 
[20240124_13:45:10_867] # [T18327][APAVisionOblAdd][1323]Vision Obl merge: 1
[20240124_13:45:10_867] # [T18328][APAVisionOblAdd][1326]Receive Vision Obl CrossPointCoord: 0: -8186, 8310; 1: -4435, 10564
[20240124_13:45:10_867] # [T18328][APAVisionOblInfoDebugPrint][118]VisionOblInfo:
[20240124_13:45:10_868] # [T18328][APAVisionOblInfoDebugPrint][119]OblType: 0, bIsMerge 0, DetectCount 25
[20240124_13:45:10_868] # [T18329][APAVisionOblInfoDebugPrint][122]CrossPointCoord: 0: 425, 9202; 1: 5118, 9860
[20240124_13:45:10_869] # [T18329][APAVisionOblInfoDebugPrint][125]OriginCrossPointCoord: 0: 8186, 3310; 1: 4435, 5564
[20240124_13:45:10_880] # [T18330][APAVisionOblInfoDebugPrint][126]VehCoordAndAng: 0, 5000, ng -0.000(-0.000)
[20240124_13:45:10_880] # [T18330][APAVisionOblInfoDebugPrint][127] 
[20240124_13:45:10_926] # [T18387][APAVisionOblAdd][1323]Vision Obl merge: 1
[20240124_13:45:10_927] # [T18387][APAVisionOblAdd][1326]Receive Vision Obl CrossPointCoord: 0: 2622, 9425; 1: 7475, 9679
[20240124_13:45:10_927] # [T18387][APAVisionOblInfoDebugPrint][118]VisionOblInfo:
[20240124_13:45:10_927] # [T18388][APAVisionOblInfoDebugPrint][119]OblType: 0, bIsMerge 0, DetectCount 26
[20240124_13:45:10_927] # [T18388][APAVisionOblInfoDebugPrint][122]CrossPointCoord: 0: 509, 9210; 1: 5208, 9853
[20240124_13:45:10_927] # [T18389][APAVisionOblInfoDebugPrint][125]OriginCrossPointCoord: 0: -2622, 4425; 1: -7475, 4679
[20240124_13:45:10_929] # [T18389][APAVisionOblInfoDebugPrint][126]VehCoordAndAng: 0, 5000, ang -0.000(-0.000)
[20240124_13:45:10_929] # [T18390][APAVisionOblInfoDebugPrint][127] 
[20240124_13:45:10_929] # [T18390][APAVisionOblAdd][1323]Vision Obl merge: 0
[20240124_13:45:10_930] # [T18390][APAVisionOblAdd][1326]Receive Vision Obl CrossPointCoord: 0: -8372, 5393; 1: -4316, 7830
[20240124_13:45:10_930] # [T18391][APAVisionOblInfoDebugPrint][118]VisionOblInfo:
[20240124_13:45:10_930] # [T18391][APAVisionOblInfoDebugPrint][119]OblType: 0, bIsMerge 0, DetectCount 40
[20240124_13:45:10_930] # [T18391][APAVisionOblInfoDebugPrint][122]CrossPoinCoord: 0: -3131, 6147; 1: 1338, 7593
[20240124_13:45:10_932] # [T18392][APAVisionOblInfoDebugPrint][125]OriginCrossPointCoord: 0: 8372, 393; 1: 4316, 2830
[20240124_13:45:10_932] # [T18392][APAVisionOblInfoDebugPrint][126]VehCoordAndAng: 0, 5000, ang -0.000(-0.000)
[20240124_13:45:10_933] # [T18393][APAVisionOblInfoDebugPrint][127] 
[20240124_13:45:10_933] # [T18393][APAVisionOblAdd][1323]Vision Obl merge: 0
[20240124_13:45:10_933] # [T18393][APAVisionOblAdd][1326]Receive Vision Obl CrossPointCoord: 0: 2662, 6962; 1: 7582, 7306
[20240124_13:45:10_933] # [T18394][APAVisionOblInfoDebugPrint][118]VisionOblInfo:
[20240124_13:45:10_933] # [T18394][APAVisionOblInfoDebugPrint][119]OblType: 0, bIsMerge 0, DetectCount 41
[20240124_13:45:10_935] # [T18395][APAVisionOblInfoDebugPrint][122]CrossPointCoord: 0: -2990, 6167; 1: 1490, 7586
[20240124_13:45:10_936] # [T18395][APAVisionOblInfoDebugPrint][125]OriginCrossPointCoord: 0: -2662, 1962; 1: -7582, 2306
[20240124_13:45:10_936] # [T18396][APAVisionOblInfoDebugPrint][126]VehCoordAndAng: 0, 5000, ang -0.000(-0.000)
[20240124_13:45:10_936] # [T18396][APAVisionOblInfoDebugPrint][127] 
[20240124_13:45:10_936] # [T18396][VisionSlotAddValidCheck][893]Vision slot Length: 2399,2399, Depth 4859,4859
[20240124_13:45:10_937] # [T18397][VisionSlotAdd][1521]Added Vision Slot[1][1] Num 2 OriCoord: 0: -2622, 4425; 1: -7475, 4679; 2: -7601, 2283; 3: -2748, 2029
[20240124_13:45:10_937] # [T18398][VisionSlotAdd][1522]VehCoordAndAngle: 0, 5000, ang -0.000 (-0.000)
[20240124_13:45:10_937] # [T18398][VisionSlotAd][1523]Current VehPos: 0, 5000, ang -0.000 (-0.000)
[20240124_13:45:10_939] # [T18398][VisionSlotAdd][1528]Convert Vision Slot[1][1] Coord: 0: 2622, 9425; 1: 7475, 9679; 2: 7601, 7283; 3: 2748, 7029
[20240124_13:45:10_939] # [T18399][VisionSlotAdd][1533]Old Vision Slot[1][1] Coord: 0: 2581, 9417; 1: 7512, 9676; 2: 7637, 7273; 3: 2707, 7015
[20240124_13:45:10_940] # [T18400][VisionSlotAddSlotWeightCal][1014]u32Weight: 1, CentreY: 3227.000, DisY: 1939.000, SlotAng: 177.004
[20240124_13:45:10_940] # [T18400][VisionSlotAdd][1576]New Vision Slot[1][1] Coord: 0: 2583, 9417; 1: 7510, 9676; 2: 7636, 7274; 3: 2709, 7015
[20240124_13:45:10_940] # [T18401][VisionSlotAdd][1600]vision slot [1][1], u32Weight: 1, Sum: 26, SlotAng: 3.000, CurSlotAng: 2.996
[20240124_13:45:10_942] # [T18402][VisionSlotAddValidCheck][893]Vision slot Length: 2627,2626, Depth 4731,4732
[20240124_13:45:10_943] # [T18402][VisionSlotAdd][1521]Added Vision Slot[0][0] Num 2 OriCoord: 0: 4316, 2830; 1: 8372, 393; 2: 7019, -1858; 3: 2962, 578
[20240124_13:45:10_943] # [T18403][VisionSlotAdd][1522]VehCoordAndAngle: 0, 5000, ang -0.000 (-0.000)
[20240124_13:45:10_943] # [T18403][VisionSlotAdd][1523]Current VehPos: 0, 5000, ang -0.000 (-0.000)
[20240124_13:45:10_944] # [T18404][VisionSlotAdd][1528]Convert Vision Slot[0][0] Coord: 0: -4316, 7830; 1: -8372, 5393; 2: -7019, 3142; 3: -2962, 5578
[20240124_13:45:10_944] # [T18404][VisionSlotAdd][1533]Old Vision Slot[0][0] Coord: 0: -4292, 7856; 1: -8381, 5404; 2: -7033, 3158; 3: -2944, 5609
[20240124_13:45:10_946] # [T18405][VisionSlotAddSlotWeightCal][1014]u32Weight: 18, CentreY: 1704.000, DisY: 416.000, SlotAng: -30.991
[20240124_13:45:10_946] # [T18406][VisionSlotAdd][576]New Vision Slot[0][0] Coord: 0: -4293, 7855; 1: -8380, 5403; 2: -7033, 3157; 3: -2945, 5608
[20240124_13:45:10_947] # [T18406][VisionSlotAdd][1600]vision slot [0][0], u32Weight: 18, Sum: 396, SlotAng: -149.051, CurSlotAng: -149.009
[20240124_13:45:10_947] # [T18407][VisionSlotAddValidCheck][893]Vision slot Length: 2328,2328, Depth 4932,4932
[20240124_13:45:10_948] # [T18407][VisionSlotAdd][1521]Added Vision Slot[1][0] Num 2 OriCoord: 0: -2662, 1962; 1: -7582, 2306; 2: -7744, -17; 3: -2824, -361
[20240124_13:45:10_948] # [T18408][VisionSlotAdd][1522]VehCoordAndAngle: 0, 5000, ang -0.000 (-0.000)
[20240124_13:45:10_948] # [T18409][VisionSlotAdd][1523]Current VehPos: 0, 5000, ang -0.000 (-0.000)
[20240124_13:45:10_950] # [T18409][VisionSlotAdd][1528]Convert Vision Slot[1][0] Coord: 0: 2662, 6962; 1: 7582, 7306; 2: 7744, 4983; 3: 2824, 4639
[20240124_13:45:10_950] # [T18410][VisionSlotAdd][1533]Old Vision Slot[1][0] Coord: 0: 2672, 6969; 1: 7560, 7302; 2: 7719, 4972; 3: 2831, 4639
[20240124_13:45:10_950] # [T18410][VisionSlotAddSlotWeightCal][1014]u32Weight: 17, CentreY: 800.500, DisY: 487.500, SlotAng: 176.000
[20240124_13:45:10_950] # [T18411][VisionSlotAdd][1576]New Vision Slot[1][0] Coord: 0: 2671, 6969; 1: 7561, 7302; 2: 7720, 4972; 3: 2830, 4639
[20240124_13:45:10_959] # [T18412][VisionSlotAdd][1600]vision slot [1][0], u32Weight: 17, Sum: 361, SlotAng: 3.901, CurSlotAng: 4.000
[20240124_13:45:11_007] # [T18469][APAVisionOblAdd][1323]Vision Obl merge: 1
[20240124_13:45:11_007] # [T18469][APAVisionOblAdd][1326]Receive Vision Obl CrossPointCoord: 0: 2557, 9443; 1: 7486, 9701
[20240124_13:45:11_007] # [T18469][APAVisionOblInfoDebugPrint][118]VisionOblInfo:
[20240124_13:45:11_009] # [T18470][APAVisionOblInfoDebugPrint][119]OblType: 0, bIsMerge 0, DetectCount 27
[20240124_13:45:11_009] # [T18470][APAVisionOblInfoDebugPrint][122]CrossPointCoord: 0: 585, 9219; 1: 5293, 9847
[20240124_13:45:11_011] # [T18471][APAVisionOblInfoDebugPrint][125]OriginCrossPointCoord: 0: -2557, 4443; 1: -7486, 4701
[20240124_13:45:11_011] # [T18471][APAVisionOblInfoDebugPrint][126]VehCoordAndAng: 0, 5000, ang 0.000(0.000)
[20240124_13:45:11_012] # [T18472][APAVisionOblInfoDebugPrint][127] 
[20240124_13:45:11_012] # [T18472][APAVisionOblAdd][1323]Vision Obl merge: 0
[20240124_13:45:11_012] # [T18472][APAVisionOblAdd][1326]Receive Vision Obl CrossPointCoord: 0: 2668, 6962; 1: 7486, 7299
[20240124_13:45:11_014] # [T18473][APAVisionOblInfoDebugPrint][118]VisionOblInfo:
[20240124_13:45:11_014] # [T18473][APAVisionOblInfoDebugPrint][119]OblType: 0, bIsMerge 0, DetectCount 42
[20240124_13:45:11_014] # [T18474][APAVisionOblInfoDebugPrint][122]CrossPointCoord: 0: -2855, 6186; 1: 1633, 7579
[20240124_13:45:11_014] # [T18474][APAVisionOblInfoDebugPrint][125]OriginCrossPointCoord: 0: -2668, 1962; 1: -7486, 2299
[20240124_13:45:11_014] # [T18475][APAVisionOblInfoDebugPrint][126]VehCoordAndAng: 0, 5000, ang 0.000(0.000)
[20240124_13:45:11_014] # [T18475][APAVisionOblInfoDebugPrint][127] 
[20240124_13:45:11_014] # [T18475][APAVisionOblAdd][1323]Vision Obl merge: 0
[20240124_13:45:11_014] # [T18476][APAVisionOblAdd][1326]Receive Vision Obl CrossPointCoord: 0: -8363, 5426; 1: -4294, 7871
[20240124_13:45:11_015] # [T18476][APAVisionOblInfoDebugPrint][118]VisionOblInfo:
[20240124_13:45:11_016] # [T18477][APAVisionOblInfoDebugPrint][119]OblType: 0, bIsMerge 0, DetectCount 43
[20240124_13:45:11_016] # [T18477][APAVisionOblInfoDebugPrint][122]CrossPointCoord: 0: -2983, 6168; 1: 1495, 7586
[20240124_13:45:11_017] # [T18478][APAVisionOblInfoDebugPrint][125]OriginCrossPointCoord: 0: 8363, 426; 1: 4294, 2871
[20240124_13:45:11_017] # [T18478][APAVisionOblInfoDebugPrint][126]VehCoordAndAng: 0, 5000, ang 0.000(0.000)
[20240124_13:45:11_017] # [T18479][APAVisionOblInfoDebugPrint][127] 
[20240124_13:45:11_018] # [T18479][VisionSlotAddValidCheck][893]Vision slot Length: 2428,2428, Depth 4935,4935
[20240124_13:45:11_024] # [T18479][ViionSlotAdd][1521]Added Vision Sot[1][1] Num 2 OriCoord: 0: -2557, 4443; 1: -7486, 4701; 2: -7613, 2276; 3: -2684, 2018
[20240124_13:45:11_024] # [T18480][VisionSlotAdd][1522]VehCoordAndAngle: 0, 5000, ang 0.000 (0.000)
[20240124_13:45:11_024] # [T18480][VisionSlotAdd][1523]Current VehPos: 0, 5000, ang -0.000 (-0.000)
[20240124_13:45:11_024] # [T18481][VisionSlotAdd][1528]Convert Vision Slot[1][1] Coord: 0: 2557, 9443; 1: 7486, 9701; 2: 7613, 7276; 3: 2684, 7018
[20240124_13:45:11_024] # [T18481][VisionSlotAdd][1533]Old Vision Slot[1][1] Coord: 0: 2583, 9417; 1: 7510, 9676; 2: 7636, 7274; 3: 2709, 7015
[20240124_13:45:11_025] # [T18482][VisionSlotAddSlotWeightCal][1014]u32Weight: 1, CentreY: 3230.500, DisY: 1942.500, SlotAng: 177.004
[20240124_13:45:11_025] # [T18483][VisionSlotAdd][1576]New Vision Slot[1][1] Coord: 0: 2582, 9418; 1: 7509, 9677; 2: 7635, 7274; 3: 2708, 7015
[20240124_13:45:11_025] # [T18483][VisionSlotAdd][1600]vision slot [1][1], u32Weight: 1, Sum: 27, SlotAng: 3.000, CurSloAng: 2.996
[20240124_13:45:11_025] # [T18484][VisionSlotAddValidCheck][893]Vision slot Length: 2310,2310, Depth 4829,4829
[20240124_13:45:11_025] # [T18484][VisionSlotAdd][1521]Added Vision Slot[1][0] Num 2 OriCoord: 0: -2668, 1962; 1: -7486, 2299; 2: -7647, -6; 3: -2829, -343
[20240124_13:45:11_026] # [T18485][VisionSlotAdd][1522]VehCoordAndAngle: 0, 5000, ang 0.000 (0.000)
[20240124_13:45:11_026] # [T18486][VisionSlotAdd][1523]Current VehPos: 0, 5000, ang -0.000 (-0.000)
[20240124_13:45:11_029] # [T18486][VisionSlotAdd][1528]Convert Vision Slot[1][0] Coord: 0: 2668, 6962; 1: 7486, 7299; 2: 7647, 4994; 3: 2829, 4657
[20240124_13:45:11_029] # [T18487][VisionSlotAdd][1533]Old Vision Slot[1][0] Coord: 0: 2671, 6969; 1: 7561, 7302; 2: 7720, 4972; 3: 2830, 4639
[20240124_13:45:11_029] # [T18487][VisionSlotAddSlotWeightCal][1014]u32Weight: 18, CentreY: 809.500, DisY: 478.500, SlotAng: 175.999
[20240124_13:45:11_029] #   18489-task_radar-118: RadarCaptureCnt is 104 [0] Coord: 0: 2671, 6969; 1: 7558, 7302; 2: 7717, 4973; 3: 2830, 4640
[20240124_13:45:11_029] # 
[20240124_13:45:11_030] # 
[20240124_13:45:11_030] # [T18489][VisionSlotAdd][1600]vision slot [1][0], u32Weight: 18, Sum: 379, SlotAng: 3.905, CurSlotAng: 4.001
[20240124_13:45:11_030] # [T18489][VisionSlotAddValidCheck][893]Vision slot Length: 2628,2626, Depth 4747,4745
[20240124_13:45:11_030] # [T18490][VisionSlotAdd][1521]Added Vision Slot[0][0] Num 2 OriCoord: 0: 4294, 2871; 1: 8363, 426; 2: 7009, -1825; 3: 2941, 618
[20240124_13:45:11_030] # [T18491][VisionSlotAdd][1522]VehCoordAndAngle: 0, 5000, ang 0.000 (0.000)
[20240124_13:45:11_030] # [T18491][VisionSlotAdd][1523]Current VehPos: 0, 5000, ang -0.000 (-0.000)
[20240124_13:45:11_030] # [T18491][VisionSlotAdd][1528]Convert Vision Slot[0][0] Coord: 0: -4294, 7871; 1: -8363, 5426; 2: -7009, 3175; 3: -2941, 5618
[20240124_13:45:11_032] # [T18492][VisionSlotAdd][1533]Old Vision Slot[0][0] Coord: 0: -4293, 7855; 1: -8380, 5403; 2: -7033, 3157; 3: -2945, 5608
[20240124_13:45:11_032] # [T18493][VisionSlotAddSlotWeightCal][1014]u32Weight: 18, CentreY: 1744.500, DisY: 456.500, SlotAng: -30.994
[20240124_13:45:11_032] # [T18493][VisionSlotAdd][1576]New Vision Slot[0][0] Coord: 0: -4293, 7855; 1: -8379, 5404; 2: -7031, 3158; 3: -2945, 5608
[20240124_13:45:11_053] # [T18494][VisionSlotAdd][1600]vision slot [0][0], u32Weight: 18, Sum: 414, SlotAng: -149.049, CurSlotAng: -149.006
[20240124_13:45:11_097] # [T18559][APAVisionOblAdd][1323]Vision Obl merge: 1
[20240124_13:45:11_097] # [T18559][APAVisionOblAdd][1326]Receive Vision Obl CrossPointCoord: 0: 2622, 9412; 1: 7494, 9667
[20240124_13:45:11_097] # [T18559][APAVisionOblInfoDebugPrint][118]VisionOblInfo:
[20240124_13:45:11_098] # [T18560][APAVisionOblInfoDebugPrint][119]OblType: 0, bIsMerge 0, DetectCount 28
[20240124_13:45:11_100] # [T18560][APAVisionOblInfoDebugPrint][122]CrossPointCoord: 0: 658, 9226; 1: 5371, 9841
[20240124_13:45:11_100] # [T18561][APAVisionOblInfoDebugPrint][125]OriginCrossPointCoord: 0: -2622, 4412; 1: -7494, 4667
[20240124_13:45:11_100] # [T18561][APAVisionOblInfoDebugPrint][126]VehCoordAndAng: 0, 5000, ang 0.000(0.000)
[20240124_13:45:11_100] # [T18562][APAVisionOblInfoDebugPrint][127] 
[20240124_13:45:11_104] # [T18562][APAVisionOblAdd][1323]Vision Obl merge: 0
[20240124_13:45:11_104] # [T18562][APAVisionOblAdd][1326]Receive Vision Obl CrossPointCoord: 0: -8385, 5427; 1: -4314, 7873
[20240124_13:45:11_104] # [T18563][APAVisionOblInfoDebugPrint][118]VisionOblInfo:
[20240124_13:45:11_104] # [T18563][APAVisionOblInfoDebugPrint][119]OblType: 0, bIsMerge 0, DetectCount 44
[20240124_13:45:11_104] # [T18563][APAVisionOblInfoDebugPrint][122]CrossPointCoord: 0: -3106, 6151; 1: 1363, 7592
[20240124_13:45:11_104] # [T18564][APAVisionOblInfoDebugPrint][125]OriginCrossPointCoord: 0: 8385, 427; 1: 4314, 2873
[20240124_13:45:11_106] # [T18564][APAVisionOblInfoDebugPrint][126]VehCoordAndAng: 0, 5000, ang 0.000(0.000)
[20240124_13:45:11_106] # [T18565][APAVisionOblInfoDebugPrint][127] 
[20240124_13:45:11_106] # [T18565][APAVisionOblAdd][1323]Vision Obl merge: 0
[20240124_13:45:11_106] # [T18565][APAVisionOblAdd][1326]Receive Vision Obl CrossPointCoord: 0: 2673, 6982; 1: 7547, 7323
[20240124_13:45:11_106] # [T18566][APAVisionOblInfoDebugPrint][118]VisionOblInfo:
[20240124_13:45:11_106] # [T18566][APAVisionOblInfoDebugPrint][119]OblType: 0, bIsMerge 0, DetectCount 45
[20240124_13:45:11_111] # [T18567][APAVisionOblInfoDebugPrint][122]CrossPointCoord: 0: -2977, 6170; 1: 1500, 7586
[20240124_13:45:11_111] # [T18567][APAVisionOblInfoDebugPrint][125]OriginCrossPointCoord: 0: -2673, 1982; 1: -7547, 2323
[20240124_13:45:11_111] # [T18568][APAVisionOblInfoDebugPrint][126]VehCoordAndAng: 0, 5000, ang 0.000(0.000)
[20240124_13:45:11_111] # [T18568][APAVisionOblInfoDebugPrint][127] 
[20240124_13:45:11_111] # [T18568][APAVisionOblAdd][1323]Vision Obl merge: 1
[20240124_13:45:11_112] # [T18569][APAVisionOblAdd][1326]Receive Vision Obl CrossPointCoord: 0: -8214, 8325; 1: -4452, 10586
[20240124_13:45:11_112] # [T18569][APAVisionOblInfoDebugPrint][118]VisionOblInfo:
[20240124_13:45:11_112] # [T18570][APAVisionOblInfoDebugPrint][119]OblType: 0, bIsMerge 0, DetectCount 29
[20240124_13:45:11_113] # [T18570][APAVisionOblInfoDebugPrint][122]CrossPointCoord: 0: 352, 9195; 1: 5032, 9866
[20240124_13:45:11_113] # [T18570][APAVisionOblInfoDebugPrint][125]OriginCrossPointCoord: 0: 8214, 3325; 1: 4452, 5586
[20240124_13:45:11_113] # [T18571][APAVisionOblInfoDebugPrint][126]VehCoordAndAng: 0, 5000, ang 0.000(0.000)
[20240124_13:45:11_113] # [T18571][APAVisionOblInfoDebugPrint][127] 
[20240124_13:45:11_113] # [T18572][VisionSlotAddValidCheck][893]Vision slot Length: 2370,2370, Depth 4878,4878
[20240124_13:45:11_113] # [T18572][VisionSlotAdd][1521]Added Vision Slot[1][1] Num 2 OriCoord: 0: -2622, 4412; 1: -7494, 4667; 2: -7618, 2300; 3: -2746, 2045
[20240124_13:45:11_115] # [T18573][VisionSlotAdd][1522]VehCoordAndAngle: 0, 5000, ang 0.000 (0.000)
[20240124_13:45:11_115] # [T18573][VisionSlotAdd][1523]Current VehPos: 0, 5000, ang -0.000 (-0.000)
[20240124_13:45:11_116] # [T18574][VisionSlotAdd][1528]Convert Vision Slot[1][1] Coord: 0: 2622, 9412; 1: 7494, 9667; 2: 7618, 7300; 3: 2746, 7045
[20240124_13:45:11_119] # [T18574][VisionSlotAdd][1533]Old Vision Slot[1][1] Coord: 0: 2582, 9418; 1: 7509, 9677; 2: 7635, 7274; 3: 2708, 7015
[20240124_13:45:11_120] # [T18575][VisionSlotAddSlotWeightCal][1014]u32Weight: 1, CentreY: 3228.500, DisY: 1940.500, SlotAng: 177.004
[20240124_13:45:11_120] # [T18576][VisionSlotAdd][1576]New Vision Slot[1][1] Coord: 0: 2583, 9418; 1: 7509, 9676; 2: 7635, 7275; 3: 2709, 7016
[20240124_13:45:11_120] # [T18576][VisionSlotAdd][1600]vision slot [1][1], u32Weight: 1, Sum: 28, SlotAng: 3.000, CurSlotAng: 2.996
[20240124_13:45:11_120] # [T18577][VisionSlotAddValidCheck][893]Vision slot Length: 2628,2627, Depth 4749,4748
[20240124_13:45:11_121] # [T18577][VisionSlotAdd][1521]Added Vision Slot[0][0] Num 2 OriCoord: 0: 4314, 2873; 1: 8385, 427; 2: 7032, -1825; 3: 2961, 620
[20240124_13:45:11_121] # [T18578][VisionSlotAdd][1522]VehCoordAndAngle: 0, 5000, ang 0.000 (0.000)
[20240124_13:45:11_121] # [T18578][VisionSlotAdd][1523]Current VehPos: 0, 5000, ang -0.000 (-0.000)
[20240124_13:45:11_123] # [T18579][VisionSlotAdd][1528]Convert Vision Slot[0][0] Coord: 0: -4314, 7873; 1: -8385, 5427; 2: -7032, 3175; 3: -2961, 5620
[20240124_13:45:11_123] # [T18580][VisionSlotAdd][1533]Old Vision Slot[0][0] Coord: 0: -4293, 7855; 1: -8379, 5404; 2: -7031, 3158; 3: -2945, 5608
[20240124_13:45:11_123] # [T18580][VisionSlotAddSlotWeightCal][1014]u32Weight: 18, CentreY: 1746.500, DisY: 458.500, SlotAng: -30.994
[20240124_13:45:11_124] # [T18581][VisionSlotAdd][1576]New Vision Slot[0][0] Coord: 0: -4294, 7856; 1: -8380, 5405; 2: -7031, 3159; 3: -2945, 5609
[20240124_13:45:11_124] # [T18581][VisionSlotAdd][1600]vision slot [0][0], u32Weight: 18, Sum: 432, SlotAng: -149.047, CurSlotAng: -149.006
[20240124_13:45:11_124] # [T18582][VisionSlotAddValidCheck][893]Vision slot Length: 2351,2351, Depth 4885,4885
[20240124_13:45:11_124] # [T18583][VisionSlotAdd][1521]Added Vision Slot[1][0] Num 2 OriCoord: 0: -2673, 1982; 1: -7547, 2323; 2: -7711, -23; 3: -2837, -364
[20240124_13:45:11_125] # [T18583][VisionSlotAdd][1522]VehCoordAndAngle: 0, 5000, ang 0.000 (0.000)
[20240124_13:45:11_125] # [T18584][VisionSlotAdd][1523]Current VehPos: 0, 5000, ang -0.000 (-0.000)
[20240124_13:45:11_125] # [T18584][VisionSlotAdd][1528]Convert Vision Slot[1][0] Coord: 0: 2673, 6982; 1: 7547, 7323; 2: 7711, 4977; 3: 2837, 4636
[20240124_13:45:11_125] # [T18585][VisionSlotAdd][1533]Old Vision Slot[1][0] Coord: 0: 2671, 6969; 1: 7558, 7302; 2: 7717, 4973; 3: 2830, 4640
[20240124_13:45:11_132] # [T18585][VisionSlotAddSlotWeightCal][1014]u32Weight: 17, CentreY: 809.000, DisY: 479.000, SlotAng: 175.998
[20240124_13:45:11_132] # [T18586][VisionSlotAdd][1576]New Vision Slot[1][0] Coord: 0: 2671, 6969; 1: 7557, 7303; 2: 7716, 4973; 3: 2830, 4639
[20240124_13:45:11_132] # [T18587][VisionSlotAdd][1600]vision slot [1][0], u32Weight: 17, Sum: 396, SlotAng: 3.909, CurSlotAng: 4.002
[20240124_13:45:11_132] # [T18587][VisionSlotAddValidCheck][893]Vision slot Length: 2441,2441, Depth 4389,4389
[20240124_13:45:11_133] # [T18588][VisionSlotAdd][1521]Added Vision Slot[0][1] Num 2 OriCoord: 0: 4452, 5586; 1: 8214, 3325; 2: 6956, 1232; 3: 3194, 3493
[20240124_13:45:11_133] # [T18588][VisionSlotAdd][1522]VehCoordAndAngle: 0, 5000, ang 0.000 (0.000)
[20240124_13:45:11_133] # [T18589][VisionSlotAdd][1523]Current VehPos: 0, 5000, ang -0.000 (-0.000)
[20240124_13:45:11_133] # [T18589][VisionSlotAdd][1528]Convert Vision Slot[0][1] Coord: 0: -4452, 10586; 1: -8214, 8325; 2: -6956, 6232; 3: -3194, 8493
[20240124_13:45:11_133] # [T18590][VisionSlotAdd][1533]Old Vision Slot[0][1] Coord: 0: -4440, 10581; 1: -8199, 8322; 2: -6947, 6237; 3: -3187, 8496
[20240124_13:45:11_133] # [T18591][VisionSlotAddSlotWeightCal][1014]u32Weight: 1, CentreY: 4539.500, DisY: 3251.500, SlotAng: -31.006
[20240124_13:45:11_134] # [T18591][VisionSlotAdd][1576]New Vision Slot[0][1] Coord: 0: -4442, 10582; 1: -8202, 8323; 2: -6948, 6236; 3: -3188, 8495
[20240124_13:45:11_143] # [T18592][VisionSlotAdd][1600]vision slot [0][1], u32Weight: 1, Sum: 6, SlotAng: -149.001, CurSlotAng: -148.994
[20240124_13:45:11_191] # [T18652][APAVisionOblAdd][1323]Vision Obl merge: 0
[20240124_13:45:11_191] # [T18652][APAVisionOblAdd][1326]Receive Vision Obl CrossPointCoord: 0: -8384, 5375; 1: -4299, 7829
[20240124_13:45:11_191] # [T18652][APAVisionOblInfoDebugPrint][118]VisionOblInfo:
[20240124_13:45:11_191] # [T18653][APAVisionOblInfoDebugPrint][119]OblType: 0, bIsMerge 0, DetectCount 46
[20240124_13:45:11_191] # [T18653][APAVisionOblInfoDebugPrint][122]CrossPointCoord: 0: -3095, 6152; 1: 1374, 7591
[20240124_13:45:11_193] # [T18653][APAVisionOblInfoDebugPrint][125]OriginCrossPointCoord: 0: 8384, 375; 1: 4299, 2829
[20240124_13:45:11_193] # [T18654][APAVisionOblInfoDebugPrint][126]VehCoordAndAng: 0, 5000, ang 0.000(0.000)
[20240124_13:45:11_193] # [T18654][APAVisionOblInfoDebugPrint][127] 
[20240124_13:45:11_194] # [T18655][APAVisionOblAdd][1323]Vision Obl merge: 1
[20240124_13:45:11_194] # [T18655][APAVisionOblAdd][1326]Receive Vision Obl CrossPointCoord: 0: 2565, 9449; 1: 7546, 9710
[20240124_13:45:11_194] # [T18656][APAVisionOblInfoDebugPrint][118]VisionOblInfo:
[20240124_13:45:11_194] # [T18656][APAVisionOblInfoDebugPrint][119]OblType: 0, bIsMerge 0, DetectCount 30
[20240124_13:45:11_198] # [T18656][APAVisionOblInfoDebugPrint][122]CrossPointCoord: 0: 426, 9203; 1: 5116, 9861
[20240124_13:45:11_198] # [T18657][APAVisionOblInfoDebugPrint][125]OriginCrossPointCoord: 0: -2565, 4449; 1: -7546, 4710
[20240124_13:45:11_198] # [T18657][APAVisionOblInfoDebugPrint][126]VehCoordAndAng: 0, 5000, ang 0.000(0.000)
[20240124_13:45:11_199] # [T18658][APAVisionOblInfoDebugPrint][127] 
[20240124_13:45:11_199] # [T18658][APAVisionOblAdd][1323]Vision Obl merge: 0
[20240124_13:45:11_199] # [T18658][APAVisionOblAdd][1326]Receive Vision Obl CrossPointCoord: 0: 2717, 6961; 1: 7565, 7300
[20240124_13:45:11_199] # [T18659][APAVisionOblInfoDebugPrint][118]VisionOblInfo:
[20240124_13:45:11_199] # [T18659][APAVisionOblInfoDebugPrint][119]OblType: 0, bIsMerge 0, DetectCount 47
[20240124_13:45:11_199] # [T18660][APAVisionOblInfoDebugPrint][122]CrossPointCoord: 0: -2971, 6170; 1: 1506, 7585
[20240124_13:45:11_200] # [T18660][APAVisionOblInfoDebugPrint][125]OriginCrossPointCoord: 0: -2717, 1961; 1: -7565, 2300
[20240124_13:45:11_200] # [T18661][APAVisionOblInfoDebugPrint][126]VehCoordAndAng: 0, 5000, ang 0.000(0.000)
[20240124_13:45:11_201] # [T18661][APAVisionOblInfoDebugPrint][127] 
[20240124_13:45:11_202] # [T18661][VisionSlotAddValidCheck][893]Vision slot Length: 2606,2606, Depth 4765,4764
[20240124_13:45:11_202] # [T18662][VisionSlotAdd][1521]Added Vision Slot[0][0] Num 2 OriCoord: 0: 4299, 2829; 1: 8384, 375; 2: 7041, -1859; 3: 2957, 594
[20240124_13:45:11_202] # [T18662][VisionSlotAdd][1522]VehCoordAndAngle: 0, 5000, ang 0.000 (0.000)
[20240124_13:45:11_202] # [T18663][VisionSlotAdd][1523]Current VehPos: 0, 5000, ang -0.000 (-0.000)
[20240124_13:45:11_203] # [T18663][VisionSlotAdd][1528]Convert Vision Slot[0][0] Coord: 0: -4299, 7829; 1: -8384, 5375; 2: -7041, 3141; 3: -2957, 5594
[20240124_13:45:11_203] # [T18664][VisionSlotAdd][1533]Old Vision Slot[0][0] Coord: 0: -4294, 7856; 1: -8380, 5405; 2: -7031, 3159; 3: -2945, 5609
[20240124_13:45:11_206] # [T18665][VisionSlotAddSlotWeightCal][1014]u32Weight: 18, CentreY: 1711.500, DisY: 423.500, SlotAng: -30.993
[20240124_13:45:11_206] # [T18665][VisionSlotAdd][1576]New Vision Slot[0][0] Coord: 0: -4294, 7855; 1: -8380, 5404; 2: -7032, 3158; 3: -296, 5608
[20240124_13:45:11_207] # [T18666][VisionSlotAdd][1600]vision slot [0][0], u32Weight: 18, Sum: 450, SlotAng: -149.046, CurSlotAng: -149.007
[20240124_13:45:11_207] # [T18667][VisionSlotAddValidCheck][893]Vision slot Length: 2426,2426, Depth 4987,4987
[20240124_13:45:11_207] # [T18667][VisionSlotAdd][1521]Added Vision Slot[1][1] Num 2 OriCoord: 0: -2565, 4449; 1: -7546, 4710; 2: -7673, 2287; 3: -2692, 2026
[20240124_13:45:11_207] # [T18668][VisionSlotAdd][1522]VehCoordAndAngle: 0, 5000, ang 0.000 (0.000)
[20240124_13:45:11_207] # [T18668][VisionSlotAdd][1523]Current VehPos: 0, 5000, ang -0.000 (-0.000)
[20240124_13:45:11_210] # [T18669][VisionSlotAdd][1528]Convert Vision Slot[1][1] Coord: 0: 2565, 9449; 1: 7546, 9710; 2: 7673, 7287; 3: 2692, 7026
[20240124_13:45:11_210] # [T18669][VisionSlotAdd][1533]Old Vision Slot[1][1] Coord: 0: 2583, 9418; 1: 7509, 9676; 2: 7635, 7275; 3: 2709, 7016
[20240124_13:45:11_210] # [T18670][VisionSlotAddSlotWeightCal][1014]u32Weight: 1, CentreY: 3237.500, DisY: 1949.500, SlotAng: 177.001
[20240124_13:45:11_211] # [T18670][VisionSlotAdd][1576]New Vision Slot[1][1] Coord: 0: 2583, 9419; 1: 7510, 9677; 2: 7636, 7275; 3: 2708, 7017
[20240124_13:45:11_211] # [T18671][VisionSlotAdd][1600]vision slot [1][1], u32Weight: 1, Sum: 29, SlotAng: 3.000, CurSlotAng: 3.000
[20240124_13:45:11_213] # [T18672][VisionSlotAddValidCheck][893]Vision slot Length: 2336,2336, Depth 4859,4858
[20240124_13:45:11_215] # [T18672][VisionSlotAdd][1521]Added Vision Slot[1][0] Num 2 OriCoord: 0: -2717, 1961; 1: -7565, 2300; 2: -7728, -31; 3: -2881, -370
[20240124_13:45:11_215] # [T18673][VisionSlotAdd][1522]VehCoordAndAngle: 0, 5000, an 0.000 (0.000)
[20240124_13:45:11_215] # [T18673][VisionSlotAdd][1523]Current VehPos: 0, 5000, ang -0.000 (-0.000)
[20240124_13:45:11_215] # [T18674][VisionSlotAdd][1528]Convert Vision Slot[1][0] Coord: 0: 2717, 6961; 1: 7565, 7300; 2: 7728, 4969; 3: 2881, 4630
[20240124_13:45:11_216] # [T18674][VisionSlotAdd][1533]Old Vision Slot[1][0] Coord: 0: 2671, 6969; 1: 7557, 7303; 2: 7716, 4973; 3: 2830, 4639
[20240124_13:45:11_216] # [T18675][VisionSlotAdSlotWeightCal][1014]u32Weight: 17, CentreY: 795.500, DisY: 492.500, SlotAng: 176.000
[20240124_13:45:11_216] # [T18676][VisionSlotAdd][1576]New Vision Slot[1][0] Coord: 0: 2673, 6969; 1: 7558, 7303; 2: 7717, 4973; 3: 2833, 4639
[20240124_13:45:11_234] # [T18676][VisionSlotAdd][1600]vision slot [1][0], u32Weight: 17, Sum: 413, SlotAng: 3.913, CurSlotAng: 4.000
[20240124_13:45:11_269] # [T18732][APAVisionOblAdd][1323]Vision bl merge: 0
[20240124_13:45:11_271] # [T18732][APAVisionOblAdd][1326]Receive Vision Obl CrossPointCoord: 0: 2712, 7027; 1: 7601, 7283
[20240124_13:45:11_271] # [T18733][APAVisionOblInfoDebugPrint][118]VisionOblInfo:
[20240124_13:45:11_272] # [T18733][APAVisionOblInfoDebugPrint][119]OblType: 0, bIsMerge 0, DetectCount 48
[20240124_13:45:11_272] # [T18733][APAVisionOblInfoDebugPrint][122]CrossPointCoord: 0: -2853, 6187; 1: 1633, 7579
[20240124_13:45:11_272] # [T18734][APAVisionOblInfoDebugPrint][125]OriginCrossPointCoord: 0: -2712, 2027; 1: -7601, 2283
[20240124_13:45:11_276] # [T18734][APAVisionOblInfoDebugPrint][126]VehCoordAndAng: 0, 5000, ang 0.000(0.000)
[20240124_13:45:11_276] # [T18735][APAVisionOblInfoDebugPrint][127] 
[20240124_13:45:11_276] # [T18735][APAVisionOblAdd][1323]Vision Obl merge: 1
[20240124_13:45:11_276] # [T18735][APAVisionOblAdd][1326]Receive Vision Obl CrossPointCoord: 0: 2627, 9423; 1: 7493, 9678
[20240124_13:45:11_276] # [T18736][APAVisionOblInfoDebugPrint][118]VisionOblInfo:
[20240124_13:45:11_277] # [T18736][APAVisionOblInfoDebugPrint][119]OblType: 0, bIsMerge 0, DetectCount 31
[20240124_13:45:11_277] # [T18737][APAVisionOblInfoDebugPrint][122]CrossPointCoord: 0: 497, 9210; 1: 5193, 9855
[20240124_13:45:11_277] # [T18737][APAVisionOblInfoDebugPrint][125]OriginCrossPointCoord: 0: -2627, 4423; 1: -7493 4678
[20240124_13:45:11_277] # [T18738][APAVisionOblInfoDebugPrint][126]VehCoordAndAng: 0, 5000, ang 0.000(0.000)
[20240124_13:45:11_277] # [T18738][APAVisionOblInfoDebugPrint][127] 
[20240124_13:45:11_278] # [T18738][APAVisionOblAdd][1323]Vision Obl merge: 0
[20240124_13:45:11_280] # [T18739][APAVisionOblAdd][1326]Receive Vision Obl CrossPointCoord: 0: -8372, 5378; 1: -4285, 7834
[20240124_13:45:11_280] # [T18739][APAVisionOblInfoDebugPrint][118]VisionOblInfo:
[20240124_13:45:11_280] # [T18740][APAVisionOblInfoDebugPrint][119]OblType: 0, bIsMerge 0, DetectCount 49
[20240124_13:45:11_280] # [T18740][APAVisionOblInfoDebugPrint][122]CrossPointCoord: 0: -2965, 6171; 1: 1512, 7584
[20240124_13:45:11_280] # [T18740][APAVisionOblInfoDebugPrint][125]OriginCrossPointCoord: 0: 8372, 378; 1: 4285, 2834
[20240124_13:45:11_281] # [T18741][APAVisionOblInfoDebugPrint][126]VehCoordAndAng: 0, 5000, ang 0.000(0.000)
[20240124_13:45:11_281] # [T18741][APAVisionOblInfoDebugPrint][127] 
[20240124_13:45:11_281] # [T18742][VisionSlotAddValidCheck][893]Vision slot Length: 2362,2362, Depth 4895,4895
[20240124_13:45:11_285] # [T18742][VisionSlotAdd][1521]Added Vision Slot[1][0] Num 2 OriCoord: 0: -2712, 2027; 1: -7601, 2283; 2: -7725, -76; 3: -2836, -332
[20240124_13:45:11_285] # [T18743][VisionSlotAdd][1522]VehCoordAndAngle: 0, 5000, ang 0.000 (0.000)
[20240124_13:45:11_286] # [T18743][VisionSlotAdd][1523]Current VehPos: 0, 5000, ang -0.000 (-0.000)
[20240124_13:45:11_286] # [T18744][VisionSlotAdd][1528]Convert Vision Slot[1][0] Coord: 0: 2712, 7027; 1: 7601, 7283; 2: 7725, 4924; 3: 2836, 4668
[20240124_13:45:11_286] # [T18744][VisionSlotAdd][1533]Old Vision Slot[1][0] Coord: 0: 2673, 6969; 1: 7558, 7303; 2: 7717, 4973; 3: 2833, 4639
[20240124_13:45:11_286] # [T18745][VisionSlotAddSlotWeightCal][1014]u32Weight: 18, CentreY: 847.500, DisY: 440.500, SlotAng: 177.003
[20240124_13:45:11_286] # [T18746][VisionSlotAdd][1576]New Vision Slot[1][0] Coord: 0: 2675, 6971; 1: 7559, 7302; 2: 7717, 4971; 3: 2833, 4640
[20240124_13:45:11_287] # [T18746][VisionSlotAdd][1600]vision slot [1][0], u32Weight: 18, Sum: 431, SlotAng: 3.875, CurSlotAng: 2.997
[20240124_13:45:11_287] # [T18747][VisionSlotAddValidCheck][893]Vision slot Length: 2399,2399, Depth 4872,4872
[20240124_13:45:11_287] # [T18747][VisionSlotAdd][1521]Added Vision Slot[1][1] Num 2 OriCoord: 0: -2627, 4423; 1: -7493, 4678; 2: -7618, 2282; 3: -2752,2027
[20240124_13:45:11_287] # [T18748][VisionSlotAdd][1522]VehCoordAndAngle: 0, 5000, ang 0.000 (0.000)
[20240124_13:45:11_290] # [T18748][VisionSlotAdd][1523]Current VehPos: 0, 5000, ang -0.000 (-0.000)
[20240124_13:45:11_290] # [T18749][VisionSlotAdd][1528]Convert Vision Slot[1][1] Coord: 0: 2627, 9423; 1: 7493, 9678; 2: 7618, 7282; 3: 2752, 7027
[20240124_13:45:11_291] # [T18750][VisionSlotAdd][1533]Old Vision Slot[1][1] Coord: 0: 2583, 9419; 1: 7510, 9677; 2: 7636, 7275; 3: 2708, 7017
[20240124_13:45:11_291] # [T18750][VisionSlotAddSlotWeightCal][1014]u32Weight: 1, CentreY: 3225.000, DisY: 1937.000, SlotAng: 177.000
[20240124_13:45:11_291] # [T18751][VisionSlotAdd][1576]New Vision Slot[1][1] Coord: 0: 2584, 9419; 1: 7509, 9677; 2: 7635, 7275; 3: 2710, 7017
[20240124_13:45:11_291] # [T18751][VisionSlotAdd][1600]vision slot [1][1], u32Weight: 1, Sum: 30, SlotAng: 3.000, CurSlotAng: 3.000
[20240124_13:45:11_292] # [T18752][VisionSlotAddValidCheck][893]Vision slot Length: 2622,2621, Depth 4768,4767
[20240124_13:45:11_293] # [T18753][VisionSlotAdd][1521]Added Vision Slot[0][0] Num 2 OriCoord: 0: 4285, 2834; 1: 8372, 378; 2: 7021, -1869; 3: 2934, 586
[20240124_13:45:11_294] # [T18753][VisionSlotAdd][1522]VehCoordAndAngle: 0, 5000, ang 0.000 (0.000)
[20240124_13:45:11_294] # [T18754][VisionSlotAdd][1523]Current VehPos: 0, 5000, ang -0.000 (-0.000)
[20240124_13:45:11_294] # [T18754][VisionSlotAdd][1528]Convert Vision Slot[0][0] Coord: 0: -4285, 7834; 1: -8372, 5378; 2: -7021, 3131; 3: -2934, 5586
[20240124_13:45:11_294] # [T18755][VisionSlotAdd][1533]Old Vision Slot[0][0] Coord: 0: -4294, 7855; 1: -8380, 5404; 2: -7032, 3158; 3: -2946, 5608
[20240124_13:45:11_294] # [T18755][VisionSlotAddSlotWeightCal][1014]u32Weight: 18, CentreY: 1710.000, DisY: 422.000, SlotAng: -30.998
[20240124_13:45:11_298] # [T18756][VisionSlotAdd][1576]New Vision Slot[0][0] Coord: 0: -4293, 7854; 1: -8380, 5403; 2: -7031, 3157; 3: -2945, 5607
[20240124_13:45:11_315] # [T18757][VisionSlotAdd][1600]vision slot [0][0], u32Weight: 18, Sum: 468, SlotAng: -149.044, CurSlotAng: -149.002
[20240124_13:45:11_361] # [T18823][APAVisionOblAdd][1323]Vision Obl merge: 1
[20240124_13:45:11_362] # [T18823][APAVisionOblAdd][1326]Receive Vision Obl CrossPointCoord: 0: 2562, 9429; 1: 7557, 9690
[20240124_13:45:11_362] # [T18823][APAVisionOblInfoDebugPrint][118]VisionOblInfo:
[20240124_13:45:11_364] # [T18824][APAVisionOblInfoDebugPrint][119]OblType: 0, bIsMerge 0, DetectCount 32
[20240124_13:45:11_364] # [T18824][APAVisionOblInfoDebugPrint][122]CrossPointCoord: 0: 561, 9217; 1: 5267, 9850
[20240124_13:45:11_364] # [T18825][APAVisionOblInfoDebugPrint][125]OriginCrossPointCoord: 0: -2562, 4429; 1: -7557, 4690
[20240124_13:45:11_364] # [T18825][APAVisionOblInfoDebugPrint][126]VehCoordAndAng: 0, 5000, ang 0.000(0.000)
[20240124_13:45:11_364] # [T18826][APAVisionOblInfoDebugPrint][127] 
[20240124_13:45:11_366] # [T18826][APAVisionOblAdd][1323]Vision Obl merge: 0
[20240124_13:45:11_367] # [T18826][APAVisionOblAdd][1326]Receive Vision Obl CrossPointCoord: 0: -8396, 5428; 1: -4268, 7811
[20240124_13:45:11_367] # [T18827][APAVisionOblInfoDebugPrint][118]VisionOblInfo:
[20240124_13:45:11_367] # [T18827][APAVisionOblInfoDebugPrint][119]OblType: 0, bIsMerge 0, DetectCount 50
[20240124_13:45:11_367] # [T18827][APAVisionOblInfoDebugPrint][122]CrossPointCoord: 0: -3074, 6156; 1: 1396, 7589
[20240124_13:45:11_367] # [T18828][APAVisionOblInfoDebugPrint][125]OriginCrossPointCoord: 0: 8396, 428; 1: 4268, 2811
[20240124_13:45:11_369] # [T18828][APAVisionOblInfoDebugPrint][126]VehCoordAndAng: 0, 5000, ang 0.000(0.000)
[20240124_13:45:11_369] # [T18829][APAVisionOblInfoDebugPrint][127] 
[20240124_13:45:11_369] # [T18829][APAVisionOblAdd][1323]Vision Obl merge: 0
[20240124_13:45:11_370] # [T18829][APAVisionOblAdd][1326]Receive Vision Obl CrossPointCoord: 0: 2649, 6978; 1: 7572, 7322
[20240124_13:45:11_370] # [T18830][APAVisionOblInfoDebugPrint][118]VisionOblInfo:
[20240124_13:45:11_370] # [T18830][APAVisionOblInfoDebugPrint][119]OblType: 0, bIsMerge 0, DetectCount 51
[20240124_13:45:11_370] # [T18831][APAVisionOblInfoDebugPrint][122]CrossPointCoord: 0: -2962, 6172; 1: 1517, 7583
[20240124_13:45:11_372] # [T18831][APAVisionOblInfoDebugPrint][125]OriginCrossPointCoord: 0: -2649, 1978; 1: -7572, 2322
[20240124_13:45:11_372] # [T18832][APAVisionOblInfoDebugPrint][126]VehCoordAndAng: 0, 5000, ang 0.000(0.000)
[20240124_13:45:11_372] # [T18832][APAVisionOblInfoDebugPrint][127] 
[20240124_13:45:11_372] # [T18832][VisionSlotAddValidCheck][893]Vision slot Length: 2416,2415, Depth 5001,5000
[20240124_13:45:11_373] # [T18833][VisionSlotAdd][1521]Added Vision Slot[1][1] Num 2 OriCoord: 0: -2562, 4429; 1: -7557, 4690; 2: -7683, 2278; 3: -2689, 2016
[20240124_13:45:11_376] # [T18834][VisionSlotAdd][1522]VehCoordAndAngle: 0, 5000, ang 0.000 (0.000)
[20240124_13:45:11_376] # [T18834][VisionSlotAdd][1523]Current VehPos: 0, 5000, ang -0.000 (-0.000)
[20240124_13:45:11_378] # [T18834][VisionSlotAdd][1528]Convert Vision Slot[1][1] Coord: 0: 2562, 9429; 1: 7557, 9690; 2: 7683, 7278; 3: 2689, 7016
[20240124_13:45:11_378] # [T18835][VisionSlotAdd][1533]Old Vision Slot[1][1] Coord: 0: 2584, 9419; 1: 7509, 9677; 2: 7635, 7275; 3: 2710, 7017
[20240124_13:45:11_378] # [T18836][VisionSlotAddSlotWeightCal][1014]u32Weight: 1, CentreY: 3222.500, DisY: 1934.500, SlotAng: 177.003
[20240124_13:45:11_378] # [T18836][VisionSlotAdd][1576]New Vision Slot[1][1] Coord: 0: 2583, 9420; 1: 7511, 9678; 2: 7637, 7275; 3: 2709, 7017
[20240124_13:45:11_379] # [T18837][VisionSlotAdd][1600]vision slot [1][1], u32Weight: 1, Sum: 31, SlotAng: 3.000, CurSlotAng: 2.997
[20240124_13:45:11_379] # [T18838][VisionSlotAddValidCheck][893]Vision slot Length: 2622,2621, Depth 4766,4765
[20240124_13:45:11_379] # [T18838][VisionSlotAdd][1521]Added Vision Slot[0][0] Num 2 OriCoord: 0: 4268, 2811; 1: 8396, 428; 2: 7085, -1842; 3: 2957, 540
[20240124_13:45:11_379] # [T18839][VisionSlotAdd][1522]VehCoordAndAngle: 0, 5000, ang 0.000 (0.000)
[20240124_13:45:11_380] # [T18839][VisionSlotAdd][1523]Current VehPos: 0, 5000, ang -0.000 (-0.000)
[20240124_13:45:11_380] # [T18840][VisionSlotAdd][1528]Convert Vision Slot[0][0] Coord: 0: -4268, 7811; 1: -8396, 5428; 2: -7085, 3158; 3: -2957, 5540
[20240124_13:45:11_382] # [T18840][VisionSlotAdd][1533]Old Vision Slot[0][0] Coord: 0: -4293, 7854; 1: -8380, 5403; 2: -7031, 3157; 3: -2945, 5607
[20240124_13:45:11_382] # [T18841][VisionSlotAddSlotWeightCal][1014]u32Weight: 19, CentreY: 1675.500, DisY: 387.500, SlotAng: -29.992
[20240124_13:45:11_382] # [T18842][VisionSlotAdd][1576]New Vision Slot[0][0] Coord: 0: -4292, 7852; 1: -8380, 5404; 2: -7033, 3157; 3: -2946, 5604
[20240124_13:45:11_382] # [T18842][VisionSlotAdd][1600]vision slot [0][0], u32Weight: 19, Sum: 487, SlotAng: -149.082, CurSlotAng: -150.008
[20240124_13:45:11_383] # [T18843][VisionSlotAddValidCheck][893]Vision slot Length: 2349,2349, Depth 4935,4935
[20240124_13:45:11_383] # [T18843][VisionSlotAdd][1521]Added Vision Slot[1][0] Num 2 OriCoord: 0: -2649, 1978; 1: -7572, 2322; 2: -7736, -22; 3: -2813, -366
[20240124_13:45:11_385] # [T18844][VisionSlotAdd][1522]VehCoordAndAngle: 0, 5000, ang 0.000 (0.000)
[20240124_13:45:11_385] # [T18844][VisionSlotAdd][1523]Current VehPos: 0, 5000, ang -0.000 (-0.000)
[20240124_13:45:11_385] # [T18845][VisionSlotAdd][1528]Convert Vision Slot[1][0] Coord: 0: 2649, 6978; 1: 7572, 7322; 2: 7736, 4978; 3: 2813, 4634
[20240124_13:45:11_385] # [T18846][VisionSlotAdd][1533]Old Vision Slot[1][0] Coord: 0: 2675, 6971; 1: 7559, 7302; 2: 7717, 4971; 3: 2833, 4640
[20240124_13:45:11_386] # [T18846][VisionSlotAddSlotWeightCal][1014]u32Weight: 17, CentreY: 806.000, DisY: 482.000, SlotAng: 176.003
[20240124_13:45:11_386] # [T18847][VisionSlotAdd][1576]New Vision Slot[1][0] Coord: 0: 2674, 6971; 1: 7560, 7303; 2: 7718, 4971; 3: 2832, 4640
[20240124_13:45:11_407] # [T18847][VisionSlotAdd][1600]vision slot [1][0], u32Weight: 17, Sum: 448, SlotAng: 3.880, CurSlotAng: 3.997
[20240124_13:45:11_454] # [T18914][APAVisionOblAdd][1323]Vision Obl merge: 1
[20240124_13:45:11_454] # [T18914][APAVisionOblAdd][1326]Receive Vision Obl CrossPointCoord: 0: 2589, 9402; 1: 7560, 9662
[20240124_13:45:11_454] # [T18914][APAVisionOblInfoDebugPrint][118]VisionOblInfo:
[20240124_13:45:11_454] # [T18915][APAVisionOblInfoDebugPrint][119]OblType: 0, bIsMerge 0, DetectCount 33
[20240124_13:45:11_454] # [T18915][APAVisionOblInfoDebugPrint][122]CrossPointCoord: 0: 623, 9222; 1: 5336, 9844
[20240124_13:45:11_455] # [T18916][APAVisionOblInfoDebugPrint][125]OriginCrossPointCoord: 0: -2589, 4402; 1: -7560, 4662
[20240124_13:45:11_457] # [T18916][APAVisionOblInfoDebugPrint][126]VehCoordAndAng: 0, 5000, ang 0.000(0.000)
[20240124_13:45:11_457] # [T18917][APAVisionOblInfoDebugPrint][127] 
[20240124_13:45:11_457] # [T18917][APAVisionOblAdd][1323]Vision Obl merge: 0
[20240124_13:45:11_457] # [T18917][APAVisionOblAdd][1326]Receive Vision Obl CrossPointCoord: 0: -8390, 5419; 1: -4230, 7821
[20240124_13:45:11_457] # [T18918][APAVisionOblInfoDebugPrint][118]VisionOblInfo:
[20240124_13:45:11_458] # [T18918][APAVisionOblInfoDebugPrint][119]OblType: 0, bIsMerge 0, DetectCount 52
[20240124_13:45:11_458] # [T18918][APAVisionOblInfoDebugPrint][122]CrossPointCoord: 0: -3066, 6158; 1: 1407, 7588
[20240124_13:45:11_460] # [T18919][APAVisionOblInfoDebugPrint][125]OriginCrossPointCoord: 0: 8390, 419; 1: 4230, 2821
[20240124_13:45:11_460] # [T18919][APAVisionOblInfoDebugPrint][126]VehCoordAndAng: 0, 5000, ang 0.000(0.000)
[20240124_13:45:11_460] # [T18920][APAVisionOblInfoDebugPrint][127] 
[20240124_13:45:11_460] # [T18920][APAVisionOblAdd][1323]Vision Obl merge: 0
[20240124_13:45:11_461] # [T18920][APAVisionOblAdd][1326]Receive Vision Obl CrossPointCoord: 0: 2685, 6970; 1: 7566, 7312
[20240124_13:45:11_461] # [T18921][APAVisionOblInfoDebugPrint][118]VisionOblInfo:
[20240124_13:45:11_461] # [T18921][APAVisionOblInfoDebugPrint][119]OblType: 0, bIsMerge 0, DetectCount 53
[20240124_13:45:11_461] # [T18922][APAVisionOblInfoDebugPrint][122]CrossPointCoord: 0: -2958, 6173; 1: 1523, 7583
[20240124_13:45:11_463] # [T18922][APAVisionOblInfoDebugPrint][125]OriginCrossPointCoord: 0: -2685, 1970; 1: -7566, 2312
[20240124_13:45:11_463] # [T18923][APAVisionOblInfoDebugPrint][126]VehCoordAndAng: 0, 5000, ang 0.000(0.000)
[20240124_13:45:11_463] # [T18923][APAVisionOblInfoDebugPrint][127] 
[20240124_13:45:11_463] # [T18923][VisionSlotAddValidCheck][893]Vision slot Length: 2399,2399, Depth 4977,4977
[20240124_13:45:11_463] # [T18924][VisionSlotAdd][1521]Added Vision Slot[1][1] Num 2 OriCoord: 0: -2589, 4402; 1: -7560, 4662; 2: -7686, 2266; 3: -2715, 2006
[20240124_13:45:11_464] # [T18925][VisionSlotAdd][1522]VehCoordAndAngle: 0, 5000, ang 0.000 (0.000)
[20240124_13:45:11_464] # [T18925][VisionSlotAdd][1523]Current VehPos: 0, 5000, ang -0.000 (-0.000)
[20240124_13:45:11_466] # [T18925][VisionSlotAdd][1528]Convert Vision Slot[1][1] Coord: 0: 2589, 9402; 1: 7560, 9662; 2: 7686, 7266; 3: 2715, 7006
[20240124_13:45:11_467] # [T18926][VisionSlotAdd][1533]Old Vision Slot[1][1] Coord: 0: 2583, 9420; 1: 7511, 9678; 2: 7637, 7275; 3: 2709, 7017
[20240124_13:45:11_467] # [T18927][VisionSlotAddSlotWeightCal][1014]u32Weight: 1, CentreY: 3204.000, DisY: 1916.000, SlotAng: 177.006
[20240124_13:45:11_467] # [T18927][VisionSlotAdd][1576]New Vision Slot[1][1] Coord: 0: 2583, 9419; 1: 7512, 9677; 2: 7638, 7275; 3: 2709, 7017
[20240124_13:45:11_468] # [T18928][VisionSlotAdd][1600]vision slot [1][1], u32Weight: 1, Sum: 32, SlotAng: 2.999, CurSlotAng: 2.994
[20240124_13:45:11_469] # [T18929][VisionSlotAddValidCheck][893]Vision slot Length: 2564,2563, Depth 4803,4803
[20240124_13:45:11_469] # [T18929][VisionSlotAdd][1521]Added Vision Slot[0][0] Num 2 OriCoord: 0: 4230, 2821; 1: 8390, 419; 2: 7108, -1801; 3: 2948, 600
[20240124_13:45:11_470] # [T18930][VisionSlotAdd][1522]VehCoordAndAngle: 0, 5000, ang 0.000 (0.000)
[20240124_13:45:11_470] # [T18930][VisionSlotAdd][1523]Current VehPos: 0, 5000, ang -0.000 (-0.000)
[20240124_13:45:11_470] # [T18931][VisionSlotAdd][1528]Convert Vision Slot[0][0] Coord: 0: -4230, 7821; 1: -8390, 5419; 2: -7108, 3199; 3: -2948, 5600
[20240124_13:45:11_473] # [T18931][VisionSlotAdd][1533]Old Vision Slot[0][0] Coord: 0: -4292, 7852; 1: -8380, 5404; 2: -7033, 3157; 3: -2946, 5604
[20240124_13:45:11_473] # [T18932][VisionSlotAddSlotWeightCal][1014]u32Weight: 18, CentreY: 1710.500, DisY: 422.500, SlotAng: -29.997
[20240124_13:45:11_474] # [T18933][VisionSlotAdd][1576]New Vision Slot[0][0] Coord: 0: -4290, 7851; 1: -8380, 5404; 2: -7036, 3158; 3: -2946, 5604
[20240124_13:45:11_474] # [T18934][VisionSlotAdd][1600]vision slot [0][0], u32Weight: 18, Sum: 505, SlotAng: -149.115, CurSlotAng: -150.003
[20240124_13:45:11_474] # [T18934][VisionSlotAddValidCheck][893]Vision slot Length: 2347,2347, Depth 4892,4891
[20240124_13:45:11_477] # [T18935][VisionSlotAdd][1521]Added Vision Slot[1][0] Num 2 OriCoord: 0: -2685, 1970; 1: -7566, 2312; 2: -7729, -30; 3: -2849, -372
[20240124_13:45:11_477] # [T18936][VisionSlotAdd][1522]VehCoordAndAngle: 0, 5000, ang 0.000 (0.000)
[20240124_13:45:11_477] # [T18936][VisionSlotAdd][1523]Current VehPos: 0, 5000, ang -0.000 (-0.000)
[20240124_13:45:11_477] # [T18936][VisionSlotAdd][1528]Convert Vision Slot[1][0] Coord: 0: 2685, 6970; 1: 7566, 7312; 2: 7729, 4970; 3: 2849, 4628
[20240124_13:45:11_478] # [T18937][VisionSlotAdd][1533]Old Vision Slot[1][0] Coord: 0: 2674, 6971; 1: 7560, 7303; 2: 7718, 4971; 3: 2832, 4640
[20240124_13:45:11_478] # [T18938][VisionSlotAddSlotWeightCal][1014]u32Weight: 17, CentreY: 799.000, DisY: 489.000, SlotAng: 175.992
[20240124_13:45:11_479] # [T18938][VisionSlotAdd][1576]New Vision Slot[1][0] Coord: 0: 2674, 6971; 1: 7560, 7303; 2: 7718, 4971; 3: 2833, 4640
[20240124_13:45:11_484] # [T18939][VisionSlotAdd][1600]vision slot [1][0], u32Weight: 17, Sum: 465, SlotAng: 3.884, CurSlotAng: 4.008
[20240124_13:45:11_535] #   18990-task_radar-118: RadarCaptureCnt is 104 
[20240124_13:45:11_535] # 
[20240124_13:45:11_535] # [T18995][APAVisionOblAdd][1323]Vision Obl merge: 1
[20240124_13:45:11_535] # [T18995][APAVisionOblAdd][1326]Receive Vision Obl CrossPointCoord: 0: 2559, 9451; 1: 7569, 9714
[20240124_13:45:11_537] # [T18996][APAVisionOblInfoDebugPrint][118]VisionOblInfo:
[20240124_13:45:11_537] # [T18996][APAVisionOblInfoDebugPrint][119]OblType: 0, bIsMerge 0, DetectCount 34
[20240124_13:45:11_537] # [T18996][APAVisionOblInfoDebugPrint][122]CrossPointCoord: 0: 680, 9229; 1: 5402, 9840
[20240124_13:45:11_537] # [T18997][APAVisionOblInfoDebugPrint][125]OriginCrossPointCoord: 0: -2559, 4451; 1: -7569, 4714
[20240124_13:45:11_537] # [T18997][APAVisionOblInfoDebugPrint][126]VehCoordAndAng: 0, 5000, ang 0.000(0.000)
[20240124_13:45:11_538] # [T18998][APAVisionOblInfoDebugPrint][127] 
[20240124_13:45:11_538] # [T18998][APAVisionOblAdd][1323]Vision Obl merge: 0
[20240124_13:45:11_538] # [T18998][APAVisionOblAdd][1326]Receive Vision Obl CrossPointCoord: 0: -8360, 5436; 1: -4276, 7889
[20240124_13:45:11_539] # [T18999][APAVisionOblInfoDebugPrint][118]VisionOblInfo:
[20240124_13:45:11_539] # [T18999][APAVisionOblInfoDebugPrint][119]OblType: 0, bIsMerge 0, DetectCount 54
[20240124_13:45:11_539] # [T19000][APAVisionOblInfoDebugPrint][122]CrossPointCoord: 0: -3058, 6159; 1: 1416, 7588
[20240124_13:45:11_540] # [T19000][APAVisionOblInfoDebugPrint][125]OriginCrossPointCoord: 0: 8360, 436; 1: 4276, 2889
[20240124_13:45:11_541] # [T19001][APAVisionOblInfoDebugPrint][126]VehCoordAndAng: 0, 5000, ang 0.000(0.000)
[20240124_13:45:11_541] # [T19001][APAVisionOblInfoDebugPrint][127] 
[20240124_13:45:11_542] # [T19001][APAVisionOblAdd][1323]Vision Obl merge: 0
[20240124_13:45:11_542] # [T19002][APAVisionOblAdd][1326]Receive Vision Obl CrossPointCoord: 0: 2653, 6939; 1: 7550, 7281
[20240124_13:45:11_542] # [T19002][APAVisionOblInfoDebugPrint][118]VisionOblInfo:
[20240124_13:45:11_542] # [T19003][APAVisionOblInfoDebugPrint][119]OblType: 0, bIsMerge 0, DetectCount 55
[20240124_13:45:11_542] # [T19003][APAVisionOblInfoDebugPrint][122]CrossPointCoord: 0: -2954, 6174; 1: 1527, 7583
[20240124_13:45:11_545] # [T19003][APAVisionOblInfoDebugPrint][125]OriginCrossPointCoord: 0: -2653, 1939; 1: -7550, 2281
[20240124_13:45:11_545] # [T19004][APAVisionOblInfoDebugPrint][126]VehCoordAndAng: 0, 5000, ang 0.000(0.000)
[20240124_13:45:11_545] # [T19004][APAVisionOblInfoDebugPrint][127] 
[20240124_13:45:11_545] # [T19005][APAVisionOblAdd][1323]Vision Obl merge: 1
[20240124_13:45:11_547] # [T19005][APAVisionOblAdd][1326]Receive Vision Obl CrossPointCoord: 0: -8223, 8307; 1: -4443, 10579
[20240124_13:45:11_547] # [T19006][APAVisionOblInfoDebugPrint][118]VisionOblInfo:
[20240124_13:45:11_547] # [T19006][APAVisionOblInfoDebugPrint][119]OblType: 0, bIsMerge 0, DetectCount 35
[20240124_13:45:11_547] # [T19006][APAVisionOblInfoDebugPrint][122]CrossPointCoord: 0: 425, 9203; 1: 5121, 9862
[20240124_13:45:11_549] # [T19007][APAVisionOblInfoDebugPrint][125]OriginCrossPointCoord: 0: 8223, 3307; 1: 4443, 5579
[20240124_13:45:11_549] # [T19007][APAVisionOblInfoDebugPrint][126]VehCoordAndAng: 0, 5000, ang 0.000(0.000)
[20240124_13:45:11_550] # [T19008][APAVisionOblInfoDebugPrint][127] 
[20240124_13:45:11_550] # [T19008][VisionSlotAddValidCheck][893]Vision slot Length: 2443,2444, Depth 5016,5017
[20240124_13:45:11_550] # [T19008][VisionSlotAdd][1521]Added Vision Slot[1][1] Num 2 OriCoord: 0: -2559, 4451; 1: -7569, 4714; 2: -7697, 2273; 3: -2686, 2011
[20240124_13:45:11_550] # [T19009][VisionSlotAdd][1522]VehCoordAndAngle: 0, 5000, ang 0.000 (0.000)
[20240124_13:45:11_550] # [T19010][VisionSlotAdd][1523]Current VehPos: 0, 5000, ang -0.000 (-0.000)
[20240124_13:45:11_550] # [T19010][VisionSlotAdd][1528]Convert Vision Slot[1][1] Coord: 0: 2559, 9451; 1: 7569, 9714; 2: 7697, 7273; 3: 2686, 7011
[20240124_13:45:11_550] # [T19011][VisionSlotAdd][1533]Old Vision Slot[1][1] Coord: 0: 2583, 9419; 1: 7512, 9677; 2: 7638, 7275; 3: 2709, 7017
[20240124_13:45:11_551] # [T19011][VisionSlotAddSlotWeightCal][1014]u32Weight: 1, CentreY: 3231.000, DisY: 1943.000, SlotAng: 177.001
[20240124_13:45:11_554] # [T19012][VisionSlotAdd][1576]New Vision Slot[1][1] Coord: 0: 2583, 9420; 1: 7514, 9678; 2: 7640, 7275; 3: 2709, 7016
[20240124_13:45:11_555] # [T19013][VisionSlotAdd][1600]vision slot [1][1], u32Weight: 1, Sum: 33, SlotAng: 2.999, CurSlotAng: 2.999
[20240124_13:45:11_555] # [T19013][VisionSlotAddValidCheck][893]Vision slot Length: 2631,2630, Depth 4764,4763
[20240124_13:45:11_555] # [T19014][VisionSlotAdd][1521]Added Vision Slot[0][0] Num 2 OriCoord: 0: 4276, 2889; 1: 8360, 436; 2: 7005, -1819; 3: 2921, 633
[20240124_13:45:11_555] # [T19014][VisionSlotAdd][1522]VehCoordAndAngle: 0, 5000, ang 0.000 (0.000)
[20240124_13:45:11_556] # [T19015][VisionSlotAdd][1523]Current VehPos: 0, 5000, ang -0.000 (-0.000)
[20240124_13:45:11_556] # [T19015][VisionSlotAdd][1528]Convert Vision Slot[0][0] Coord: 0: -4276, 7889; 1: -8360, 5436; 2: -7005, 3181; 3: -2921, 5633
[20240124_13:45:11_557] # [T19016][VisionSlotAdd][1533]Old Vision Slot[0][0] Coord: 0: -4290, 7851; 1: -8380, 5404; 2: -7036, 3158; 3: -2946, 5604
[20240124_13:45:11_557] # [T19017][VisionSlotAddSlotWeightCal][1014]u32Weight: 18, CentreY: 1761.000, DisY: 473.000, SlotAng: -30.985
[20240124_13:45:11_558] # [T19017][VisionSlotAdd][1576]New Vision Slot[0][0] Coord: 0: -4290, 7853; 1: -8380, 5405; 2: -7035, 3159; 3: -2945, 5605
[20240124_13:45:11_558] # [T19018][VisionSlotAdd][1600]vision slot [0][0], u32Weight: 18, Sum: 523, SlotAng: -149.111, CurSlotAng: -149.015
[20240124_13:45:11_558] # [T19018][VisionSlotAddValidCheck][893]Vision slot Length: 2337,2336, Depth 4908,4908
[20240124_13:45:11_560] # [T19019][VisionSlotAdd][1521]Added Vision Slot[1][0] Num 2 OriCoord: 0: -2653, 1939; 1: -7550, 2281; 2: -7713, -50; 3: -2816, -393
[20240124_13:45:11_561] # [T19020][VisionSlotAdd][1522]VehCoordAndAngle: 0, 5000, ang 0.000 (0.000)
[20240124_13:45:11_561] # [T19020][VisionSlotAdd][1523]Current VehPos: 0, 5000, ang -0.000 (-0.000)
[20240124_13:45:11_561] # [T19020][VisionSlotAdd][1528]Convert Vision Slot[1][0] Coord: 0: 2653, 6939; 1: 7550, 7281; 2: 7713, 4950; 3: 2816, 4607
[20240124_13:45:11_561] # [T19021][VisionSlotAdd][1533]Old Vision Slot[1][0] Coord: 0: 2674, 6971; 1: 7560, 7303; 2: 7718, 4971; 3: 2833, 4640
[20240124_13:45:11_562] # [T19022][VisionSlotAddSlotWeightCal][1014]u32Weight: 17, CentreY: 773.000, DisY: 515.000, SlotAng: 175.999
[20240124_13:45:11_562] # [T19022][VisionSlotAdd][1576]New Vision Slot[1][0] Coord: 0: 2673, 6970; 1: 7560, 7302; 2: 7718, 4970; 3: 2832, 4638
[20240124_13:45:11_564] # [T19023][VisionSlotAdd][1600]vision slot [1][0], u32Weight: 17, Sum: 482, SlotAng: 3.888, CurSlotAng: 4.001
[20240124_13:45:11_564] # [T19024][VisionSlotAddValidCheck][893]Vision slot Length: 2419,2419, Depth 4410,4410
[20240124_13:45:11_564] # [T19024][VisionSlotAdd][1521]Added Vision Slot[0][1] Num 2 OriCoord: 0: 4443, 5579; 1: 8223, 3307; 2: 6977, 1233; 3: 3197, 3505
[20240124_13:45:11_566] # [T19025][VisionSlotAdd][1522]VehCoordAndAngle: 0, 5000, ang 0.000 (0.000)
[20240124_13:45:11_566] # [T19025][VisionSlotAdd][1523]Current VehPos: 0, 5000, ang -0.000 (-0.000)
[20240124_13:45:11_566] # [T19026][VisionSlotAdd][1528]Convert Vision Slot[0][1] Coord: 0: -4443, 10579; 1: -8223, 8307; 2: -6977, 6233; 3: -3197, 8505
[20240124_13:45:11_568] # [T19026][VisionSlotAdd][1533]Old Vision Slot[0][1] Coord: 0: -4442, 10582; 1: -8202, 8323; 2: -6948, 6236; 3: -3188, 8495
[20240124_13:45:11_568] # [T19027][VisionSlotAddSlotWeightCal][1014]u32Weight: 1, CentreY: 4542.000, DisY: 3254.000, SlotAng: -31.008
[20240124_13:45:11_568] # [T19028][VisionSlotAdd][1576]New Vision Slot[0][1] Coord: 0: -4442, 10581; 1: -8205, 8320; 2: -6952, 6236; 3: -3190, 8497
[20240124_13:45:11_575] # [T19028][VisionSlotAdd][1600]vision slot [0][1], u32Weight: 1, Sum: 7, SlotAng: -148.999, CurSlotAng: -148.992
[20240124_13:45:11_635] # [T19096][VisionSlotAddValidCheck][893]Vision slot Length: 2374,2374, Depth 4911,4911
[20240124_13:45:11_636] # [T19096][VisionSlotAdd][1521]Added Vision Slot[1][1] Num 2 OriCoord: 0: -2601, 4407; 1: -7506, 4664; 2: -7630, 2293; 3: -2725, 2036
[20240124_13:45:11_636] # [T19097][VisionSlotAdd][1522]VehCoordAndAngle: 0, 5000, ang 0.000 (0.000)
[20240124_13:45:11_636] # [T19097][VisionSlotAdd][1523]Current VehPos: 0, 5000, ang -0.000 (-0.000)
[20240124_13:45:11_638] # [T19098][VisionSlotAdd][1528]Convert Vision Slot[1][1] Coord: 0: 2601, 9407; 1: 7506, 9664; 2: 7630, 7293; 3: 2725, 7036
[20240124_13:45:11_638] # [T19098][VisionSlotAdd][1533]Old Vision Slot[1][1] Coord: 0: 2583, 9420; 1: 7514, 9678; 2: 7640, 7275; 3: 2709, 7016
[20240124_13:45:11_643] # [T1999][VisionSlotAddSlotWeightCal][1014]u32Weight: 1, CentreY: 3221.500, DisY: 1933.500, SlotAng: 177.001
[20240124_13:45:11_643] # [T19099][VisionSlotAdd][1576]New Vision Slot[1][1] Coord: 0: 2583, 9420; 1: 7514, 9678; 2: 7640, 7275; 3: 2709, 7017
[20240124_13:45:11_643] # [T19100][VisionSlotAdd][1600]vision slot [1][1], u32Weight: 1, Sum: 34, SlotAng: 2.999, CurSlotAng: 2.999
[20240124_13:45:11_646] # [T19101][VisionSlotAddValidCheck][893]Vision slot Length: 2370,2370, Depth 4951,4951
[20240124_13:45:11_646] # [T19101][VisionSlotAdd][1521]Added Vision Slot[1][0] Num 2 OriCoord: 0: -2684, 2029; 1: -7629, 2288; 2: -7753, -79; 3: -2808, -338
[20240124_13:45:11_646] # [T19102][VisionSlotAdd][1522]VehCoordAndAngle: 0, 5000, ang 0.000 (0.000)
[20240124_13:45:11_646] # [T19102][VisionSlotAdd][1523]Current VehPos: 0, 5000, ang -0.000 (-0.000)
[20240124_13:45:11_648] # [T19103][VisionSlotAdd][1528]Convert Vision Slot[1][0] Coord: 0: 2684, 7029; 1: 7629, 7288; 2: 7753, 4921; 3: 2808, 4662
[20240124_13:45:11_648] # [T19103][VisionSlotAdd][1533]Old Vision Slot[1][0] Coord: 0: 2673, 6970; 1: 7560, 7302; 2: 7718, 4970; 3: 2832, 4638
[20240124_13:45:11_648] # [T19104][VisionSlotAddSlotWeightCal][1014]u32Weight: 18, CentreY: 845.500, DisY: 442.500, SlotAng: 177.002
[20240124_13:45:11_648] # [T19105][VisionSlotAdd][1576]New Vision Slot[1][0] Coord: 0: 2674, 6972; 1: 7562, 7302; 2: 7719, 4969; 3: 2831, 4639
[20240124_13:45:11_648] # [T19105][VisionSlotAdd][1600]vision slot [1][0], u32Weight: 18, Sum: 500, SlotAng: 3.856, CurSlotAng: 2.998
[20240124_13:45:11_648] # [T19106][VisionSlotAddValidCheck][893]Vision slot Length: 2617,2616, Depth 4743,4742
[20240124_13:45:11_648] # [T19106][VisionSlotAdd][1521]Added Vision Slot[0][0] Num 2 OriCoord: 0: 4302, 2877; 1: 8368, 433; 2: 7020, -1809; 3: 2954, 633
[20240124_13:45:11_648] # [T19107][VisionSlotAdd][1522]VehCoordAndAngle: 0, 5000, ang 0.000 (0.000)
[20240124_13:45:11_649] # [T19107][VisionSlotAdd][1523]Current VehPos: 0, 5000, ang -0.000 (-0.000)
[20240124_13:45:11_649] # [T19108][VisionSlotAdd][1528]Convert Vision Slot[0][0] Coord: 0: -4302, 7877; 1: -8368, 5433; 2: -7020, 3191; 3: -2954, 5633
[20240124_13:45:11_651] # [T19109][VisionSlotAdd][1533]Old Vision Slot[0][0] Coord: 0: -4290, 7853; 1: -8380, 5405; 2: -7035, 3159; 3: -2945, 5605
[20240124_13:45:11_651] # [T19109][VisionSlotAddSlotWeightCal][1014]u32Weight: 18, CentreY: 1755.000, DisY: 467.000, SlotAng: -30.999
[20240124_13:45:11_651] # [T19110][VisionSlotAdd][1576]New Vision Slot[0][0] Coord: 0: -4290, 7853; 1: -8379, 5406; 2: -7034, 3160; 3: -2945, 5606
[20240124_13:45:11_651] # [T19110][VisionSlotAdd][1600]vision slot [0][0], u32Weight: 18, Sum: 541, SlotAng: -149.108, CurSlotAng: -149.001
[20240124_13:45:11_651] # [T19112][APAVisionOblAdd][1323]Vision Obl merge: 1
[20240124_13:45:11_651] # [T19112][APAVisionOblAdd][1326]Receive Vision Obl CrossPointCoord: 0: 2601, 9407; 1: 7506, 9664
[20240124_13:45:11_653] # [T19112][APAVisionOblInfoDebugPrint][118]VisionOblInfo:
[20240124_13:45:11_655] # [T19113][APAVisionOblInfoDebugPrint][119]OblType: 0, bIsMerge 0, DetectCount 36
[20240124_13:45:11_655] # [T19114][APAVisionOblInfoDebugPrint][122]CrossPointCoord: 0: 486, 9208; 1: 5187, 9856
[20240124_13:45:11_656] # [T19114][APAVisionOblInfoDebugPrint][125]OriginCrossPointCoord: 0: -2601, 4407; 1: -7506, 4664
[20240124_13:45:11_656] # [T19115][APAVisionOblInfoDebugPrint][126]VehCoordAndAng: 0, 5000, ang 0.000(0.000)
[20240124_13:45:11_656] # [T19115][APAVisionOblInfoDebugPrint][127] 
[20240124_13:45:11_656] # [T19115][APAVisionOblAdd][1323]Vision Obl merge: 0
[20240124_13:45:11_656] # [T19116][APAVisionOblAdd][1326]Receive Vision Obl CrossPointCoord: 0: 2684, 7029; 1: 7629, 7288
[20240124_13:45:11_656] # [T19116][APAVisionOblInfoDebugPrint][118]VisionOblInfo:
[20240124_13:45:11_657] # [T19116][APAVisionOblInfoDebugPrint][119]OblType: 0, bIsMerge 0, DetectCount 56
[20240124_13:45:11_657] # [T19117][APAVisionOblInfoDebugPrint][122]CrossPointCoord: 0: -2853, 6189; 1: 1636, 7578
[20240124_13:45:11_658] # [T19117][APAVisionOblInfoDebugPrint][125]OriginCrossPointCoord: 0: -2684, 2029; 1: -7629, 2288
[20240124_13:45:11_658] # [T19118][APAVisionOblInfoDebugPrint][126]VehCoordAndAng: 0, 5000, ang 0.000(0.000)
[20240124_13:45:11_658] # [T19118][APAVisionOblInfoDebugPrint][127] 
[20240124_13:45:11_658] # [T19119][APAVisionOblAdd][1323]Vision Obl merge: 0
[20240124_13:45:11_658] # [T19119][APAVisionOblAdd][1326]Receive Vision Obl CrossPointCoord: 0: -8368, 5433; 1: -4302, 7877
[20240124_13:45:11_658] # [T19119][APAVisionOblInfoDebugPrint][118]VisionOblInfo:
[20240124_13:45:11_658] # [T19120][APAVisionOblInfoDebugPrint][119]OblType: 0, bIsMerge 0, DetectCount 57
[20240124_13:45:11_661] # [T19120][APAVisionOblInfoDebugPrint][122]CrossPointCoord: 0: -2950, 6176; 1: 1532, 7583
[20240124_13:45:11_662] # [T19121][APAVisionOblInfoDebugPrint][125]OriginCrossPointCoord: 0: 8368, 433; 1: 4302, 2877
[20240124_13:45:11_662] # [T19121][APAVisionOblInfoDebugPrint][126]VehCoordAndAng: 0, 5000, ang 0.000(0.000)
[20240124_13:45:11_670] # [T19122][APAVisionOblInfoDebugPrint][127] 
[20240124_13:45:11_727] # [T19187][APAVisionOblAdd][1323]Vision Obl merge: 1
[20240124_13:45:11_727] # [T19187][APAVisionOblAdd][1326]Receive Vision Obl CrossPointCoord: 0: 2596, 9419; 1: 7462, 9674
[20240124_13:45:11_727] # [T19187][APAVisionOblInfoDebugPrint][118]VisionOblInfo:
[20240124_13:45:11_727] # [T19188][APAVisionOblInfoDebugPrint][119]OblType: 0, bIsMerge 0, DetectCount 37
[20240124_13:45:11_727] # [T19188][APAVisionOblInfoDebugPrint][122]CrossPointCoord: 0: 543, 9214; 1: 5248, 9851
[20240124_13:45:11_727] # [T19189][APAVisionOblInfoDebugPrint][125]OriginCrossPointCoord: 0: -2596, 4419; 1: -7462, 4674
[20240124_13:45:11_729] # [T19189][APAVisionOblInfoDebugPrint][126]VehCoordAndAng: 0, 5000, ang 0.000(0.000)
[20240124_13:45:11_729] # [T19190][APAVisionOblInfoDebugPrint][127] 
[20240124_13:45:11_729] # [T19190][APAVisionOblAdd][1323]Vision Obl merge: 0
[20240124_13:45:11_730] # [T19190][APAVisionOblAdd][1326]Receive Vision Obl CrossPointCoord: 0: -8365, 5417; 1: -4295, 7862
[20240124_13:45:11_730] # [T19191][APAVisionOblInfoDebugPrint][118]VisionOblInfo:
[20240124_13:45:11_730] # [T19191][APAVisionOblInfoDebugPrint][119]OblType: 0, bIsMerge 0, DetectCount 58
[20240124_13:45:11_731] # [T19191][APAVisionOblInfoDebugPrint][122]CrossPointCoord: 0: -3043, 6162; 1: 1432, 7588
[20240124_13:45:11_732] # [T19192][APAVisionOblInfoDebugPrint][125]OriginCrossPointCoord: 0: 8365, 417; 1: 4295, 2862
[20240124_13:45:11_732] # [T19192][APAVisionOblInfoDebugPrint][126]VehCoordAndAng: 0, 5000, ang 0.000(0.000)
[20240124_13:45:11_732] # [T19193][APAVisionOblInfoDebugPrint][127] 
[20240124_13:45:11_732] # [T19193][APAVisionOblAdd][1323]Vision Obl merge: 0
[20240124_13:45:11_733] # [T19193][APAVisionOblAdd][1326]Receive Vision Obl CrossPointCoord: 0: 2708, 6953; 1: 7519, 7289
[20240124_13:45:11_733] # [T19194][APAVisionOblInfoDebugPrint][118]VisionOblInfo:
[20240124_13:45:11_733] # [T19194][APAVisionOblInfoDebugPrint][119]OblType: 0, bIsMerge 0, DetectCount 59
[20240124_13:45:11_735] # [T19195][APAVisionOblInfoDebugPrint][122]CrossPointCoord: 0: -2946, 6176; 1: 1535, 7583
[20240124_13:45:11_735] # [T19195][APAVisionOblInfoDebugPrint][125]OriginCrossPointCoord: 0: -2708, 1953; 1: -7519, 2289
[20240124_13:45:11_735] # [T19196][APAVisionOblInfoDebugPrint][126]VehCoordAndAng: 0, 5000,ang 0.000(0.000)
[20240124_13:45:11_735] # [T19196][APAVisionOblInfoDebugPrint][127] 
[20240124_13:45:11_736] # [T19196][VisionSlotAddValidCheck][893]Vision slot Length: 2384,2384, Depth 4872,4872
[20240124_13:45:11_736] # [T19197][VisionSlotAdd][1521]Added Vision Slot[1][1] Num 2 OriCoord: 0: -2596, 4419; 1: -7462, 4674; 2: -7587, 2293; 3: -2721, 2038
[20240124_13:45:11_739] # [T19198][VisionSlotAdd][1522]VehCoordAndAngle: 0, 5000, ang 0.000 (0.000)
[20240124_13:45:11_739] # [T19198][VisionSlotAdd][1523]Current VehPos: 0, 5000, ang -0.000 (-0.000)
[20240124_13:45:11_740] # [T19198][VisionSlotAdd][1528]Convert Vision Slot[1][1] Coord: 0: 2596, 9419; 1: 7462, 9674; 2: 7587, 7293; 3: 2721, 7038
[20240124_13:45:11_740] # [T19199][VisionSlotAdd][1533]Old Vision Slot[1][1] Coord: 0: 2583, 9420; 1: 7514, 9678; 2: 7640, 7275; 3: 2709, 7017
[20240124_13:45:11_740] # [T19200][VisionSlotAddSlotWeightCal][1014]u32Weight: 1, CentreY: 3228.500, DisY: 1940.500, SlotAng: 177.000
[20240124_13:45:11_741] # [T19200][VisionSlotAdd][1576]New Vision Slot[1][1] Coord: 0: 2584, 9420; 1: 7512, 9678; 2: 7638, 7276; 3: 2709, 7018
[20240124_13:45:11_742] # [T19201][VisionSlotAdd][1600]vision slot [1][1], u32Weight: 1, Sum: 35, SlotAng: 2.999, CurSlotAng: 3.000
[20240124_13:45:11_743] # [T19202][VisionSlotAddValidCheck][893]Vision slot Length: 2627,2627, Depth 4747,4747
[20240124_13:45:11_743] # [T19202][VisionSlotAdd][1521]Added Vision Slot[0][0] Num 2 OriCoord: 0: 4295, 2862; 1: 8365, 417; 2: 7011, -1835; 3: 2942, 610
[20240124_13:45:11_743] # [T19203][VisionSlotAdd][1522]VehCoordAndAngle: 0, 5000, ang 0.000 (0.000)
[20240124_13:45:11_743] # [T19203][VisionSlotAdd][1523]Current VehPos: 0, 5000, ang -0.000 (-0.000)
[20240124_13:45:11_746] # [T19204][VisionSlotAdd][1528]Convert Vision Slot[0][0] Coord: 0: -4295, 7862; 1: -8365, 5417; 2: -7011, 3165; 3: -2942, 5610
[20240124_13:45:11_747] # [T19204][VisionSlotAdd][1533]Old Vision Slot[0][0] Coord: 0: -4290, 7853; 1: -8379, 5406; 2: -7034, 3160; 3: -2945, 5606
[20240124_13:45:11_747] # [T19205][VisionSlotAddSlotWeightCal][1014]u32Weight: 18, CentreY: 1736.000, DisY: 448.000, SlotAng: -30.998
[20240124_13:45:11_748] # [T19206][VisionSlotAdd][1576]New Vision Slot[0][0] Coord: 0: -4290, 7854; 1: -8379, 5407; 2: -7034, 3160; 3: -2945, 5606
[20240124_13:45:11_749] # [T19206][VisionSlotAdd][1600]vision slot [0][0], u32Weight: 18, Sum: 559, SlotAng: -149.104, CurSlotAng: -149.002
[20240124_13:45:11_749] # [T19207][VisionSlotAddValidCheck][893]Vision slot Length: 2295,2295, Depth 4822,4823
[20240124_13:45:11_750] # [T19207][VisionSlotAdd][1521]Added Vision Slot[1][0] Num 2 OriCoord: 0: -2708, 1953; 1: -7519, 2289; 2: -7680, -1; 3: -2868, -337
[20240124_13:45:11_750] # [T19208][VisionSlotAdd][1522]VehCoordAndAngle: 0, 5000, ang 0.000 (0.000)
[20240124_13:45:11_751] # [T19208][VisionSlotAdd][1523]Current VehPos: 0, 5000, ang -0.000 (-0.000)
[20240124_13:45:11_751] # [T19209][VisionSlotAdd][1528]Convert Vision Slot[1][0] Coord: 0: 2708, 6953; 1: 7519, 7289; 2: 7680, 4999; 3: 2868, 4663
[20240124_13:45:11_751] # [T19210][VisionSlotAdd][1533]Old Vision Slot[1][0] Coord: 0: 2674, 6972; 1: 7562, 7302; 2: 7719, 4969; 3: 2831, 4639
[20240124_13:45:11_751] # [T19210][VisionSlotAddSlotWeightCal][1014]u32Weight: 17, CentreY: 808.000, DisY: 480.000, SlotAng: 176.005
[20240124_13:45:11_751] # [T19211][VisionSlotAdd][1576]New Vision Slot[1][0] Coord: 0: 2675, 6972; 1: 7561, 7301; 2: 7718, 4970; 3: 2832, 4640
[20240124_13:45:11_764] # [T19211][VisionSlotAdd][1600]vision slot [1][0], u32Weight: 17, Sum: 517, SlotAng: 3.861, CurSlotAng: 3.995
[20240124_13:45:11_809] # [T19269][APAVisionOblAdd][1323]Vision Obl merge: 1
[20240124_13:45:11_810] # [T19269][APAVisionOblAdd][1326]Receive Vision Obl CrossPointCoord: 0: 2568, 9423; 1: 7493, 9681
[20240124_13:45:11_810] # [T19269][APAVisionOblInfoDebugPrint][118]VisionOblInfo:
[20240124_13:45:11_810] # [T19270][APAVisionOblInfoDebugPrint][119]OblType: 0, bIsMerge 0, DetectCount 38
[20240124_13:45:11_810] # [T19270][APAVisionOblInfoDebugPrint][122]CrossPointCoord: 0: 596, 9220; 1: 5307, 9847
[20240124_13:45:11_810] # [T19271][APAVisionOblInfoDebugPrint][125]OriginCrossPointCoord: 0: -2568, 4423; 1: -7493, 4681
[20240124_13:45:11_810] # [T19271][APAVisionOblInfoDebugPrint][126]VehCoordAndAng: 0, 5000, ang -0.000(-0.000)
[20240124_13:45:11_811] # [T19272][APAVisionOblInfoDebugPrint][127] 
[20240124_13:45:11_813] # [T19272][APAVisionOblAdd][1323]Vision Obl merge: 0
[20240124_13:45:11_813] # [T19272][APAVisionOblAdd][326]Receive Vision Obl CrossPointCoord: 0: -8389, 5403; 1: -4321, 7847
[20240124_13:45:11_813] # [T19273][APAVisionOblInfoDebugPrint][118]VisionOblInfo:
[20240124_13:45:11_813] # [T19273][APAVisionOblInfoDebugPrint][119]OblType: 0, bIsMerge 0, DetectCount 60
[20240124_13:45:11_814] # [T19274][APAVisionOblInfoDebugPrint][122]CrossPointCoord: 0: -3036, 6163; 1: 1437, 7587
[20240124_13:45:11_814] # [T19274][APAVisionOblInfoDebugPrint][125]OriginCrossPointCoord: 0: 8389, 403; 1: 4321, 2847
[20240124_13:45:11_816] # [T19275][APAVisionOblInfoDebugPrint][126]VehCoordAndAng: 0, 5000, ang -0.000(-0.000)
[20240124_13:45:11_816] # [T19275][APAVisionOblInfoDebugPrint][127] 
[20240124_13:45:11_816] # [T19275][APAVisionOblAdd][1323]Vision Obl merge: 0
[20240124_13:45:11_816] # [T19276][APAVisionOblAdd][1326]Receive Vision Obl CrossPointCoord: 0: 2684, 6937; 1: 7525, 7276
[20240124_13:45:11_816] # [T19276][APAVisionOblInfoDebugPrint][118]VisionOblInfo:
[20240124_13:45:11_817] # [T19276][APAVisionOblInfoDebugPrint][119]OblType: 0, bIsMerge 0, DetectCount 61
[20240124_13:45:11_817] # [T19277][APAVisionOblInfoDebugPrint][122]CrossPointCoord: 0: -2943, 6176; 1: 1537, 7582
[20240124_13:45:11_818] # [T19277][APAVisionOblInfoDebugPrint][125]OriginCrossPointCoord: 0: -2684, 1937; 1: -7525, 2276
[20240124_13:45:11_818] # [T19278][APAVisionOblInfoDebugPrint][126]VehCoordAndAng: 0, 5000, ang -0.000(-0.000)
[20240124_13:45:11_819] # [T19278][APAVisionOblInfoDebugPrint][127] 
[20240124_13:45:11_819] # [T19279][VisionSlotAddValidCheck][893]Vision slot Length: 2395,2395, Depth 4931,4931
[20240124_13:45:11_819] # [T19279][VisionSlotAdd][1521]Added Vision Slot[1][1] Num 2 OriCoord: 0: -2568, 4423; 1: -7493, 4681; 2: -7618, 2289; 3: -2693, 2031
[20240124_13:45:11_819] # [T19280][VisionSlotAdd][1522]VehCoordAndAngle: 0, 5000, ang -0.000 (-0.000)
[20240124_13:45:11_819] # [T19280][VisionSlotAdd][1523]Current VehPos: 0, 5000, ang -0.000 (-0.000)
[20240124_13:45:11_822] # [T19281][VisionSlotAdd][1528]Convert Vision Slot[1][1] Coord: 0: 2568, 9423; 1: 7493, 9681; 2: 7618, 7289; 3: 2693, 7031
[20240124_13:45:11_822] # [T19281][VisionSlotAdd][1533]Old Vision Slot[1][1] Coord: 0: 2584, 9420; 1: 7512, 9678; 2: 7638, 7276; 3: 2709, 7018
[20240124_13:45:11_824] # [T19282][VisionSlotAddSlotWeightCal][1014]u32Weight: 1, CentreY: 3227.000, DisY: 1939.000, SlotAng: 177.001
[20240124_13:45:11_824] # [T19283][VisionSlotAdd][1576]New Vision Slot[1][1] Coord: 0: 2583, 9420; 1: 7512, 9678; 2: 7638, 7276; 3: 2709, 7018
[20240124_13:45:11_824] # [T19283][VisionSlotAdd][1600]vision slot [1][1], u32Weight: 1, Sum: 36, SlotAng: 2.999, CurSlotAng: 2.999
[20240124_13:45:11_824] # [T19284][VisionSlotAddValidCheck][893]Vision slot Length: 2632,2632, Depth 4745,4745
[20240124_13:45:11_826] # [T19284][VisionSlotAdd][1521]Added Vision Slot[0][0] Num 2 OriCoord: 0: 4321, 2847; 1: 8389, 403; 2: 7033, -1853; 3: 2965, 591
[20240124_13:45:11_826] # [T19285][VisionSlotAdd][1522]VehCoordAndAngle: 0, 5000, ang -0.000 (-0.000)
[20240124_13:45:11_827] # [T19285][VisionSlotAdd][1523]Current VehPos: 0, 5000, ang -0.000 (-0.000)
[20240124_13:45:11_827] # [T19286][VisionSlotAdd][1528]Convert Vision Slot[0][0] Coord: 0: -4321, 7847; 1: -8389, 5403; 2: -7033, 3147; 3: -2965, 5591
[20240124_13:45:11_827] # [T19286][VisionSlotAdd][1533]Old Vision Slot[0][0] Coord: 0: -4290, 7854; 1: -8379, 5407; 2: -7034, 3160; 3: -2945, 5606
[20240124_13:45:11_827] # [T19287][VisionSlotAddSlotWeightCal][1014]u32Weight: 18, CentreY: 1719.000, DisY: 431.000, SlotAng: -30.997
[20240124_13:45:11_829] # [T19288][VisionSlotAdd][1576]New Vision Slot[0][0] Coord: 0: -4291, 7853; 1: -8379, 5406; 2: -7034, 3160; 3: -2946, 5606
[20240124_13:45:11_829] # [T19288][VisionSlotAdd][1600]vision slot [0][0], u32Weight: 18, Sum: 577, SlotAng: -149.101, CurSlotAng: -149.003
[20240124_13:45:11_830] # [T19289][VisionSlotAddValidCheck][893]Vision slot Length: 2309,2310, Depth 4852,4852
[20240124_13:45:11_830] # [T19290][VisionSlotAdd][1521]Added Vision Slot[1][0] Num 2 OriCoord: 0: -2684, 1937; 1: -7525, 2276; 2: -7686, -29; 3: -2845, -367
[20240124_13:45:11_830] # [T19290][VisionSlotAdd][1522]VehCoordAndAngle: 0, 5000, ang -0.000 (-0.000)
[20240124_13:45:11_831] # [T19291][VisionSlotAdd][1523]Current VehPos: 0, 5000, ang -0.000 (-0.000)
[20240124_13:45:11_832] # [T19291][VisionSlotAdd][1528]Convert Vision Slot[1][0] Coord: 0: 2684, 6937; 1: 7525, 7276; 2: 7686, 4971; 3: 2845, 4633
[20240124_13:45:11_832] # [T19292][VisionSlotAdd][1533]Old Vision Slot[1][0] Coord: 0: 2675, 6972; 1: 7561, 7301; 2: 7718, 4970; 3: 2832, 4640
[20240124_13:45:11_832] # [T19292][VisionSlotAddSlotWeightCal][1014]u32Weight: 17, CentreY: 785.000, DisY: 503.000, SlotAng: 176.000
[20240124_13:45:11_833] # [T19293][VisionSlotAdd][1576]New Vision Slot[1][0] Coord: 0: 2675, 6971; 1: 7560, 7301; 2: 777, 4970; 3: 2833, 4640
[20240124_13:45:11_839] # [T19294][VisionSlotAdd][1600]vision slot [1][0], u32Weight: 17, Sum: 534, SlotAng: 3.865, CurSlotAng: 4.000
[20240124_13:45:11_890] # [T19349][APAVisionOblAdd][1323]Vision Obl merge: 1
[20240124_13:45:11_890] # [T19349][APAVisionOblAdd][1326]Receive Vision Obl CrossPointCoord: 0: 2556, 9449; 1: 7487, 9708
[20240124_13:45:11_890] # [T19350][APAVisionOblInfoDebugPrint][118]VisionOblInfo:
[20240124_13:45:11_891] # [T19350][APAVisionOblInfoDebugPrint][119]OblType: 0, bIsMerge 0, DetectCount 39
[20240124_13:45:11_891] # [T19351][APAVisionOblInfoDebugPrint][122]CrossPointCoord: 0: 646, 9226; 1: 5363, 9843
[20240124_13:45:11_891] # [T19351][APAVisionOblInfoDebugPrint][125]OriginCrossPointCoord: 0: -2556, 4449; : -7487, 4708
[20240124_13:45:11_893] # [T19352][APAVisionOblInfoDebugPrint][126]VehCoordAndAng: 0, 5000, ang 0.000(0.000)
[20240124_13:45:11_893] # [T19352][APAVisionOblInfoDebugPrint][127] 
[20240124_13:45:11_893] # [T19352][APAVisionOblAdd][1323]Vision Obl merge: 0
[20240124_13:45:11_893] # [T19352][APAVisionOblAdd][1326]Receive Vision Obl CrossPointCoord: 0: -8339, 5427; 1: -4312, 7847
[20240124_13:45:11_893] # [T19353][APAVisionOblInfoDebugPrint][118]VisionOblInfo:
[20240124_13:45:11_894] # [T19353][APAVisionOblInfoDebugPrint][119]OblType: 0, bIsMerge 0, DetectCount 62
[20240124_13:45:11_894] # [T19354][APAVisionOblInfoDebugPrint][122]CrossPointCoord: 0: -3030, 6164; 1: 1443, 7586
[20240124_13:45:11_896] # [T19354][APAVisionOblInfoDebugPrint][125]OriginCrossPointCoord: 0: 8339, 427; 1: 4312, 2847
[20240124_13:45:11_896] # [T19355][APAVisionOblInfoDebugPrint][126]VehCoordAndAng: 0, 5000, ang 0.000(0.000)
[20240124_13:45:11_896] # [T19355][APAVisionOblInfoDebugPrint][127] 
[20240124_13:45:11_896] # [T19356][APAVisionOblAdd][1323]Vision Obl merge: 0
[20240124_13:45:11_897] # [T19356][APAVisionOblAdd][1326]Receive Vision Obl CrossPointCoord: 0: 2654, 6974; 1: 7574, 7318
[20240124_13:45:11_897] # [T19356][APAVisionOblInfoDebugPrint][118]VisionOblInfo:
[20240124_13:45:11_897] # [T19357][APAVisionOblInfoDebugPrint][119]OblType: 0, bIsMerge 0, DetectCount 63
[20240124_13:45:11_899] # [T19357][APAVisionOblInfoDebugPrint][122]CrossPointCoord: 0: -2939, 6176; 1: 1540, 7582
[20240124_13:45:11_901] # [T19358][APAVisionOblInfoDebugPrint][125]OriginCrossPointCoord: 0: -2654, 1974; 1: -7574, 2318
[20240124_13:45:11_901] # [T19358][APAVisionOblInfoDebugPrint][126]VehCoordAndAng: 0, 5000, ang 0.000(0.000)
[20240124_13:45:11_902] # [T19359][APAVisionOblInfoDebugPrint][127] 
[20240124_13:45:11_902] # [T19359][APAVisionOblAdd][1323]Vision Obl merge: 1
[20240124_13:45:11_902] # [T19359][APAVisionOblAdd][1326]Receive Vision Obl CrossPointCoord: 0: -8186, 8332; 1: -4436, 10585
[20240124_13:45:11_902] # [T19360][APAVisionOblInfoDebugPrint][118]VisionOblInfo:
[20240124_13:45:11_902] # [T19360][APAVisionOblInfoDebugPrint][119]OblType: 0, bIsMerge 0, DetectCount 40
[20240124_13:45:11_902] # [T19360][APAVisionOblInfoDebugPrint][122]CrossPointCoord: 0: 425, 9203; 1: 5118, 9862
[20240124_13:45:11_905] # [T19361][APAVisionOblInfoDebugPrint][125]OriginCrossPointCoord: 0: 8186, 3332; 1: 4436, 5585
[20240124_13:45:11_905] # [T19361][APAVisionOblInfoDebugPrint][126]VehCoordAndAng: 0, 5000, ang 0.000(0.000)
[20240124_13:45:11_905] # [T19362][APAVisionOblInfoDebugPrint][127] 
[20240124_13:45:11_905] # [T19362][VisionSlotAddValidCheck][893]Vision slot Length: 2424,2425, Depth 4937,4937
[20240124_13:45:11_905] # [T19363][VisionSlotAdd][1521]Added Vision Slot[1][1] Num 2 OriCoord: 0: -2556, 4449; 1: -7487, 4708; 2: -7614, 2286; 3: -2683, 2028
[20240124_13:45:11_905] # [T19363][VisionSlotAdd][1522]VehCoordAndAngle: 0, 5000, ang 0.000 (0.000)
[20240124_13:45:11_906] # [T19364][VisionSlotAdd][1523]Current VehPos: 0, 5000, ang -0.000 (-0.000)
[20240124_13:45:11_906] # [T19364][VisionSlotAdd][1528]Convert Vision Slot[1][1] Coord: 0: 2556, 9449; 1: 7487, 9708; 2: 7614, 7286; 3: 2683, 7028
[20240124_13:45:11_906] # [T19365][VisionSlotAdd][1533]Old Vision Slot[1][1] Coord: 0: 2583, 9420; 1: 7512, 9678; 2: 7638, 7276; 3: 2709, 7018
[20240124_13:45:11_906] # [T19365][VisionSlotAddSlotWeightCal][1014]u32Weight: 1, CentreY: 3238.500, DisY: 1950.500, SlotAng: 176.999
[20240124_13:45:11_906] # [T19366][VisionSlotAdd][1576]New Vision Slot[1][1] Coord: 0: 2582, 9420; 1: 7511, 9679; 2: 7637, 7276; 3: 2708, 7018
[20240124_13:45:11_908] # [T19367][VisionSlotAdd][1600]vision slot [1][1], u32Weight: 1, Sum: 37, SlotAng: 2.999, CurSlotAng: 3.001
[20240124_13:45:11_908] # [T19367][VisionSlotAddValidCheck][893]Vision slot Length: 2612,2611, Depth 4698,4698
[20240124_13:45:11_909] # [T19368][VisionSlotAdd][1521]Added Vision Slot[0][0] Num 2 OriCoord: 0: 4312, 2847; 1: 8339, 427; 2: 6994, -1811; 3: 2966, 608
[20240124_13:45:11_909] # [T19368][VisionSlotAdd][1522]VehCoordAndAngle: 0, 5000, ang 0.000 (0.000)
[20240124_13:45:11_909] # [T19369][VisionSlotAdd][1523]Current VehPos: 0, 5000, ang -0.000 (-0.000)
[20240124_13:45:11_909] # [T19369][VisionSlotAdd][1528]Convert Vision Slot[0][0] Coord: 0: -4312, 7847; 1: -8339, 5427; 2: -6994, 3189; 3: -2966, 5608
[20240124_13:45:11_909] # [T19370][VisionSlotAdd][1533]Old Vision Slot[0][0] Coord: 0: -4291, 7853; 1: -8379, 5406; 2: -7034, 3160; 3: -2946, 5606
[20240124_13:45:11_912] # [T19371][VisionSlotAddSlotWeightCal][1014]u32Weight: 18, CentreY: 1727.500, DisY: 439.500, SlotAng: -30.995
[20240124_13:45:11_912] # [T19371][VisionSlotAdd][1576]New Vision Slot[0][0] Coord: 0: -4292, 7853; 1: -8378, 5407; 2: -7032, 3161; 3: -2946, 5606
[20240124_13:45:11_912] # [T19372][VisionSlotAdd][1600]vision slot [0][0], u32Weight: 18, Sum: 595, SlotAng: -149.098, CurSlotAng: -149.005
[20240124_13:45:11_913] # [T19373][VisionSlotAddValidCheck][893]Vision slot Length: 2345,2345, Depth 4932,4932
[20240124_13:45:11_913] # [T19373][VisionSlotAdd][1521]Added Vision Slot[1][0] Num 2 OriCoord: 0: -2654, 1974; 1: -7574, 2318; 2: -7738, -22; 3: -2818, -366
[20240124_13:45:11_913] # [T19374][VisionSlotAdd][1522]VehCoordAndAngle: 0, 5000, ang 0.000 (0.000)
[20240124_13:45:11_915] # [T19374][VisionSlotAdd][1523]Current VehPos: 0, 5000, ang -0.000 (-0.000)
[20240124_13:45:11_915] # [T19375][VisionSlotAdd][1528]Convert Vision Slot[1][0] Coord: 0: 2654, 6974; 1: 7574, 7318; 2: 7738, 4978; 3: 2818, 4634
[20240124_13:45:11_916] # [T19375][VisionSlotAdd][1533]Old Vision Slot[1][0] Coord: 0: 2675, 6971; 1: 7560, 7301; 2: 7717, 4970; 3: 2833, 4640
[20240124_13:45:11_916] # [T19376][VisionSlotAddSlotWeightCal][1014]u32Weight: 17, CentreY: 804.000, DisY: 484.000, SlotAng: 176.000
[20240124_13:45:11_918] # [T19376][VisionSlotAdd][1576]New Vision Slot[1][0] Coord: 0: 2674, 6971; 1: 7560, 7301; 2: 7718, 4970; 3: 2832, 4640
[20240124_13:45:11_918] # [T19377][VisionSlotAdd][1600]vision slot [1][0], u32Weight: 17, Sum: 551, SlotAng: 3.869, CurSlotAng: 4.000
[20240124_13:45:11_918] # [T19378][VisionSlotAddValidCheck][893]Vision slot Length: 2446,2446, Depth 4374,4373
[20240124_13:45:11_919] # [T19378][VisionSlotAdd][1521]Added Vision Slot[0][1] Num 2 OriCoord: 0: 4436, 5585; 1: 8186, 3332; 2: 6925, 1235; 3: 3176, 3488
[20240124_13:45:11_919] # [T19379][VisionSlotAdd][1522]VehCoordAndAngle: 0, 5000, ang 0.000 (0.000)
[20240124_13:45:11_919] # [T19379][VisionSlotAdd][1523]Current VehPos: 0, 5000, ang -0.000 (-0.000)
[20240124_13:45:11_919] # [T19380][VisionSlotAdd][1528]Convert Vision Slot[0][1] Coord: 0: -4436, 10585; 1: -8186, 8332; 2: -6925, 6235; 3: -3176, 8488
[20240124_13:45:11_921] # [T19380][VisionSlotAdd][1533]Old Vision Slot[0][1] Coord: 0: -4442, 10581; 1: -8205, 8320; 2: -6952, 6236; 3: -3190, 8497
[20240124_13:45:11_921] # [T19381][VisionSlotAddSlotWeightCal][1014]u32Weight: 1, CentreY: 4536.500, DisY: 3248.500, SlotAng: -31.001
[20240124_13:45:11_921] # [T19382][VisionSlotAdd][1576]New Vision Slot[0][1] Coord: 0: -4441, 10582; 1: -8202, 8322; 2: -6949, 6235; 3: -3188, 8495
[20240124_13:45:11_932] # [T19382][VisionSlotAdd][1600]vision slot [0][1], u32Weight: 1, Sum: 8, SlotAng: -148.999, CurSlotAng: -148.999
[20240124_13:45:11_989] # [T19450][APAVisionOblAdd][1323]Vision Obl merge: 1
[20240124_13:45:11_989] # [T19450][APAVisionOblAdd][1326]Receive Vision Obl CrossPointCoord: 0: 2595, 9446; 1: 7527, 9705
[20240124_13:45:11_989] # [T19450][APAVisionOblInfoDebugPrint][118]VisionOblInfo:
[20240124_13:45:11_990] # [T19451][APAVisionOblInfoDebugPrint][119]OblType: 0, bIsMerge 0, DetectCount 41
[20240124_13:45:11_990] # [T19451][APAVisionOblInfoDebugPrint][122]CrossPointCoord: 0: 478, 9209; 1: 5177, 9858
[20240124_13:45:11_993] # [T19452][APAVisionOblInfoDebugPrint][125]OriginCrossPointCoord: 0: -2595, 4446; 1: -7527, 4705
[20240124_13:45:11_993] # [T19452][APAVisionOblInfoDebugPrint][126]VehCoordAndAng: 0, 5000, ang 0.000(0.000)
[20240124_13:45:11_993] # [T19453][APAVisionOblInfoDebugPrint][127] 
[20240124_13:45:11_993] # [T19453][APAVisionOblAdd][1323]Vision Obl merge: 0
[20240124_13:45:11_994] # [T19453][APAVisionOblAdd][1326]Receive Vision Obl CrossPointCoord: 0: -8385, 5398; 1: -4294, 7857
[20240124_13:45:11_994] # [T19454][APAVisionOblInfoDebugPrint][118]VisionOblInfo:
[20240124_13:45:11_994] # [T19454][APAVisionOblInfoDebugPrint][119]OblType: 0, bIsMerge 0, DetectCount 64
[20240124_13:45:11_994] # [T19454][APAVisionOblInfoDebugPrint][122]CrossPointCoord: 0: -3025, 6164; 1: 1449, 7586
[20240124_13:45:11_996] # [T19455][APAVisionOblInfoDebugPrint][125]OriginCrossPointCoord: 0: 8385, 398; 1: 4294, 2857
[20240124_13:45:11_996] # [T19455][APAVisionOblInfoDebugPrint][126]VehCoordAndAng: 0, 5000, ang 0.000(0.000)
[20240124_13:45:11_996] # [T19456][APAVisionOblInfoDebugPrint][127] 
[20240124_13:45:11_996] # [T19456][APAVisionOblAdd][1323]Vision Obl merge: 0
[20240124_13:45:11_997] # [T19456][APAVisionOblAdd][1326]Receive Vision Obl CrossPointCoord: 0: 2673, 6976; 1: 7633, 7323
[20240124_13:45:11_997] # [T19457][APAVisionOblInfoDebugPrint][118]VisionOblInfo:
[20240124_13:45:11_997] # [T19457][APAVisionOblInfoDebugPrint][119]OblType: 0, bIsMerge 0, DetectCount 65
[20240124_13:45:11_999] # [T19458][APAVisionOblInfoDebugPrint][122]CrossPointCoord: 0: -2937, 6177; 1: 1544, 7582
[20240124_13:45:11_999] # [T19458][APAVisionOblInfoDebugPrint][125]OriginCrossPointCoord: 0: -2673, 1976; 1: -7633, 2323
[20240124_13:45:11_999] # [T19459][APAVisionOblInfoDebugPrint][126]VehCoordAndAng: 0, 5000, ang 0.000(0.000)
[20240124_13:45:11_999] # [T19459][APAVisionOblInfoDebugPrint][127] 
[20240124_13:45:11_999] # [T19459][VisionSlotAddValidCheck][893]Vision slot Length: 2409,2410, Depth 4938,4938
[20240124_13:45:12_000] # [T19460][VisionSlotAdd][1521]Added Vision Slot[1][1] Num 2 OriCoord: 0: -2595, 4446; 1: -7527, 4705; 2: -7653, 2298; 3: -2721, 2040
[20240124_13:45:12_002] # [T19461][VisionSlotAdd][1522]VehCoordAndAngle: 0, 5000, ang 0.000 (0.000)
[20240124_13:45:12_002] # [T19461][VisionSlotAdd][1523]Current VehPos: 0, 5000, ang -0.000 (-0.000)
[20240124_13:45:12_002] # [T19461][VisionSlotAdd][1528]Convert Vision Slot[1][1] Coord: 0: 2595, 9446; 1: 7527, 9705; 2: 7653, 7298; 3: 2721, 7040
[20240124_13:45:12_003] # [T19462][VisionSlotAdd][1533]Old Vision Slot[1][1] Coord: 0: 2582, 9420; 1: 7511, 9679; 2: 7637, 7276; 3: 2708, 7018
[20240124_13:45:12_003] # [T19463][VisionSlotAddSlotWeightCal][1014]u32Weight: 1, CentreY: 3243.000, DisY: 1955.000, SlotAng: 177.000
[20240124_13:45:12_009] # [T19463][VisionSlotAdd][1576]New Vision Slot[1][1] Coord: 0: 2583, 9421; 1: 7512, 9679; 2: 7637, 7277; 3: 2709, 7019
[20240124_13:45:12_009] # [T19464][VisionSlotAdd][1600]vision slot [1][1], u32Weight: 1, Sum: 38, SlotAng: 2.999, CurSlotAng: 3.000
[20240124_13:45:12_009] # [T19465][VisionSlotAddValidCheck][893]Vision slot Length: 2607,2605, Depth 4773,4772
[20240124_13:45:12_009] # [T19465][VisionSlotAdd][1521]Added Vision Slot[0][0] Num 2 OriCoord: 0: 4294, 2857; 1: 8385, 398; 2: 7043, -1835; 3: 2951, 622
[20240124_13:45:12_009] # [T19466][VisionSlotAdd][1522]VehCoordAndAngle: 0, 5000, ang 0.000 (0.000)
[20240124_13:45:12_009] # [T19466][VisionSlotAdd][1523]Current VehPos: 0, 5000, ang -0.000 (-0.000)
[20240124_13:45:12_010] # [T19467][VisionSlotAdd][1528]Convert Vision Slot[0][0] Coord: 0: -4294, 7857; 1: -8385, 5398; 2: -7043, 3165; 3: -2951, 5622
[20240124_13:45:12_010] # [T19467][VisionSlotAdd][1533]Old Vision Slot[0][0] Coord: 0: -4292, 7853; 1: -8378, 5407; 2: -7032, 3161; 3: -2946, 5606
[20240124_13:45:12_010] # [T19468][VisionSlotAddSlotWeightCal][1014]u32Weight: 18, CentreY: 1739.500, DisY: 451.500, SlotAng: -30.996
[20240124_13:45:12_010] # [T19468][VisionSlotAdd][1576]New Vision Slot[0][0] Coord: 0: -4292, 7853; 1: -8378, 5407; 2: -7033, 3161; 3: -2946, 5606
[20240124_13:45:12_010] # [T1946][VisionSlotAdd][1600]vision slot [0][0], u32Weight: 18, Sum: 613, SlotAng: -149.096, CurSlotAng: -149.004
[20240124_13:45:12_011] # [T19470][VisionSlotAddValidCheck][893]Vision slot Length: 2370,2370, Depth 4972,4971
[20240124_13:45:12_013] # [T19470][VisionSlotAdd][1521]Added Vision Slot[1][0] Num 2 OriCoord: 0: -2673, 1976; 1: -7633, 2323; 2: -7798, -42; 3: -2839, -389
[20240124_13:45:12_013] # [T19471][VisionSlotAdd][1522]VehCoordAndAngle: 0, 5000, ang 0.000 (0.000)
[20240124_13:45:12_013] # [T19471][VisionSlotAdd][1523]Current VehPos: 0, 5000, ang -0.000 (-0.000)
[20240124_13:45:12_013] # [T19472][VisionSlotAdd][1528]Convert Vision Slot[1][0] Coord: 0: 2673, 6976; 1: 7633, 7323; 2: 7798, 4958; 3: 2839, 4611
[20240124_13:45:12_013] # [T19473][VisionSlotAdd][1533]Old Vision Slot[1][0] Coord: 0: 2674, 6971; 1: 7560, 7301; 2: 7718, 4970; 3: 2832, 4640
[20240124_13:45:12_014] # [T19473][VisionSlotAddSlotWeightCal][1014]u32Weight: 17, CentreY: 793.500, DisY: 494.500, SlotAng: 175.998
[20240124_13:45:12_014] # [T19474][VisionSlotAdd][1576]New Vision Slot[1][0] Coord: 0: 2674, 6971; 1: 7562, 7302; 2: 7720, 4970; 3: 2832, 4639
[20240124_13:45:12_025] # [T19474][VisionSlotAdd][1600]vision slot [1][0], u32Weight: 17, Sum: 568, SlotAng: 3.873, CurSlotAng: 4.002
[20240124_13:45:12_040] #   19488-task_radar-118: RadarCaptureCnt is 106 
[20240124_13:45:12_040] # 
[20240124_13:45:12_070] # [T19532][APAVisionOblAdd][1323]Vision Obl merge: 1
[20240124_13:45:12_072] # [T19532][APAVisionOblAdd][1326]Receive Vision Obl CrossPointCoord: 0: 2598, 9438; 1: 7527, 9696
[20240124_13:45:12_072] # [T19532][APAVisionOblInfoDebugPrint][118]VisionOblInfo:
[20240124_13:45:12_072] # [T19533][APAVisionOblInfoDebugPrint][119]OblType: 0, bIsMerge 0, DetectCount 42
[20240124_13:45:12_072] # [T19533][APAVisionOblInfoDebugPrint][122]CrossPointCoord: 0: 529, 9214; 1: 5233, 9854
[20240124_13:45:12_072] # [T19534][APAVisionOblInfoDebugPrint][125]OriginCrossPointCoord: 0: -2598, 4438; 1: -7527, 4696
[20240124_13:45:12_074] # [T19534][APAVisionOblInfoDebugPrint][126]VehCoordAndAng: 0, 5000, ang 0.000(0.000)
[20240124_13:45:12_074] # [T19535][APAVisionOblInfoDebugPrint][127] 
[20240124_13:45:12_074] # [T19535][APAVisionOblAdd][1323]Vision Obl merge: 0
[20240124_13:45:12_075] # [T19535][APAVisionOblAdd][1326]Receive Vision Obl CrossPointCoord: 0: -8385, 5457; 1: -4240, 7850
[20240124_13:45:12_075] # [T19536][APAVisionOblInfoDebugPrint][118]VisionOblInfo:
[20240124_13:45:12_075] # [T19536][APAVisionOblInfoDebugPrint][119]OblType: 0, bIsMerge 0, DetectCount 66
[20240124_13:45:12_077] # [T19536][APAVisionOblInfoDebugPrint][122]CrossPointCoord: 0: -3019, 6166; 1: 1456, 7586
[20240124_13:45:12_077] # [T19537][APAVisionOblInfoDebugPrint][125]OriginCrossPointCoord: 0: 8385, 457; 1: 4240, 2850
[20240124_13:45:12_077] # [T19537][APAVisionOblInfoDebugPrint][126]VehCoordAndAng: 0, 5000, ang 0.000(0.000)
[20240124_13:45:12_078] # [T19538][APAVisionOblInfoDebugPrint][127] 
[20240124_13:45:12_078] # [T19538][APAVisionOblAdd][1323]Vision Obl merge: 0
[20240124_13:45:12_078] # [T19538][APAVisionOblAdd][1326]Receive Vision Obl CrossPointCoord: 0: 2715, 6961; 1: 7546, 7299
[20240124_13:45:12_078] # [T19539][APAVisionOblInfoDebugPrint][118]VisionOblInfo:
[20240124_13:45:12_081] # [T19539][APAVisionOblInfoDebugPrint][119]OblType: 0, bIsMerge 0, DetectCount 67
[20240124_13:45:12_081] # [T19540][APAVisionOblInfoDebugPrint][122]CrossPointCoord: 0: -2934, 6178; 1: 1547, 7582
[20240124_13:45:12_081] # [T19540][APAVisionOblInfoDebugPrint][125]OriginCrossPointCoord: 0: -2715, 1961; 1: -7546, 2299
[20240124_13:45:12_082] # [19541][APAVisionOblInfoDebugPrint][126]VehCoordAndAng: 0, 5000, ang 0.000(0.000)
[20240124_13:45:12_082] # [T19541][APAVisionOblInfoDebugPrint][127] 
[20240124_13:45:12_082] # [T19542][VisionSlotAddValidCheck][893]Vision slot Length: 2409,2409, Depth 4935,4934
[20240124_13:45:12_083] # [T19542][VisionSlotAdd][1521]Added Vision Slot[1][1] Num 2 OriCoord: 0: -2598, 4438; 1: -7527, 4696; 2: -7653, 2290; 3: -2725, 2032
[20240124_13:45:12_084] # [T19543][VisionSlotAdd][1522]VehCoordAndAngle: 0, 5000, ang 0.000 (0.000)
[20240124_13:45:12_084] # [T19543][VisionSlotAdd][1523]Current VehPos: 0, 5000, ang -0.000 (-0.000)
[20240124_13:45:12_085] # [T19544][VisionSlotAdd][1528]Convert Vision Slot[1][1] Coord: 0: 2598, 9438; 1: 7527, 9696; 2: 7653, 7290; 3: 2725, 7032
[20240124_13:45:12_085] # [T19544][VisionSlotAdd][1533]Old Vision Slot[1][1] Coord: 0: 2583, 9421; 1: 7512, 9679; 2: 7637, 7277; 3: 2709, 7019
[20240124_13:45:12_085] # [T19545][VisionSlotAddSlotWeightCal][1014]u32Weight: 1, CentreY: 3235.000, DisY: 1947.000, SlotAng: 177.003
[20240124_13:45:12_087] # [T19546][VisionSlotAdd][1576]New Vision Slot[1][1] Coord: 0: 2583, 9421; 1: 7512, 9680; 2: 7638, 7277; 3: 2709, 7019
[20240124_13:45:12_089] # [T19546][VisionSlotAdd][1600]vision slot [1][1], u32Weight: 1, Sum: 39, SlotAng: 2.999, CurSlotAng: 2.997
[20240124_13:45:12_089] # [T19547][VisionSlotAddValidCheck][893]Vision slot Length: 2638,2637, Depth 4786,4785
[20240124_13:45:12_089] # [T19547][VisionSlotAdd][1521]Added Vision Slot[0][0] Num 2 OriCoord: 0: 4240, 2850; 1: 8385, 457; 2: 7066, -1827; 3: 2921, 565
[20240124_13:45:12_090] # [T19548][VisionSlotAdd][1522]VehCoordAndAngle: 0, 5000, ang 0.000 (0.000)
[20240124_13:45:12_090] # [T19549][VisionSlotAdd][1523]Current VehPos: 0, 5000, ang -0.000 (-0.000)
[20240124_13:45:12_090] # [T19549][VisionSlotAdd][1528]Convert Vision Slot[0][0] Coord: 0: -4240, 7850; 1: -8385, 5457; 2: -7066, 3173; 3: -2921, 5565
[20240124_13:45:12_090] # [T19550][VisionSlotAdd][1533]Old Vision Slot[0][0] Coord: 0: -4292, 7853; 1: -8378, 5407; 2: -7033, 3161; 3: -2946, 5606
[20240124_13:45:12_092] # [T19550][VisionSlotAddSlotWeightCal][1014]u32Weight: 18, CentreY: 1707.500, DisY: 419.500, SlotAng: -29.994
[20240124_13:45:12_092] # [T19551][VisionSlotAdd][1576]New Vision Slot[0][0] Coord: 0: -4290, 7853; 1: -8378, 5408; 2: -7034, 3161; 3: -2946, 5605
[20240124_13:45:12_093] # [T19552][VisionSlotAdd][1600]vision slot [0][0], u32Weight: 18, Sum: 631, SlotAng: -149.122, CurSlotAng: -150.006
[20240124_13:45:12_093] # [T19552][VisionSlotAddValidCheck][893]Vision slot Length: 2334,2335, Depth 4842,4842
[20240124_13:45:12_093] # [T19553][VisionSlotAdd][1521]Added Vision Slot[1][0] Num 2 OriCoord: 0: -2715, 1961; 1: -7546, 2299; 2: -7709, -31; 3: -2878, -368
[20240124_13:45:12_093] # [T19553][VisionSlotAdd][1522]VehCoordAndAngle: 0, 5000, ang 0.000 (0.000)
[20240124_13:45:12_093] # [T19554][VisionSlotAdd][1523]Current VehPos: 0, 5000, ang -0.000 (-0.000)
[20240124_13:45:12_095] # [T19554][VisionSlotAdd][1528]Convert Vision Slot[1][0] Coord: 0: 2715, 6961; 1: 7546, 7299; 2: 7709, 4969; 3: 2878, 4632
[20240124_13:45:12_095] # [T19555][VisionSlotAdd][1533]Old Vision Slot[1][0] Coord: 0: 2674, 6971; 1: 7562, 7302; 2: 7720, 4970; 3: 2832, 4639
[20240124_13:45:12_096] # [T19556][VisionSlotAddSlotWeightCal][1014]u32Weight: 17, CentreY: 796.500, DisY: 491.500, SlotAng: 176.004
[20240124_13:45:12_096] # [T19556][VisionSlotAdd][1576]New Vision Slot[1][0] Coord: 0: 2676, 6970; 1: 7562, 7302; 2: 7720, 4970; 3: 2834, 4638
[20240124_13:45:12_102] # [T19557][VisionSlotAdd][1600]vision slot [1][0], u32Weight: 17, Sum: 585, SlotAng: 3.877, CurSlotAng: 3.996
[20240124_13:45:12_162] # [T19623][APAVisionOblAdd][1323]Vision Obl merge: 1
[20240124_13:45:12_162] # [T19623][APAVisionOblAdd][1326]Receive Vision Obl CrossPointCoord: 0: 2557, 9432; 1: 7486, 9690
[20240124_13:45:12_162] # [T19623][APAVisionOblInfoDebugPrint][118]VisionOblInfo:
[20240124_13:45:12_164] # [T19624][APAVisionOblInfoDebugPrint][119]OblType: 0, bIsMerge 0, DetectCount 43
[20240124_13:45:12_164] # [T19624][APAVisionOblInfoDebugPrint][122]CrossPointCoord: 0: 576, 9220; 1: 5285, 9850
[20240124_13:45:12_168] # [T19624][APAVisionOblInfoDebugPrint][125]OriginCrossPointCoord: 0: -2557, 4432; 1: -7486, 4690
[20240124_13:45:12_168] # [T19625][APAVisionOblInfoDebugPrint][126]VehCoordAndAng: 0, 5000, ang -0.000(-0.000)
[20240124_13:45:12_168] # [T19625][APAVisionOblInfoDebugPrint][127] 
[20240124_13:45:12_170] # [T19626][APAVisionOblAdd][1323]Vision Obl merge: 0
[20240124_13:45:12_170] # [T19626][APAVisionOblAdd][1326]Receive Vision Obl CrossPointCoord: 0: -8378, 5407; 1: -4312, 7850
[20240124_13:45:12_171] # [T19627][APAVisionOblInfoDebugPrint][118]VisionOblInfo:
[20240124_13:45:12_171] #                                                        [T19627][APAVisionOblInfoDebugPrint][119]OblType: 0, bIsMerge 0, DetectCount 68
[20240124_13:45:12_171] # [T19627][APAVisionOblInfoDebugPrint][122]CrossPointCoord: 0: -3014, 6166; 1: 1461, 7586
[20240124_13:45:12_172] # [T19628][APAVisionOblInfoDebugPrint][125]OriginCrossPointCoord: 0: 8378, 407; 1: 431, 2850
[20240124_13:45:12_172] # [T19628][APAVisionOblInfoDebugPrint][126]VehCoordAndAng: 0, 5000, ang -0.000(-0.000)
[20240124_13:45:12_172] # [T19629][APAVisionOblInfoDebugPrint][127] 
[20240124_13:45:12_172] # [T19629][APAVisionOblAdd][1323]Vision Obl merge: 0
[20240124_13:45:12_173] # [T19629][APAVisionOblAdd][1326]Receive Vision Obl CrossPointCoord: 0: 2666, 6966; 1: 7593, 7310
[20240124_13:45:12_173] # [T19630][APAVisionOblInfoDebugPrint][118]VisionOblInfo:
[20240124_13:45:12_173] # [T19630][APAVisionOblInfoDebugPrint][119]OblType: 0, bIsMerge 0, DetectCount 69
[20240124_13:45:12_173] # [T19631][APAVisionOblInfoDebugPrint][122]CrossPointCoord: 0: -2932, 6178; 1: 1550, 7582
[20240124_13:45:12_175] # [T19631][APAVisionOblInfoDebugPrint][125]OriginCrossPointCoord: 0: -2666, 1966; 1: -7593, 2310
[20240124_13:45:12_175] # [T19632][APAVisionOblInfoDebugPrint][126]VehCoordAndAng: 0, 5000, ang -0.000(-0.000)
[20240124_13:45:12_175] # [T19632][APAVisionOblInfoDebugPrint][127] 
[20240124_13:45:12_175] # [T19632][VisionSlotAddValidCheck][893]Vision slot Length: 2399,2399, Depth 4935,4934
[20240124_13:45:12_175] # [T19633][VisionSlotAdd][1521]Added Vision Slot[1][1] Num 2 OriCoord: 0: -2557, 4432; 1: -7486, 4690; 2: -7611, 2294; 3: -2683, 2036
[20240124_13:45:12_175] # [T19634][VisionSlotAdd][1522]VehCoordAndAngle: 0, 5000, ang -0.000 (-0.000)
[20240124_13:45:12_176] # [T19634][VisionSlotAdd][1523]Current VehPos: 0, 5000, ang -0.000 (-0.000)
[20240124_13:45:12_176] # [T19634][VisionSlotAdd][1528]Convert Vision Slot[1][1] Coord: 0: 2557, 9432; 1: 7486, 9690; 2: 7611, 7294 3: 2683, 7036
[20240124_13:45:12_176] # [T19635][VisionSlotAdd][1533]Old Vision Slot[1][1] Coord: 0: 2583, 9421; 1: 7512, 9680; 2: 7638, 7277; 3: 2709, 7019
[20240124_13:45:12_176] # [T19636][VisionSlotAddSlotWeightCal][1014]u32Weight: 1, CentreY: 3234.000, DisY: 1946.000, SlotAng: 177.003
[20240124_13:45:12_178] # [T19636][VisionSlotAdd][1576]New Vision Slot[1][1] Coord: 0: 2582, 9422; 1: 7511, 9680; 2: 7637, 7278; 3: 2708, 7019
[20240124_13:45:12_178] # [T19637][VisionSlotAdd][1600]vision slot [1][1], u32Weight: 1, Sum: 40, SlotAng: 2.999, CurSlotAng: 2.997
[20240124_13:45:12_178] # [T19638][VisionSlotAddValidCheck][893]Vision slot Length: 2617,2616, Depth 4743,4742
[20240124_13:45:12_178] # [T19638][VisionSlotAdd][1521]Added Vision Slot[0][0] Num 2 OriCoord: 0: 4312, 2850; 1: 8378, 407; 2: 7030, -1836; 3: 2964, 606
[20240124_13:45:12_178] # [T19639][VisionSlotAdd][1522]VehCoordAndAngle: 0, 5000, ang -0.000 (-0.000)
[20240124_13:45:12_180] # [T19639][VisionSlotAdd][1523]Current VehPos: 0, 5000, ang -0.000 (-0.000)
[20240124_13:45:12_182] # [T19640][VisionSlotAdd][1528]Convert Vision Slot[0][0] Coord: 0: -4312, 7850; 1: -8378, 5407; 2: -7030, 3164; 3: -2964, 5606
[20240124_13:45:12_182] # [T19640][VisionSlotAdd][1533]Old Vision Slot[0][0] Coord: 0: -4290, 7853; 1: -8378, 5408; 2: -7034, 3161; 3: -2946, 5605
[20240124_13:45:12_182] # [T19641][VisionSlotAddSlotWeightCal][1014]u32Weight: 18, CentreY: 1728.000, DisY: 440.000, SlotAng: -30.994
[20240124_13:45:12_182] # [T19642][VisionSlotAdd][1576]New Vision Slot[0][0] Coord: 0: -4291, 7853; 1: -8378, 5408; 2: -7034, 3161; 3: -2946, 5605
[20240124_13:45:12_183] # [T19642][VisionSlotAdd][1600]vision slot [0][0], u32Weight: 18, Sum: 649, SlotAng: -149.118, CurSlotAng: -149.006
[20240124_13:45:12_183] # [T19643][VisionSlotAddValidCheck][893]Vision slot Length: 2345,2345, Depth 4938,4937
[20240124_13:45:12_184] # [T19643][VisionSlotAdd][1521]Added Vision Slot[1][0] Num 2 OriCoord: 0: -2666, 1966; 1: -7593, 2310; 2: -7756, -30; 3: -2830, -374
[20240124_13:45:12_184] # [T19644][VisionSlotAdd][1522]VehCoordAndAngle: 0, 5000, ang -0.000 (-0.000)
[20240124_13:45:12_185] # [T19645][VisionSlotAdd][1523]Current VehPos: 0, 5000, ang -0.000 (-0.000)
[20240124_13:45:12_185] # [T19645][VisionSlotAdd][1528]Convert Vision Slot[1][0] Coord: 0: 2666, 6966; 1: 7593, 7310; 2: 7756, 4970; 3: 2830, 4626
[20240124_13:45:12_185] # [T19646][VisionSlotAdd][1533]Old Vision Slot[1][0] Coord: 0: 2676, 6970; 1: 7562, 7302; 2: 7720, 4970; 3: 2834, 4638
[20240124_13:45:12_187] # [T19646][VisionSlotAddSlotWeightCal][1014]u32Weight: 17, CentreY: 796.000, DisY: 492.000, SlotAng: 176.006
[20240124_13:45:12_187] # [T19647][VisionSlotAdd][1576]Nw Vision Slot[1][0] Coord: 0: 2675, 6970; 1: 7563, 7302; 2: 7721, 4970; 3: 2834, 4638
[20240124_13:45:12_198] # [T19647][VisionSlotAdd][1600]vision slot [1][0], u32Weight: 17, Sum: 602, SlotAng: 3.880, CurSlotAng: 3.994
[20240124_13:45:12_254] # [T19714][VisionSlotAddValidCheck][893]Vision slot Length: 2422,2423, Depth 5020,5020
[20240124_13:45:12_254] # [T19714][VisionSlotAdd][1521]Added Vision Slot[1][1] Num 2 OriCoord: 0: -2550, 4435; 1: -7564, 4698; 2: -7690, 2278; 3: -2676, 2016
[20240124_13:45:12_254] # [T19715][VisionSlotAdd][1522]VehCoordAndAngle: 0, 5000, ang 0.000 (0.000)
[20240124_13:45:12_254] # [T19715][VisionSlotAdd][1523]Current VehPos: 0, 5000, ang -0.000 (-0.000)
[20240124_13:45:12_256] # [T19715][VisionSlotAdd][1528]Convert Vision Slot[1][1] Coord: 0: 2550, 9435; 1: 7564, 9698; 2: 7690, 7278; 3: 2676, 7016
[20240124_13:45:12_256] # [T19716][VisionSlotAdd][1533]Old Vision Slot[1][1] Coord: 0: 2582, 9422; 1: 7511, 9680; 2: 7637, 7278; 3: 2708, 7019
[20240124_13:45:12_256] # [T19717][VisionSlotAddSlotWeightCal][1014]u32Weight: 1, CentreY: 3225.500, DisY: 1937.500, SlotAng: 177.003
[20240124_13:45:12_258] # [T19717][VisionSlotAdd][1576]New Vision Slot[1][1] Coord: 0: 2582, 9422; 1: 7513, 9680; 2: 7638, 7278; 3: 2707, 7019
[20240124_13:45:12_258] # [T19718][VisionSlotAdd][1600]vision slot [1][1], u32Weight: 1, Sum: 41, SlotAng: 2.999, CurSlotAng: 2.997
[20240124_13:45:12_258] # [T19719][VisionSlotAddValidCheck][893]Vision slot Length: 2616,2616, Depth 4760,4760
[20240124_13:45:12_260] # [T19719][VisionSlotAdd][1521]Added Vision Slot[0][0] Num 2 OriCoord: 0: 4320, 2832; 1: 8401, 380; 2: 7053, -1862; 3: 2972, 589
[20240124_13:45:12_260] # [T19720][VisionSlotAdd][1522]VehCoordAndAngle: 0, 5000, ang 0.000 (0.000)
[20240124_13:45:12_260] # [T19720][VisionSlotAdd][1523]Current VehPos: 0, 5000,ang -0.000 (-0.000)
[20240124_13:45:12_262] # [T19721][VisionSlotAdd][1528]Convert Vision Slot[0][0] Coord: 0: -4320, 7832; 1: -8401, 5380; 2: -7053, 3138; 3: -2972, 5589
[20240124_13:45:12_262] # [T19721][VisionSlotAdd][1533]Old Vision Slot[0][0] Coord: 0: -4291, 7853; 1: -8378, 5408; 2: -7034, 3161; 3: -2946, 5605
[20240124_13:45:12_262] # [T19722][VisionSlotAddSlotWeightCal][1014]u32Weight: 18, CentreY: 1710.500, DisY: 422.500, SlotAng: -30.994
[20240124_13:45:12_262] # [T19723][VisionSlotAdd][1576]New Vision Slot[0][0] Coord: 0: -4292, 7853; 1: -8379, 5407; 2: -7034, 3161; 3: -2947, 5605
[20240124_13:45:12_262] # [T19723][VisionSlotAdd][1600]vision slot [0][0], u32Weight: 18, Sum: 667, SlotAng: -149.115, CurSlotAng: -149.006
[20240124_13:45:12_262] # [T19724][VisionSlotAddValidCheck][893]Vision slot Length: 2322,2322, Depth 4908,4908
[20240124_13:45:12_266] # [T19724][VisionSlotAdd][1521]Added Vision Slot[1][0] Num 2 OriCoord: 0: -2698, 1954; 1: -7595, 2296; 2: -7757, -21; 3: -2860, -363
[20240124_13:45:12_266] # [T19725][VisionSlotAdd][1522]VehCoordAndAngle: 0, 5000, ang 0.000 (0.000)
[20240124_13:45:12_266] # [T19725][VisionSlotAdd][1523]Current VehPos: 0, 5000, ang -0.000 (-0.000)
[20240124_13:45:12_266] # [T19726][VisionSlotAdd][1528]Convert Vision Slot[1][0] Coord: 0: 2698, 6954; 1: 7595, 7296; 2: 7757, 4979; 3: 2860, 4637
[20240124_13:45:12_267] # [T19727][VisionSlotAdd][1533]Old Vision Slot[1][0] Coord: 0: 2675, 6970; 1: 7563, 7302; 2: 7721, 4970; 3: 2834, 4638
[20240124_13:45:12_267] # [T19727][VisionSlotAddSlotWeightCal][1014]u32Weight: 17, CentreY: 795.500, DisY: 492.500, SlotAng: 176.005
[20240124_13:45:12_269] # [T19728][VisionSlotAdd][1576]New Vision Slot[1][0] Coord: 0: 2676, 6970; 1: 7563, 7302; 2: 7722, 4970; 3: 2834, 4638
[20240124_13:45:12_273] # [T19728][VisionSlotAdd][1600]vision slot [1][0], u32Weight: 17, Sum: 619, SlotAng: 3.883, CurSlotAng: 3.995
[20240124_13:45:12_273] # [T19730][APAVisionOblAdd][1323]Vision Obl merge: 1
[20240124_13:45:12_274] # [T19730][APAVisionOblAdd][1326]Receive Vision Obl CrossPointCoord: 0: 2550, 9435; 1: 7564, 9698
[20240124_13:45:12_274] # [T19730][APAVisionOblInfoDebugPrint][118]VisionOblInfo:
[20240124_13:45:12_276] # [T19731][APAVisionOblInfoDebugPrint][119]OblType: 0, bIsMerge 0, DetectCount 44
[20240124_13:45:12_276] # [T19731][APAVisionOblInfoDebugPrint][122]CrossPointCoord: 0: 621, 9224; 1: 5337, 9847
[20240124_13:45:12_276] # [T19731][APAVisionOblInfoDebugPrint][125]OriginCrossPointCoord: 0: -2550, 4435; 1: -7564, 4698
[20240124_13:45:12_276] # [T19732][APAVisionOblInfoDebugPrint][126]VehCoordAndAng: 0, 5000, ang 0.000(0.000)
[20240124_13:45:12_276] # [T19733][APAVisionOblInfoDebugPrint][127] 
[20240124_13:45:12_276] # [T19733][APAVisionOblAdd][1323]Vision Obl merge: 0
[20240124_13:45:12_276] # [T19733][APAVisionOblAdd][1326]Receive Vision Obl CrossPointCoord: 0: -8401, 5380; 1: -4320, 7832
[20240124_13:45:12_277] # [T19734][APAVisionOblInfoDebugPrint][118]VisionOblInfo:
[20240124_13:45:12_277] # [T19734][APAVisionOblInfoDebugPrint][119]OblType: 0, bIsMerge 0, DetectCount 70
[20240124_13:45:12_277] # [T19734][APAVisionOblInfoDebugPrint][122]CrossPointCoord: 0: -3010, 6166; 1: 1466, 7585
[20240124_13:45:12_277] # [T19735][APAVisionOblInfoDebugPrint][125]OriginCrossPointCoord: 0: 8401, 380; 1: 4320, 2832
[20240124_13:45:12_277] # [T19735][APAVisionOblInfoDebugPrint][126]VehCoordAndAng: 0, 5000, ang 0.000(0.000)
[20240124_13:45:12_277] # [T19736][APAVisionOblInfoDebugPrint][127] 
[20240124_13:45:12_277] # [T19736][APAVisionOblAdd][1323]Vision Obl merge: 0
[20240124_13:45:12_277] # [T19736][APAVisionOblAdd][1326]Receive Vision Obl CrossPointCoord: 0: 2698, 6954; 1: 7595, 7296
[20240124_13:45:12_277] # [T19737][APAVisionOblInfoDebugPrint][118]VisionOblInfo:
[20240124_13:45:12_277] # [T19737][APAVisionOblInfoDebugPrint][119]OblType: 0, bIsMerge 0, DetectCount 71
[20240124_13:45:12_277] # [T19738][APAVisionOblInfoDebugPrint][122]CrossPointCoord: 0: -2929, 6178; 1: 1552, 7581
[20240124_13:45:12_277] # [T19738][APAVisionOblInfoDebugPrint][125]OriginCrossPointCoord: 0: -2698, 1954; 1: -7595, 2296
[20240124_13:45:12_277] # [T19739][APAVisionOblInfoDebugPrint][16]VehCoordAndAng: 0, 5000, ang 0.000(0.000)
[20240124_13:45:12_290] # [T19739][APAVisionOblInfoDebugPrint][127] 
[20240124_13:45:12_334] # [T19794][APAVisionOblAdd][1323]Vision Obl merge: 1
[20240124_13:45:12_334] # [T19794][APAVisionOblAdd][1326]Receive Vision Obl CrossPointCoord: 0: 2597, 9412; 1: 7486, 9668
[20240124_13:45:12_334] # [T19795][APAVisionOblInfoDebugPrint][118]VisionOblInfo:
[20240124_13:45:12_334] # [T19795][APAVisionOblInfoDebugPrint][119]OblType: 0, bIsMerge 0, DetectCount 45
[20240124_13:45:12_334] # [T19796][APAVisionOblInfoDebugPrint][122]CrossPointCoord: 0: 665, 9229; 1: 5385, 9843
[20240124_13:45:12_336] # [T19796][APAVisionOblInfoDebugPrint][125]OriginCrossPointCoord: 0: -2597, 4412; 1: -7486, 4668
[20240124_13:45:12_336] # [T19797][APAVisionOblInfoDebugPrint][126]VehCoordAndAng: 0, 5000, ang 0.000(0.000)
[20240124_13:45:12_336] # [T19797][APAVisionOblInfoDebugPrint][127] 
[20240124_13:45:12_340] # [T19797][APAVisionOblAdd][1323]Vision Obl merge: 0
[20240124_13:45:12_340] # [T19798][APAVisionOblAdd][1326]Receive Vision Obl CrossPointCoord: 0: 2619, 6965; 1: 7558, 7311
[20240124_13:45:12_340] # [T19798][APAVisionOblInfoDebugPrint][118]VisionOblInfo:
[20240124_13:45:12_340] # [T19798][APAVisionOblInfoDebugPrint][119]OblType: 0, bIsMerge 0, DetectCount 72
[20240124_13:45:12_340] # [T19799][APAVisionOblInfoDebugPrint][122]CrossPointCoord: 0: -2852, 6189; 1: 1636, 7577
[20240124_13:45:12_340] # [T19799][APAVisionOblInfoDebugPrint][125]OriginCrossPointCoord: 0: -2619, 1965; 1: -7558, 2311
[20240124_13:45:12_340] # [T19800][APAVisionOblInfoDebugPrint][126]VehCoordAndAng: 0, 5000, ang 0.000(0.000)
[20240124_13:45:12_340] # [T19800][APAVisionOblInfoDebugPrint][127] 
[20240124_13:45:12_340] # [T19801][APAVisionOblAdd][1323]Vision Obl merge: 0
[20240124_13:45:12_340] # [T19801][APAVisionOblAdd][1326]Receive Vision Obl CrossPointCoord: 0: -8369, 5436; 1: -4304, 7878
[20240124_13:45:12_340] # [T19801][APAVisionOblInfoDebugPrint][118]VisionOblInfo:
[20240124_13:45:12_340] # [T19802][APAVisionOblInfoDebugPrint][119]OblType: 0, bIsMerge 0, DetectCount 73
[20240124_13:45:12_340] # [T19802][APAVisionOblInfoDebugPrint][122]CrossPointCoord: 0: -2928, 6178; 1: 1554, 7582
[20240124_13:45:12_345] # [T19803][APAVisionOblInfoDebugPrint][125]OriginCrossPointCoord: 0: 8369, 436; 1: 4304, 2878
[20240124_13:45:12_345] # [T19803][APAVisionOblInfoDebugPrint][126]VehCoordAndAng: 0, 5000, ang 0.000(0.000)
[20240124_13:45:12_345] # [T19804][APAVisionOblInfoDebugPrint][127] 
[20240124_13:45:12_345] # [T19804][VisionSlotAddValidCheck][893]Vision slot Length: 2384,2384, Depth 4895,4895
[20240124_13:45:12_346] # [T19804][VisionSlotAdd][1521]Added Vision Slot[1][1] Num 2 OriCoord: 0: -2597, 4412; 1: -7486, 4668; 2: -7611, 2287; 3: -2722, 2031
[20240124_13:45:12_346] # [T19805][VisionSlotAdd][1522]VehCoordAndAngle: 0, 5000, ang 0.000 (0.000)
[20240124_13:45:12_346] # [T19805][VisionSlotAdd][1523]Current VehPos: 0, 5000, ang -0.000 (-0.000)
[20240124_13:45:12_346] # [T19806][VisionSlotAdd][1528]Convert Vision Slot[1][1] Coord: 0: 2597, 9412; 1: 7486, 9668; 2: 7611, 7287; 3: 2722, 7031
[20240124_13:45:12_346] # [T19807][VisionSlotAdd][1533]Old Vision Slot[1][1] Coord: 0: 2582, 9422; 1: 7513, 9680; 2: 7638, 7278; 3: 2707, 7019
[20240124_13:45:12_346] # [T19807][VisionSlotAddSlotWeightCal][1014]u32Weight: 1, CentreY: 3221.500, DisY: 1933.500, SlotAng: 177.003
[20240124_13:45:12_349] # [T19808][VisionSlotAdd][1576]New Vision Slot[1][1] Coord: 0: 2582, 9422; 1: 7512, 9680; 2: 7638, 7278; 3: 2708, 7020
[20240124_13:45:12_353] # [T19808][VisionSlotAdd][1600]vision slot [1][1], u32Weight: 1, Sum: 42, SlotAng: 2.999, CurSlotAng: 2.997
[20240124_13:45:12_353] # [T19809][VisionSlotAddValidCheck][893]Vision slot Length: 2322,2322, Depth 4951,4952
[20240124_13:45:12_353] # [T19810][VisionSlotAdd][1521]Added Vision Slot[1][0] Num 2 OriCoord: 0: -2619, 1965; 1: -7558, 2311; 2: -7721, -6; 3: -2781, -352
[20240124_13:45:12_353] # [T19810][VisionSlotAdd][1522]VehCoordAndAngle: 0, 5000, ang 0.000 (0.000)
[20240124_13:45:12_353] # [T19811][VisionSlotAdd][1523]Current VehPos: 0, 5000, ang -0.000 (-0.000)
[20240124_13:45:12_353] # [T19811][VisionSlotAdd][1528]Convert Vision Slot[1][0] Coord: 0: 2619, 6965; 1: 7558, 7311; 2: 7721, 4994; 3: 2781, 4648
[20240124_13:45:12_353] # [T19812][VisionSlotAdd][1533]Old Vision Slot[1][0] Coord: 0: 2676, 6970; 1: 7563, 7302; 2: 7722, 4970; 3: 2834, 4638
[20240124_13:45:12_355] # [T19812][VisionSlotAddSlotWeightCal][1014]u32Weight: 17, CentreY: 806.500, DisY: 481.500, SlotAng: 175.993
[20240124_13:45:12_355] # [T19813][VisionSlotAdd][1576]New Vision Slot[1][0] Coord: 0: 2674, 6970; 1: 7563, 7302; 2: 7722, 4970; 3: 2833, 4638
[20240124_13:45:12_355] # [T19814][VisionSlotAdd][1600]vision slot [1][0], u32Weight: 17, Sum: 636, SlotAng: 3.887, CurSlotAng: 4.007
[20240124_13:45:12_355] # [T19814][VisionSlotAddValidCheck][893]Vision slot Length: 2627,2626, Depth 4742,4741
[20240124_13:45:12_357] # [T19815][VisionSlotAdd][1521]Added Vision Slot[0][0] Num 2 OriCoord: 0: 4304, 2878; 1: 8369, 436; 2: 7016, -1815; 3: 2951, 626
[20240124_13:45:12_357] # [T19815][VisionSlotAdd][1522]VehCoordAndAngle: 0, 5000, ang 0.000 (0.000)
[20240124_13:45:12_357] # [T19816][VisionSlotAdd][1523]Current VehPos: 0, 5000, ang -0.000 (-0.000)
[20240124_13:45:12_357] # [T19816][VisionSlotAdd][1528]Convert Vision Slot[0][0] Coord: 0: -4304, 7878; 1: -8369, 5436; 2: -7016, 3185; 3: -2951, 5626
[20240124_13:45:12_357] # [T19817][VisionSlotAdd][1533]Old Vision Slot[0][0] Coord: 0: -4292, 7853; 1: -8379, 5407; 2: -7034, 3161; 3: -2947, 5605
[20240124_13:45:12_357] # [T19818][VisionSlotAddSlotWeightCal][1014]u32Weight: 18, CentreY: 1752.000, DisY: 464.000, SlotAng: -30.990
[20240124_13:45:12_359] # [T19818][VisionSlotAdd][1576]New Vision Slot[0][0] Coord: 0: -4292, 7853; 1: -8379, 5408; 2: -7034, 3161; 3: -2947, 5605
[20240124_13:45:12_365] # [T19819][VisionSlotAdd][1600]vision slot [0][0], u32Weight: 18, Sum: 685, SlotAng: -149.113, CurSlotAng: -149.010
[20240124_13:45:12_374] # [T19829][UI_ODIDisplay][269]ApaUIComData: Cmd[24] CurParkMode[1], CurOprSts[2]
[20240124_13:45:12_392] # [T19839][Dispatch_Data_Print][157]HMICmd  Change: CurODIDisplayCmd[24]; OperatingState[2], Gear[0]
[20240124_13:45:12_425] # [T19886][APAVisionOblAdd][1323]Vision Obl merge: 1
[20240124_13:45:12_425] # [T19886][APAVisionOblAdd][1326]Receive Vision Obl CrossPointCoord: 0: 2563, 9434; 1: 7494, 9693
[20240124_13:45:12_425] # [T19887][APAVisionOblInfoDebugPrint][118]VisionOblInfo:
[20240124_13:45:12_425] # [T19887][APAVisionOblInfoDebugPrint][119]OblType: 0, bIsMerge 0, DetectCount 46
[20240124_13:45:12_425] # [T19888][APAVisionOblInfoDebugPrint][122]CrossPointCoord: 0: 706, 9233; 1: 5431, 9839
[20240124_13:45:12_425] # [T19888][APAVisionOblInfoDebugPrint][125]OriginCrossPointCoord: 0: -2563, 4434; 1: -7494, 4693
[20240124_13:45:12_425] # [T19889][APAVisionOblInfoDebugPrint][126]VehCoordAndAng: 0, 5000, ang 0.000(0.000)
[20240124_13:45:12_429] # [T19889][APAVisionOblInfoDebugPrint][127] 
[20240124_13:45:12_432] # [T19889][APAVisionOblAdd][1323]Vision Obl merge: 0
[20240124_13:45:12_432] # [T19890][APAVisionOblAdd][1326]Receive Vision Obl CrossPointCoord: 0: -8397, 5394; 1: -4314, 7848
[20240124_13:45:12_432] # [T19890][APAVisionOblInfoDebugPrint][118]VisionOblInfo:
[20240124_13:45:12_432] # [T19890][APAVisionOblInfoDebugPrint][119]OblType: 0, bIsMerge 0, DetectCount 74
[20240124_13:45:12_432] # [T19891][APAVisionOblInfoDebugPrint][122]CrossPointCoord: 0: -3002, 6168; 1: 1475, 7585
[20240124_13:45:12_432] # [T19891][APAVisionOblInfoDebugPrint][125]OriginCrossPointCoord: 0: 8397, 394; 1: 4314, 2848
[20240124_13:45:12_438] # [T19892][APAVisionOblInfoDebugPrint][126]VehCoordAndAng: 0, 5000, ang 0.000(0.000)
[20240124_13:45:12_438] # [T19892][APAVisionOblInfoDebugPrint][127] 
[20240124_13:45:12_438] # [T19893][APAVisionOblAdd][1323]Vision Obl merge: 0
[20240124_13:45:12_438] # [T19893][APAVisionOblAdd][1326]Receive Vision Obl CrossPointCoord: 0: 2624, 6988; 1: 7590, 7335
[20240124_13:45:12_438] # [T19893][APAVisionOblInfoDebugPrint][118]VisionOblInfo:
[20240124_13:45:12_438] # [T19894][APAVisionOblInfoDebugPrint][119]OblType: 0, bIsMerge 0, DetectCount 75
[20240124_13:45:12_438] # [T19894][APAVisionOblInfoDebugPrint][122]CrossPointCoord: 0: -2927, 6179; 1: 1556, 7582
[20240124_13:45:12_438] # [T19895][APAVisionOblInfoDebugPrint][125]OriginCrossPointCoord: 0: -2624, 1988; 1: -7590, 2335
[20240124_13:45:12_438] # [T19895][APAVisionOblInfoDebugPrint][126]VehCoordAndAng: 0, 5000, ang 0.000(0.000)
[20240124_13:45:12_438] # [T19896][APAVisionOblInfoDebugPrint][127] 
[20240124_13:45:12_438] # [T19896][VisionSlotAddValidCheck][893]Vision slot Length: 2395,2395, Depth 4937,4938
[20240124_13:45:12_438] # [T19897][VisionSlotAdd][1521]Added Vision Slot[1][1] Num 2 OriCoord: 0: -2563, 4434; 1: -7494, 4693; 2: -7620, 2301; 3: -2688, 2042
[20240124_13:45:12_438] # [T19897][VisionSlotAdd][1522]VehCoordAndAngle: 0, 5000, ang 0.000 (0.000)
[20240124_13:45:12_438] # [T19898][VisionSlotAdd][1523]Current VehPos: 0, 5000, ang -0.000 (-0.000)
[20240124_13:45:12_438] # [T19898][VisionSlotAdd][1528]Convert Vision Slot[1][1] Coord: 0: 2563, 9434; 1: 7494, 9693; 2: 7620, 7301; 3: 2688, 7042
[20240124_13:45:12_438] # [T19899][VisionSlotAdd][1533]Old Vision Slot[1][1] Coord: 0: 2582, 9422; 1: 7512, 9680; 2: 7638, 7278; 3: 2708, 7020
[20240124_13:45:12_441] # [T19899][VisionSlotAddSlotWeightCal][1014]u32Weight: 1, CentreY: 3238.000, DisY: 1950.000, SlotAng: 176.994
[20240124_13:45:12_441] # [T19900][VisionSlotAdd][1576]New Vision Slot[1][1] Coord: 0: 2582, 9422; 1: 7512, 9680; 2: 7637, 7278; 3: 2707, 7020
[20240124_13:45:12_441] # [T19901][VisionSlotAdd][1600]vision slot [1][1], u32Weight: 1, Sum: 43, SlotAng: 2.999, CurSlotAng: 3.006
[20240124_13:45:12_441] # [T19901][VisionSlotAddValidCheck][893]Vision slot Length: 2613,2611, Depth 4763,4762
[20240124_13:45:12_441] # [T19902][VisionSlotAdd][1521]Added Vision Slot[0][0] Num 2 OriCoord: 0: 4314, 2848; 1: 8397, 394; 2: 7051, -1844; 3: 2968, 608
[20240124_13:45:12_441] # [T19902][VisionSlotAdd][1522]VehCoordAndAngle: 0, 5000, ang 0.000 (0.000)
[20240124_13:45:12_441] # [T19903][VisionSlotAdd][1523]Current VehPos: 0, 5000, ang -0.000 (-0.000)
[20240124_13:45:12_446] # [T19903][VisionSlotAdd][1528]Convert Vision Slot[0][0] Coord: 0: -4314, 7848; 1: -8397, 5394; 2: -7051, 3156; 3: -2968, 5608
[20240124_13:45:12_446] # [T19904][VisionSlotAdd][1533]Old Vision Slot[0][0] Coord: 0: -4292, 7853; 1: -8379, 5408; 2: -7034, 3161; 3: -2947, 5605
[20240124_13:45:12_446] # [T19905][VisionSlotAddSlotWeightCal][1014]u32Weight: 18, CentreY: 1728.000, DisY: 440.000, SlotAng: -30.997
[20240124_13:45:12_447] # [T19905][VisionSlotAdd][1576]New Vision Slot[0][0] Coord: 0: -4293, 7853; 1: -8379, 5408; 2: -704, 3161; 3: -2948, 5605
[20240124_13:45:12_447] # [T19906][VisionSlotAdd][1600]vision slot [0][0], u32Weight: 18, Sum: 703, SlotAng: -149.110, CurSlotAng: -149.003
[20240124_13:45:12_447] # [T19906][VisionSlotAddValidCheck][893]Vision slot Length: 2354,2353, Depth 4978,4978
[20240124_13:45:12_447] # [T19907][VisionSlotAdd][1521]Added Vision Slot[1][0] Num 2 OriCoord: 0: -2624, 1988; 1: -7590, 2335; 2: -7755, -13; 3: -2789, -361
[20240124_13:45:12_450] # [T19908][VisionSlotAdd][1522]VehCoordAndAngle: 0, 5000, ang 0.000 (0.000)
[20240124_13:45:12_450] # [T19908][VisionSlotAdd][1523]Current VehPos: 0, 5000, ang -0.000 (-0.000)
[20240124_13:45:12_450] # [T19908][VisionSlotAdd][1528]Convert Vision Slot[1][0] Coord: 0: 2624, 6988; 1: 7590, 7335; 2: 7755, 4987; 3: 2789, 4639
[20240124_13:45:12_450] # [T19909][VisionSlotAdd][1533]Old Vision Slot[1][0] Coord: 0: 2674, 6970; 1: 7563, 7302; 2: 7722, 4970; 3: 2833, 4638
[20240124_13:45:12_450] # [T19910][VisionSlotAddSlotWeightCal][1014]u32Weight: 18, CentreY: 813.500, DisY: 474.500, SlotAng: 175.997
[20240124_13:45:12_450] # [T19910][VisionSlotAdd][1576]New Vision Slot[1][0] Coord: 0: 2673, 6970; 1: 7564, 7303; 2: 7723, 4971; 3: 2832, 4638
[20240124_13:45:12_462] # [T19911][VisionSlotAdd][1600]vision slot [1][0], u32Weight: 18, Sum: 654, SlotAng: 3.890, CurSlotAng: 4.003
[20240124_13:45:12_527] # [T19988][VisionSlotAddValidCheck][893]Vision slot Length: 2404,2405, Depth 4968,4968
[20240124_13:45:12_527] # [T19988][VisionSlotAdd][1521]Added Vision Slot[1][1] Num 2 OriCoord: 0: -2576, 4380; 1: -7538, 4641; 2:   19989-task_radar-118: RadarCaptureCnt is 106 
[20240124_13:45:12_527] # 
[20240124_13:45:12_527] # -7664, 2239; 3: -2702, 1979
[20240124_13:45:12_527] # [T19989][VisionSlotAdd][1522]VehCoordAndAngle: 0, 5000, ang 0.000 (0.000)
[20240124_13:45:12_527] # [T19989][VisionSlotAdd][1523]Current VehPos: 0, 5000, ang -0.000 (-0.000)
[20240124_13:45:12_531] # [T19990][VisionSlotAdd][1528]Convert Vision Slot[1][1] Coord: 0: 2576, 9380; 1: 7538, 9641; 2: 7664, 7239; 3: 2702, 6979
[20240124_13:45:12_531] # [T19990][VisionSlotAdd][1533]Old Vision Slot[1][1] Coord: 0: 2582, 9422; 1: 7512, 9680; 2: 7637, 7278; 3: 2707, 7020
[20240124_13:45:12_531] # [T19991][VisionSlotAddSlotWeightCal][1014]u32Weight: 2, CentreY: 3179.500, DisY: 1891.500, SlotAng: 176.995
[20240124_13:45:12_531] # [T19992][VisionSlotAdd][1576]New Vision Slot[1][1] Coord: 0: 2581, 9420; 1: 7513, 9679; 2: 7638, 7277; 3: 2707, 7018
[20240124_13:45:12_533] # [T19992][VisionSlotAdd][1600]vision slot [1][1], u32Weight: 2, Sum: 45, SlotAng: 3.000, CurSlotAng: 3.005
[20240124_13:45:12_533] # [T19993][VisionSlotAddValidCheck][893]Vision slot Length: 2637,2637, Depth 4776,4775
[20240124_13:45:12_533] # [T19993][VisionSlotAdd][1521]Added Vision Slot[0][0] Num 2 OriCoord: 0: 4293, 2881; 1: 8387, 421; 2: 7028, -1839; 3: 2934, 620
[20240124_13:45:12_535] # [T19994][VisionSlotAdd][1522]VehCoordAndAngle: 0, 5000, ang 0.000 (0.000)
[20240124_13:45:12_535] # [T19995][VisionSlotAdd][1523]Current VehPos: 0, 5000, ang -0.000 (-0.000)
[20240124_13:45:12_535] # [T19995][VisionSlotAdd][1528]Convert Vision Slot[0][0] Coord: 0: -4293, 7881; 1: -8387, 5421; 2: -7028, 3161; 3: -2934, 5620
[20240124_13:45:12_535] # [T19996][VisionSlotAdd][1533]Old Vision Slot[0][0] Coord: 0: -4293, 7853; 1: -8379, 5408; 2: -7034, 3161; 3: -2948, 5605
[20240124_13:45:12_535] # [T19996][VisionSlotAddSlotWeightCal][1014]u32Weight: 18, CentreY: 1750.500, DisY: 462.500, SlotAng: -30.996
[20240124_13:45:12_539] # [T19997][VisionSlotAdd][1576]New Vision Slot[0][0] Coord: 0: -4293, 7854; 1: -8379, 5408; 2: -7034, 3161; 3: -2947, 5606
[20240124_13:45:12_539] # [T19998][VisionSlotAdd][1600]vision slot [0][0], u32Weight: 18, Sum: 721, SlotAng: -149.107, CurSlotAng: -149.004
[20240124_13:45:12_539] # [T19998][VisionSlotAddValidCheck][893]Vision slot Length: 2362,2363, Depth 4865,4865
[20240124_13:45:12_539] # [T19999][VisionSlotAdd][1521]Added Vision Slot[1][0] Num 2 OriCoord: 0: -2689, 1965; 1: -7543, 2305; 2: -7708, -53; 3: -2854, -392
[20240124_13:45:12_539] # [T19999][VisionSlotAdd][1522]VehCoordAndAngle: 0, 5000, ang 0.000 (0.000)
[20240124_13:45:12_541] # [T20000][VisionSlotAdd][1523]Current VehPos: 0, 5000, ang -0.000 (-0.000)
[20240124_13:45:12_541] # [T20000][VisionSlotAdd][1528]Convert Vision Slot[1][0] Coord: 0: 2689, 6965; 1: 7543, 7305; 2: 7708, 4947; 3: 2854, 4608
[20240124_13:45:12_543] # [T20001][VisionSlotAdd][1533]Old Vision Slot[1][0] Coord: 0: 2673, 6970; 1: 7564, 7303; 2: 7723, 4971; 3: 2832, 4638
[20240124_13:45:12_543] # [T20002][VisionSlotAddSlotWeightCal][1014]u32Weight: 17, CentreY: 786.500, DisY: 501.500, SlotAng: 175.999
[20240124_13:45:12_543] # [T20002][VisionSlotAdd][1576]New Vision Slot[1][0] Coord: 0: 2673, 6970; 1: 7563, 7303; 2: 7722, 4970; 3: 2832, 4638
[20240124_13:45:12_544] # [T20003][VisionSlotAdd][1600]vision slot [1][0], u32Weight: 17, Sum: 671, SlotAng: 3.893, CurSlotAng: 4.001
[20240124_13:45:12_544] # [T20004][APAVisionOblAdd][1323]Vision Obl merge: 1
[20240124_13:45:12_544] # [T20004][APAVisionOblAdd][1326]Receive Vision Obl CrossPointCoord: 0: 2576, 9380; 1: 7538, 9641
[20240124_13:45:12_544] # [T20005][APAVisionOblInfoDebugPrint][118]VisionOblInfo:
[20240124_13:45:12_544] # [T20005][APAVisionOblInfoDebugPrint][119]OblType: 0, bIsMerge 0, DetectCount 47
[20240124_13:45:12_547] # [T20006][APAVisionOblInfoDebugPrint][122]CrossPointCoord: 0: 746, 9236; 1: 5475, 9835
[20240124_13:45:12_547] # [T20006][APAVisionOblInfoDebugPrint][125]OriginCrossPointCoord: 0: -2576, 4380; 1: -7538, 4641
[20240124_13:45:12_547] # [T20007][APAVisionOblInfoDebugPrint][126]VehCoordAndAng: 0, 5000, ang 0.000(0.000)
[20240124_13:45:12_547] # [T20007][APAVisionOblInfoDebugPrint][127] 
[20240124_13:45:12_551] # [T20007][APAVisionOblAdd][1323]Vision Obl merge: 0
[20240124_13:45:12_551] # [T20008][APAVisionOblAdd][1326]Receive Vision Obl CrossPointCoord: 0: -8387, 5421; 1: -4293, 7881
[20240124_13:45:12_551] # [T20008][APAVisionOblInfoDebugPrint][118]VisionOblInfo:
[20240124_13:45:12_551] # [T20008][APAVisionOblInfoDebugPrint][119]OblType: 0, bIsMerge 0, DetectCount 76
[20240124_13:45:12_551] # [T20009][APAVisionOblInfoDebugPrint][122]CrossPointCoord: 0: -2999, 6169; 1: 1480, 7586
[20240124_13:45:12_551] # [T20009][APAVisionOblInfoDebugPrint][125]OriginCrossPointCoord: 0: 8387, 421; 1: 4293, 2881
[20240124_13:45:12_551] # [T20010][APAVisionOblInfoDebugPrint][126]VehCoordAndAng: 0, 5000, ang 0.000(0.000)
[20240124_13:45:12_551] # [T20010][APAVisionOblInfoDebugPrint][127] 
[20240124_13:45:12_555] # [T20011][APAVisionOblAdd][1323]Vision Obl merge: 0
[20240124_13:45:12_555] # [T20011][APAVisionOblAdd][1326]Receive Vision Obl CrossPointCoord: 0: 2689, 6965; 1: 7543, 7305
[20240124_13:45:12_555] # [T20011][APAVisionOblInfoDebugPrint][118]VisionOblInfo:
[20240124_13:45:12_555] # [T20012][APAVisionOblInfoDebugPrint][119]OblType: 0, bIsMerge 0, DetectCount 77
[20240124_13:45:12_555] # [T20012][APAVisionOblInfoDebugPrint][122]CrossPointCoord: 0: -2925, 6179; 1: 1558, 7582
[20240124_13:45:12_555] # [T20013][APAVisionOblInfoDebugPrint][125]OriginCrossPointCoord: 0: -2689, 1965; 1: -7543, 2305
[20240124_13:45:12_564] # [T20013][APAVisionOblInfoDebugPrint][126]VehCoordAndAng: 0, 5000, ang 0.000(0.000)
[20240124_13:45:12_564] # [T20014][APAVisionOblInfoDebugPrint][127] 
[20240124_13:45:12_608] # [T20069][APAVisionOblAdd][1323]Vision Obl merge: 1
[20240124_13:45:12_608] # [T20069][APAVisionOblAdd][1326]Receive Vision Obl CrossPointCoord: 0: 2587, 9420; 1: 7519, 9678
[20240124_13:45:12_608] # [T20069][APAVisionOblInfoDebugPrint][118]VisionOblInfo:
[20240124_13:45:12_608] # [T20070][APAVisionOblInfoDebugPrint][119]OblType: 0, bIsMerge 0, DetectCount 48
[20240124_13:45:12_608] # [T20070][APAVisionOblInfoDebugPrint][122]CrossPointCoord: 0: 784, 9240; 1: 5518, 9832
[20240124_13:45:12_612] # [T20071][APAVisionOblInfoDebugPrint][125]OriginCrossPointCoord: 0: -2587, 4420; 1: -7519, 4678
[20240124_13:45:12_612] # [T20071][APAVisionOblInfoDebugPrint][126]VehCoordAndAng: 0, 5000, ang 0.000(0.000)
[20240124_13:45:12_612] # [T20072][APAVisionOblInfoDebugPrint][127] 
[20240124_13:45:12_612] # [T20072][APAVisionOblAdd][1323]Vision Obl merge: 0
[20240124_13:45:12_612] # [T20072][APAVisionOblAdd][1326]Receive Vision Obl CrossPointCoord: 0: -8366, 5414; 1: -4292, 7862
[20240124_13:45:12_612] # [T20073][APAVisionOblInfoDebugPrint][118]VisionOblInfo:
[20240124_13:45:12_612] # [T20073][APAVisionOblInfoDebugPrint][119]OblType: 0, bIsMerge 0, DetectCount 78
[20240124_13:45:12_616] # [T20073][APAVisionOblInfoDebugPrint][122]CrossPointCoord: 0: -2994, 6169; 1: 1483, 7586
[20240124_13:45:12_616] # [T20074][APAVisionOblInfoDebugPrint][125]OriginCrossPointCoord: 0: 8366, 414; 1: 4292, 2862
[20240124_13:45:12_616] # [T20074][APAVisionOblInfoDebugPrint][126]VehCoordAndAng: 0, 5000, ang 0.000(0.000)
[20240124_13:45:12_616] # [T20075][APAVisionOblInfoDebugPrint][127] 
[20240124_13:45:12_616] # [T20075][APAVisionOblAdd][1323]Vision Obl merge: 0
[20240124_13:45:12_616] # [T20075][APAVisionOblAdd][1326]Receive Vision Obl CrossPointCoord: 0: 2726, 6928; 1: 7518, 7263
[20240124_13:45:12_616] # [T20076][APAVisionOblInfoDebugPrint][118]VisionOblInfo:
[20240124_13:45:12_616] # [T20076][APAVisionOblInfoDebugPrint][119]OblType: 0, bIsMerge 0, DetectCount 79
[20240124_13:45:12_616] # [T20077][APAVisionOblInfoDebugPrint][122]CrossPointCoord: 0: -2922, 6179; 1: 1560, 7582
[20240124_13:45:12_616] # [T20077][APAVisionOblInfoDebugPrint][125]OriginCrossPointCoord: 0: -2726, 1928; 1: -7518, 2263
[20240124_13:45:12_616] # [T20078][APAVisionOblInfoDebugPrint][126]VehCoordAndAng: 0, 5000, ang 0.000(0.000)
[20240124_13:45:12_616] # [T20078][APAVisionOblInfoDebugPrint][127] 
[20240124_13:45:12_616] # [T20078][VisionSlotAddValidCheck][893]Vision slot Length: 2408,2407, Depth 4938,4938
[20240124_13:45:12_620] # [T20079][VisionSlotAdd][1521]Added Vision Slot[1][1] Num 2 OriCoord: 0: -2587, 4420; 1: -7519, 4678; 2: -7645, 2274; 3: -2713, 2015
[20240124_13:45:12_620] # [T20080][VisionSlotAdd][1522]VehCoordAndAngle: 0, 5000, ang 0.000 (0.000)
[20240124_13:45:12_620] # [T20080][VisionSlotAdd][1523]Current VehPos: 0, 5000, ang -0.000 (-0.000)
[20240124_13:45:12_620] # [T20080][VisionSlotAdd][1528]Convert Vision Slot[1][1] Coord: 0: 2587, 9420; 1: 7519, 9678; 2: 7645, 7274; 3: 2713, 7015
[20240124_13:45:12_620] # [T20081][VisionSlotAdd][1533]Old Vision Slot[1][1] Coord: 0: 2581, 9420; 1: 7513, 9679; 2: 7638, 7277; 3: 2707, 7018
[20240124_13:45:12_620] # [T20082][VisionSlotAddSlotWeightCal][1014]u32Weight: 1, CentreY: 3217.500, DisY: 1929.500, SlotAng: 177.000
[20240124_13:45:12_620] # [T20082][VisionSlotAdd][1576]New Vision Slot[1][1] Coord: 0: 2581, 9420; 1: 7513, 9679; 2: 7639, 7277; 3: 2707, 7018
[20240124_13:45:12_624] # [T20083][VisionSlotAdd][1600]vision slot [1][1], u32Weight: 1, Sum: 46, SlotAng: 3.000, CurSlotAng: 3.000
[20240124_13:45:12_624] # [T20084][VisionSlotAddValidCheck][893]Vision slot Length: 2622,2621, Depth 4752,4753
[20240124_13:45:12_624] # [T20084][VisionSlotAdd][1521]Added Vision Slot[0][0] Num 2 OriCoord: 0: 4292, 2862; 1: 8366, 414; 2: 7016, -1833; 3: 2941, 614
[20240124_13:45:12_624] # [T20085][VisionSlotAdd][152]VehCoordAndAngle: 0, 5000, ang 0.000 (0.000)
[20240124_13:45:12_624] # [T20085][VisionSlotAdd][1523]Current VehPos: 0, 5000, ang -0.000 (-0.000)
[20240124_13:45:12_624] # [T20086][VisionSlotAdd][1528]Convert Vision Slot[0][0] Coord: 0: -4292, 7862; 1: -8366, 5414; 2: -7016, 3167; 3: -2941, 5614
[20240124_13:45:12_628] # [T20086][VisionSlotAdd][1533]Old Vision Slot[0][0] Coord: 0: -4293, 7854; 1: -8379, 5408; 2: -7034, 3161; 3: -2947, 5606
[20240124_13:45:12_628] # [T20087][VisionSlotAddSlotWeightCal][1014]u32Weight: 18, CentreY: 1738.000, DisY: 450.000, SlotAng: -30.993
[20240124_13:45:12_628] # [T20088][VisionSlotAdd][1576]New Vision Slot[0][0] Coord: 0: -4293, 7854; 1: -8379, 5408; 2: -7033, 3161; 3: -2947, 5606
[20240124_13:45:12_628] # [T20088][VisionSlotAdd][1600]vision slot [0][0], u32Weight: 18, Sum: 739, SlotAng: -149.105, CurSlotAng: -149.007
[20240124_13:45:12_628] # [T20089][VisionSlotAddValidCheck][893]Vision slot Length: 2287,2287, Depth 4803,4803
[20240124_13:45:12_628] # [T20089][VisionSlotAdd][1521]Added Vision Slot[1][0] Num 2 OriCoord: 0: -2726, 1928; 1: -7518, 2263; 2: -7678, -19; 3: -2886, -354
[20240124_13:45:12_632] # [T20090][VisionSlotAdd][1522]VehCoordAndAngle: 0, 5000, ang 0.000 (0.000)
[20240124_13:45:12_632] # [T20090][VisionSlotAdd][1523]Current VehPos: 0, 5000, ang -0.000 (-0.000)
[20240124_13:45:12_632] # [T20091][VisionSlotAdd][1528]Convert Vision Slot[1][0] Coord: 0: 2726, 6928; 1: 7518, 7263; 2: 7678, 4981; 3: 2886, 4646
[20240124_13:45:12_632] # [T20092][VisionSlotAdd][1533]Old Vision Slot[1][0] Coord: 0: 2673, 6970; 1: 7563, 7303; 2: 7722, 4970; 3: 2832, 4638
[20240124_13:45:12_634] # [T20092][VisionSlotAddSlotWeightCal][1014]u32Weight: 17, CentreY: 787.000, DisY: 501.000, SlotAng: 176.001
[20240124_13:45:12_634] # [T20093][VisionSlotAdd][1576]New Vision Slot[1][0] Coord: 0: 2675, 6969; 1: 7562, 7302; 2: 7721, 4970; 3: 2833, 4638
[20240124_13:45:12_637] # [T20093][VisionSlotAdd][1600]vision slot [1][0], u32Weight: 17, Sum: 688, SlotAng: 3.895, CurSlotAng: 3.999
[20240124_13:45:12_690] # [T20150][APAVisionOblAdd][1323]Vision Obl merge: 1
[20240124_13:45:12_690] # [T20150][APAVisionOblAdd][1326]Receive Vision Obl CrossPointCoord: 0: 2581, 9417; 1: 7457, 9673
[20240124_13:45:12_690] # [T20150][APAVisionOblInfoDebugPrint][118]VisionOblInfo:
[20240124_13:45:12_692] # [T20151][APAVisionOblInfoDebugPrint][119]OblType: 0, bIsMerge 0, DetectCount 49
[20240124_13:45:12_692] # [T20152][APAVisionOblInfoDebugPrint][122]CrossPointCoord: 0: 821, 9244; 1: 5558, 9829
[20240124_13:45:12_692] # [T20152][APAVisionOblInfoDebugPrint][125]OriginCrossPointCoord: 0: -2581, 4417; 1: -7457, 4673
[20240124_13:45:12_692] # [T20153][APAVisionOblInfoDebugPrint][126]VehCoordAndAng: 0, 5000, ang 0.000(0.000)
[20240124_13:45:12_692] # [T20153][APAVisionOblInfoDebugPrint][127] 
[20240124_13:45:12_692] # [T20153][APAVisionOblAdd][1323]Vision Obl merge: 0
[20240124_13:45:12_692] # [T20154][APAVisionOblAdd][1326]Receive Vision Obl CrossPointCoord: 0: -8369, 5403; 1: -4298, 7849
[20240124_13:45:12_692] # [T20154][APAVisionOblInfoDebugPrint][118]VisionOblInfo:
[20240124_13:45:12_696] # [T20155][APAVisionOblInfoDebugPrint][119]OblType: 0, bIsMerge 0, DetectCount 80
[20240124_13:45:12_696] # [T20155][APAVisionOblInfoDebugPrint][122]CrossPointCoord: 0: -2990, 6169; 1: 1486, 7585
[20240124_13:45:12_696] # [T20155][APAVisionOblInfoDebugPrint][125]OriginCrossPointCoord: 0: 8369, 403; 1: 4298, 2849
[20240124_13:45:12_696] # [T20156][APAVisionOblInfoDebugPrint][126]VehCoordAndAng: 0, 5000, ang 0.000(0.000)
[20240124_13:45:12_696] # [T20156][APAVisionOblInfoDebugPrint][127] 
[20240124_13:45:12_698] # [T20157][APAVisionOblAdd][1323]Vision Obl merge: 0
[20240124_13:45:12_699] # [T20157][APAVisionOblAdd][1326]Receive Vision Obl CrossPointCoord: 0: 2694, 6973; 1: 7539, 7312
[20240124_13:45:12_699] # [T20157][APAVisionOblInfoDebugPrint][118]VisionOblInfo:
[20240124_13:45:12_699] # [T20158][APAVisionOblInfoDebugPrint][119]OblType: 0, bIsMerge 0, DetectCount 81
[20240124_13:45:12_699] # [T20158][APAVisionOblInfoDebugPrint][122]CrossPointCoord: 0: -2920, 6179; 1: 1561, 7582
[20240124_13:45:12_699] # [T20159][APAVisionOblInfoDebugPrint][125]OriginCrossPointCoord: 0: -2694, 1973; 1: -7539, 2312
[20240124_13:45:12_699] # [T20159][APAVisionOblInfoDebugPrint][126]VehCoordAndAng: 0, 5000, ang 0.000(0.000)
[20240124_13:45:12_702] # [T20160][APAVisionOblInfoDebugPrint][127] 
[20240124_13:45:12_702] # [T20160][VisionSlotAddValidCheck][893]Vision slot Length: 2380,2380, Depth 4882,4882
[20240124_13:45:12_702] # [T20161][VisionSlotAdd][1521]Added Vision Slot[1][1] Num 2 OriCoord: 0: -2581, 4417; 1: -7457, 4673; 2: -7582, 2296; 3: -2706, 2040
[20240124_13:45:12_702] # [T20161][VisionSlotAdd][1522]VehCoordAndAngle: 0, 5000, ang 0.000 (0.000)
[20240124_13:45:12_702] # [T20162][VisionSlotAdd][1523]Current VehPos: 0, 5000, ang -0.000 (-0.000)
[20240124_13:45:12_702] # [T20162][VisionSlotAdd][1528]Convert Vision Slot[1][1] Coord: 0: 2581, 9417; 1: 7457, 9673; 2: 7582, 7296; 3: 2706, 7040
[20240124_13:45:12_702] # [T20163][VisionSlotAdd][1533]Old Vision Slot[1][1] Coord: 0: 2581, 9420; 1: 7513, 9679; 2: 7639, 7277; 3: 2707, 7018
[20240124_13:45:12_702] # [T20163][VisionSlotAddSlotWeightCal][1014]u32Weight: 1, CentreY: 3228.500, DisY: 1940.500, SlotAng: 176.995
[20240124_13:45:12_705] # [T20164][VisionSlotAdd][1576]New Vision Slot[1][1] Coord: 0: 2581, 9420; 1: 7512, 9678; 2: 7637, 7277; 3: 2707, 7019
[20240124_13:45:12_705] # [T20165][VisionSlotAdd][1600]vision slot [1][1], u32Weight: 1, Sum: 47, SlotAng: 3.000, CurSlotAng: 3.005
[20240124_13:45:12_705] # [T20165][VisionSlotAddValidCheck][893]Vision slot Length: 2637,2637, Depth 4749,4750
[20240124_13:45:12_705] # [T20166][VisionSlotAdd][1521]Added Vision Slot[0][0] Num 2 OriCoord: 0: 4298, 2849; 1: 8369, 403; 2: 7011, -1858; 3: 2939, 588
[20240124_13:45:12_705] # [T20166][VisionSlotAdd][1522]VehCoordAndAngle: 0, 5000, ang 0.000 (0.000)
[20240124_13:45:12_705] # [T20167][VisionSlotAdd][1523]Current VehPos: 0, 5000, ang -0.000 (-0.000)
[20240124_13:45:12_709] # [T20167][VisionSlotAdd][1528]Convert Vision Slot[0][0] Coord: 0: -4298, 7849; 1: -8369, 5403; 2: -7011, 3142; 3: -2939, 5588
[20240124_13:45:12_709] # [T20168][VisionSlotAdd][1533]Old Vision Slot[0][0] Coord: 0: -4293, 7854; 1: -8379, 5408; 2: -7033, 3161; 3: -2947, 5606
[20240124_13:45:12_709] # [T20169][VisionSlotAddSlotWeightCal][1014]u32Weight: 18, CentreY: 1718.500, DisY: 430.500, SlotAng: -30.996
[20240124_13:45:12_710] # [T20169][VisionSlotAdd][1576]New Vision Slot[0][0] Coord: 0: -4293, 7854; 1: -8379, 5408; 2: -7033, 3161; 3: -2947, 5605
[20240124_13:45:12_710] # [T20170][VisionSlotAdd][1600]vision slot [0][0], u32Weight: 18, Sum: 757, SlotAng: -149.102, CurSlotAng: -149.004
[20240124_13:45:12_710] # [T20171][VisionSlotAddValidCheck][893]Vision slot Length: 2328,2329, Depth 4856,4855
[20240124_13:45:12_710] # [T20171][VisionSlotAdd][1521]Added Vision Slot[1][0] Num 2 OriCoord: 0: -2694, 1973; 1: -7539, 2312; 2: -7701, -12; 3: -2857, -350
[20240124_13:45:12_713] # [T20172][VisionSlotAdd][1522]VehCoordAndAngle: 0, 5000, ang 0.000 (0.000)
[20240124_13:45:12_713] # [T20172][VisionSlotAdd][1523]Current VehPos: 0, 5000, ang -0.000 (-0.000)
[20240124_13:45:12_713] # [T20173][VisionSlotAdd][1528]Convert Vision Slot[1][0] Coord: 0: 2694, 6973; 1: 7539, 7312; 2: 7701, 4988; 3: 2857, 4650
[20240124_13:45:12_713] # [T20173][VisionSlotAdd][1533]Old Vision Slot[1][0] Coord: 0: 2675, 6969; 1: 7562, 7302; 2: 7721, 4970; 3: 2833, 4638
[20240124_13:45:12_713] # [T20174][VisionSlotAddSlotWeightCal][1014]u32Weight: 18, CentreY: 811.500, DisY: 476.500, SlotAng: 176.003
[20240124_13:45:12_713] # [T20174][VisionSlotAdd][1576]New Vision Slot[1][0] Coord: 0: 2675, 6969; 1: 7562, 7302; 2: 7721, 4971; 3: 2834, 4638
[20240124_13:45:12_731] # [T20175][VisionSlotAdd][1600]vision slot [1][0], u32Weight: 18, Sum: 706, SlotAng: 3.898, CurSlotAng: 3.997
[20240124_13:45:12_790] # [T20251][APAVisionOblAdd][1323]Vision Obl merge: 1
[20240124_13:45:12_790] # [T20251][APAVisionOblAdd][1326]Receive Vision Obl CrossPointCoord: 0: 2565, 9409; 1: 7510, 9668
[20240124_13:45:12_790] # [T20251][APAVisionOblInfoDebugPrint][118]VisionOblInfo:
[20240124_13:45:12_790] # [T20252][APAVisionOblInfoDebugPrint][119]OblType: 0, bIsMerge 0, DetectCount 50
[20240124_13:45:12_790] # [T20252][APAVisionOblInfoDebugPrint][122]CrossPointCoord: 0: 856, 9247; 1: 5597, 9825
[20240124_13:45:12_793] # [T20253][APAVisionOblInfoDebugPrint][125]OriginCrossPointCoord: 0: -2565, 4409; 1: -7510, 4668
[20240124_13:45:12_793] # [T20253][APAVisionOblInfoDebugPrint][126]VehCoordAndAng: 0, 5000, ang 0.000(0.000)
[20240124_13:45:12_793] # [T20254][APAVisionOblInfoDebugPrint][127] 
[20240124_13:45:12_793] # [T20254][APAVisionOblAdd][1323]Vision Obl merge: 0
[20240124_13:45:12_793] # [T20254][APAVisionOblAdd][1326]Receive Vision Obl CrossPointCoord: 0: -8396, 5383; 1: -4305, 7841
[20240124_13:45:12_793] # [T20255][APAVisionOblInfoDebugPrint][118]VisionOblInfo:
[20240124_13:45:12_793] # [T20255][APAVisionOblInfoDebugPrint][119]OblType: 0, bIsMerge 0, DetectCount 82
[20240124_13:45:12_797] # [T20256][APAVisionOblInfoDebugPrint][122]CrossPointCoord: 0: -2987, 6169; 1: 1490, 7585
[20240124_13:45:12_797] # [T20256][APAVisionOblInfoDebugPrint][125]OriginCrossPointCoord: 0: 8396, 383; 1: 4305, 2841
[20240124_13:45:12_797] # [T20257][APAVisionOblInfoDebugPrint][126]VehCoordAndAng: 0, 5000, ang 0.000(0.000)
[20240124_13:45:12_797] # [T20257][APAVisionOblInfoDebugPrint][127] 
[20240124_13:45:12_797] # [T20257][APAVisionOblAdd][1323]Vision Obl merge: 0
[20240124_13:45:12_797] # [T20258][APAVisionOblAdd][1326]Receive Vision Obl CrossPointCoord: 0: 2709, 6962; 1: 7616, 7305
[20240124_13:45:12_797] # [T20258][APAVisionOblInfoDebugPrint][118]VisionOblInfo:
[20240124_13:45:12_800] # [T20258][APAVisionOblInfoDebugPrint][119]OblType: 0, bIsMerge 0, DetectCount 83
[20240124_13:45:12_800] # [T20259][APAVisionOblInfoDebugPrint][122]CrossPointCoord: 0: -2918, 6179; 1: 1563, 7581
[20240124_13:45:12_800] # [T20259][APAVisionOblInfoDebugPrint][125]OriginCrossPointCoord: 0: -2709, 1962; 1: -7616, 2305
[20240124_13:45:12_801] # [T20260][APAVisionOblInfoDebugPrint][126]VehCoordAndAng: 0, 5000, ang 0.000(0.000)
[20240124_13:45:12_801] # [T20260][APAVisionOblInfoDebugPrint][127] 
[20240124_13:45:12_801] # [T20261][VisionSlotAddValidCheck][893]Vision slot Length: 2407,2407, Depth 4951,4951
[20240124_13:45:12_801] # [T20261][VisionSlotAdd][1521]Added Vision Slot[1][1] Num 2 OriCoord: 0: -2565, 4409; 1: -7510, 4668; 2: -7636, 2264; 3: -2691, 2005
[20240124_13:45:12_801] # [T20262][VisionSlotAdd][1522]VehCoordAndAngle: 0, 5000, ang 0.000 (0.000)
[20240124_13:45:12_801] # [T20262][VisionSlotAdd][1523]Current VehPos: 0, 5000, ang -0.000 (-0.000)
[20240124_13:45:12_801] # [T20263][VisionSlotAdd][1528]Convert Vision Slot[1][1] Coord: 0: 2565, 9409; 1: 7510, 9668; 2: 7636, 7264; 3: 2691, 7005
[20240124_13:45:12_801] # [T20263][VisionSlotAdd][1533]Old Vision Slot[1][1] Coord: 0: 2581, 9420; 1: 7512, 9678; 2: 7637, 7277; 3: 2707, 7019
[20240124_13:45:12_805] # [T20264][VisionSlotAddSlotWeightCal][1014]u32Weight: 1, CentreY: 3207.000, DisY: 1919.000, SlotAng: 177.002
[20240124_13:45:12_805] # [T20265][VisionSlotAdd][1576]New Vision Slot[1][1] Coord: 0: 2581, 9420; 1: 7512, 9678; 2: 7637, 7277; 3: 2707, 7018
[20240124_13:45:12_805] # [T20265][VisionSlotAdd][1600]vision slot [1][1], u32Weight: 1, Sum: 48, SlotAng: 3.000, CurSlotAng: 2.998
[20240124_13:45:12_805] # [T20266][VisionSlotAddValidCheck][893]Vision slot Length: 2612,2611, Depth 4772,4772
[20240124_13:45:12_805] # [T20266][VisionSlotAdd][1521]Added Vision Slot[0][0] Num 2 OriCoord: 0: 4305, 2841; 1: 8396, 383; 2: 7051, -1855; 3: 2959, 602
[20240124_13:45:12_805] # [T20267][VisionSlotAdd][1522]VehCoordAndAngle: 0, 5000, ang 0.000 (0.000)
[20240124_13:45:12_805] # [T20267][VisionSlotAdd][1523]Current VehPos: 0, 5000, ang -0.000 (-0.000)
[20240124_13:45:12_809] # [T20268][VisionSlotAdd][1528]Convert Vision Slot[0][0] Coord: 0: -4305, 7841; 1: -8396, 5383; 2: -7051, 3145; 3: -2959, 5602
[20240124_13:45:12_809] # [T20268][VisionSlotAdd][1533]Old Vision Slot[0][0] Coord: 0: -4293, 7854; 1: -8379, 5408; 2: -7033, 3161; 3: -2947, 5605
[20240124_13:45:12_809] # [T20269][VisionSlotAddSlotWeightCal][1014]u32Weight: 18, CentreY: 1721.500, DisY: 433.500, SlotAng: -30.991
[20240124_13:45:12_809] # [T20270][VisionSlotAdd][1576]New Vision Slot[0][0] Coord: 0: -4293, 7853; 1: -8379, 5407; 2: -7033, 3160; 3: -2947, 5605
[20240124_13:45:12_809] # [T20270][VisionSlotAdd][1600]vision slot [0][0], u32Weight: 18, Sum: 775, SlotAng: -149.100, CurSlotAng: -149.009
[20240124_13:45:12_809] # [T20271][VisionSlotAddValidCheck][893]Vision slot Length: 2362,2361, Depth 4918,4918
[20240124_13:45:12_813] # [T20272][VisionSlotAdd][1521]Added Vision Slot[1][0] Num 2 OriCoord: 0: -2709, 1962; 1: -7616, 2305; 2: -7780, -51; 3: -2874, -395
[20240124_13:45:12_813] # [T20272][VisionSlotAdd][1522]VehCoordAndAngle: 0, 5000, ang 0.000 (0.000)
[20240124_13:45:12_813] # [T20273][VisionSlotAdd][1523]Current VehPos: 0, 5000, ang -0.000 (-0.000)
[20240124_13:45:12_813] # [T20273][VisionSlotAdd][1528]Convert Vision Slot[1][0] Coord: 0: 2709, 6962; 1: 7616, 7305; 2: 7780, 4949; 3: 2874, 4605
[20240124_13:45:12_813] # [T20274][VisionSlotAdd][1533]Old Vision Slot[1][0] Coord: 0: 2675, 6969; 1: 7562, 7302; 2: 7721, 4971; 3: 2834, 4638
[20240124_13:45:12_821] # [T20274][VisionSlotAddSlotWeightCal][1014]u32Weight: 17, CentreY: 783.500, DisY: 504.500, SlotAng: 175.995
[20240124_13:45:12_821] # [T20275][VisionSlotAdd][1576]New Vision Slot[1][0] Coord: 0: 2676, 6969; 1: 7563, 7302; 2: 7722, 4970; 3: 2835, 4637
[20240124_13:45:12_823] # [T20276][VisionSlotAdd][1600]vision slot [1][0], u32Weight: 17, Sum: 723, SlotAng: 3.900, CurSlotAng: 4.005
[20240124_13:45:12_883] # [T20342][APAVisionOblAdd][1323]Vision Obl merge: 1
[20240124_13:45:12_883] # [T20342][APAVisionOblAdd][1326]Receive Vision Obl CrossPointCoord: 0: 2603, 9434; 1: 7519, 9691
[20240124_13:45:12_884] # [T20342][APAVisionOblInfoDebugPrint][118]VisionOblInfo:
[20240124_13:45:12_884] # [T20343][APAVisionOblInfoDebugPrint][119]OblType: 0, bIsMerge 0, DetectCount 51
[20240124_13:45:12_884] # [T20343][APAVisionOblInfoDebugPrint][122]CrossPointCoord: 0: 890, 9251; 1: 5634, 9823
[20240124_13:45:12_884] # [T20343][APAVisionOblInfoDebugPrint][125]OriginCrossPointCoord: 0: -2603, 4434; 1: -7519, 4691
[20240124_13:45:12_884] # [T20344][APAVisionOblInfoDebugPrint][126]VehCoordAndAng: 0, 5000, ang 0.000(0.000)
[20240124_13:45:12_884] # [T20344][APAVisionOblInfoDebugPrint][127] 
[20240124_13:45:12_884] # [T20345][APAVisionOblAdd][1323]Vision Obl merge: 0
[20240124_13:45:12_884] # [T20345][APAVisionOblAdd][1326]Receive Vision Obl CrossPointCoord: 0: -8371, 5394; 1: -4312, 7834
[20240124_13:45:12_884] # [T20346][APAVisionOblInfoDebugPrint][118]VisionOblInfo:
[20240124_13:45:12_887] # [T20346][APAVisionOblInfoDebugPrint][119]OblType: 0, bIsMerge 0, DetectCount 84
[20240124_13:45:12_889] # [T20346][APAVisionOblInfoDebugPrint][122]CrossPointCoord: 0: -2983, 6169; 1: 1493, 7584
[20240124_13:45:12_889] # [T20347][APAVisionOblInfoDebugPrint][125]OriginCrossPointCoord: 0: 8371, 394; 1: 4312, 2834
[20240124_13:45:12_889] # [T20347][APAVisionOblInfoDebugPrint][126]VehCoordAndAng: 0, 5000, ang 0.000(0.000)
[20240124_13:45:12_889] # [T20348][APAVisionOblInfoDebugPrint][127] 
[20240124_13:45:12_889] # [T20348][APAVisionOblAdd][1323]Vision Obl merge: 0
[20240124_13:45:12_890] # [T20348][APAVisionOblAdd][1326]Receive Vision Obl CrossPointCoord: 0: 2673, 6990; 1: 7635, 7337
[20240124_13:45:12_890] # [T20349][APAVisionOblInfoDebugPrint][118]VisionOblInfo:
[20240124_13:45:12_890] # [T20349][APAVisionOblInfoDebugPrint][119]OblType: 0, bIsMerge 0, DetectCount 85
[20240124_13:45:12_891] # [T20350][APAVisionOblInfoDebugPrint][122]CrossPointCoord: 0: -2916, 6179; 1: 1566, 7581
[20240124_13:45:12_891] # [T20350][APAVisionOblInfoDebugPrint][125]OriginCrossPointCoord: 0: -2673, 1990; 1: -7635, 2337
[20240124_13:45:12_891] # [T20351][APAVisionOblInfoDebugPrint][126]VehCoordAndAng: 0, 5000, ang 0.000(0.000)
[20240124_13:45:12_891] # [T20351][APAVisionOblInfoDebugPrint][127] 
[20240124_13:45:12_893] # [T20351][VisionSlotAddValidCheck][893]Vision slot Length: 2406,2405, Depth 4922,4922
[20240124_13:45:12_893] # [T20352][VisionSlotAdd][1521]Added Vision Slot[1][1] Num 2 OriCoord: 0: -2603, 4434; 1: -7519, 4691; 2: -7645, 2289; 3: -2729, 2031
[20240124_13:45:12_894] # [T20353][VisionSlotAdd][1522]VehCoordAndAngle: 0, 5000, ang 0.000 (0.000)
[20240124_13:45:12_894] # [T20353][VisionSlotAdd][1523]Current VehPos: 0, 5000, ang -0.000 (-0.000)
[20240124_13:45:12_894] # [T20353][VisionSlotAdd][1528]Convert Vision Slot[1][1] Coord: 0: 2603, 9434; 1: 7519, 9691; 2: 7645, 7289; 3: 2729, 7031
[20240124_13:45:12_896] # [T20354][VisionSlotAdd][1533]Old Vision Slot[1][1] Coord: 0: 2581, 9420; 1: 7512, 9678; 2: 7637, 7277; 3: 2707, 7018
[20240124_13:45:12_896] # [T20355][VisionSlotAddSlotWeightCal][1014]u32Weight: 1, CentreY: 3232.500, DisY: 1944.500, SlotAng: 177.002
[20240124_13:45:12_896] # [T20355][VisionSlotAdd][1576]New Vision Slot[1][1] Coord: 0: 2581, 9420; 1: 7512, 9678; 2: 7637, 7277; 3: 2707, 7019
[20240124_13:45:12_896] # [T20356][VisionSlotAdd][1600]vision slot [1][1], u32Weight: 1, Sum: 49, SlotAng: 3.000, CurSlotAng: 2.998
[20240124_13:45:12_896] # [T20357][VisionSlotAddValidCheck][893]Vision slot Length: 2628,2626, Depth 4735,4735
[20240124_13:45:12_896] # [T20357][VisionSlotAdd][1521]Added Vision Slot[0][0] Num 2 OriCoord: 0: 4312, 2834; 1: 8371, 394; 2: 7018, -1857; 3: 2958, 581
[20240124_13:45:12_896] # [T20358][VisionSlotAdd][1522]VehCoordAndAngle: 0, 5000, ang 0.000 (0.000)
[20240124_13:45:12_896] # [T20358][VisionSlotAdd][1523]Current VehPos: 0, 5000, ang -0.000 (-0.000)
[20240124_13:45:12_901] # [T20359][VisionSlotAdd][1528]Convert Vision Slot[0][0] Coord: 0: -4312, 7834; 1: -8371, 5394; 2: -7018, 3143; 3: -2958, 5581
[20240124_13:45:12_901] # [T20359][VisionSlotAdd][1533]Old Vision Slot[0][0] Coord: 0: -4293, 7853; 1: -8379, 5407; 2: -7033, 3160; 3: -2947, 5605
[20240124_13:45:12_902] # [T20360][VisionSlotAddSlotWeightCal][1014]u32Weight: 18, CentreY: 1707.500, DisY: 419.500, SlotAng: -30.998
[20240124_13:45:12_902] # [T20361][VisionSlotAdd][1576]New Vision Slot[0][0] Coord: 0: -4293, 7853; 1: -8379, 5407; 2: -7033, 3160; 3: -2947, 5605
[20240124_13:45:12_902] # [T20361][VisionSlotAdd][1600]vision slot [0][0], u32Weight: 18, Sum: 793, SlotAng: -149.098, CurSlotAng: -149.002
[20240124_13:45:12_904] # [T20362][VisionSlotAddValidCheck][893]Vision slot Length: 2376,2376, Depth 4974,4974
[20240124_13:45:12_904] # [T20362][VisionSlotAdd][1521]Added Vision Slot[1][0] Num 2 OriCoord: 0: -2673, 1990; 1: -7635, 2337; 2: -7801, -34; 3: -2839, -381
[20240124_13:45:12_905] # [T20363][VisionSlotAdd][1522]VehCoordAndAngle: 0, 5000, ang 0.000 (0.000)
[20240124_13:45:12_905] # [T20364][VisionSlotAdd][1523]Current VehPos: 0, 5000, ang -0.000 (-0.000)
[20240124_13:45:12_905] # [T20364][VisionSlotAdd][1528]Convert Vision Slot[1][0] Coord: 0: 2673, 6990; 1: 7635, 7337; 2: 7801, 4966; 3: 2839, 4619
[20240124_13:45:12_905] # [T20365][VisionSlotAdd][1533]Old Vision Slot[1][0] Coord: 0: 2676, 6969; 1: 7563, 7302; 2: 7722, 4970; 3: 2835, 4637
[20240124_13:45:12_908] # [T20365][VisionSlotAddSlotWeightCal][1014]u32Weight: 17, CentreY: 804.500, DisY: 483.500, SlotAng: 176.000
[20240124_13:45:12_908] # [T20366][VisionSlotAdd][1576]New Vision Slot[1][0] Coord: 0: 2676, 6969; 1: 7565, 7303; 2: 7724, 4970; 3: 2835, 4637
[20240124_13:45:12_923] # [T20367][VisionSlotAdd][1600]vision slot [1][0], u32Weight: 17, Sum: 740, SlotAng: 3.903, CurSlotAng: 4.000
[20240124_13:45:12_973] # [T20433][VisionSlotAddValidCheck][893]Vision slot Length: 2425,2424, Depth 4994,4993
[20240124_13:45:12_973] # [T20433][VisionSlotAdd][1521]Added Vision Slot[1][1] Num 2 OriCoord: 0: -2560, 4432; 1: -7548, 4693; 2: -7674, 2272; 3: -2687, 2010
[20240124_13:45:12_973] # [T20434][VisionSlotAdd][1522]VehCoordAndAngle: 0, 5000, ang 0.000 (0.000)
[20240124_13:45:12_973] # [T20434][VisionSlotAdd][1523]Current VehPos: 0, 5000, ang -0.000 (-0.000)
[20240124_13:45:12_973] # [T20435][VisionSlotAdd][1528]Convert Vision Slot[1][1] Coord: 0: 2560, 9432; 1: 7548, 9693; 2: 7674, 7272; 3: 2687, 7010
[20240124_13:45:12_977] # [T20435][VisionSlotAdd][1533]Old Vision Slot[1][1] Coord: 0: 2581, 9420; 1: 7512, 9678; 2: 7637, 7277; 3: 2707, 7019
[20240124_13:45:12_977] # [T20436][VisionSlotAddSlotWeightCal][1014]u32Weight: 1, CentreY: 3221.000, DisY: 1933.000, SlotAng: 176.999
[20240124_13:45:12_977] # [T20437][VisionSlotAdd][1576]New Vision Slot[1][1] Coord: 0: 2581, 9420; 1: 7512, 9679; 2: 7638, 7277; 3: 2707, 7018
[20240124_13:45:12_977] # [T20437][VisionSlotAdd][1600]vision slot [1][1], u32Weight: 1, Sum: 50, SlotAng: 3.000, CurSlotAng: 3.001
[20240124_13:45:12_977] # [T20438][VisionSlotAddValidCheck][893]Vision slot Length: 2611,2611, Depth 4759,4759
[20240124_13:45:12_977] # [T20438][VisionSlotAdd][1521]Added Vision Slot[0][0] Num 2 OriCoord: 0: 4289, 2796; 1: 8411, 417; 2: 7105, -1845; 3: 2983, 534
[20240124_13:45:12_977] # [T20439][VisionSlotAdd][1522]VehCoordAndAngle: 0, 5000, ang 0.000 (0.000)
[20240124_13:45:12_977] # [T20439][VisionSlotAdd][1523]Current VehPos: 0, 5000, ang -0.000 (-0.000)
[20240124_13:45:12_981] # [T20440][VisionSlotAdd][1528]Convert Vision Slot[0][0] Coord: 0: -4289, 7796; 1: -8411, 5417; 2: -7105, 3155; 3: -2983, 5534
[20240124_13:45:12_981] # [T20441][VisionSlotAdd][1533]Old Vision Slot[0][0] Coord: 0: -4293, 7853; 1: -8379, 5407; 2: -7033, 3160; 3: -2947, 5605
[20240124_13:45:12_981] # [T20441][VisionSlotAddSlotWeightCal][1014]u32Weight: 19, CentreY: 1665.000, DisY: 377.000, SlotAng: -29.991
[20240124_13:45:12_981] # [T20442][VisionSlotAdd][1576]New Vision Slot[0][0] Coord: 0: -4293, 7852; 1: -8380, 5407; 2: -7035, 3160; 3: -2948, 5603
[20240124_13:45:12_981] # [T20443][VisionSlotAdd][1600]vision slot [0][0], u32Weight: 19, Sum: 812, SlotAng: -149.119, CurSlotAng: -150.009
[20240124_13:45:12_989] # [T20443][VisionSlotAddValidCheck][893]Vision slot Length: 2385,2385, Depth 4975,4974
[20240124_13:45:12_989] # [T20444][VisionSlotAdd][1521]Added Vision Slot[1][0] Num 2 OriCoord: 0: -2655, 1987; 1: -7618, 2334; 2: -7784, -46; 3: -2822, -393
[20240124_13:45:12_989] # [T20444][VisionSlotAdd][1522]VehCoordAndAngle: 0, 5000, ang 0.000 (0.000)
[20240124_13:45:12_989] # [T20445][VisionSlotAdd][1523]Current VehPos: 0, 5000, ang -0.000 (-0.000)
[20240124_13:45:12_989] # [T20445][VisionSlotAdd][1528]Convert Vision Slot[1][0] Coord: 0: 2655, 6987; 1: 7618, 7334; 2: 7784, 4954; 3: 2822, 4607
[20240124_13:45:12_989] # [T20446][VisionSlotAdd][1533]Old Vision Slot[1][0] Coord: 0: 2676, 6969; 1: 7565, 7303; 2: 7724, 4970; 3: 2835, 4637
[20240124_13:45:12_989] # [T20446][VisionSlotAddSlotWeightCal][1014]u32Weight: 17, CentreY: 797.000, DisY: 491.000, SlotAng: 176.000
[20240124_13:45:12_989] # [T20447][VisionSlotAdd][1576]New Vision Slot[1][0] Coord: 0: 2675, 6970; 1: 7566, 7304; 2: 7725, 4970; 3: 2835, 4636
[20240124_13:45:12_989] # [T20448][VisionSlotAdd][1600]vision slot [1][0], u32Weight: 17, Sum: 757, SlotAng: 3.905, CurSlotAng: 4.000
[20240124_13:45:12_992] # [T20449][APAVisionOblAdd][1323]Vision Obl merge: 1
[20240124_13:45:12_992] # [T20449][APAVisionOblAdd][1326]Receive Vision Obl CrossPointCoord: 0: 2560, 9432; 1: 7548, 9693
[20240124_13:45:12_992] # [T20449][APAVisionOblInfoDebugPrint][118]VisionOblInfo:
[20240124_13:45:12_992] # [T20450][APAVisionOblInfoDebugPrint][119]OblType: 0, bIsMerge 0, DetectCount 52
[20240124_13:45:12_993] # [T20450][APAVisionOblInfoDebugPrint][122]CrossPointCoord: 0: 922, 9254; 1: 5671, 9820
[20240124_13:45:12_993] # [T20451][APAVisionOblInfoDebugPrint][125]OriginCrossPointCoord: 0: -2560, 4432; 1: -7548, 4693
[20240124_13:45:12_995] # [T20451][APAVisionOblInfoDebugPrint][126]VehCoordAndAng: 0, 5000, ang 0.000(0.000)
[20240124_13:45:12_995] # [T20452][APAVisionOblInfoDebugPrint][127] 
[20240124_13:45:12_995] # [T20452][APAVisionOblAdd][1323]Vision Obl merge: 0
[20240124_13:45:12_995] # [T20452][APAVisionOblAdd][1326]Receive Vision Obl CrossPointCoord: 0: -8411, 5417; 1: -4289, 7796
[20240124_13:45:12_995] # [T20453][APAVisionOblInfoDebugPrint][118]VisionOblInfo:
[20240124_13:45:12_995] # [T20453][APAVisionOblInfoDebugPrint][119]OblType: 0, bIsMerge 0, DetectCount 86
[20240124_13:45:12_995] # [T20453][APAVisionOblInfoDebugPrint][122]CrossPointCoord: 0: -2980, 6170; 1: 1498, 7584
[20240124_13:45:12_995] # [T20454][APAVisionOblInfoDebugPrint][125]OriginCrossPointCoord: 0: 8411, 417; 1: 4289, 2796
[20240124_13:45:12_998] # [T20454][APAVisionOblInfoDebugPrint][126]VehCoordAndAng: 0, 5000, ang 0.000(0.000)
[20240124_13:45:12_998] # [T20455][APAVisionOblInfoDebugPrint][127] 
[20240124_13:45:12_998] # [T20455][APAVisionOblAdd][1323]Vision Obl merge: 0
[20240124_13:45:12_998] # [T20455][APAVisionOblAdd][1326]Receive Vision Obl CrossPointCoord: 0: 2655, 6987; 1: 7618, 7334
[20240124_13:45:12_998] # [T20456][APAVisionOblInfoDebugPrint][118]VisionOblInfo:
[20240124_13:45:12_998] # [T20456][APAViionOblInfoDebugPrint][119]OblType: 0, bIsMerge 0, DetectCount 87
[20240124_13:45:12_998] # [T20457][APAVisionOblInfoDebugPrint][122]CrossPointCoord: 0: -2916, 6180; 1: 1568, 7581
[20240124_13:45:12_998] # [T20457][APAVisionOblInfoDebugPrint][125]OriginCrossPointCoord: 0: -2655, 1987; 1: -7618, 2334
[20240124_13:45:12_998] # [T20458][APAVisionOblInfoDebugPrint][126]VehCoordAndAng: 0, 5000, ang 0.000(0.000)
[20240124_13:45:13_002] # [T20458][APAVisionOblInfoDebugPrint][127] 
[20240124_13:45:13_037] #   20487-task_radar-118: RadarCaptureCnt is 106 
[20240124_13:45:13_037] # 
[20240124_13:45:13_063] # [T20525][APAVisionOblAdd][1323]Vision Obl merge: 1
[20240124_13:45:13_063] # [T20525][APAVisionOblAdd][1326]Receive Vision Obl CrossPointCoord: 0: 2577, 9400; 1: 7548, 9661
[20240124_13:45:13_063] # [T20525][APAVisionOblInfoDebugPrint][118]VisionOblInfo:
[20240124_13:45:13_063] # [T20526][APAVisionOblInfoDebugPrint][119]OblType: 0, bIsMerge 0, DetectCount 53
[20240124_13:45:13_063] # [T20526][APAVisionOblInfoDebugPrint][122]CrossPointCoord: 0: 953, 9257; 1: 5707, 9817
[20240124_13:45:13_067] # [T20526][APAVisionOblInfoDebugPrint][125]OriginCrossPointCoord: 0: -2577, 4400; 1: -7548, 4661
[20240124_13:45:13_069] # [T20527][APAVisionOblInfoDebugPrint][126]VehCoordAndAng: 0, 5000, ang 0.000(0.000)
[20240124_13:45:13_069] # [T20527][APAVisionOblInfoDebugPrint][127] 
[20240124_13:45:13_069] # [T20528][APAVisionOblAdd][1323]Vision Obl merge: 0
[20240124_13:45:13_069] # [T20528][APAVisionOblAdd][1326]Receive Vision Obl CrossPointCoord: 0: -8374, 5379; 1: -4298, 7828
[20240124_13:45:13_069] # [T20529][APAVisionOblInfoDebugPrint][118]VisionOblInfo:
[20240124_13:45:13_069] # [T20529][APAVisionOblInfoDebugPrint][119]OblType: 0, bIsMerge 0, DetectCount 88
[20240124_13:45:13_070] # [T20529][APAVisionOblInfoDebugPrint][122]CrossPointCoord: 0: -2978, 6170; 1: 1501, 7584
[20240124_13:45:13_070] # [T20530][APAVisionOblInfoDebugPrint][125]OriginCrossPointCoord: 0: 8374, 379; 1: 4298, 2828
[20240124_13:45:13_072] # [T20530][APAVisionOblInfoDebugPrint][126]VehCoordAndAng: 0, 5000, ang 0.000(0.000)
[20240124_13:45:13_072] # [T20531][APAVisionOblInfoDebugPrint][127] 
[20240124_13:45:13_072] # [T20531][VisionSlotAddValidCheck][893]Vision slot Length: 2398,2399, Depth 4977,4977
[20240124_13:45:13_072] # [T20532][VisionSlotAdd][1521]Added Vision Slot[1][1] Num 2 OriCoord: 0: -2577, 4400; 1: -7548, 4661; 2: -7673, 2265; 3: -2702, 2005
[20240124_13:45:13_072] # [T20532][VisionSlotAdd][1522]VehCoordAndAngle: 0, 5000, ang 0.000 (0.000)
[20240124_13:45:13_072] # [T20533][VisionSlotAdd][1523]Current VehPos: 0, 5000, ang -0.000 (-0.000)
[20240124_13:45:13_072] # [T20533][VisionSlotAdd][1528]Convert Vision Slot[1][1] Coord: 0: 2577, 9400; 1: 7548, 9661; 2: 7673, 7265; 3: 2702, 7005
[20240124_13:45:13_072] # [T20534][VisionSlotAdd][1533]Old Vision Slot[1][1] Coord: 0: 2581, 9420; 1: 7512, 9679; 2: 7638, 7277; 3: 2707, 7018
[20240124_13:45:13_076] # [T20534][VisionSlotAddSlotWeightCal][1014]u32Weight: 1, CentreY: 3202.500, DisY: 1914.500, SlotAng: 177.000
[20240124_13:45:13_076] # [T20535][VisionSlotAdd][1576]New Vision Slot[1][1] Coord: 0: 2581, 9420; 1: 7513, 9678; 2: 7639, 7277; 3: 2707, 7018
[20240124_13:45:13_076] # [T20536][VisionSlotAdd][1600]vision slot [1][1], u32Weight: 1, Sum: 51, SlotAng: 3.000, CurSlotAng: 3.000
[20240124_13:45:13_076] # [T20536][VisionSlotAddValidCheck][893]Vision slot Length: 2611,2611, Depth 4755,4754
[20240124_13:45:13_076] # [T20537][VisionSlotAdd][1521]Added Vision Slot[0][0] Num 2 OriCoord: 0: 4298, 2828; 1: 8374, 379; 2: 7029, -1859; 3: 2953, 589
[20240124_13:45:13_076] # [T20537][VisionSlotAdd][1522]VehCoordAndAngle: 0, 5000, ang 0.000 (0.000)
[20240124_13:45:13_076] # [T20538][VisionSlotAdd][1523]Current VehPos: 0, 5000, ang -0.000 (-0.000)
[20240124_13:45:13_081] # [T20538][VisionSlotAdd][1528]Convert Vision Slot[0][0] Coord: 0: -4298, 7828; 1: -8374, 5379; 2: -7029, 3141; 3: -2953, 5589
[20240124_13:45:13_081] # [T20539][VisionSlotAdd][1533]Old Vision Slot[0][0] Coord: 0: -4293, 7852; 1: -8380, 5407; 2: -7035, 3160; 3: -2948, 5603
[20240124_13:45:13_081] # [T20540][VisionSlotAddSlotWeightCal][1014]u32Weight: 18, CentreY: 1708.500, DisY: 420.500, SlotAng: -30.994
[20240124_13:45:13_081] # [T20540][VisionSlotAdd][1576]New Vision Slot[0][0] Coord: 0: -4293, 7851; 1: -8379, 5407; 2: -7034, 3159; 3: -2948, 5603
[20240124_13:45:13_097] # [T20541][VisionSlotAdd][1600]vision slot [0][0], u32Weight: 18, Sum: 830, SlotAng: -149.117, CurSlotAng: -149.006
[20240124_13:45:13_144] # [T20606][APAVisionOblAdd][1323]Vision Obl merge: 1
[20240124_13:45:13_148] # [T20606][APAVisionOblAdd][1326]Receive Vision Obl CrossPointCoord: 0: 2562, 9447; 1: 7494, 9706
[20240124_13:45:13_148] # [T20606][APAVisionOblInfoDebugPrint][118]VisionOblInfo:
[20240124_13:45:13_148] # [T20607][APAVisionOblInfoDebugPrint][119]OblType: 0, bIsMerge 0, DetectCount 54
[20240124_13:45:13_148] # [T20607][APAVisionOblInfoDebugPrint][122]CrossPointCoord: 0: 983, 9260; 1: 5740, 9815
[20240124_13:45:13_148] # [T20607][APAVisionOblInfoDebugPrint][125]OriginCrossPointCoord: 0: -2562, 4447; 1: -7494, 4706
[20240124_13:45:13_148] # [T20608][APAVisionOblInfoDebugPrint][126]VehCoordAndAng: 0, 5000, ang 0.000(0.000)
[20240124_13:45:13_148] # [T20608][APAVisionOblInfoDebugPrint][127] 
[20240124_13:45:13_150] # [T20609][APAVisionOblAdd][1323]Vision Obl merge: 0
[20240124_13:45:13_150] # [T20609][APAVisionOblAdd][1326]Receive Vision Obl CrossPointCoord: 0: -8375, 5423; 1: -4295, 7874
[20240124_13:45:13_150] # [T20610][APAVisionOblInfoDebugPrint][118]VisionOblInfo:
[20240124_13:45:13_150] # [T20610][APAVisionOblInfoDebugPrint][119]OblType: 0, bIsMerge 0, DetectCount 89
[20240124_13:45:13_150] # [T20610][APAVisionOblInfoDebugPrint][122]CrossPointCoord: 0: -3038, 6162; 1: 1436, 7587
[20240124_13:45:13_152] # [T20611][APAVisionOblInfoDebugPrint][125]OriginCrossPointCoord: 0: 8375, 423; 1: 4295, 2874
[20240124_13:45:13_153] # [T20611][APAVisionOblInfoDebugPrint][126]VehCoordAndAng: 0, 5000, ang 0.000(0.000)
[20240124_13:45:13_153] # [T20612][APAVisionOblInfoDebugPrint][127] 
[20240124_13:45:13_153] # [T20612][APAVisionOblAdd]1323]Vision Obl merge: 0
[20240124_13:45:13_153] # [T20612][APAVisionOblAdd][1326]Receive Vision Obl CrossPointCoord: 0: 2625, 7001; 1: 7535, 7345
[20240124_13:45:13_155] # [T20613][APAVisionOblInfoDebugPrint][118]VisionOblInfo:
[20240124_13:45:13_155] # [T20613][APAVisionOblInfoDebugPrint][119]OblType: 0, bIsMerge 0, DetectCount 90
[20240124_13:45:13_157] # [T20614][APAVisionOblInfoDebugPrint][122]CrossPointCoord: 0: -2975, 6171; 1: 1504, 7584
[20240124_13:45:13_157] # [T20614][APAVisionOblInfoDebugPrint][125]OriginCrossPointCoord: 0: -2625, 2001; 1: -7535, 2345
[20240124_13:45:13_157] # [T20615][APAVisionOblInfoDebugPrint][126]VehCoordAndAng: 0, 5000, ang 0.000(0.000)
[20240124_13:45:13_157] # [T20615][APAVisionOblInfoDebugPrint][127] 
[20240124_13:45:13_157] # [T20615][APAVisionOblAdd][1323]Vision Obl merge: 1
[20240124_13:45:13_157] # [T20616][APAVisionOblAdd][1326]Receive Vision Obl CrossPointCoord: 0: -8199, 8325; 1: -4465, 10568
[20240124_13:45:13_157] # [T20616][APAVisionOblInfoDebugPrint][118]VisionOblInfo:
[20240124_13:45:13_157] # [T20616][APAVisionOblInfoDebugPrint][119]OblType: 0, bIsMerge 0, DetectCount 55
[20240124_13:45:13_160] # [T20617][APAVisionOblInfoDebugPrint][122]CrossPointCoord: 0: 816, 9243; 1: 5554, 9829
[20240124_13:45:13_160] # [T20617][APAVisionOblInfoDebugPrint][125]OriginCrossPointCoord: 0: 8199, 3325; 1: 4465, 5568
[20240124_13:45:13_161] # [T20618][APAVisionOblInfoDebugPrint][126]VehCoordAndAng: 0, 5000, ang 0.000(0.000)
[20240124_13:45:13_161] # [T20618][APAVisionOblInfoDebugPrint][127] 
[20240124_13:45:13_161] # [T20619][VisionSlotAddValidCheck][893]Vision slot Length: 2394,2395, Depth 4938,4938
[20240124_13:45:13_161] # [T20619][VisionSlotAdd][1521]Added Vision Slot[1][1] Num 2 OriCoord: 0: -2562, 4447; 1: -7494, 4706; 2: -7619, 2314; 3: -2687, 2056
[20240124_13:45:13_163] # [T20620][VisionSlotAdd][1522]VehCoordAndAngle: 0, 5000, ang 0.000 (0.000)
[20240124_13:45:13_163] # [T20620][VisionSlotAdd][1523]Current VehPos: 0, 5000, ang -0.000 (-0.000)
[20240124_13:45:13_163] # [T20621][VisionSlotAdd][1528]Convert Vision Slot[1][1] Coord: 0: 2562, 9447; 1: 7494, 9706; 2: 7619, 7314; 3: 2687, 7056
[20240124_13:45:13_164] # [T20621][VisionSlotAdd][1533]Old Vision Slot[1][1] Coord: 0: 2581, 9420; 1: 7513, 9678; 2: 7639, 7277; 3: 2707, 7018
[20240124_13:45:13_164] # [T20622][VisionSlotAddSlotWeightCal][1014]u32Weight: 1, CentreY: 3251.500, DisY: 1963.500, SlotAng: 177.000
[20240124_13:45:13_164] # [T20623][VisionSlotAdd][1576]New Vision Slot[1][1] Coord: 0: 2581, 9420; 1: 7513, 9679; 2: 7638, 7277; 3: 2706, 7019
[20240124_13:45:13_167] # [T20623][VisionSlotAdd][1600]vision slot [1][1], u32Weight: 1, Sum: 52, SlotAng: 3.000, CurSlotAng: 3.000
[20240124_13:45:13_167] # [T20624][VisionSlotAddValidCheck][893]Vision slot Length: 2642,2642, Depth 4759,4759
[20240124_13:45:13_167] # [T20624][VisionSlotAdd][1521]Added Vision Slot[0][0] Num 2 OriCoord: 0: 4295, 2874; 1: 8375, 423; 2: 7014, -1842; 3: 2934, 609
[20240124_13:45:13_167] # [T20625][VisionSlotAdd][1522]VehCoordAndAngle: 0, 5000, ang 0.000 (0.000)
[20240124_13:45:13_167] # [T20625][VisionSlotAdd][1523]Current VehPos: 0, 5000, ang -0.000 (-0.000)
[20240124_13:45:13_167] # [T20626][VisionSlotAdd][1528]Convert Vision Slot[0][0] Coord: 0: -4295, 7874; 1: -8375, 5423; 2: -7014, 3158; 3: -2934, 5609
[20240124_13:45:13_167] # [T20626][VisionSlotAdd][1533]Old Vision Slot[0][0] Coord: 0: -4293, 7851; 1: -8379, 5407; 2: -7034, 3159; 3: -2948, 5603
[20240124_13:45:13_170] # [T20627][VisionSlotAddSlotWeightCal][1014]u32Weight: 18, CentreY: 1741.500, DisY: 453.500, SlotAng: -30.995
[20240124_13:45:13_170] # [T20628][VisionSlotAdd][1576]New Vision Slot[0][0] Coord: 0: -4293, 7852; 1: -8379, 5407; 2: -7034, 3159; 3: -2948, 5603
[20240124_13:45:13_170] # [T20628][VisionSlotAdd][1600]vision slot [0][0], u32Weight: 18, Sum: 848, SlotAng: -149.115, CurSlotAng: -149.005
[20240124_13:45:13_170] # [T20629][VisionSlotAddValidCheck][893]Vision slot Length: 2376,2377, Depth 4922,4921
[20240124_13:45:13_171] # [T20630][VisionSlotAdd][1521]Added Vision Slot[1][0] Num 2 OriCoord: 0: -2625, 2001; 1: -7535, 2345; 2: -7700, -27; 3: -2790, -370
[20240124_13:45:13_171] # [T20630][VisionSlotAdd][1522]VehCoordAndAngle: 0, 5000, ang 0.000 (0.000)
[20240124_13:45:13_172] # [T20631][VisionSlotAdd][1523]Current VehPos: 0, 5000, ang -0.000 (-0.000)
[20240124_13:45:13_174] # [T20631][VisinSlotAdd][1528]Convert Vision Slot[1][0] Coord: 0: 2625, 7001; 1: 7535, 7345; 2: 7700, 4973; 3: 2790, 4630
[20240124_13:45:13_174] # [T20632][VisionSlotAdd][1533]Old Vision Slot[1][0] Coord: 0: 2675, 6970; 1: 7566, 7304; 2: 7725, 4970; 3: 2835, 4636
[20240124_13:45:13_174] # [T20632][VisionSlotAddSlotWeightCal][1014]u32Weight: 18, CentreY: 815.500, DisY: 472.500, SlotAng: 175.998
[20240124_13:45:13_174] # [T20633][VisionSlotAdd][1576]New Vision Slot[1][0] Coord: 0: 2674, 6971; 1: 7565, 7305; 2: 7724, 4970; 3: 2834, 4636
[20240124_13:45:13_177] # [T20634][VisionSlotAdd][1600]vision slot [1][0], u32Weight: 18, Sum: 775, SlotAng: 3.907, CurSlotAng: 4.002
[20240124_13:45:13_177] # [T20634][VisionSlotAddValidCheck][893]Vision slot Length: 2450,2451, Depth 4355,4355
[20240124_13:45:13_177] # [T20635][VisionSlotAdd][1521]Added Vision Slot[0][1] Num 2 OriCoord: 0: 4465, 5568; 1: 8199, 3325; 2: 6936, 1224; 3: 3203, 3467
[20240124_13:45:13_177] # [T20635][VisionSlotAdd][1522]VehCoordAndAngle: 0, 5000, ang 0.000 (0.000)
[20240124_13:45:13_178] # [T20636][VisionSlotAdd][1523]Current VehPos: 0, 5000, ang -0.000 (-0.000)
[20240124_13:45:13_178] # [T20636][VisionSlotAdd][1528]Convert Vision Slot[0][1] Coord: 0: -4465, 10568; 1: -8199, 8325; 2: -6936, 6224; 3: -3203, 8467
[20240124_13:45:13_178] # [T20637][VisionSlotAdd][1533]Old Vision Slot[0][1] Coord: 0: -4441, 10582; 1: -8202, 8322; 2: -6949, 6235; 3: -3188, 8495
[20240124_13:45:13_178] # [T20638][VisionSlotAddSlotWeightCal][1014]u32Weight: 1, CentreY: 4517.500, DisY: 3229.500, SlotAng: -30.996
[20240124_13:45:13_178] # [T20638][VisionSlotAdd][1576]New Vision Slot[0][1] Coord: 0: -4444, 10580; 1: -8202, 8322; 2: -6947, 6234; 3: -3189, 8492
[20240124_13:45:13_191] # [T20639][VisionSlotAdd][1600]vision slot [0][1], u32Weight: 1, Sum: 9, SlotAng: -149.000, CurSlotAng: -149.004
[20240124_13:45:13_208] # [T20671][UIInteractionLevel3CallBack][2867]CurL3Cmd[1]
[20240124_13:45:13_223] # [T20671][UIInteractionLevel3CallBack][2883]ApaState[3], VehSpeed[0], BreakSts[0]
[20240124_13:45:13_223] # [T20686][APAVisionOblAdd][1323]Vision Obl merge: 1
[20240124_13:45:13_227] # [T20686][APAVisionOblAdd][1326]Receive Vision Obl CrossPointCoord: 0: 2620, 9447; 1: 7506, 9703
[20240124_13:45:13_227] # [T20686][APAVisionOblInfoDebugPrint][118]VisionOblInfo:
[20240124_13:45:13_227] # [T20687][APAVisionOblInfoDebugPrint][119]OblType: 0, bIsMerge 0, DetectCount 56
[20240124_13:45:13_227] # [T20687][APAVisionOblInfoDebugPrint][122]CrossPointCoord: 0: 848, 9247; 1: 5589, 9827
[20240124_13:45:13_231] # [T20688][APAVisionOblInfoDebugPrint][125]OriginCrossPointCoord: 0: -2620, 4447; 1: -7506, 4703
[20240124_13:45:13_231] # [T20688][APAVisionOblInfoDebugPrint][126]VehCoordAndAng: 0, 5000, ang 0.000(0.000)
[20240124_13:45:13_231] # [T20689][APAVisionOblInfoDebugPrint][127] 
[20240124_13:45:13_231] # [T20689][APAVisionOblAdd][1323]Vision Obl merge: 0
[20240124_13:45:13_231] # [T20689][APAVisionOblAdd][1326]Receive Vision Obl CrossPointCoord: 0: -8387, 5417; 1: -4270, 7891
[20240124_13:45:13_233] # [T20690][APAVisionOblInfoDebugPrint][118]VisionOblInfo:
[20240124_13:45:13_233] # [T20690][APAVisionOblInfoDebugPrint][119]OblType: 0, bIsMerge 0, DetectCount 91
[20240124_13:45:13_233] # [T20691][APAVisionOblInfoDebugPrint][122]CrossPointCoord: 0: -3035, 6163; 1: 1440, 7588
[20240124_13:45:13_233] # [T20691][APAVisionOblInfoDebugPrint][125]OriginCrossPointCoord: 0: 8387, 417; 1: 4270, 2891
[20240124_13:45:13_234] # [T20692][APAVisionOblInfoDebugPrint][126]VehCoordAndAng: 0, 5000, ang 0.000(0.000)
[20240124_13:45:13_234] # [T20692][APAVisionOblInfoDebugPrint][127] 
[20240124_13:45:13_235] # [T20693][VisionSlotAddValidCheck][893]Vision slot Length: 2397,2397, Depth 4892,4891
[20240124_13:45:13_235] # [T20693][VisionSlotAdd][1521]Added Vision Slot[1][1] Num 2 OriCoord: 0: -2620, 4447; 1: -7506, 4703; 2: -7631, 2309; 3: -2746, 2053
[20240124_13:45:13_235] # [T20694][VisionSlotAdd][1522]VehCoordAndAngle: 0, 5000, ang 0.000 (0.000)
[20240124_13:45:13_235] # [T20694][VisionSlotAdd][1523]Current VehPos: 0, 5000, ang -0.000 (-0.000)
[20240124_13:45:13_235] # [T20695][VisionSlotAdd][1528]Convert Vision Slot[1][1] Coord: 0: 2620, 9447; 1: 7506, 9703; 2: 7631, 7309; 3: 2746, 7053
[20240124_13:45:13_238] # [T20695][VisionSlotAdd][1533]Old Vision Slot[1][1] Coord: 0: 2581, 9420; 1: 7513, 9679; 2: 7638, 7277; 3: 2706, 7019
[20240124_13:45:13_238] # [T20696][VisionSlotAddSlotWeightCal][1014]u32Weight: 1, CentreY: 3250.000, DisY: 1962.000, SlotAng: 177.000
[20240124_13:45:13_238] # [T20697][VsionSlotAdd][1576]New Vision Slot[1][1] Coord: 0: 2581, 9421; 1: 7513, 9679; 2: 7638, 7278; 3: 2707, 7020
[20240124_13:45:13_238] # [T20697][VisionSlotAdd][1600]vision slot [1][1], u32Weight: 1, Sum: 53, SlotAng: 3.000, CurSlotAng: 3.000
[20240124_13:45:13_238] # [T20698][VisionSlotAddValidCheck][893]Vision slot Length: 2632,2630, Depth 4803,4803
[20240124_13:45:13_244] # [T20698][VisionSlotAdd][1521]Added Vision Slot[0][0] Num 2 OriCoord: 0: 4270, 2891; 1: 8387, 417; 2: 7032, -1838; 3: 2914, 635
[20240124_13:45:13_244] # [T20699][VisionSlotAdd][1522]VehCoordAndAngle: 0, 5000, ang 0.000 (0.000)
[20240124_13:45:13_244] # [T20699][VisionSlotAdd][1523]Current VehPos: 0, 5000, ang -0.000 (-0.000)
[20240124_13:45:13_244] # [T20700][VisionSlotAdd][1528]Convert Vision Slot[0][0] Coord: 0: -4270, 7891; 1: -8387, 5417; 2: -7032, 3162; 3: -2914, 5635
[20240124_13:45:13_244] # [T20700][VisionSlotAdd][1533]Old Vision Slot[0][0] Coord: 0: -4293, 7852; 1: -8379, 5407; 2: -7034, 3159; 3: -2948, 5603
[20240124_13:45:13_244] # [T20701][VisionSlotAddSlotWeightCal][1014]u32Weight: 18, CentreY: 1763.000, DisY: 475.000, SlotAng: -30.994
[20240124_13:45:13_244] # [T20702][VisionSlotAdd][1576]New Vision Slot[0][0] Coord: 0: -4293, 7852; 1: -8380, 5407; 2: -7034, 3159; 3: -2947, 5604
[20240124_13:45:13_248] # [T20702][VisionSlotAdd][1600]viion slot [0][0], u32Weight: 18, Sum: 866, SlotAng: -149.112, CurSlotAng: -149.006
[20240124_13:45:13_328] # [T20787][APAVisionOblAdd][1323]Vision Obl merge: 1
[20240124_13:45:13_328] # [T20787][APAVisionOblAdd][1326]Receive Vision Obl CrossPointCoord: 0: 2619, 9412; 1: 7492, 9667
[20240124_13:45:13_328] # [T20787][APAVisionOblInfoDebugPrint][118]VisionOblInfo:
[20240124_13:45:13_328] # [T20788][APAVisionOblInfoDebugPrint][119]OblType: 0, bIsMerge 0, DetectCount 57
[20240124_13:45:13_328] # [T20788][APAVisionOblInfoDebugPrint][122]CrossPointCoord: 0: 879, 9250; 1: 5622, 9824
[20240124_13:45:13_328] # [T20789][APAVisionOblInfoDebugPrint][125]OriginCrossPointCoord: 0: -2619, 4412; 1: -7492, 4667
[20240124_13:45:13_328] # [T20789][APAVisionOblInfoDebugPrint][126]VehCoordAndAng: 0, 5000, ang 0.000(0.000)
[20240124_13:45:13_331] # [T20790][APAVisionOblInfoDebugPrint][127] 
[20240124_13:45:13_331] # [T20790][APAVisionOblAdd][1323]Vision Obl merge: 0
[20240124_13:45:13_331] # [T20790][APAVisionOblAdd][1326]Receive Vision Obl CrossPointCoord: 0: -8320, 5428; 1: -4280, 7855
[20240124_13:45:13_331] # [T20791][APAVisionOblInfoDebugPrint][118]VisionOblInfo:
[20240124_13:45:13_331] # [T20791][APAVisionOblInfoDebugPrint][119]OblType: 0, bIsMerge 0, DetectCount 92
[20240124_13:45:13_333] # [T20791][APAVisionOblInfoDebugPrint][122]CrossPointCoord: 0: -3092, 6155; 1: 1378, 7591
[20240124_13:45:13_333] # [T20792][APAVisionOblInfoDebugPrint][125]OriginCrossPointCoord: 0: 8320, 428; 1: 4280, 2855
[20240124_13:45:13_333] # [T20792][APAVisionOblInfoDebugPrint][126]VehCoordAndAng: 0, 5000, ang 0.000(0.000)
[20240124_13:45:13_333] # [T20793][APAVisionOblInfoDebugPrint][127] 
[20240124_13:45:13_333] # [T20793][APAVisionOblAdd][1323]Vision Obl merge: 0
[20240124_13:45:13_333] # [T20793][APAVisionOblAdd][1326]Receive Vision Obl CrossPointCoord: 0: 2714, 6959; 1: 7545, 7297
[20240124_13:45:13_333] # [T20794][APAVisionOblInfoDebugPrint][118]VisionOblInfo:
[20240124_13:45:13_337] # [T20794][APAVisionOblInfoDebugPrint][119]OblType: 0, bIsMerge 0, DetectCount 93
[20240124_13:45:13_337] # [T20795][APAVisionOblInfoDebugPrint][122]CrossPointCoord: 0: -3030, 6164; 1: 1445, 7587
[20240124_13:45:13_337] # [T20795][APAVisionOblInfoDebugPrint][125]OriginCrossPointCoord: 0: -2714, 1959; 1: -7545, 2297
[20240124_13:45:13_337] # [T20796][APAVisionOblInfoDebugPrint][126]VehCoordAndAng: 0, 5000, ang 0.000(0.000)
[20240124_13:45:13_338] # [T20796][APAVisionOblInfoDebugPrint][127] 
[20240124_13:45:13_338] # [T20796][VisionSlotAddValidCheck][893]Vision slot Length: 2376,2376, Depth 4879,4879
[20240124_13:45:13_338] # [T20797][VisionSlotAdd][1521]Added Vision Slot[1][1] Num 2 OriCoord: 0: -2619, 4412; 1: -7492, 4667; 2: -7616, 2294; 3: -2743, 2039
[20240124_13:45:13_338] # [T20798][VisionSlotAdd][1522]VehCoordAndAngle: 0, 5000, ang 0.000 (0.000)
[20240124_13:45:13_338] # [T20798][VisionSlotAdd][1523]Current VehPos: 0, 5000, ang -0.000 (-0.000)
[20240124_13:45:13_338] # [T20798][VisionSlotAdd][1528]Convert Vision Slot[1][1] Coord: 0: 2619, 9412; 1: 7492, 9667; 2: 7616, 7294; 3: 2743, 7039
[20240124_13:45:13_341] # [T20799][VisionSlotAd][1533]Old Vision Slot[1][1] Coord: 0: 2581, 9421; 1: 7513, 9679; 2: 7638, 7278; 3: 2707, 7020
[20240124_13:45:13_341] # [T20800][VisionSlotAddSlotWeightCal][1014]u32Weight: 1, CentreY: 3225.500, DisY: 1937.500, SlotAng: 177.004
[20240124_13:45:13_342] # [T20800][VisionSlotAdd][1576]New Vision Slot[1][1] Coord: 0: 2582, 9421; 1: 7512, 9679; 2: 7638, 7278; 3: 2708, 7020
[20240124_13:45:13_342] # [T20801][VisionSlotAdd][1600]vision slot [1][1], u32Weight: 1, Sum: 54, SlotAng: 3.000, CurSlotAng: 2.996
[20240124_13:45:13_342] # [T20802][VisionSlotAddValidCheck][893]Vision slot Length: 2597,2596, Depth 4712,4712
[20240124_13:45:13_342] # [T20802][VisionSlotAdd][1521]Added Vision Slot[0][0] Num 2 OriCoord: 0: 4280, 2855; 1: 8320, 428; 2: 6982, -1797; 3: 2942, 629
[20240124_13:45:13_342] # [T20803][VisionSlotAdd][1522]VehCoordAndAngle: 0, 5000, ang 0.000 (0.000)
[20240124_13:45:13_345] # [T20803][VisionSlotAdd][1523]Current VehPos: 0, 500, ang -0.000 (-0.000)
[20240124_13:45:13_345] # [T20804][VisionSlotAdd][1528]Convert Vision Slot[0][0] Coord: 0: -4280, 7855; 1: -8320, 5428; 2: -6982, 3203; 3: -2942, 5629
[20240124_13:45:13_345] # [T20804][VisionSlotAdd][1533]Old Vision Slot[0][0] Coord: 0: -4293, 7852; 1: -8380, 5407; 2: -7034, 3159; 3: -2947, 5604
[20240124_13:45:13_347] # [T20805][VisionSlotAddSlotWeightCal][1014]u32Weight: 18, CentreY: 1742.000, DisY: 454.000, SlotAng: -30.990
[20240124_13:45:13_347] # [T20806][VisionSlotAdd][1576]New Vision Slot[0][0] Coord: 0: -4293, 7852; 1: -8378, 5408; 2: -7033, 3160; 3: -2947, 5604
[20240124_13:45:13_347] # [T20806][VisionSlotAdd][1600]vision slot [0][0], u32Weight: 18, Sum: 884, SlotAng: -149.110, CurSlotAng: -149.010
[20240124_13:45:13_350] # [T20807][VisionSlotAddValidCheck][893]Vision slot Length: 2335,2335, Depth 4842,4842
[20240124_13:45:13_350] # [T20807][VisionSlotAdd][1521]Added Vision Slot[1][0] Num 2 OriCoord: 0: -2714, 1959; 1: -7545, 2297; 2: -7708, -33; 3: -2877, -371
[20240124_13:45:13_350] # [T20808][VisionSlotAdd][1522]VehCoordAndAngle: 0, 5000, ang 0.000 (0.000)
[20240124_13:45:13_350] # [T20808][VisionSlotAdd][1523]Current VehPos: 0, 5000, ang -0.000 (-0.000)
[20240124_13:45:13_350] # [T20809][VisionSlotAdd][1528]Convert Vision Slot[1][0] Coord: 0: 2714, 6959; 1: 7545, 7297; 2: 7708, 4967; 3: 2877, 4629
[20240124_13:45:13_350] # [T20810][VisionSlotAdd][1533]Old Vision Slot[1][0] Coord: 0: 2674, 6971; 1: 7565, 7305; 2: 7724, 4970; 3: 2834, 4636
[20240124_13:45:13_350] # [T20810][VisionSlotAddSlotWeightCal][1014]u32Weight: 17, CentreY: 794.000, DisY: 494.000, SlotAng: 175.998
[20240124_13:45:13_350] # [T20811][VisionSlotAdd][1576]New Vision Slot[1][0] Coord: 0: 2675, 6970; 1: 7565, 7304; 2: 7724, 4970; 3: 2835, 4636
[20240124_13:45:13_370] # [T20812][VisionSlotAdd][1600]vision slot [1][0], u32Weight: 17, Sum: 792, SlotAng: 3.909, CurSlotAng: 4.002
[20240124_13:45:13_417] # [T20879][APAVisionOblAdd][1323]Vision Obl merge: 1
[20240124_13:45:13_417] # [T20879][APAVisionOblAdd][1326]Receive Vision Obl CrossPointCoord: 0: 2596, 9425; 1: 7475, 9681
[20240124_13:45:13_417] # [T20879][APAVisionOblInfoDebugPrint][118]VisionObInfo:
[20240124_13:45:13_421] # [T20880][APAVisionOblInfoDebugPrint][119]OblType: 0, bIsMerge 0, DetectCount 58
[20240124_13:45:13_421] # [T20880][APAVisionOblInfoDebugPrint][122]CrossPointCoord: 0: 909, 9253; 1: 5654, 9821
[20240124_13:45:13_421] # [T20880][APAVisionOblInfoDebugPrint][125]OriginCrossPointCoord: 0: -2596, 4425; 1: -7475, 4681
[20240124_13:45:13_421] # [T20881][APAVisionOblInfoDebugPrint][126]VehCoordAndAng: 0, 5000, ang 0.000(0.000)
[20240124_13:45:13_421] # [T20881][APAVisionOblInfoDebugPrint][127] 
[20240124_13:45:13_421] # [T20882][APAVisionOblAdd][1323]Vision Obl merge: 0
[20240124_13:45:13_421] # [T20882][APAVisionOblAdd][1326]Receive Vision Obl CrossPointCoord: 0: 2653, 6982; 1: 7567, 7326
[20240124_13:45:13_424] # [T20882][APAVisionOblInfoDebugPrint][118]VisionOblInfo:
[20240124_13:45:13_424] # [T20883][APAVisionOblInfoDebugPrint][119]OblType: 0, bIsMerge 0, DetectCount 94
[20240124_13:45:13_425] # [T20883][APAVisionOblInfoDebugPrint][122]CrossPointCoord: 0: -2969, 6172; 1: 1510, 7585
[20240124_13:45:13_426] # [T20884][APAVisionOblInfoDebugPrint][125]OriginCrossPointCoord: 0: -2653, 1982; 1: -7567, 2326
[20240124_13:45:13_426] # [T20884][APAVisionOblInfoDebugPrint][126]VehCoordAndAng: 0, 5000, ang 0.000(0.000)
[20240124_13:45:13_426] # [T20885][APAVisionOblInfoDebugPrint][127] 
[20240124_13:45:13_426] # [T20885][APAVisionOblAdd][1323]Vision Obl merge: 0
[20240124_13:45:13_426] # [T20885][APAVisionOblAdd][1326]Receive Vision Obl CrossPointCoord: 0: -8360, 5429; 1: -4298, 7870
[20240124_13:45:13_426] # [T20886][APAVisionOblInfoDebugPrint][118]VisionOblInfo:
[20240124_13:45:13_426] # [T20886][APAVisionOblInfoDebugPrint][119]OblType: 0, bIsMerge 0, DetectCount 95
[20240124_13:45:13_426] # [T20887][APAVisionOblInfoDebugPrint][122]CrossPointCoord: 0: -3026, 6165; 1: 1449, 7588
[20240124_13:45:13_426] # [T20887][APAVisionOblInfoDebugPrint][125]OriginCrossPointCoord: 0: 8360, 429; 1: 4298, 2870
[20240124_13:45:13_430] # [T20888][APAVisionOblInfoDebugPrint][126]VehCoordAndAng: 0, 5000, ang 0.000(0.000)
[20240124_13:45:13_430] # [T20888][APAVisionOblInfoDebugPrint][127] 
[20240124_13:45:13_430] # [T20888][VisionSlotAddValidCheck][893]Vision slot Length: 2375,2376, Depth 4885,4885
[20240124_13:45:13_430] # [T20889][VisionSlotAdd][1521]Added Vision Slot[1][1] Num 2 OriCoord: 0: -2596, 4425; 1: -7475, 4681; 2: -7599, 2308; 3: -2720, 2053
[20240124_13:45:13_430] # [T20889][VisionSlotAdd][1522]VehCoordAndAngle: 0, 5000, ang 0.000 (0.000)
[20240124_13:45:13_434] # [T20890][VisionSlotAdd][1523]Current VehPos: 0, 5000, ang -0.000 (-0.000)
[20240124_13:45:13_436] # [T20890][VisionSlotAdd][1528]Convert Vision Slot[1][1] Coord: 0: 2596, 9425; 1: 7475, 9681; 2: 7599, 7308; 3: 2720, 7053
[20240124_13:45:13_436] # [T20891][VisionSlotAdd][1533]Old Vision Slot[1][1] Coord: 0: 2582, 9421; 1: 7512, 9679; 2: 7638, 7278; 3: 2708, 7020
[20240124_13:45:13_436] # [T20892][VisionSlotAddSlotWeightCal][1014]u32Weight: 1, CentreY: 3239.000, DisY: 1951.000, SlotAng: 177.002
[20240124_13:45:13_436] # [T20892][VisionSlotAdd][1576]New Vision Slot[1][1] Coord: 0: 2582, 9421; 1: 7512, 9679; 2: 7637, 7279; 3: 2708, 7020
[20240124_13:45:13_436] # [T20893][VisionSlotAdd][1600]vision slot [1][1], u32Weight: 1, Sum: 55, SlotAng: 3.000, CurSlotAng: 2.998
[20240124_13:45:13_438] # [T20894][VisionSlotAddValidCheck][893]Vision slot Length: 2347,2348, Depth 4926,4924
[20240124_13:45:13_438] # [T20894][VisionSlotAdd][1521]Added Vision Slot[1][0] Num 2 OriCoord: 0: -2653, 1982; 1: -7567, 2326; 2: -7730, -17; 3: -2817, -360
[20240124_13:45:13_438] # [T20895][VisionSlotAdd][1522]VehCoordAndAngle: 0, 5000, ang 0.000 (0.000)
[20240124_13:45:13_438] # [T20895][VisionSlotAdd][1523]Current VehPos: 0, 5000, ang -0.000 (-0.000)
[20240124_13:45:13_438] # [T20896][VisionSlotAdd][1528]Convert Vision Slot[1][0] Coord: 0: 2653, 6982; 1: 7567, 7326; 2: 7730, 4983; 3: 2817, 4640
[20240124_13:45:13_438] # [T20896][VisionSlotAdd][1533]Old Vision Slot[1][0] Coord: 0: 2675, 6970; 1: 7565, 7304; 2: 7724, 4970; 3: 2835, 4636
[20240124_13:45:13_438] # [T20897][VisionSlotAddSlotWeightCal][1014]u32Weight: 18, CentreY: 811.000, DisY: 477.000, SlotAng: 176.001
[20240124_13:45:13_438] # [T20897][VisionSlotAdd][1576]New Vision Slot[1][0] Coord: 0: 2675, 6971; 1: 7565, 7305; 2: 7724, 4970; 3: 2834, 4636
[20240124_13:45:13_438] # [T20898][VisionSlotAdd][1600]vision slot [1][0], u32Weight: 18, Sum: 810, SlotAng: 3.911, CurSlotAng: 3.999
[20240124_13:45:13_438] # [T20899][VisionSlotAddValidCheck][893]Vision slot Length: 2627,2626, Depth 4739,4739
[20240124_13:45:13_443] # [T20899][VisionSlotAdd][1521]Added Vision Slot[0][0] Num 2 OriCoord: 0: 4298, 2870; 1: 8360, 429; 2: 7007, -1822; 3: 2944, 618
[20240124_13:45:13_443] # [T20900][VisionSlotAdd][1522]VehCoordAndAngle: 0, 5000, ang 0.000 (0.000)
[20240124_13:45:13_443] # [T20900][VisionSlotAdd][1523]Current VehPos: 0, 5000, ang -0.000 (-0.000)
[20240124_13:45:13_443] # [T20901][VisionSlotAdd][1528]Convert Vision Slot[0][0] Coord: 0: -4298, 7870; 1: -8360, 5429; 2: -7007, 3178; 3: -2944, 5618
[20240124_13:45:13_443] # [T20901][VisionSlotAdd][1533]Old Vision Slot[0][0] Coord: 0: -4293, 7852; 1: -8378, 5408; 2: -7033, 3160; 3: -2947, 5604
[20240124_13:45:13_443] # [T20902][VisionSlotAddSlotWeightCal][1014]u32Weight: 18, CentreY: 1744.000, DisY: 456.000, SlotAng: -30.995
[20240124_13:45:13_443] # [T20903][VisionSlotAdd][1576]New Vision Slot[0][0] Coord: 0: -4293, 7853; 1: -8378, 5408; 2: -7032, 3161; 3: -2947, 5604
[20240124_13:45:13_459] # [T20903][VisionSlotAdd][1600]vision slot [0][0], u32Weight: 18, Sum: 902, SlotAng: -149.108, CurSlotAng: -149.005
[20240124_13:45:13_501] # [T20960][VisionSlotAddValidCheck][893]Vision slot Length: 2396,2396, Depth 4977,4977
[20240124_13:45:13_501] # [T20960][VisionSlotAdd][1521]Added Vision Slot[1][1] Num 2 OriCoord: 0: -2577, 4367; 1: -7548, 4627; 2: -7673, 2234; 3: -2702, 1974
[20240124_13:45:13_501] # [T20961][VisionSlotAdd][1522]VehCoordAndAngle: 0, 5000, ang 0.000 (0.000)
[20240124_13:45:13_503] # [T20961][VisionSlotAdd][1523]Current VehPos: 0, 5000, ang -0.000 (-0.000)
[20240124_13:45:13_503] # [T20961][VisionSlotAd][1528]Convert Vision Slot[1][1] Coord: 0: 2577, 9367; 1: 7548, 9627; 2: 7673, 7234; 3: 2702, 6974
[20240124_13:45:13_504] # [T20962][VisionSlotAdd][1533]Old Vision Slot[1][1] Coord: 0: 2582, 9421; 1: 7512, 9679; 2: 7637, 7279; 3: 2708, 7020
[20240124_13:45:13_504] # [T20963][VisionSlotAddSlotWeightCal][1014]u32Weight: 2, CentreY: 3170.500, DisY: 1882.500, SlotAng: 177.006
[20240124_13:45:13_504] # [T20963][VisionSlotAdd][1576]New Vision Slot[1][1] Coord: 0: 2582, 9419; 1: 7513, 9677; 2: 7638, 7277; 3: 2708, 7019
[20240124_13:45:13_505] # [T20964][VisionSlotAdd][1600]vision slot [1][1], u32Weight: 2, Sum: 57, SlotAng: 2.999, CurSlotAng: 2.994
[20240124_13:45:13_506] # [T20965][VisionSlotAddValidCheck][893]Vision slot Length: 2616,2616, Depth 4744,4744
[20240124_13:45:13_506] # [T20965][VisionSlotAdd][1521]Added Vision Slot[0][0] Num 2 OriCoord: 0: 4265, 2882; 1: 8332, 439; 2: 6984, -1804; 3: 2917, 639
[20240124_13:45:13_506] # [T20966][VisionSlotAdd][1522]VehCoordAndAngle: 0, 5000, ang 0.000 (0.000)
[20240124_13:45:13_508] # [T20966][VisionSlotAdd][1523]Current VehPos: 0, 5000, ang -0.000 (-0.000)
[20240124_13:45:13_509] # [T20967][VisionSlotAdd][1528]Convert Vision Slot[0][0] Coord: 0: -4265, 7882; 1: -8332, 5439; 2: -6984, 3196; 3: -2917, 5639
[20240124_13:45:13_509] # [T20967][VisionSlotAdd][1533]Old Vision Slot[0][0] Coord: 0: -4293, 7853; 1: -8378, 5408; 2: -7032, 3161; 3: -2947, 5604
[20240124_13:45:13_509] # [T20968][VisionSlotAddSlotWeightCal][1014]u32Weight: 18, CentreY: 1760.500, DisY: 472.500, SlotAng: -30.993
[20240124_13:45:13_511] # [T20969][VisionSlotAdd][1576]New Vision Slot[0][0] Coord: 0: -4292, 7853; 1: -8377, 5409; 2: -7031, 3161; 3: -2946, 5605
[20240124_13:45:13_511] # [T20969][VisionSlotAdd][1600]vision slot [0][0], u32Weight: 18, Sum: 920, SlotAng: -149.106, CurSlotAng: -149.007
[20240124_13:45:13_511] # [T20970][VisionSlotAddValidCheck][893]Vision slot Length: 2353,2353, Depth 4868,4868
[20240124_13:45:13_511] # [T20970][VisionSlotAdd][1521]Added Vision Slot[1][0] Num 2 OriCoord: 0: -2665, 1973; 1: -7522, 2313; 2: -7686, -35; 3: -2829, -375
[20240124_13:45:13_511] # [T20971][VisionSlotAdd][1522]VehCoordAndAngle: 0, 5000, ang 0.000 (0.000)
[20240124_13:45:13_514] # [T20972][VisionSlotAdd][1523]Current VehPos: 0, 5000, ang -0.000 (-0.000)
[20240124_13:45:13_514] # [T20972][VisionSlotAdd][1528]Convert Vision Slot[1][0] Coord: 0: 2665, 6973; 1: 7522, 7313; 2: 7686, 4965; 3: 2829, 4625
[20240124_13:45:13_515] # [T20973][VisionSlotAdd][1533]Old Vision Slot[1][0] Coord: 0: 2675, 6971; 1: 7565, 7305; 2: 7724, 4970; 3: 2834, 4636
[20240124_13:45:13_515] # [T20973][VisionSlotAddSlotWeightCal][1014]u32Weight: 17, CentreY: 799.000, DisY: 489.000, SlotAng: 175.996
[20240124_13:45:13_515] # [T20974][VisionSlotAdd][1576]New Vision Slot[1][0] Coord: 0: 2674, 6971; 1: 7564, 7305; 2: 7723, 4970; 3: 2834, 4636
[20240124_13:45:13_515] # [T20975][VisionSlotAdd][1600]vision slot [1][0], u32Weight: 17, Sum: 827, SlotAng: 3.913, CurSlotAng: 4.004
[20240124_13:45:13_515] # [T20976][APAVisionOblAdd][1323]Vision Obl merge: 1
[20240124_13:45:13_515] # [T20976][APAVisionOblAdd][1326]Receive Vision Obl CrossPointCoord: 0: 2577, 9367; 1: 7548, 9627
[20240124_13:45:13_515] # [T20976][APAVisionOblInfoDebugPrint][118]VisionOblInfo:
[20240124_13:45:13_518] # [T20977][APAVisionOblInfoDebugPrint][119]OblType: 0, bIsMerge 0, DetectCount 59
[20240124_13:45:13_518] # [T20977][APAVisionOblInfoDebugPrint][122]CrossPointCoord: 0: 937, 9255; 1: 5686, 9818
[20240124_13:45:13_518] # [T20977][APAVisionOblInfoDebugPrint][125]OriginCrossPointCoord: 0: -2577, 4367; 1: -7548, 4627
[20240124_13:45:13_518] # [T20978][APAVisionOblInfoDebugPrint][126]VehCoordAndAng: 0, 5000, ang 0.000(0.000)
[20240124_13:45:13_520] # [T20978][APAVisionOblInfoDebugPrint][127] 
[20240124_13:45:13_520] # [T20979][APAVisionOblAdd][1323]Vision Obl merge: 0
[20240124_13:45:13_521] # [T20979][APAVisionOblAdd][1326]Receive Vision Obl CrossPointCoord: 0: -8332, 5439; 1: -4265, 7882
[20240124_13:45:13_521] # [T20980][APAVisionOblInfoDebugPrint][118]VisionOblInfo:
[20240124_13:45:13_521] # [T20980][APAVisionOblInfoDebugPrint][119]OblType: 0, bIsMerge 0, DetectCount 96
[20240124_13:45:13_521] # [T20980][APAVisionOblInfoDebugPrint][122]CrossPointCoord: 0: -3081, 6157; 1: 1389, 7591
[20240124_13:45:13_521] # [T20981][APAVisionOblInfoDebugPrint][125]OriginCrossPointCoord: 0: 8332, 439; 1: 4265, 2882
[20240124_13:45:13_521] # [T20981][APAVisionOblInfoDebugPrint][126]VehCoordAndAng: 0, 5000, ang 0.000(0.000)
[20240124_13:45:13_521] # [T20982][APAVisionOblInfoDebugPrint][127] 
[20240124_13:45:13_521] # [T20982][APAVisionOblAdd][1323]Vision Obl merge: 0
[20240124_13:45:13_521] # [T20982][APAVisionOblAdd][1326]Receive Vision Obl CrossPointCoord: 0: 2665, 6973; 1: 7522, 7313
[20240124_13:45:13_526] # [T20983][APAVisionOblInfoDebugPrint][118]VisionOblInfo:
[20240124_13:45:13_526] # [T20983][APAVisionOblInfoDebugPrint][119]OblType: 0, bIsMerge 0, DetectCount 97
[20240124_13:45:13_527] # [T20984][APAVisionOblInfoDebugPrint][122]CrossPointCoord: 0: -3022, 6165; 1: 1452, 7588
[20240124_13:45:13_527] # [T20984][APAVisionOblInfoDebugPrint][125]OriginCrossPointCoord: 0: -2665, 1973; 1: -7522, 2313
[20240124_13:45:13_527] # [T20985][APAVisionOblInfoDebugPrint][126]VehCoordAndAng: 0, 5000, ang 0.000(0.000)
[20240124_13:45:13_546] # [T20985][APAVisionOblInfoDebugPrint][127] 
[20240124_13:45:13_546] #   20988-task_radar-118: RadarCaptureCnt is 106 
[20240124_13:45:13_546] # 
[20240124_13:45:13_580] # [T21040][APAVisionOblAdd][1323]Vision Obl merge: 1
[20240124_13:45:13_580] # [T21040][APAVisionOblAdd][1326]Receive Vision Obl CrossPointCoord: 0: 2568, 9416; 1: 7470, 9673
[20240124_13:45:13_580] # [T21040][APAVisionOblInfoDebugPrint][118]VisionOblInfo:
[20240124_13:45:13_580] # [T21041][APAVisionOblInfoDebugPrint][119]OblType: 0, bIsMerge 0, DetectCount 60
[20240124_13:45:13_580] # [T21041][APAVisionOblInfoDebugPrint][122]CrossPointCoord: 0: 964, 9257; 1: 5716, 9816
[20240124_13:45:13_580] # [T21042][APAVisionOblInfoDebugPrint][125]OriginCrossPointCoord: 0: -2568, 4416; 1: -7470, 4673
[20240124_13:45:13_584] # [T21042][APAVisionOblInfoDebugPrint][126]VehCoordAndAng: 0, 5000, ang 0.000(0.000)
[20240124_13:45:13_584] # [T21043][APAVisionOblInfoDebugPrint][127] 
[20240124_13:45:13_584] # [T21043][APAVisionOblAdd][1323]Vision Obl merge: 0
[20240124_13:45:13_584] # [T21043][APAVisionOblAdd][1326]Receive Vision Obl CrossPointoord: 0: -8383, 5400; 1: -4292, 7858
[20240124_13:45:13_584] # [T21044][APAVisionOblInfoebugPrint][118]VisionOblInfo:
[20240124_13:45:13_584] # [T21044][APAVisionOblInfoDebugPrint][119]OblType: 0, bIsMerge 0, DetectCount 98
[20240124_13:45:13_584] # [T21044][APAVisionOblInfoDebugPrint][122]CrossPointCoord: 0: -3077, 6158; 1: 1394, 7591
[20240124_13:45:13_588] # [T21045][APAVisionOblInfoDebugPrint][125]OriginCrossPointCoord: 0: 8383, 400; 1: 4292, 2858
[20240124_13:45:13_588] # [T21045][APAVisionOblInfoDebugPrint][126]VehCoordAndAng: 0, 5000, ang 0.000(0.000)
[20240124_13:45:13_588] # [T21046][APAVisionOblInfoDebugPrint][127] 
[20240124_13:45:13_588] # [T21046][APAVisionOblAdd][1323]Vision Obl merge: 0
[20240124_13:45:13_588] # [T21046][APAVisionOblAdd][1326]Receive Vision Obl CrossPointCoord: 0: 2653, 7011; 1: 7599, 7357
[20240124_13:45:13_588] # [T21047][APAVisionOblInfoDebugPrint][118]VisionOblInfo:
[20240124_13:45:13_588] # [T21047][APAVisionOblInfoDebugPrint][119]OblType: 0, bIsMerge 0, DetectCount 99
[20240124_13:45:13_588] # [T21048][APAVisionOblInfoDebugPrint][122]CrossPointCoord: 0: -3019, 6166; 1: 1456, 7588
[20240124_13:45:13_588] # [T21048][APAVisionOblInfoDebugPrint][125]OriginCrossPointCoord: 0: -2653, 2011; 1: -7599, 2357
[20240124_13:45:13_588] # [T21049][APAVisionOblInfoDebugPrint][126]VehCoordAndAng: 0, 5000, ang 0.000(0.000)
[20240124_13:45:13_588] # [T21049][APAVisionOblInfoDebugPrint][127] 
[20240124_13:45:13_592] # [T21049][VisionSlotAddValidCheck][893]Vision slot Length: 2387,2387, Depth 4908,4908
[20240124_13:45:13_592] # [T21050][VisionSlotAdd][1521]Added Vision Slot[1][1] Num 2 OriCoord: 0: -2568, 4416; 1: -7470, 4673; 2: -7595, 2289; 3: -2693, 2032
[20240124_13:45:13_592] # [T21051][VisionSlotAdd][1522]VehCoordAndAngle: 0, 5000, ang 0.000 (0.000)
[20240124_13:45:13_592] # [T21051][VisionSlotAdd][1523]Current VehPos: 0, 5000, ang -0.000 (-0.000)
[20240124_13:45:13_592] # [T21051][VisionSlotAdd][1528]Convert Vision Slot[1][1] Coord: 0: 2568, 9416; 1: 7470, 9673; 2: 7595, 7289; 3: 2693, 7032
[20240124_13:45:13_592] # [T21052][VisionSlotAdd][1533]Old Vision Slot[1][1] Coord: 0: 2582, 9419; 1: 7513, 9677; 2: 7638, 7277; 3: 2708, 7019
[20240124_13:45:13_594] # [T21053][VisionSlotAddSlotWeightCal][1014]u32Weight: 1, CentreY: 3224.000, DisY: 1936.000, SlotAng: 176.999
[20240124_13:45:13_594] # [T21053][VisionSlotAdd][1576]New Vision Slot[1][1] Coord: 0: 2582, 9419; 1: 7512, 9677; 2: 7638, 7277; 3: 2707, 7019
[20240124_13:45:13_594] # [T21054][VisionSlotAdd][1600]vision slot [1][1], u32Weight: 1, Sum: 58, SlotAng: 2.999, CurSlotAng: 3.001
[20240124_13:45:13_594] # [T21055][VisionSlotAddValidCheck][893]Vision slot Length: 2607,2606, Depth 4772,4772
[20240124_13:45:13_597] # [T21055][VisionSlotAdd][1521]Added Vision Slot[0][0] Num 2 OriCoord: 0: 4292, 2858; 1: 8383, 400; 2: 7040, -1834; 3: 2949, 623
[20240124_13:45:13_597] # [T21056][VisionSlotAdd][1522]VehCoordAndAngle: 0, 5000, ang 0.000 (0.000)
[20240124_13:45:13_597] # [T21056][VisionSlotAdd][1523]Current VehPos: 0, 5000, ang -0.000 (-0.000)
[20240124_13:45:13_597] # [T21057][VisionSlotAdd][1528]Convert Vision Slot[0][0] Coord: 0: -4292, 7858; 1: -8383, 5400; 2: -7040, 3166; 3: -2949, 5623
[20240124_13:45:13_601] # [T21057][VisionSlotAdd][1533]Old Vision Slot[0][0] Coord: 0: -4292, 7853; 1: -8377, 5409; 2: -7031, 3161; 3: -2946, 5605
[20240124_13:45:13_601] # [T21058][VisionSlotAddSlotWeightCal][1014]u32Weight: 18, CentreY: 1740.500, DisY: 452.500, SlotAng: -30.994
[20240124_13:45:13_601] # [T21058][VisionSlotAdd][1576]New Vision Slot[0][0] Coord: 0: -4292, 7853; 1: -8377, 5409; 2: -7032, 3161; 3: -2946, 5605
[20240124_13:45:13_601] # [T21059][VisionSlotAdd][1600]vision slot [0][0], u32Weight: 18, Sum: 938, SlotAng: -149.104, CurSlotAng: -149.006
[20240124_13:45:13_601] # [T21060][VisionSlotAddValidCheck][893]Vision slot Length: 2391,2391, Depth 4958,4958
[20240124_13:45:13_601] # [T21060][VisionSlotAdd][1521]Added Vision Slot[1][0] Num 2 OriCoord: 0: -2653, 2011; 1: -7599, 2357; 2: -7766, -29; 3: -2820, -375
[20240124_13:45:13_601] # [T21061][VisionSlotAdd][1522]VehCoordAndAngle: 0, 5000, ang 0.000 (0.000)
[20240124_13:45:13_605] # [T21061][VisionSlotAdd][1523]Current VehPos: 0, 5000, ang -0.000 (-0.000)
[20240124_13:45:13_605] # [T21062][VisionSlotAdd][1528]Convert Vision Slot[1][0] Coord: 0: 2653, 7011; 1: 7599, 7357; 2: 7766, 4971; 3: 2820, 4625
[20240124_13:45:13_605] # [T21063][VisionSlotAdd][1533]Old Vision Slot[1][0] Coord: 0: 2674, 6971; 1: 7564, 7305; 2: 7723, 4970; 3: 2834, 4636
[20240124_13:45:13_605] # [T21063][VisionSlotAddSlotWeightCal][1014]u32Weight: 18, CentreY: 818.000, DisY: 470.000, SlotAng: 175.998
[20240124_13:45:13_605] # [T21064][VisionSlotAdd][1576]New Vision Slot[1][0] Coord: 0: 2674, 6971; 1: 7565, 7306; 2: 7724, 4970; 3: 2834, 4635
[20240124_13:45:13_619] # [T21064][VisionSlotAdd][1600]vision slot [1][0], u32Weight: 18, Sum: 845, SlotAng: 3.915, CurSlotAng: 4.002
[20240124_13:45:13_663] # [T21121][APAVisionOblAdd][1323]Vision Obl merge: 1
[20240124_13:45:13_664] # [T21121][APAVisionOblAdd][1326]Receive Vision Obl CrossPointCoord: 0: 2586, 9455; 1: 7538, 9715
[20240124_13:45:13_664] # [T21121][APAVisionOblInfoDebugPrint][118]VisionOblInfo:
[20240124_13:45:13_664] # [T21122][APAVisionOblInfoDebugPrint][119]OblType: 0, bIsMerge 0, DetectCount 61
[20240124_13:45:13_664] # [T21122][APAVisionOblInfoDebugPrint][122]CrossPointCoord: 0: 991, 9261; 1: 5746, 9814
[20240124_13:45:13_664] # [T21122][APAVisionOblInfoDebugPrint][125]OriginCrossPointCoord: 0: -2586, 4455; 1: -7538, 4715
[20240124_13:45:13_664] # [T21123][APAVisionOblInfoDebugPrint][126]VehCoordAndAng: 0, 5000, ang 0.000(0.000)
[20240124_13:45:13_664] # [T21123][APAVisionOblInfoDebugPrint][127] 
[20240124_13:45:13_665] # [T21124][APAVisionOblAdd][1323]Vision Obl merge: 0
[20240124_13:45:13_665] # [T21124][APAVisionOblAdd][1326]Receive Vision Obl CrossPointCoord: 0: -8367, 5400; 1: -4287, 7852
[20240124_13:45:13_665] # [T21125][APAVisionOblInfoDebugPrint][118]VisionOblInfo:
[20240124_13:45:13_665] # [T21125][APAVisionOblInfoDebugPrint][119]OblType: 0, bIsMerge 0, DetectCount 100
[20240124_13:45:13_665] # [T21125][APAVisionOblInfoDebugPrint][122]CrossPointCoord: 0: -3072, 6159; 1: 1399, 7591
[20240124_13:45:13_668] # [T21126][APAVisionOblInfoDebugPrint][125]OriginCrossPointCoord: 0: 8367, 400; 1: 4287, 2852
[20240124_13:45:13_668] # [T21126][APAVisionOblInfoDebugPrint][126]VehCoordAndAng: 0, 5000, ang 0.000(0.000)
[20240124_13:45:13_668] # [T21127][APAVisionOblInfoDebugPrint][127] 
[20240124_13:45:13_668] # [T21127][APAVisionOblAdd][1323]Vision Obl merge: 0
[20240124_13:45:13_668] # [T21127][APAVisionOblAdd][1326]Receive Vision Obl CrossPointCoord: 0: 2663, 7045; 1: 7644, 7306
[20240124_13:45:13_668] # [T21128][APAVisionOblInfoDebugPrint][118]VisionOblInfo:
[20240124_13:45:13_668] # [T21128][APAVisionOblInfoDebugPrint][119]OblType: 0, bIsMerge 0, DetectCount 100
[20240124_13:45:13_668] # [T21129][APAVisionOblInfoDebugPrint][122]CrossPointCoord: 0: -3072, 6159; 1: 1399, 7591
[20240124_13:45:13_672] # [T21129][APAVisionOblInfoDebugPrint][125]OriginCrossPointCoord: 0: -2663, 2045; 1: -7644, 2306
[20240124_13:45:13_672] # [T21130][APAVisionOblInfoDebugPrint][126]VehCoordAndAng: 0, 5000, ang 0.000(0.000)
[20240124_13:45:13_672] # [T21130][APAVisionOblInfoDebugPrint][127] 
[20240124_13:45:13_672] # [T21130][VisionSlotAddValidCheck][893]Vision slot Length: 2405,2405, Depth 4958,4958
[20240124_13:45:13_672] # [T21131][VisionSlotAdd][1521]Added Vision Slot[1][1] Num 2 OriCoord: 0: -2586, 4455; 1: -7538, 4715; 2: -7664, 2313; 3: -2712, 2053
[20240124_13:45:13_672] # [T21132][VisionSlotAdd][1522]VehCoordAndAngle: 0, 5000, ang 0.000 (0.000)
[20240124_13:45:13_672] # [T21132][VisionSlotAdd][1523]Current VehPos: 0, 5000, ang -0.000 (-0.000)
[20240124_13:45:13_672] # [T21132][VisionSlotAdd][1528]Convert Vision Slot[1][1] Coord: 0: 2586, 9455; 1: 7538, 9715; 2: 7664, 7313; 3: 2712, 7053
[20240124_13:45:13_672] # [T21133][VisionSlotAdd][1533]Old Vision Slot[1][1] Coord: 0: 2582, 9419; 1: 7512, 9677; 2: 7638, 7277; 3: 2707, 7019
[20240124_13:45:13_672] # [T21134][VisionSlotAddSlotWeightCal][1014]u32Weight: 1, CentreY: 3254.000, DisY: 1966.000, SlotAng: 176.994
[20240124_13:45:13_677] # [T21134][VisionSlotAdd][1576]New Vision Slot[1][1] Coord: 0: 2582, 9419; 1: 7512, 9678; 2: 7638, 7278; 3: 2708, 7020
[20240124_13:45:13_677] # [T21135][VisionSlotAdd][1600]vision slot [1][1], u32Weight: 1, Sum: 59, SlotAng: 3.000, CurSlotAng: 3.006
[20240124_13:45:13_677] # [T21136][VisionSlotAddValidCheck][893]Vision slot Length: 2607,2605, Depth 4760,4759
[20240124_13:45:13_677] # [T21136][VisionSlotAdd][1521]Added Vision Slot[0][0] Num 2 OriCoord: 0: 4287, 2852; 1: 8367, 400; 2: 7024, -1833; 3: 2944, 617
[20240124_13:45:13_677] # [T21137][VisionSlotAdd][1522]VehCoordAndAngle: 0, 5000, ang 0.000 (0.000)
[20240124_13:45:13_680] # [T21137][VisionSlotAdd][1523]Current VehPos: 0, 5000, ang -0.000 (-0.000)
[20240124_13:45:13_680] # [T21138][VisionSlotAdd][1528]Convert Vision Slot[0][0] Coord: 0: -4287, 7852; 1: -8367, 5400; 2: -7024, 3167; 3: -2944, 5617
[20240124_13:45:13_680] # [T21138][VisionSlotAdd][1533]Old Vision Slot[0][0] Coord: 0: -4292, 7853; 1: -8377, 5409; 2: -7032, 3161; 3: -2946, 5605
[20240124_13:45:13_680] # [T21139][VisionSlotAddSlotWeightCal][1014]u32Weight: 18, CentreY: 1734.500, DisY: 446.500, SlotAng: -30.995
[20240124_13:45:13_680] # [T21139][VisionSlotAdd][1576]New Vision Slot[0][0] Coord: 0: -4292, 7853; 1: -8377, 5408; 2: -7031, 3161; 3: -2946, 5606
[20240124_13:45:13_680] # [T21140][VisionSlotAdd][1600]vision slot [0][0], u32Weight: 18, Sum: 956, SlotAng: -149.102, CurSlotAng: -149.005
[20240124_13:45:13_680] # [T21141][VisionSlotAddValidCheck][893]Vision slot Length: 2381,2381, Depth 4987,4988
[20240124_13:45:13_684] # [T21141][VisionSlotAdd][1521]Added Vision Slot[1][0] Num 2 OriCoord: 0: -2663, 2045; 1: -7644, 2306; 2: -7769, -72; 3: -2787, -333
[20240124_13:45:13_684] # [T21142][VisionSlotAdd][1522]VehCoordAndAngle: 0, 5000, ang 0.000 (0.000)
[20240124_13:45:13_684] # [T21142][VisionSlotAdd][1523]Current VehPos: 0, 5000, ang -0.000 (-0.000)
[20240124_13:45:13_684] # [T21143][VisionSlotAdd][1528]Convert Vision Slot[1][0] Coord: 0: 2663, 7045; 1: 7644, 7306; 2: 7769, 4928; 3: 2787, 4667
[20240124_13:45:13_684] # [T21143][VisionSlotAdd][1533]Old Vision Slot[1][0] Coord: 0: 2674, 6971; 1: 7565, 7306; 2: 7724, 4970; 3: 2834, 4635
[20240124_13:45:13_684] # [T21144][VisionSlotAddSlotWeightCal][1014]u32Weight: 18, CentreY: 856.000, DisY: 432.000, SlotAng: 177.001
[20240124_13:45:13_684] # [T21145][VisionSlotAdd][1576]New Vision Slot[1][0] Coord: 0: 2674, 6973; 1: 7566, 7306; 2: 7725, 4969; 3: 2833, 4636
[20240124_13:45:13_702] # [T21145][VisionSlotAdd][1600]vision slot [1][0], u32Weight: 18, Sum: 863, SlotAng: 3.895, CurSlotAng: 2.999
[20240124_13:45:13_742] # [T21201][APAVisionOblAdd][1323]Vision Obl merge: 1
[20240124_13:45:13_742] # [T21201][APAVisionOblAdd][1326]Receive Vision Obl CrossPointCoord: 0: 2550, 9435; 1: 7578, 9699
[20240124_13:45:13_742] # [T21201][APAVisionOblInfoDebugPrint][118]VisionOblInfo:
[20240124_13:45:13_742] # [T21202][APAVisionOblInfoDebugPrint][119]OblType: 0, bIsMerge 0, DetectCount 62
[20240124_13:45:13_742] # [T21202][APAVisionOblInfoDebugPrint][122]CrossPointCoord: 0: 1016, 9263; 1: 5775, 9812
[20240124_13:45:13_742] # [T21203][APAVisionOblInfoDebugPrint][125]OriginCrossPointCoord: 0: -2550, 4435; 1: -7578, 4699
[20240124_13:45:13_746] # [T21203][APAVisionOblInfoDebugPrint][126]VehCoordAndAng: 0, 5000, ang 0.000(0.000)
[20240124_13:45:13_746] # [T21203][APAVisionOblInfoDebugPrint][127] 
[20240124_13:45:13_746] # [T21204][APAVisionOblAdd][1323]Vision Obl merge: 0
[20240124_13:45:13_746] # [T21204][APAVisionOblAdd][1326]Receive Vision Obl CrossPointCoord: 0: -8368, 5392; 1: -4290, 7843
[20240124_13:45:13_746] # [T21205][APAVisionOblInfoDebugPrint][118]VisionOblInfo:
[20240124_13:45:13_747] # [T21205][APAVisionOblInfoDebugPrint][119]OblType: 0, bIsMerge 0, DetectCount 100
[20240124_13:45:13_747] # [T21205][APAVisionOblInfoDebugPrint][122]CrossPointCoord: 0: -3072, 6159; 1: 1399, 7591
[20240124_13:45:13_747] # [T21206][APAVisionOblInfoDebugPrint][125]OriginCrossPointCoord: 0: 8368, 392; 1: 4290, 2843
[20240124_13:45:13_747] # [T21206][APAVisionOblInfoDebugPrint][126]VehCoordAndAng: 0, 5000, ang 0.000(0.000)
[20240124_13:45:13_747] # [T21207][APAVisionOblInfoDebugPrint][127] 
[20240124_13:45:13_747] # [T21207][APAVisionOblAdd][1323]Vision Obl merge: 0
[20240124_13:45:13_747] # [T21207][APAVisionOblAdd][1326]Receive Vision Obl CrossPointCoord: 0: 2703, 6988; 1: 7589, 7244
[20240124_13:45:13_747] # [T21208][APAVisionOblInfoDebugPrint][118]VisionOblInfo:
[20240124_13:45:13_747] # [T21208][APAVisionOblInfoDebugPrint][119]OblType: 0, bIsMerge 0, DetectCount 100
[20240124_13:45:13_750] # [T21209][APAVisionOblInfoDebugPrint][122]CrossPointCoord: 0: -3072, 6159; 1: 1399, 7591
[20240124_13:45:13_750] # [T21209][APAVisionOblInfoDebugPrint][125]OriginCrossPointCoord: 0: -2703, 1988; 1: -7589, 2244
[20240124_13:45:13_750] # [T21210][APAVisionOblInfoDebugPrint][126]VehCoordAndAng: 0, 5000, ang 0.000(0.000)
[20240124_13:45:13_750] # [T21210][APAVisionOblInfoDebugPrint][127] 
[20240124_13:45:13_750] # [T21210][VisionSlotAddValidCheck][893]Vision slot Length: 2441,2442, Depth 5034,5033
[20240124_13:45:13_750] # [T21211][VisionSlotAdd][1521]Added Vision Slot[1][1] Num 2 OriCoord: 0: -2550, 4435; 1: -7578, 4699; 2: -7705, 2260; 3: -2678, 1997
[20240124_13:45:13_750] # [T21212][VisionSlotAdd][1522]VehCoordAndAngle: 0, 5000, ang 0.000 (0.000)
[20240124_13:45:13_750] # [T21212][VisionSlotAdd][1523]Current VehPos: 0, 5000, an -0.000 (-0.000)
[20240124_13:45:13_754] # [T21212][VisionSlotAdd][1528]Convert Vision Slot[1][1] Coord: 0: 2550, 9435; 1: 7578, 9699; 2: 7705, 7260; 3: 2678, 6997
[20240124_13:45:13_754] # [T21213][VisionSlotAdd][1533]Old Vision Slot[1][1] Coord: 0: 2582, 9419; 1: 7512, 9678; 2: 7638, 7278; 3: 2708, 7020
[20240124_13:45:13_754] # [T21214][VisionSlotAddSlotWeightCal][1014]u32Weight: 1, CentreY: 3216.000, DisY: 1928.000, SlotAng: 177.000
[20240124_13:45:13_754] # [T21214][VisionSlotAdd][1576]New Vision Slot[1][1] Coord: 0: 2581, 9420; 1: 7514, 9678; 2: 7639, 7278; 3: 2707, 7019
[20240124_13:45:13_754] # [T21215][VisionSlotAdd][1600]vision slot [1][1], u32Weight: 1, Sum: 60, SlotAng: 3.000, CurSlotAng: 3.000
[20240124_13:45:13_758] # [T21216][VisionSlotAddValidCheck][893]Vision slot Length: 2588,2586, Depth 4757,4757
[20240124_13:45:13_758] # [T21216][VisionSlotAdd][1521]Added Vision Slot[0][0] Num 2 OriCoord: 0: 4290, 2843; 1: 8368, 392; 2: 7036, -1825; 3: 2957, 624
[20240124_13:45:13_758] # [T21217][VisionSlotAdd][1522]VehCoordAndAngle: 0, 5000, ang 0.000 (0.000)
[20240124_13:45:13_758] # [T21217][VisionSlotAdd][1523]Current VehPos: 0, 5000, ang -0.000 (-0.000)
[20240124_13:45:13_758] # [T21218][VisionSlotAdd][1528]Convert Vision Slot[0][0] Coord: 0: -4290, 7843; 1: -8368, 5392; 2: -7036, 3175; 3: -2957, 5624
[20240124_13:45:13_758] # [T21218][VisionSlotAdd][1533]Old Vision Slot[0][0] Coord: 0: -4292, 7853; 1: -8377, 5408; 2: -7031, 3161; 3: -2946, 5606
[20240124_13:45:13_758] # [T21219][VisionSlotAddSlotWeightCal][1014]u32Weight: 18, CentreY: 1733.500, DisY: 445.500, SlotAng: -30.994
[20240124_13:45:13_758] # [T21219][VisionSlotAdd][1576]New Vision Slot[0][0] Coord: 0: -4292, 7853; 1: -8377, 5408; 2: -7032, 3162; 3: -2947, 5606
[20240124_13:45:13_762] # [T21220][VisionSlotAdd][1600]vision slot [0][0], u32Weight: 18, Sum: 974, SlotAng: -149.101, CurSlotAng: -149.006
[20240124_13:45:13_763] # [T21221][VisionSlotAddValidCheck][893]Vision slot Length: 2348,2348, Depth 4892,4892
[20240124_13:45:13_766] # [T21221][VisionSlotAdd][1521]Added Vision Slot[1][0] Num 2 OriCoord: 0: -2703, 1988; 1: -7589, 2244; 2: -7712, -101; 3: -2826, -357
[20240124_13:45:13_766] # [T21223][VisionSlotAdd][1522]VehCoordAndAngle: 0, 5000, ang 0.000 (0.000)
[20240124_13:45:13_766] # [T21223][VisionSlotAdd][1523]Current VehPos: 0, 5000, ang -0.000 (-0.000)
[20240124_13:45:13_766] # [T21223][VisionSlotAdd][1528]Convert Vision Slot[1][0] Coord: 0: 2703, 6988; 1: 7589, 7244; 2: 7712, 4899; 3: 2826, 4643
[20240124_13:45:13_766] # [T21224][VisionSlotAdd][1533]Old Vision Slot[1][0] Coord: 0: 2674, 6973; 1: 7566, 7306; 2: 7725, 4969; 3: 2833, 4636
[20240124_13:45:13_766] # [T21225][VisionSlotAddSlotWeightCal][1014]u32Weight: 18, CentreY: 815.500, DisY: 472.500, SlotAng: 177.001
[20240124_13:45:13_766] # [T21225][VisionSlotAdd][1576]New Vision Slot[1][0] Coord: 0: 2674, 6973; 1: 7567, 7305; 2: 7725, 4968; 3: 2833, 4636
[20240124_13:45:13_778] # [T21226][VisionSlotAdd][1600]vision slot [1][0], u32Weight: 18, Sum: 881, SlotAng: 3.877, CurSlotAng: 2.999
[20240124_13:45:13_828] # [T21286][APAVisionOblAdd][1323]Vision Obl merge: 1
[20240124_13:45:13_828] # [T21286][APAVisionOblAdd][1326]Receive Vision Obl CrossPointCoord: 0: 2562, 9439; 1: 7543, 9700
[20240124_13:45:13_828] # [T21286][APAVisionOblInfoDebugPrint][118]VisionOblInfo:
[20240124_13:45:13_828] # [T21287][APAVisionOblInfoDebugPrint][119]OblType: 0, bIsMerge 0, DetectCount 63
[20240124_13:45:13_828] # [T21287][APAVisionOblInfoDebugPrint][122]CrossPointCoord: 0: 1041, 9266; 1: 5803, 9810
[20240124_13:45:13_828] # [T21288][APAVisionOblInfoDebugPrint][125]OriginCrossPointCoord: 0: -2562, 4439; 1: -7543, 4700
[20240124_13:45:13_830] # [T21288][APAVisionOblInfoDebugPrint][126]VehCoordAndAng: 0, 5000, ang 0.000(0.000)
[20240124_13:45:13_830] # [T21289][APAVisionOblInfoDebugPrint][127] 
[20240124_13:45:13_830] # [T21289][APAVisionOblAdd][1323]Vision Obl merge: 0
[20240124_13:45:13_830] # [T21289][APAVisionOblAdd][1326]Receive Vision Obl CrossPointCoord: 0: -8389, 5394; 1: -4306, 7848
[20240124_13:45:13_830] # [T21290][APAVisionOblInfoDebugPrint][118]VisionOblInfo:
[20240124_13:45:13_832] # [T21290][APAVisionOblInfoDebugPrint][119]OblType: 0, bIsMerge 0, DetectCount 100
[20240124_13:45:13_832] # [T21290][APAVisionOblInfoDebugPrint][122]CrossPointCoord: 0: -3072, 6159; 1: 1399, 7591
[20240124_13:45:13_832] # [T21291][APAVisionOblInfoDebugPrint][125]OriginCrossPointCoord: 0: 8389, 394; 1: 4306, 2848
[20240124_13:45:13_832] # [T21291][APAVisionOblInfoDebugPrint][126]VehCoordAndAng: 0, 5000, ang 0.000(0.000)
[20240124_13:45:13_832] # [T21292][APAVisionOblInfoDebugPrint][127] 
[20240124_13:45:13_832] # [T21292][APAVisionOblAdd][1323]Vision Obl merge: 0
[20240124_13:45:13_832] # [T21292][APAVisionOblAdd][1326]Receive Vision Obl CrossPointCoord: 0: 2671, 6964; 1: 7641, 7312
[20240124_13:45:13_832] # [T21293][APAVisionOblInfoDebugPrint][118]VisionOblInfo:
[20240124_13:45:13_836] # [T21293][APAVisionOblInfoDebugPrint][119]OblType: 0, bIsMerge 0, DetectCount 100
[20240124_13:45:13_836] # [T21294][APAVisionOblInfoDebugPrint][122]CrossPointCoord: 0: -3072, 6159; 1: 1399, 7591
[20240124_13:45:13_836] # [T21294][APAVisionOblInfoDebugPrint][125]OriginCrossPointCoord: 0: -2671, 1964; 1: -7641, 2312
[20240124_13:45:13_836] # [T21295][APAVisionOblInfoDebugPrint][126]VehCoordAndAng: 0, 5000, ang 0.000(0.000)
[20240124_13:45:13_836] # [T21295][APAVisionOblInfoDebugPrint][127] 
[20240124_13:45:13_836] # [T21295][APAVisionOblAdd][1323]Vision Obl merge: 1
[20240124_13:45:13_836] # [T21296][APAVisionOblAdd][1326]Receive Vision Obl CrossPointCoord: 0: -8210, 8322; 1: -4447, 10583
[20240124_13:45:13_836] # [T21296][APAVisionOblInfoDebugPrint][118]VisionOblInfo:
[20240124_13:45:13_836] # [T21296][APAVisionOblInfoDebugPrint][119]OblType: 0, bIsMerge 0, DetectCount 64
[20240124_13:45:13_836] # [T21297][APAVisionOblInfoDebugPrint][122]CrossPointCoord: 0: 896, 9251; 1: 5643, 9822
[20240124_13:45:13_836] # [T21297][APAVisionOblInfoDebugPrint][125]OriginCrossPointCoord: 0: 8210, 3322; 1: 4447, 5583
[20240124_13:45:13_840] # [T21298][APAVisionOblInfoDebugPrint][126]VehCoordAndAng: 0, 5000, ang 0.000(0.000)
[20240124_13:45:13_840] # [T21298][APAVisionOblInfoDebugPrint][127] 
[20240124_13:45:13_840] # [T21299][VisionSlotAddValidCheck][893]Vision slot Length: 2439,2439, Depth 4987,4987
[20240124_13:45:13_840] # [T21299][VisionSlotAdd][1521]Added Vision Slot[1][1] Num 2 OriCoord: 0: -2562, 4439; 1: -7543, 4700; 2: -7671, 2264; 3: -2690, 2003
[20240124_13:45:13_840] # [T21300][VisionSlotAdd][1522]VehCoordAndAngle: 0, 5000, ang 0.000 (0.000)
[20240124_13:45:13_840] # [T21300][VisionSlotAdd][1523]Current VehPos: 0, 5000, ang -0.000 (-0.000)
[20240124_13:45:13_840] # [T21301][VisionSlotAdd][1528]Convert Vision Slot[1][1] Coord: 0: 2562, 9439; 1: 7543, 9700; 2: 7671, 7264; 3: 2690, 7003
[20240124_13:45:13_844] # [T21301][VisionSlotAdd][1533]Old Vision Slot[1][1] Coord: 0: 2581, 9420; 1: 7514, 9678; 2: 7639, 7278; 3: 2707, 7019
[20240124_13:45:13_844] # [T21302][VisionSlotAddSlotWeightCal][1014]u32Weight: 1, CentreY: 3221.000, DisY: 1933.000, SlotAng: 177.001
[20240124_13:45:13_844] # [T21303][VisionSlotAdd][1576]New Vision Slot[1][1] Coord: 0: 2581, 9420; 1: 7514, 9679; 2: 7640, 7277; 3: 2707, 7019
[20240124_13:45:13_844] # [T21303][VisionSlotAdd][1600]vision slot [1][1], u32Weight: 1, Sum: 61, SlotAng: 3.000, CurSlotAng: 3.000
[20240124_13:45:13_844] # [T21304][VisionSlotAddValidCheck][893]Vision slot Length: 2612,2611, Depth 4763,4762
[20240124_13:45:13_844] # [T21304][VisionSlotAdd][1521]Added Vision Slot[0][0] Num 2 OriCoord: 0: 4306, 2848; 1: 8389, 394; 2: 7044, -1844; 3: 2961, 608
[20240124_13:45:13_848] # [T21305][VisionSlotAdd][1522]VehCoordAndAngle: 0, 5000, ang 0.000 (0.000)
[20240124_13:45:13_848] # [T21305][VisionSlotAdd][1523]Current VehPos: 0, 5000, ang -0.000 (-0.000)
[20240124_13:45:13_848] # [T21306][VisionSlotAdd][1528]Convert Vision Slot[0][0] Coord: 0: -4306, 7848; 1: -8389, 5394; 2: -7044, 3156; 3: -2961, 5608
[20240124_13:45:13_848] # [T21307][VisionSlotAdd][1533]Old Vision Slot[0][0] Coord: 0: -4292, 7853; 1: -8377, 5408; 2: -7032, 3162; 3: -2947, 5606
[20240124_13:45:13_848] # [T21307][VisionSlotAddSlotWeightCal][1014]u32Weight: 18, CentreY: 1728.000, DisY: 440.000, SlotAng: -30.997
[20240124_13:45:13_850] # [T21308][VisionSlotAdd][1576]New Vision Slot[0][0] Coord: 0: -4292, 7853; 1: -8377, 5408; 2: -7032, 3162; 3: -2947, 5606
[20240124_13:45:13_850] # [T21308][VisionSlotAdd][1600]vision slot [0][0], u32Weight: 18, Sum: 992, SlotAng: -149.099, CurSlotAng: -149.003
[20240124_13:45:13_850] # [T21309][VisionSlotAddValidCheck][893]Vision slot Length: 2370,2370, Depth 4982,4981
[20240124_13:45:13_852] # [T21310][VisionSlotAdd][1521]Added Vision Slot[1][0] Num 2 OriCoord: 0: -2671, 1964; 1: -7641, 2312; 2: -7806, -53; 3: -2837, -401
[20240124_13:45:13_852] # [T21310][VisionSlotAdd][1522]VehCoordAndAngle: 0, 5000, ang 0.000 (0.000)
[20240124_13:45:13_852] # [T21311][VisionSlotAdd][1523]Current VehPos: 0, 5000, ang -0.000 (-0.000)
[20240124_13:45:13_852] # [T21311][VisionSlotAdd][1528]Convert Vision Slot[1][0] Coord: 0: 2671, 6964; 1: 7641, 7312; 2: 7806, 4947; 3: 2837, 4599
[20240124_13:45:13_852] # [T21312][VisionSlotAdd][1533]Old Vision Slot[1][0] Coord: 0: 2674, 6973; 1: 7567, 7305; 2: 7725, 4968; 3: 2833, 4636
[20240124_13:45:13_852] # [T21312][VisionSlotAddSlotWeightCal][1014]u32Weight: 17, CentreY: 781.500, DisY: 506.500, SlotAng: 175.994
[20240124_13:45:13_852] # [T21313][VisionSlotAdd][1576]New Vision Slot[1][0] Coord: 0: 2674, 6973; 1: 7568, 7305; 2: 7727, 4967; 3: 2833, 4635
[20240124_13:45:13_852] # [T21314][VisionSlotAdd][1600]vision slot [1][0], u32Weight: 17, Sum: 898, SlotAng: 3.880, CurSlotAng: 4.006
[20240124_13:45:13_856] # [T21314][VisionSlotAddValidCheck][893]Vision slot Length: 2441,2441, Depth 4390,4389
[20240124_13:45:13_856] # [T21315][VisionSlotAdd][1521]Added Vision Slot[0][1] Num 2 OriCoord: 0: 4447, 5583; 1: 8210, 3322; 2: 6952, 1229; 3: 3190, 3490
[20240124_13:45:13_856] # [T21315][VisionSlotAdd][1522]VehCoordAndAngle: 0, 5000, ang 0.000 (0.000)
[20240124_13:45:13_856] # [T21316][VisionSlotAdd][1523]Current VehPos: 0, 5000, ang -0.000 (-0.000)
[20240124_13:45:13_856] # [T21316][VisionSlotAdd][1528]Convert Vision Slot[0][1] Coord: 0: -4447, 10583; 1: -8210, 8322; 2: -6952, 6229; 3: -3190, 8490
[20240124_13:45:13_860] # [T21317][VisionSlotAdd][1533]Old Vision Slot[0][1] Coord: 0: -4444, 10580; 1: -8202, 8322; 2: -6947, 6234; 3: -3189, 8492
[20240124_13:45:13_860] # [T21318][VisionSlotAddSlotWeightCal][1014]u32Weight: 1, CentreY: 4536.500, DisY: 3248.500, SlotAng: -31.003
[20240124_13:45:13_860] # [T21318][VisionSlotAdd][1576]New Vision Slot[0][1] Coord: 0: -4444, 10580; 1: -8203, 8322; 2: -6948, 6234; 3: -3189, 8492
[20240124_13:45:13_865] # [T21319][VisionSlotAdd][1600]vision slot [0][1], u32Weight: 1, Sum: 10, SlotAng: -148.999, CurSlotAng: -148.997
[20240124_13:45:13_905] # [T21366][APAVisionOblAdd][1323]Vision Obl merge: 1
[20240124_13:45:13_905] # [T21366][APAVisionOblAdd][1326]Receive Vision Obl CrossPointCoord: 0: 2562, 9426; 1: 7500, 9684
[20240124_13:45:13_909] # [T21366][APAVisionOblInfoDebugPrint][118]VisionOblInfo:
[20240124_13:45:13_909] # [T21367][APAVisionOblInfoDebugPrint][119]OblType: 0, bIsMerge 0, DetectCount 65
[20240124_13:45:13_909] # [T21367][APAVisionOblInfoDebugPrint][122]CrossPointCoord: 0: 922, 9254; 1: 5672, 9820
[20240124_13:45:13_909] # [T21368][APAVisionOblInfoDebugPrint][125]OriginCrossPointCoord: 0: -2562, 4426; 1: -7500, 4684
[20240124_13:45:13_911] # [T21368][APAVisionOblInfoDebugPrint][126]VehCoordAndAng: 0, 5000, ang 0.000(0.000)
[20240124_13:45:13_911] # [T21368][APAVisionOblInfoDebugPrint][127] 
[20240124_13:45:13_911] # [T21369][APAVisionOblAdd][1323]Vision Obl merge: 0
[20240124_13:45:13_911] # [T21369][APAVisionOblAdd][1326]Receive Vision Obl CrossPointCoord: 0: -8385, 5397; 1: -4290, 7857
[20240124_13:45:13_911] # [T21370][APAVisionOblInfoebugPrint][118]VisionOblInfo:
[20240124_13:45:13_913] # [T21370][APAVisionOblInfoDebugPrint][119]OblType: 0, bIsMerge 0, DetectCount 100
[20240124_13:45:13_913] # [T21370][APAVisionOblInfoDebugPrint][122]CrossPointCoord: 0: -3072, 6159; 1: 1399, 7591
[20240124_13:45:13_913] # [T21371][APAVisionOblInfoDebugPrint][125]OriginCrossPointCoord: 0: 8385, 397; 1: 4290, 2857
[20240124_13:45:13_913] # [T21371][APAVisionOblInfoDebugPrint][126]VehCoordAndAng: 0, 5000, ang 0.000(0.000)
[20240124_13:45:13_913] # [T21372][APAVisionOblInfoDebugPrint][127] 
[20240124_13:45:13_913] # [T21372][APAVisionOblAdd][1323]Vision Obl merge: 0
[20240124_13:45:13_913] # [T21372][APAVisionOblAdd][1326]Receive Vision Obl CrossPointCoord: 0: 2663, 6986; 1: 7570, 7329
[20240124_13:45:13_913] # [T21373][APAVisionOblInfoDebugPrint][118]VisionOblInfo:
[20240124_13:45:13_913] # [T21373][APAVisionOblInfoDebugPrint][119]OblType: 0, bIsMerge 0, DetectCount 100
[20240124_13:45:13_913] # [T21374][APAVisionOblInfoDebugPrint][122]CrossPointCoord: 0: -3072, 6159; 1: 1399, 7591
[20240124_13:45:13_913] # [T21374][APAVisionOblInfoDebugPrint][125]OriginCrossPointCoord: 0: -2663, 1986; 1: -7570, 2329
[20240124_13:45:13_913] # [T21375][APAVisionOblInfoDebugPrint][126]VehCoordAndAng: 0, 5000, ang 0.000(0.000)
[20240124_13:45:13_917] # [T21375][APAVisionOblInfoDebugPrint][127] 
[20240124_13:45:13_917] # [T21375][VisionSlotAddValidCheck][893]Vision slot Length: 2389,2388, Depth 4944,4944
[20240124_13:45:13_917] # [T21376][VisionSlotAdd][1521]Added Vision Slot[1][1] Num 2 OriCoord: 0: -2562, 4426; 1: -7500, 4684; 2: -7625, 2299; 3: -2687, 2040
[20240124_13:45:13_917] # [T21377][VisionSlotAdd][1522]VehCoordAndAngle: 0, 5000, ang 0.000 (0.000)
[20240124_13:45:13_917] # [T21377][VisionSlotAdd][1523]Current VehPos: 0, 5000, ang -0.000 (-0.000)
[20240124_13:45:13_917] # [T21377][VisionSlotAdd][1528]Convert Vision Slot[1][1] Coord: 0: 2562, 9426; 1: 7500, 9684; 2: 7625, 7299; 3: 2687, 7040
[20240124_13:45:13_917] # [T21378][VisionSlotAdd][1533]Old Vision Slot[1][1] Coord: 0: 2581, 9420; 1: 7514, 9679; 2: 7640, 7277; 3: 2707, 7019
[20240124_13:45:13_921] # [T21379][VisionSlotAddSlotWeightCal][1014]u32Weight: 1, CentreY: 3233.000, DisY: 1945.000, SlotAng: 177.003
[20240124_13:45:13_921] # [T21379][VisionSlotAdd][1576]New Vision Slot[1][1] Coord: 0: 2581, 9420; 1: 7514, 9679; 2: 7639, 7278; 3: 2706, 7019
[20240124_13:45:13_921] # [T21380][VisionSlotAdd][1600]vision slot [1][1], u32Weight: 1, Sum: 62, SlotAng: 3.000, CurSlotAng: 2.997
[20240124_13:45:13_921] # [T21381][VisionSlotAddValidCheck][893]Vision slot Length: 2606,2606, Depth 4777,4775
[20240124_13:45:13_921] # [T21381][VisionSlotAdd][1521]Added Vision Slot[0][0] Num 2 OriCoord: 0: 4290, 2857; 1: 8385, 397; 2: 7042, -1837; 3: 2948, 622
[20240124_13:45:13_921] # [T21382][VisionSlotAdd][1522]VehCoordAndAngle: 0, 5000, ang 0.000 (0.000)
[20240124_13:45:13_921] # [T21382][VisionSlotAdd][1523]Current VehPos: 0, 5000, ang -0.000 (-0.000)
[20240124_13:45:13_925] # [T21383][VisionSlotAdd][1528]Convert Vision Slot[0][0] Coord: 0: -4290, 7857; 1: -8385, 5397; 2: -7042, 3163; 3: -2948, 5622
[20240124_13:45:13_927] # [T21383][VisionSlotAdd][1533]Old Vision Slot[0][0] Coord: 0: -4292, 7853; 1: -8377, 5408; 2: -7032, 3162; 3: -2947, 5606
[20240124_13:45:13_927] # [T21384][VisionSlotAddSlotWeightCal][1014]u32Weight: 18, CentreY: 1739.500, DisY: 451.500, SlotAng: -30.993
[20240124_13:45:13_927] # [T21385][VisionSlotAdd][1576]New Vision Slot[0][0] Coord: 0: -4292, 7853; 1: -8377, 5408; 2: -7032, 3162; 3: -2947, 5606
[20240124_13:45:13_927] # [T21385][VisionSlotAdd][1600]vision slot [0][0], u32Weight: 18, Sum: 1010, SlotAng: -149.097, CurSlotAng: -149.007
[20240124_13:45:13_929] # [T21386][VisionSlotAddValidCheck][893]Vision slot Length: 2352,2351, Depth 4918,4919
[20240124_13:45:13_929] # [T21386][VisionSlotAdd][1521]Added Vision Slot[1][0] Num 2 OriCoord: 0: -2663, 1986; 1: -7570, 2329; 2: -7734, -17; 3: -2827, -361
[20240124_13:45:13_929] # [T21387][VisionSlotAdd][1522]VehCoordAndAngle: 0, 5000, ang 0.000 (0.000)
[20240124_13:45:13_929] # [T21387][VisionSlotAdd][1523]Current VehPos: 0, 5000, ang -0.000 (-0.000)
[20240124_13:45:13_929] # [T21388][VisionSlotAdd][1528]Convert Vision Slot[1][0] Coord: 0: 2663, 6986; 1: 7570, 7329; 2: 7734, 4983; 3: 2827, 4639
[20240124_13:45:13_929] # [T21389][VisionSlotAdd][1533]Old Vision Slot[1][0] Coord: 0: 2674, 6973; 1: 7568, 7305; 2: 7727, 4967; 3: 2833, 4635
[20240124_13:45:13_929] # [T21389][VisionSlotAddSlotWeightCal][1014]u32Weight: 18, CentreY: 812.500, DisY: 475.500, SlotAng: 175.996
[20240124_13:45:13_929] # [T21390][VisionSlotAdd][1576]New Vision Slot[1][0] Coord: 0: 2674, 6973; 1: 7568, 7305; 2: 7727, 4968; 3: 2833, 4636
[20240124_13:45:13_939] # [T21390][VisionSlotAdd][1600]vision slot [1][0], u32Weight: 18, Sum: 916, SlotAng: 3.882, CurSlotAng: 4.004
[20240124_13:45:13_987] # [T21447][APAVisionOblAdd][1323]Vision Obl merge: 1
[20240124_13:45:13_987] # [T21447][APAVisionOblAdd][1326]Receive Vision Obl CrossPointCoord: 0: 2529, 9439; 1: 7580, 9704
[20240124_13:45:13_987] # [T21448][APAVisionOblInfoDebugPrint][118]VisionOblInfo:
[20240124_13:45:13_987] # [T21448][APAVisionOblInfoDebugPrint][119]OblType: 0, bIsMerge 0, DetectCount 66
[20240124_13:45:13_987] # [T21448][APAVisionOblInfoDebugPrint][122]CrossPointCoord: 0: 946, 9257; 1: 5701, 9818
[20240124_13:45:13_991] # [T21449][APAVisionOblInfoDebugPrint][125]OriginCrossPointCoord: 0: -2529, 4439; 1: -7580, 4704
[20240124_13:45:13_991] # [T21449][APAVisionOblInfoDebugPrint][126]VehCoordAndAng: 0, 5000, ang 0.000(0.000)
[20240124_13:45:13_991] # [T21450][APAVisionOblInfoDebugPrint][127] 
[20240124_13:45:13_991] # [T21450][APAVisionOblAdd][1323]Vision Obl merge: 0
[20240124_13:45:13_991] # [T21450][APAVisionOblAdd][1326]Receive Vision Obl CrossPointCoord: 0: 2659, 6968; 1: 7592, 7313
[20240124_13:45:13_991] # [T21451][APAVisionOblInfoDebugPrint][118]VisionOblInfo:
[20240124_13:45:13_991] # [T21451][APAVisionOblInfoDebugPrint][119]OblType: 0, bIsMerge 0, DetectCount 100
[20240124_13:45:13_991] # [T21452][APAVisionOblInfoDebugPrint][122]CrossPointCoord: 0: -3072, 6159; 1: 1399, 7591
[20240124_13:45:13_991] # [T21452][APAVisionOblInfoDebugPrint][125]OriginCrossPointCoord: 0: -2659, 1968; 1: -7592, 2313
[20240124_13:45:13_991] # [T21453][APAVisionOblInfoDebugPrint][126]VehCoordAndAng: 0, 5000, ang 0.000(0.000)
[20240124_13:45:13_991] # [T21453][APAVisionOblInfoDebugPrint][127] 
[20240124_13:45:13_995] # [T21453][APAVisionOblAdd][1323]Vision Obl merge: 0
[20240124_13:45:13_997] # [T21454][APAVisionOblAdd][1326]Receive Vision Obl CrossPointCoord: 0: -8366, 5410; 1: -4296, 7855
[20240124_13:45:13_997] # [T21454][APAVisionOblInfoDebugPrint][118]VisionOblInfo:
[20240124_13:45:13_997] # [T21455][APAVisionOblInfoDebugPrint][119]OblType: 0, bIsMerge 0, DetectCount 100
[20240124_13:45:13_997] # [T21455][APAVisionOblInfoDebugPrint][122]CrossPointCoord: 0: -3072, 6159; 1: 1399, 7591
[20240124_13:45:13_997] # [T21455][APAVisionOblInfoDebugPrint][125]OriginCrossPointCoord: 0: 8366, 410; 1: 4296, 2855
[20240124_13:45:13_999] # [T21456][APAVisionOblInfoDebugPrint][126]VehCoordAndAng: 0, 5000, ang 0.000(0.000)
[20240124_13:45:13_999] # [T21456][APAVisionOblInfoDebugPrint][127] 
[20240124_13:45:13_999] # [T21457][VisionSlotAddValidCheck][893]Vision slot Length: 2427,2427, Depth 5057,5057
[20240124_13:45:13_999] # [T21457][VisionSlotAdd][1521]Added Vision Slot[1][1] Num 2 OriCoord: 0: -2529, 4439; 1: -7580, 4704; 2: -7707, 2280; 3: -2656, 2015
[20240124_13:45:13_999] # [T21458][VisionSlotAdd][1522]VehCoordAndAngle: 0, 5000, ang 0.000 (0.000)
[20240124_13:45:13_999] # [T21458][VisionSlotAdd][1523]Current VehPos: 0, 5000, ang -0.000 (-0.000)
[20240124_13:45:13_999] # [T21459][VisionSlotAdd][1528]Convert Vision Slot[1][1] Coord: 0: 2529, 9439; 1: 7580, 9704; 2: 7707, 7280; 3: 2656, 7015
[20240124_13:45:14_003] # [T21459][VisionSlotAdd][1533]Old Vision Slot[1][1] Coord: 0: 2581, 9420; 1: 7514, 9679; 2: 7639, 7278; 3: 2706, 7019
[20240124_13:45:14_003] # [T21460][VisionSlotAddSlotWeightCal][1014]u32Weight: 1, CentreY: 3227.000, DisY: 1939.000, SlotAng: 176.997
[20240124_13:45:14_003] # [T21461][VisionSlotAdd][1576]New Vision Slot[1][1] Coord: 0: 2580, 9420; 1: 7515, 9679; 2: 7641, 7278; 3: 2706, 7019
[20240124_13:45:14_003] # [T21461][VisionSlotAdd][1600]vision slot [1][1], u32Weight: 1, Sum: 63, SlotAng: 3.000, CurSlotAng: 3.003
[20240124_13:45:14_003] # [T21462][VisionSlotAddValidCheck][893]Vision slot Length: 2334,2334, Depth 4945,4945
[20240124_13:45:14_003] # [T21462][VisionSlotAdd][1521]Added Vision Slot[1][0] Num 2 OriCoord: 0: -2659, 1968; 1: -7592, 2313; 2: -7755, -16; 3: -2822, -361
[20240124_13:45:14_003] # [T21463][VisionSlotAdd][1522]VehCoordAndAngle: 0, 5000, ang 0.000 (0.000)
[20240124_13:45:14_003] # [T21463][VisionSlotAdd][1523]Current VehPos: 0, 5000, ang -0.000 (-0.000)
[20240124_13:45:14_003] # [T21464][VisionSlotAdd][1528]Convert Vision Slot[1][0] Coord: 0: 2659, 6968; 1: 7592, 7313; 2: 7755, 4984; 3: 2822, 4639
[20240124_13:45:14_007] # [T21465][VisionSlotAdd][1533]Old Vision Slot[1][0] Coord: 0: 2674, 6973; 1: 7568, 7305; 2: 7727, 4968; 3: 2833, 4636
[20240124_13:45:14_007] # [T21465][VisionSlotAddSlotWeightCal][1014]u32Weight: 17, CentreY: 803.500, DisY: 484.500, SlotAng: 175.999
[20240124_13:45:14_007] # [T21466][VisionSlotAdd][1576]New Vision Slot[1][0] Coord: 0: 2674, 6973; 1: 7568, 7306; 2: 7727, 4968; 3: 2832, 4636
[20240124_13:45:14_007] # [T21466][VisionSlotAdd][1600]vision slot [1][0], u32Weight: 17, Sum: 933, SlotAng: 3.884, CurSlotAng: 4.001
[20240124_13:45:14_007] # [T21467][VisionSlotAddValidCheck][893]Vision slot Length: 2632,2632, Depth 4747,4747
[20240124_13:45:14_007] # [T21468][VisionSlotAdd][1521]Added Vision Slot[0][0] Num 2 OriCoord: 0: 4296, 2855; 1: 8366, 410; 2: 7010, -1846; 3: 2940, 599
[20240124_13:45:14_011] # [T21468][VisionSlotAdd][1522]VehCoordAndAngle: 0, 5000, ang 0.000 (0.000)
[20240124_13:45:14_011] # [T21469][VisionSlotAdd][1523]Current VehPos: 0, 5000, ang -0.000 (-0.000)
[20240124_13:45:14_011] # [T21469][VisionSlotAdd][1528]Convert Vision Slot[0][0] Coord: 0: -4296, 7855; 1: -8366, 5410; 2: -7010, 3154; 3: -2940, 5599
[20240124_13:45:14_011] # [T21470][VisionSlotAdd][1533]Old Vision Slot[0][0] Coord: 0: -4292, 7853; 1: -8377, 5408; 2: -7032, 3162; 3: -2947, 5606
[20240124_13:45:14_015] # [T21470][VisionSlotAddSlotWeightCal][1014]u32Weight: 18, CentreY: 1727.000, DisY: 439.000, SlotAng: -30.995
[20240124_13:45:14_019] # [T21471][VisionSlotAdd][1576]New Vision Slot[0][0] Coord: 0: -4292, 7853; 1: -8377, 5408; 2: -7032, 3161; 3: -2947, 5606
[20240124_13:45:14_043] # [T21472][VisionSlotAdd][1600]vision slot [0][0], u32Weight: 18, Sum: 1028, SlotAng: -149.096, CurSlotAng: -149.005
[20240124_13:45:14_043] #   21486-task_radar-118: RadarCaptureCnt is 107 
[20240124_13:45:14_043] # 
[20240124_13:45:14_068] # [T21528][APAVisionOblAdd][1323]Vision Obl merge: 0
[20240124_13:45:14_068] # [T21528][APAVisionOblAdd][1326]Receive Vision Obl CrossPointCoord: 0: 2672, 6963; 1: 7565, 7305
[20240124_13:45:14_068] # [T21528][APAVisionOblInfoDebugPrint][118]VisionOblInfo:
[20240124_13:45:14_068] # [T21529][APAVisionOblInfoDebugPrint][119]OblType: 0, bIsMerge 0, DetectCount 100
[20240124_13:45:14_068] # [T21529][APAVisionOblInfoDebugPrint][122]CrossPointCoord: 0: -3072, 6159; 1: 1399, 7591
[20240124_13:45:14_072] # [T21530][APAVisionOblInfoDebugPrint][125]OriginCrossPointCoord: 0: -2672, 1963; 1: -7565, 2305
[20240124_13:45:14_073] # [T21530][APAVisionOblInfoDebugPrint][126]VehCoordAndAng: 0, 5000, ang 0.000(0.000)
[20240124_13:45:14_073] # [T21531][APAVisionOblInfoDebugPrint][127] 
[20240124_13:45:14_073] # [T21531][APAVisionOblAdd][1323]Vision Obl merge: 1
[20240124_13:45:14_073] # [T21531][APAVisionOblAdd][1326]Receive Vision Obl CrossPointCoord: 0: 2612, 9411; 1: 7517, 9668
[20240124_13:45:14_074] # [T21532][APAVisionOblInfoDebugPrint][118]VisionOblInfo:
[20240124_13:45:14_074] # [T21532][APAVisionOblInfoDebugPrint][119]OblType: 0, bIsMerge 0, DetectCount 67
[20240124_13:45:14_074] # [T21533][APAVisionOblInfoDebugPrint][122]CrossPointCoord: 0: 971, 9259; 1: 5728, 9816
[20240124_13:45:14_076] # [T21533][APAVisionOblInfoDebugPrint][125]OriginCrossPointCoord: 0: -2612, 4411; 1: -7517, 4668
[20240124_13:45:14_076] # [T21534][APAVisionOblInfoDebugPrint][126]VehCoordAndAng: 0, 5000, ang 0.000(0.000)
[20240124_13:45:14_076] # [T21534][APAVisionOblInfoDebugPrint][127] 
[20240124_13:45:14_076] # [T21534][APAVisionOblAdd][1323]Vision Obl merge: 0
[20240124_13:45:14_076] # [T21535][APAVisionOblAdd][1326]Receive Vision Obl CrossPointCoord: 0: -8373, 5401; 1: -4323, 7834
[20240124_13:45:14_076] # [T21535][APAVisionOblInfoDebugPrint][118]VisionOblInfo:
[20240124_13:45:14_076] # [T21535][APAVisionOblInfoDebugPrint][119]OblType: 0, bIsMerge 0, DetectCount 100
[20240124_13:45:14_076] # [T21536][APAVisionOblInfoDebugPrint][122]CrossPointCord: 0: -3072, 6159; 1: 1399, 7591
[20240124_13:45:14_076] # [T21536][APAVisionOblInfoDebugPrint][125]OriginCrossPointCoord: 0: 8373, 401; 1: 4323, 2834
[20240124_13:45:14_076] # [T21537][APAVisionOblInfoDebugPrint][126]VehCoordAndAng: 0, 5000, ang 0.000(0.000)
[20240124_13:45:14_076] # [T21537][APAVisionOblInfoDebugPrint][127] 
[20240124_13:45:14_080] # [T21538][VisionSlotAddValidCheck][893]Vision slot Length: 2329,2329, Depth 4904,4905
[20240124_13:45:14_080] # [T21538][VisionSlotAdd][1521]Added Vision Slot[1][0] Num 2 OriCoord: 0: -2672, 1963; 1: -7565, 2305; 2: -7728, -19; 3: -2834, -361
[20240124_13:45:14_080] # [T21539][VisionSlotAdd][1522]VehCoordAndAngle: 0, 5000, ang 0.000 (0.000)
[20240124_13:45:14_080] # [T21539][VisionSlotAdd][1523]Current VehPos: 0, 5000, ang -0.000 (-0.000)
[20240124_13:45:14_080] # [T21540][VisionSlotAdd][1528]Convert Vision Slot[1][0] Coord: 0: 2672, 6963; 1: 7565, 7305; 2: 7728, 4981; 3: 234, 4639
[20240124_13:45:14_080] # [T21540][VisionSlotAdd][1533]Old Vision Slot[1][0] Coord: 0: 2674, 6973; 1: 7568, 7306; 2: 7727, 4968; 3: 2832, 4636
[20240124_13:45:14_080] # [T21541][VisionSlotAddSlotWeightCal][1014]u32Weight: 17, CentreY: 801.000, DisY: 487.000, SlotAng: 176.002
[20240124_13:45:14_085] # [T21542][VisionSlotAdd][1576]New Vision Slot[1][0] Coord: 0: 2674, 6973; 1: 7568, 7306; 2: 7727, 4968; 3: 2832, 4636
[20240124_13:45:14_085] # [T21542][VisionSlotAdd][1600]vision slot [1][0], u32Weight: 17, Sum: 950, SlotAng: 3.886, CurSlotAng: 3.998
[20240124_13:45:14_086] # [T21543][VisionSlotAddValidCheck][893]Vision slot Length: 2378,2378, Depth 4911,4911
[20240124_13:45:14_086] # [T21543][VisionSlotAdd][1521]Added Vision Slot[1][1] Num 2 OriCoord: 0: -2612, 4411; 1: -7517, 4668; 2: -7641, 2293; 3: -2736, 2036
[20240124_13:45:14_086] # [T21544][VisionSlotAdd][1522]VehCoordAndAngle: 0, 5000, ang 0.000 (0.000)
[20240124_13:45:14_086] # [T21544][VisionSlotAdd][1523]Current VehPos: 0, 5000, ang -0.000 (-0.000)
[20240124_13:45:14_089] # [T21545][VisionSlotAdd][1528]Convert Vision Slot[1][1] Coord: 0: 2612, 9411; 1: 7517, 9668; 2: 7641, 7293; 3: 2736, 7036
[20240124_13:45:14_089] # [T21545][VisionSlotAdd][1533]Old Vision Slot[1][1] Coord: 0: 2580, 9420; 1: 7515, 9679; 2: 7641, 7278; 3: 2706, 7019
[20240124_13:45:14_089] # [T21546][VisionSlotAddSlotWeightCal][1014]u32Weight: 1, CentreY: 3223.500, DisY: 1935.500, SlotAng: 177.001
[20240124_13:45:14_089] # [T21547][VisionSlotAdd][1576]New Vision Slot[1][1] Coord: 0: 2580, 9420; 1: 7515, 9679; 2: 7641, 7278; 3: 2706, 7019
[20240124_13:45:14_089] # [T21547][VisionSlotAdd][1600]vision slot [1][1], u32Weight: 1, Sum: 64, SlotAng: 3.000, CurSlotAng: 2.999
[20240124_13:45:14_089] # [T21548][VisionSlotAddValidCheck][893]Vision slot Length: 2620,2619, Depth 4724,4725
[20240124_13:45:14_089] # [T21548][VisionSlotAdd][1521]Added Vision Slot[0][0] Num 2 OriCoord: 0: 4323, 2834; 1: 8373, 401; 2: 7024, -1845; 3: 2973, 588
[20240124_13:45:14_089] # [T21549][VisionSlotAdd][1522]VehCoordAndAngle: 0, 5000, ang 0.000 (0.000)
[20240124_13:45:14_089] # [T21550][VisionSlotAdd][1523]Current VehPos: 0, 5000, ang -0.000 (0.000)
[20240124_13:45:14_089] # [T21550][VisionSlotAdd][1528]Convert Vision Slot[0][0] Coord: 0: -4323, 7834; 1: -8373, 5401; 2: -7024, 3155; 3: -2973, 5588
[20240124_13:45:14_093] # [T21551][VisionSlotAdd][1533]Old Vision Slot[0][0] Coord: 0: -4292, 7853; 1: -8377, 5408; 2: -7032, 3161; 3: -2947, 5606
[20240124_13:45:14_093] # [T21551][VisionSlotAddSlotWeightCal][1014]u32Weight: 18, CentreY: 1711.000, DisY: 423.000, SlotAng: -30.992
[20240124_13:45:14_093] # [T21552][VisionSlotAdd][1576]New Vision Slot[0][0] Coord: 0: -4293, 7853; 1: -8377, 5407; 2: -7031, 3161; 3: -2947, 5606
[20240124_13:45:14_109] # [T21553][VisionSlotAdd][1600]vision slot [0][0], u32Weight: 18, Sum: 1046, SlotAng: -149.094, CurSlotAng: -149.008
[20240124_13:45:14_150] # [T21609][APAVisionOblAdd][1323]Vision Obl merge: 1
[20240124_13:45:14_151] # [T21609][APAVisionOblAdd][1326]Receive Vision Obl CrossPointCoord: 0: 2567, 9438; 1: 7499, 9696
[20240124_13:45:14_151] # [T21609][APAVisionOblInfoDebugPrint][118]VisionOblInfo:
[20240124_13:45:14_151] # [T21610][APAVisionOblInfoDebugPrint][119]OblType: 0, bIsMerge 0, DetectCount 68
[20240124_13:45:14_152] # [T21610][APAVisionOblInfoDebugPrint][122]CrossPointCoord: 0: 994, 9262; 1: 5754, 9814
[20240124_13:45:14_152] # [T21611][APAVisionOblInfoDebugPrint][125]OriginCrossPointCoord: 0: -2567, 4438; 1: -7499, 4696
[20240124_13:45:14_153] # [T21611][APAVisionOblInfoDebugPrint][126]VehCoordAndAng: 0, 5000, ang 0.000(0.000)
[20240124_13:45:14_153] # [T21611][APAVisionOblInfoDebugPrint][127] 
[20240124_13:45:14_155] # [T21612][APAVisionOblAdd][1323]Vision Obl merge: 0
[20240124_13:45:14_155] # [T21612][APAVisionOblAdd][1326]Receive Vision Obl CrossPointCoord: 0: 2733, 6958; 1: 7527, 7209
[20240124_13:45:14_155] # [T21613][APAVisionOblInfoDebugPrint][118]VisionOblInfo:
[20240124_13:45:14_155] # [T21613][APAVisionOblInfoDebugPrint][119]OblType: 0, bIsMerge 0, DetectCount 100
[20240124_13:45:14_155] # [T21613][APAVisionOblInfoDebugPrint][122]CrossPointCoord: 0: -3072, 6159; 1: 1399, 7591
[20240124_13:45:14_155] # [T21614][APAVisionOblInfoDebugPrint][125]OriginCrossPointCoord: 0: -2733, 1958; 1: -7527, 2209
[20240124_13:45:14_157] # [T21614][APAVisionOblInfoDebugPrint][126]VehCoordAndAng: 0, 5000, ang 0.000(0.000)
[20240124_13:45:14_157] # [T21615][APAVisionOblInfoDebugPrint][127] 
[20240124_13:45:14_157] # [T21615][APAVisionOblAdd][1323]Vision Obl merge: 0
[20240124_13:45:14_157] # [T21615][APAVisionOblAdd][1326]Receive Vision Obl CrossPointCoord: 0: -8321, 5404; 1: -4313, 7812
[20240124_13:45:14_157] # [T21616][APAVisionOblInfoDebugPrint][118]VisionOblInfo:
[20240124_13:45:14_159] # [T21616][APAVisionOblInfoDebugPrint][119]OblType: 0, bIsMerge 0, DetectCount 100
[20240124_13:45:14_159] # [T21617][APAVisionOblInfoDebugPrint][122]CrossPointCoord: 0: -3072, 6159; 1: 1399, 7591
[20240124_13:45:14_160] # [T21617][APAVisionOblInfoDebugPrint][125]OriginCrossPointCoord: 0: 8321, 404; 1: 4313, 2812
[20240124_13:45:14_160] # [T21618][APAVisionOblInfoDebugPrint][126]VehCoordAndAng: 0, 5000, ang 0.000(0.000)
[20240124_13:45:14_160] # [T21618][APAVisionOblInfoDebugPrint][127] 
[20240124_13:45:14_162] # [T21618][VisionSlotAddValidCheck][893]Vision slot Length: 2427,2426, Depth 4938,4938
[20240124_13:45:14_162] # [T21619][VisionSlotAdd][1521]Added Vision Slot[1][1] Num 2 OriCoord: 0: -2567, 4438; 1: -7499, 4696; 2: -7626, 2273; 3: -2694, 2014
[20240124_13:45:14_162] # [T21620][VisionSlotAdd][1522]VehCoordAndAngle: 0, 5000, ang 0.000 (0.000)
[20240124_13:45:14_162] # [T21620][VisionSlotAdd][1523]Current VehPos: 0, 5000, ang -0.000 (-0.000)
[20240124_13:45:14_163] # [T21620][VisionSlotAdd][1528]Convert Vision Slot[1][1] Coord: 0: 2567, 9438; 1: 7499, 9696; 2: 7626, 7273; 3: 2694, 7014
[20240124_13:45:14_163] # [T21621][VisionSlotAdd][1533]Old Vision Slot[1][1] Coord: 0: 2580, 9420; 1: 7515, 9679; 2: 7641, 7278; 3: 2706, 7019
[20240124_13:45:14_168] # [T21622][VisionSlotAddSlotWeightCal][1014]u32Weight: 1, CentreY: 3226.000, DisY: 1938.000, SlotAng: 177.000
[20240124_13:45:14_168] # [T21622][VisionSlotAdd][1576]New Vision Slot[1][1] Coord: 0: 2580, 9421; 1: 7515, 9679; 2: 7640, 7278; 3: 2706, 7019
[20240124_13:45:14_168] # [T21623][VisionSlotAdd][1600]vision slot [1][1], u32Weight: 1, Sum: 65, SlotAng: 3.000, CurSlotAng: 3.000
[20240124_13:45:14_169] # [T21624][VisionSlotAddValidCheck][893]Vision slot Length: 2282,2282, Depth 4800,4800
[20240124_13:45:14_169] # [T21624][VisionSlotAdd][1521]Added Vision Slot[1][0] Num 2 OriCoord: 0: -2733, 1958; 1: -7527, 2209; 2: -7646, -70; 3: -2852, -321
[20240124_13:45:14_171] # [T21625][VisionSlotAdd][1522]VehCoordAndAngle: 0, 5000, ang 0.000 (0.000)
[20240124_13:45:14_171] # [T21625][VisionSlotAdd][1523]Current VehPos: 0, 5000, ang -0.000 (-0.000)
[20240124_13:45:14_171] # [T21626][VisionSlotAdd][1528]Convert Vision Slot[1][0] Coord: 0: 2733, 6958; 1: 7527, 7209; 2: 7646, 4930; 3: 2852, 4679
[20240124_13:45:14_171] # [T21626][VisionSlotAdd][1533]Old Vision Slot[1][0] Coord: 0: 2674, 6973; 1: 7568, 7306; 2: 7727, 4968; 3: 2832, 4636
[20240124_13:45:14_171] # [T21627][VisionSlotAddSlotWeightCal][1014]u32Weight: 18, CentreY: 818.500, DisY: 469.500, SlotAng: 177.003
[20240124_13:45:14_172] # [T21627][VisionSlotAdd][1576]New Vision Slot[1][0] Coord: 0: 2675, 6973; 1: 7568, 7304; 2: 7726, 4967; 3: 2833, 4636
[20240124_13:45:14_172] # [T21628][VisionSlotAdd][1600]vision slot [1][0], u32Weight: 18, Sum: 968, SlotAng: 3.870, CurSlotAng: 2.997
[20240124_13:45:14_173] # [T21629][VisionSlotAddValidCheck][893]Vision slot Length: 2599,2598, Depth 4675,4675
[20240124_13:45:14_173] # [T21629][VisionSlotAdd][1521]Added Vision Slot[0][0] Num 2 OriCoord: 0: 4313, 2812; 1: 8321, 404; 2: 6982, -1823; 3: 2974, 584
[20240124_13:45:14_173] # [T21631][VisionSlotAdd][1522]VehCoordAndAngle: 0, 5000, ang 0.000 (0.000)
[20240124_13:45:14_173] # [T21631][VisionSlotAdd][1523]Current VehPos: 0, 5000, ang -0.000 (-0.000)
[20240124_13:45:14_173] # [T21632][VisionSlotAdd][1528]Convert Vision Slot[0][0] Coord: 0: -4313, 7812; 1: -8321, 5404; 2: -6982, 3177; 3: -2974, 5584
[20240124_13:45:14_173] # [T21632][VisionSlotAdd][1533]Old Vision Slot[0][0] Coord: 0: -4293, 7853; 1: -8377, 5407; 2: -7031, 3161; 3: -2947, 5606
[20240124_13:45:14_175] # [T21633][VisionSlotAddSlotWeightCal][1014]u32Weight: 18, CentreY: 1698.000, DisY: 410.000, SlotAng: -30.992
[20240124_13:45:14_175] # [T21634][VisionSlotAdd][1576]New Vision Slot[0][0] Coord: 0: -4293, 7852; 1: -8376, 5407; 2: -7031, 3162; 3: -2948, 5605
[20240124_13:45:14_193] # [T21634][VisionSlotAdd][1600]vision slot [0][0], u32Weight: 18, Sum: 1064, SlotAng: -149.093, CurSlotAng: -149.008
[20240124_13:45:14_253] # [T21710][APAVisionOblAdd][1323]Vision Obl merge: 1
[20240124_13:45:14_253] # [T21710][APAVisionOblAdd][1326]Receive Vision Obl CrossPointCoord: 0: 2543, 9447; 1: 7494, 9707
[20240124_13:45:14_253] # [T21711][APAVisionOblInfoDebugPrint][118]VisionOblInfo:
[20240124_13:45:14_254] # [T21711][APAVisionOblInfoDebugPrint][119]OblType: 0, bIsMerge 0, DetectCount 69
[20240124_13:45:14_254] # [T21711][APAVisionOblInfoDebugPrint][122]CrossPointCoord: 0: 1017, 9265; 1: 5779, 9813
[20240124_13:45:14_254] # [T21712][APAVisionOblInfoDebugPrint][125]OriginCrossPointCoord: 0: -2543, 4447; 1: -7494, 4707
[20240124_13:45:14_257] # [T21712][APAVisionOblInfoDebugPrint][126]VehCoordAndAng: 0, 5000, ang 0.000(0.000)
[20240124_13:45:14_257] # [T21713][APAVisionOblInfoDebugPrint][127] 
[20240124_13:45:14_257] # [T21713][APAVisionOblAdd][1323]Vision Obl merge: 0
[20240124_13:45:14_258] # [T21713][APAVisionOblAdd][1326]Receive Vision Obl CrossPointCoord: 0: -8372, 5414; 1: -4306, 7857
[20240124_13:45:14_258] # [T21714][APAVisionOblInfoDebugPrint][118]VisionOblInfo:
[20240124_13:45:14_258] # [T21714][APAVisionOblInfoDebugPrint][119]OblType: 0, bIsMerge 0, DetectCount 100
[20240124_13:45:14_258] # [T21715][APAVisionOblInfoDebugPrint][122]CrossPointCoord: 0: -3072, 6159; 1: 1399, 7591
[20240124_13:45:14_258] # [T21715][APAVisionOblInfoDebugPrint][125]OriginCrossPointCoord: 0: 8372, 414; 1: 4306, 2857
[20240124_13:45:14_259] # [T21716][APAVisionOblInfoDebugPrint][126]VehCoordAndAn: 0, 5000, ang 0.000(0.000)
[20240124_13:45:14_259] # [T21716][APAVisionOblInfoDebugPrint][127] 
[20240124_13:45:14_259] # [T21717][APAVisionOblAdd][1323]Vision Obl merge: 0
[20240124_13:45:14_261] # [T21717][APAVisionOblAdd][1326]Receive Vision Obl CrossPointCoord: 0: 2672, 6955; 1: 7477, 7291
[20240124_13:45:14_261] # [T21717][APAVisionOblInfoDebugPrint][118]VisionOblInfo:
[20240124_13:45:14_262] # [T21718][APAVisionOblInfoDebugPrint][119]OblType: 0, bIsMerge 0, DetectCount 100
[20240124_13:45:14_262] # [T21718][APAVisionOblInfoDebugPrint][122]CrossPointCoord: 0: -3072, 6159; 1: 1399, 7591
[20240124_13:45:14_262] # [T21719][APAVisionOblInfoDebugPrint][125]OriginCrossPointCoord: 0: -2672, 1955; 1: -7477, 2291
[20240124_13:45:14_262] # [T21719][APAVisionOblInfoDebugPrint][126]VehCoordAndAng: 0, 5000, ang 0.000(0.000)
[20240124_13:45:14_262] # [T21720][APAVisionOblInfoDebugPrint][127] 
[20240124_13:45:14_263] # [T21720][VisionSlotAddValidCheck][893]Vision slot Length: 2458,2459, Depth 4957,4958
[20240124_13:45:14_263] # [T21720][VisionSlotAdd][1521]Added Vision Slot[1][1] Num 2 OriCoord: 0: -2543, 4447; 1: -7494, 4707; 2: -7623, 2251; 3: -2671, 1992
[20240124_13:45:14_264] # [T21721][VisionSlotAdd][1522]VehCoordAndAngle: 0, 5000, ang 0.000 (0.000)
[20240124_13:45:14_264] # [T21721][VisionSlotAdd][1523]Current VehPos: 0, 5000, ang -0.000 (-0.000)
[20240124_13:45:14_264] # [T21722][VisionSlotAdd][1528]Convert Vision Slot[1][1] Coord: 0: 2543, 9447; 1: 7494, 9707; 2: 7623, 7251; 3: 2671, 6992
[20240124_13:45:14_265] # [T21722][VisionSlotAdd][1533]Old Vision Slot[1][1] Coord: 0: 2580, 9421; 1: 7515, 9679; 2: 7640, 7278; 3: 2706, 7019
[20240124_13:45:14_265] # [T21723][VisionSlotAddSlotWeightCal][1014]u32Weight: 1, CentreY: 3219.500, DisY: 1931.500, SlotAng: 177.000
[20240124_13:45:14_267] # [T21724][VisionSlotAdd][1576]New Vision Slot[1][1] Coord: 0: 2580, 9421; 1: 7514, 9680; 2: 7640, 7278; 3: 2705, 7019
[20240124_13:45:14_267] # [T21724][VisionSlotAdd][1600]vision slot [1][1], u32Weight: 1, Sum: 66, SlotAng: 3.000, CurSlotAng: 3.000
[20240124_13:45:14_267] # [T21725][VisionSlotAddValidCheck][893]Vision slot Length: 2637,2636, Depth 4743,4743
[20240124_13:45:14_270] # [T21725][VisionSlotAdd][1521]Added Vision Slot[0][0] Num 2 OriCoord: 0: 4306, 2857; 1: 8372, 414; 2: 7014, -1846; 3: 2947, 596
[20240124_13:45:14_271] # [T21726][VisionSlotAdd][1522]VehCoordAndAngle: 0, 5000, ang 0.000 (0.000)
[20240124_13:45:14_271] # [T21727][VisionSlotAdd][1523]Current VehPos: 0, 5000, ang -0.000 (-0.000)
[20240124_13:45:14_271] # [T21727][VisionSlotAdd][1528]Convert Vision Slot[0][0] Coord: 0: -4306, 7857; 1: -8372, 5414; 2: -7014, 3154; 3: -2947, 5596
[20240124_13:45:14_271] # [T21728][VisionSlotAdd][1533]Old Vision Slot[0][0] Coord: 0: -4293, 7852; 1: -8376, 5407; 2: -7031, 3162; 3: -2948, 5605
[20240124_13:45:14_272] # [T21728][VisionSlotAddSlotWeightCal][1014]u32Weight: 18, CentreY: 1726.500, DisY: 438.500, SlotAng: -30.991
[20240124_13:45:14_272] # [T21729][VisionSlotAdd][1576]New Vision Slot[0][0] Coord: 0: -4293, 7852; 1: -8376, 5408; 2: -7030, 3161; 3: -2948, 5605
[20240124_13:45:14_272] # [T21730][VisionSlotAdd][1600]vision slot [0][0], u32Weight: 18, Sum: 1082, SlotAng: -149.091, CurSlotAng: -149.009
[20240124_13:45:14_274] # [T21730][VisionSlotAddValidCheck][893]Vision slot Length: 2316,2316, Depth 4816,4816
[20240124_13:45:14_274] # [T21731][VisionSlotAdd][1521]Added Vision Slot[1][0] Num 2 OriCoord: 0: -2672, 1955; 1: -7477, 2291; 2: -7639, -20; 3: -2834, -356
[20240124_13:45:14_275] # [T21731][VisionSlotAdd][1522]VehCoordAndAngle: 0, 5000,ang 0.000 (0.000)
[20240124_13:45:14_275] # [T21732][VisionSlotAdd][1523]Current VehPos: 0, 5000, ang -0.000 (-0.000)
[20240124_13:45:14_275] # [T21732][VisionSlotAdd][1528]Convert Vision Slot[1][0] Coord: 0: 2672, 6955; 1: 7477, 7291; 2: 7639, 4980; 3: 2834, 4644
[20240124_13:45:14_275] # [T21733][VisionSlotAdd][1533]Old Vision Slot[1][0] Coord: 0: 2675, 6973; 1: 7568, 7304; 2: 7726, 4967; 3: 2833, 4636
[20240124_13:45:14_277] # [T21734][VisionSlotAddSlotWeightCal][1014]u32Weight: 17, CentreY: 799.500, DisY: 488.500, SlotAng: 176.000
[20240124_13:45:14_277] # [T21734][VisionSlotAdd][1576]New Vision Slot[1][0] Coord: 0: 2675, 6972; 1: 7566, 7303; 2: 7724, 4968; 3: 2833, 4637
[20240124_13:45:14_286] # [T21735][VisionSlotAdd][1600]vision slot [1][0], u32Weight: 17, Sum: 985, SlotAng: 3.872, CurSlotAng: 4.000
[20240124_13:45:14_297] # [T21755][CornerInfoMsg30ToPerceptionSend][862]CornerCoord: 0: 0, 0; 1: 0, 0; 2: 0, 0; 3: 0, 0
[20240124_13:45:14_318] # [T21756][CornerInfoMsg30ToPerceptionSend][864]VehLocation 0, Gear 0, OperatingState 2
[20240124_13:45:14_323] # [T21781][APAVisionOblAdd][1323]Vision Obl merge: 1
[20240124_13:45:14_323] # [T21781][APAVisionOblAdd][1326]Receive Vision Obl CrossPointCoord: 0: 2567, 9429; 1: 7470, 9686
[20240124_13:45:14_323] # [T21781][APAVisionOblInfoDebugPrint][118]VisionOblInfo:
[20240124_13:45:14_323] # [T21782][APAVisionOblInfoDebugPrint][119]OblType: 0, bIsMerge 0, DetectCount 70
[20240124_13:45:14_324] # [T21782][APAVisionOblInfoDebugPrint][122]CrossPointCoord: 0: 1039, 9267; 1: 5803, 9811
[20240124_13:45:14_325] # [T21783][APAVisionOblInfoDebugPrint][125]OriginCrossPointCoord: 0: -2567, 4429; 1: -7470, 4686
[20240124_13:45:14_326] # [T21783][APAVisionOblInfoDebugPrint][126]VehCoordAndAng: 0, 5000, ang 0.000(0.000)
[20240124_13:45:14_326] # [T21784][APAVisionOblInfoDebugPrint][127] 
[20240124_13:45:14_326] # [T21784][APAVisionOblAdd][1323]Vision Obl merge: 0
[20240124_13:45:14_326] # [T21784][APAVisionOblAdd][1326]Receive Vision Obl CrossPointCoord: 0: -8395, 5413; 1: -4328, 7856
[20240124_13:45:14_327] # [T21785][APAVisionOblInfoDebugPrint][118]VisionOblInfo:
[20240124_13:45:14_327] # [T21785][APAVisionOblInfoDebugPrint][119]OblType: 0, bIsMerge 0, DetectCount 100
[20240124_13:45:14_328] # [T21785][APAVisionOblInfoDebugPrint][122]CrossPointCoord: 0: -3072, 6159; 1: 1399, 7591
[20240124_13:45:14_329] # [T21786][APAVisionOblInfoDebugPrint][125]OriginCrossPointCoord: 0: 8395, 413; 1: 4328, 2856
[20240124_13:45:14_329] # [T21786][APAVisionOblInfoDebugPrint][126]VehCoordAndAng: 0, 5000, ang 0.000(0.000)
[20240124_13:45:14_329] # [T21787][APAVisionOblInfoDebugPrint][127] 
[20240124_13:45:14_329] # [T21787][APAVisionOblAdd][1323]Vision Obl merge: 0
[20240124_13:45:14_329] # [T21787][APAVisionOblAdd][1326]Receive Vision Obl CrossPointCoord: 0: 2672, 6944; 1: 7506, 7282
[20240124_13:45:14_330] # [T21788][APAVisionOblInfoDebugPrint][118]VisionOblInfo:
[20240124_13:45:14_331] # [T21788][APAVisionOblInfoDebugPrint][119]OblType: 0, bIsMerge 0, DetectCount 100
[20240124_13:45:14_333] # [T21789][APAVisionOblInfoDebugPrint][122]CrossPointCoord: 0: -3072, 6159; 1: 1399, 7591
[20240124_13:45:14_333] # [T21789][APAVisionOblInfoDebugPrint][125]OriginCrossPointCoord: 0: -2672, 1944; 1: -7506, 228
[20240124_13:45:14_333] # [T21790][APAVisionOblInfoDebugPrint][126]VehCoordAndAng: 0, 5000, ang 0.000(0.000)
[20240124_13:45:14_333] # [T21790][APAVisionOblInfoDebugPrint][127] 
[20240124_13:45:14_334] # [T21790][VisionSlotAddValidCheck][893]Vision slot Length: 2386,2386, Depth 4909,4908
[20240124_13:45:14_336] # [T21791][VisionSlotAdd][1521]Added Vision Slot[1][1] Num 2 OriCoord: 0: -2567, 4429; 1: -7470, 4686; 2: -7594, 2303; 3: -2692, 2046
[20240124_13:45:14_336] # [T21792][VisionSlotAdd][1522]VehCoordAndAngle: 0, 5000, ang 0.000 (0.000)
[20240124_13:45:14_336] # [T21792][VisionSlotAdd][1523]Current VehPos: 0, 5000, ang -0.000 (-0.000)
[20240124_13:45:14_336] # [T21792][VisionSlotAdd][1528]Convert Vision Slot[1][1] Coord: 0: 2567, 9429; 1: 7470, 9686; 2: 7594, 7303; 3: 2692, 7046
[20240124_13:45:14_337] # [T21793][VisionSlotAdd][1533]Old Vision Slot[1][1] Coord: 0: 2580, 9421; 1: 7514, 9680; 2: 7640, 7278; 3: 2705, 7019
[20240124_13:45:14_337] # [T21794][VisionSlotAddSlotWeightCal][1014]u32Weight: 1, CentreY: 3237.500, DisY: 1949.500, SlotAng: 176.999
[20240124_13:45:14_337] # [T21794][VisionSlotAdd][1576]New Vision Slot[1][1] Coord: 0: 2579, 9421; 1: 7514, 9680; 2: 7639, 7278; 3: 2705, 7019
[20240124_13:45:14_339] # [T21795][VisionSlotAdd][1600]vision slot [1][1], u32Weight: 1, Sum: 67, SlotAng: 3.000, CurSlotAng: 3.001
[20240124_13:45:14_339] # [T21796][VisionSlotAddValidCheck][893]Vision slot Length: 2633,2632, Depth 4744,4743
[20240124_13:45:14_339] # [T21796][VisionSlotAdd][1521]Added Vision Slot[0][0] Num 2 OriCoord: 0: 4328, 2856; 1: 839, 413; 2: 7039, -1843; 3: 2972, 599
[20240124_13:45:14_339] # [T21797][VisionSlotAdd][1522]VehCoordAndAngle: 0, 5000, ang 0.000 (0.000)
[20240124_13:45:14_340] # [T21797][VisionSlotAdd][1523]Current VehPos: 0, 5000, ang -0.000 (-0.000)
[20240124_13:45:14_342] # [T21798][VisionSlotAdd][1528]Convert Vision Slot[0][0] Coord: 0: -4328, 7856; 1: -8395, 5413; 2: -7039, 3157; 3: -2972, 5599
[20240124_13:45:14_342] # [T21798][VisionSlotAdd][1533]Old Vision Slot[0][0] Coord: 0: -4293, 7852; 1: -8376, 5408; 2: -7030, 3161; 3: -2948, 5605
[20240124_13:45:14_342] # [T21799][VisionSlotAddSlotWeightCal][1014]u32Weight: 18, CentreY: 1727.500, DsY: 439.500, SlotAng: -30.988
[20240124_13:45:14_342] # [T21800][VisionSlotAdd][1576]New Vision Slot[0][0] Coord: 0: -4294, 7852; 1: -8376, 5408; 2: -7030, 3161; 3: -2948, 5605
[20240124_13:45:14_343] # [T21800][VisionSlotAdd][1600]vision slot [0][0], u32Weight: 18, Sum: 1100, SlotAng: -149.090, CurSlotAng: -149.012
[20240124_13:45:14_344] # [T21801][VisionSlotAddValidCheck][893]Vision slot Length: 2314,2313, Depth 4845,4846
[20240124_13:45:14_345] # [T21801][VisionSlotAdd][1521]Added Vision Slot[1][0] Num 2 OriCoord: 0: -2672, 1944; 1: -7506, 2282; 2: -7668, -26; 3: -2833, -365
[20240124_13:45:14_345] # [T21802][VisionSlotAdd][1522]VehCoordAndAngle: 0, 5000, ang 0.000 (0.000)
[20240124_13:45:14_345] # [T21802][VisionSlotAdd][1523]Current VehPos: 0, 5000, ang -0.000 (-0.000)
[20240124_13:45:14_345] # [T21803][VisionSlotAdd][1528]Convert Vision Slot[1][0] Coord: 0: 2672, 6944; 1: 7506, 7282; 2: 7668, 4974; 3: 2833, 4635
[20240124_13:45:14_347] # [T21803][VisionSlotAdd][1533]Old Vision Slot[1][0] Coord: 0: 2675, 6972; 1: 7566, 7303; 2: 7724, 4968; 3: 2833, 4637
[20240124_13:45:14_347] # [T21804][VisionSlotAddSlotWeightCal][1014]u32Weight: 17, CentreY: 789.500, DisY: 498.500, SlotAng: 175.995
[20240124_13:45:14_347] # [T21805][VisionSlotAdd][1576]New Vision Slot[1][0] Coord: 0: 2675, 6972; 1: 7565, 7303; 2: 7723, 4968; 3: 2833, 4637
[20240124_13:45:14_364] # [T21805][VisionSlotAdd][1600]vision slot [1][0], u32Weight: 17, Sum: 1002, SlotAng: 3.875, CurSlotAng: 4.005
[20240124_13:45:14_396] # [T21853][VisionSlotAddValidCheck][893]Vision slot Length: 2422,2422, Depth 5047,5046
[20240124_13:45:14_396] # [T21853][VisionSlotAdd][1521]Added Vision Slot[1][1] Num 2 OriCoord: 0: -2547, 4435; 1: -7588, 4699; 2: -7714, 2280; 3: -2674, 2016
[20240124_13:45:14_396] # [T21854][VisionSlotAdd][1522]VehCoordAndAngle: 0, 5000, ang 0.000 (0.000)
[20240124_13:45:14_396] # [T21854][VisionSlotAdd][1523]Current VehPos: 0, 5000, ang -0.000 (-0.000)
[20240124_13:45:14_396] # [T21854][VisionSlotAdd][1528]Convert Vision Slot[1][1] Coord: 0: 2547, 9435; 1: 7588, 9699; 2: 7714, 7280; 3: 2674, 7016
[20240124_13:45:14_398] # [T21855][VisionSlotAdd][1533]Old Vision Slot[1][1] Coord: 0: 2579, 9421; 1: 7514, 9680; 2: 7639, 7278; 3: 2705, 7019
[20240124_13:45:14_398] # [T21856][VisionSlotAddSlotWeightCal][1014]u32Weight: 1, CentreY: 3225.500, DisY: 1937.500, SlotAng: 177.002
[20240124_13:45:14_398] # [T21856][VisionSlotAdd][1576]New Vision Slot[1][1] Coord: 0: 2579, 9421; 1: 7515, 9680; 2: 7640, 7278; 3: 2705, 7019
[20240124_13:45:14_400] # [T21857][VisionSlotAdd][1600]vision slot [1][1], u32Weight: 1, Sum: 68, SlotAng: 3.000, CurSlotAng: 2.998
[20240124_13:45:14_401] # [T21858][VisionSlotAddValidCheck][893]Vision slot Length: 2622,2621, Depth 4763,4762
[20240124_13:45:14_401] # [T21858][VisionSlotAdd][1521]Added Vision Slot[0][0] Num 2 OriCoord: 0: 4324, 2825; 1: 8407, 372; 2: 7056, -1875; 3: 2973, 577
[20240124_13:45:14_401] # [T21859][VisionSlotAdd][1522]VehCoordAndAngle: 0, 5000, ang 0.000 (0.000)
[20240124_13:45:14_402] # [T21859][VisionSlotAdd][1523]Current VehPos: 0, 5000, ang -0.000 (-0.000)
[20240124_13:45:14_403] # [T21860][VisionSlotAdd][1528]Convert Vision Slot[0][0] Coord: 0: -4324, 7825; 1: -8407, 5372; 2: -7056, 3125; 3: -2973, 5577
[20240124_13:45:14_403] # [T21860][VisionSlotAdd][1533]Old Vision Slot[0][0] Coord: 0: -4294, 7852; 1: -8376, 5408; 2: -7030, 3161; 3: -2948, 5605
[20240124_13:45:14_404] # [T21861][VisionSlotAddSlotWeightCal][1014]u32Weight: 18, CentreY: 1701.000, DisY: 413.000, SlotAng: -30.992
[20240124_13:45:14_405] # [T21862][VisionSlotAdd][1576]New Vision Slot[0][0] Coord: 0: -4294, 7852; 1: -8377, 5407; 2: -7031, 3161; 3: -2948, 5605
[20240124_13:45:14_405] # [T21862][VisionSlotAdd][1600]vision slot [0][0], u32Weight: 18, Sum: 1118, SlotAng: -149.089, CurSlotAng: -149.008
[20240124_13:45:14_408] # [T21863][VisionSlotAddValidCheck][893]Vision slot Length: 2326,2327, Depth 4911,4911
[20240124_13:45:14_408] # [T21863][VisionSlotAdd][1521]Added Vision Slot[1][0] Num 2 OriCoord: 0: -2698, 1966; 1: -7598, 2309; 2: -7760, -13; 3: -2860, -355
[20240124_13:45:14_408] # [T21864][VisionSlotAdd][1522]VehCoordAndAngle: 0, 5000, ang 0.000 (0.000)
[20240124_13:45:14_409] # [T21865][VisionSlotAdd][1523]Current VehPos: 0, 5000, ang -0.000 (-0.000)
[20240124_13:45:14_409] # [T21865][VisionSlotAdd][1528]Convert Vision Slot[1][0] Coord: 0: 2698, 6966; 1: 7598, 7309; 2: 7760, 4987; 3: 2860, 4645
[20240124_13:45:14_409] # [T21866][VisionSlotAdd][1533]Old Vision Slot[1][0] Coord: 0: 2675, 6972; 1: 7565, 7303; 2: 7723, 4968; 3: 2833, 4637
[20240124_13:45:14_409] # [T21866][VisionSlotAddSlotWeightCal][1014]u32Weight: 17, CentreY: 805.500, DisY: 482.500, SlotAng: 176.002
[20240124_13:45:14_411] # [T21867][VisionSlotAdd][1576]New Vision Slot[1][0] Coord: 0: 2675, 6972; 1: 7566, 7303; 2: 7724, 4968; 3: 2833, 4637
[20240124_13:45:14_411] # [T21867][VisionSlotAdd][1600]vision slot [1][0], u32Weight: 17, Sum: 1019, SlotAng: 3.877, CurSlotAng: 3.998
[20240124_13:45:14_412] # [T21868][VisionSlotAddValidCheck][893]Vision slot Length: 2434,2433, Depth 4387,4386
[20240124_13:45:14_412] # [T21869][VisionSlotAdd][1521]Added Vision Slot[0][1] Num 2 OriCoord: 0: 4424, 5595; 1: 8185, 3335; 2: 6931, 1249; 3: 3171, 3508
[20240124_13:45:14_412] # [T21869][VisionSlotAdd][1522]VehCoordAndAngle: 0, 5000, ang 0.000 (0.000)
[20240124_13:45:14_412] # [T21870][VisionSlotAdd][1523]Current VehPos: 0, 5000, ang -0.000 (-0.000)
[20240124_13:45:14_413] # [T21870][VisionSlotAdd][1528]Convert Vision Slot[0][1] Coord: 0: -4424, 10595; 1: -8185, 8335; 2: -6931, 6249; 3: -3171, 8508
[20240124_13:45:14_414] # [T21871][VisionSlotAdd][1533]Old Vision Slot[0][1] Coord: 0: -4444, 10580; 1: -8203, 8322; 2: -6948, 6234; 3: -3189, 8492
[20240124_13:45:14_414] # [T21871][VisionSlotAddSlotWeightCal][1014]u32Weight: 1, CentreY: 4551.500, DisY: 3263.500, SlotAng: -31.000
[20240124_13:45:14_414] # [T21872][VisionSlotAdd][1576]New Vision Slot[0][1] Coord: 0: -4442, 10582; 1: -8201, 8323; 2: -6946, 6235; 3: -3188, 8493
[20240124_13:45:14_415] # [T21873][VisionSlotAdd][1600]vision slot [0][1], u32Weight: 1, Sum: 11, SlotAng: -149.000, CurSlotAng: -149.000
[20240124_13:45:14_415] # [T21874][APAVisionOblAdd][1323]Vision Obl merge: 1
[20240124_13:45:14_415] # [T21874][APAVisionOblAdd][1326]Receive Vision Obl CrossPointCoord: 0: 2547, 9435; 1: 7588, 9699
[20240124_13:45:14_417] # [T21874][APAVisionOblInfoDebugPrint][118]VisionOblInfo:
[20240124_13:45:14_417] # [T21875][APAVisionOblInfoDebugPrint][119]OblType: 0, bIsMerge 0, DetectCount 71
[20240124_13:45:14_417] # [T21875][APAVisionOblInfoDebugPrint][122]CrossPointCoord: 0: 1060, 9269; 1: 5828, 9809
[20240124_13:45:14_417] # [T21876][APAVisionOblInfoDebugPrint][125]OriginCrossPointCoord: 0: -2547, 4435; 1: -7588, 4699
[20240124_13:45:14_419] # [T21876][APAVisionOblInfoDebugPrint][126]VehCoordAndAng: 0, 5000, ang 0.000(0.000)
[20240124_13:45:14_419] # [T21877][APAVisionOblInfoDebugPrint][127] 
[20240124_13:45:14_419] # [T21877][APAVisionOblAdd][1323]Vision Obl merge: 0
[20240124_13:45:14_420] # [T21877][APAVisionOblAdd][1326]Receive Vision Obl CrossPointCoord: 0: -8407, 5372; 1: -4324, 7825
[20240124_13:45:14_420] # [T21878][APAVisionOblInfoDebugPrint][118]VisionOblInfo:
[20240124_13:45:14_420] # [T21878][APAVisionOblInfoDebugPrint][119]OblType: 0, bIsMerge 0, DetectCount 100
[20240124_13:45:14_422] # [T21879][APAVisionOblInfoDebugPrint][122]CrossPointCoord: 0: -3072, 6159; 1: 1399, 7591
[20240124_13:45:14_422] # [T21879][APAVisionOblInfoDebugPrint][125]OriginCrossPointCoord: 0: 8407, 372; 1: 4324, 2825
[20240124_13:45:14_422] # [T21880][APAVisionOblInfoDebugPrint][126]VehCoordAndAng: 0, 5000, ang 0.000(0.000)
[20240124_13:45:14_422] # [T21880][APAVisionOblInfoDebugPrint][127] 
[20240124_13:45:14_422] # [T21880][APAVisionOblAdd][1323]Vision Obl merge: 0
[20240124_13:45:14_423] # [T21881][APAVisionOblAdd][1326]Receive Vision Obl CrossPointCoord: 0: 2698, 6966; 1: 7598, 7309
[20240124_13:45:14_423] # [T21881][APAVisionOblInfoDebugPrint][118]VisionOblInfo:
[20240124_13:45:14_426] # [T21882][APAVisionOblInfoDebugPrint][119]OblType: 0, bIsMerge 0, DetectCount 100
[20240124_13:45:14_426] # [T21882][APAVisionOblInfoDebugPrint][122]CrossPointCoord: 0: -3072, 6159; 1: 1399, 7591
[20240124_13:45:14_427] # [T21882][APAVisionOblInfoDebugPrint][125]OriginCrossPointCoord: 0: -2698, 1966; 1: -7598, 2309
[20240124_13:45:14_427] # [T21883][APAVisionOblInfoDebugPrint][126]VehCoordAndAng: 0, 5000, ang 0.000(0.000)
[20240124_13:45:14_427] # [T21883][APAVisionOblInfoDebugPrint][127] 
[20240124_13:45:14_427] # [T21884][APAVisionOblAdd][1323]Vision Obl merge: 1
[20240124_13:45:14_427] # [T21884][APAVisionOblAdd][1326]Receive Vision Obl CrossPointCoord: 0: -8185, 8335; 1: -4424, 10595
[20240124_13:45:14_428] # [T21885][APAVisionOblInfoDebugPrint][118]VisionOblInfo:
[20240124_13:45:14_429] # [T21885][APAVisonOblInfoDebugPrint][119]OblType: 0, bIsMerge 0, DetectCount 72
[20240124_13:45:14_429] # [T21885][APAVisionOblInfoDebugPrint][122]CrossPointCoord: 0: 932, 9256; 1: 5686, 9820
[20240124_13:45:14_429] # [T21886][APAVisionOblInfoDebugPrint][125]OriginCrossPointCoord: 0: 8185, 3335; 1: 4424, 5595
[20240124_13:45:14_441] # [T21886][APAVisionOblInfoDebugPrint][126]VehCoordAndAng: 0, 5000, ang 0.000(0.000)
[20240124_13:45:14_441] # [T21887][APAVisionOblInfoDebugPrint][127] 
[20240124_13:45:14_496] # [T21955][APAVisionOblAdd][1323]Vision Obl merge: 1
[20240124_13:45:14_496] # [T21955][APAVisionOblAdd][1326]Receive Vision Obl CrossPointCoord: 0: 2572, 9435; 1: 7497, 9693
[20240124_13:45:14_498] # [T21955][APAVisionOblInfoDebugPrint][118]VisionOblInfo:
[20240124_13:45:14_498] # [T21956][APAVisionOblInfoDebugPrint][119]OblType: 0, bIsMerge 0, DetectCount 73
[20240124_13:45:14_498] # [T21956][APAVisionOblInfoDebugPrint][122]CrossPointCoord: 0: 954, 9259; 1: 5711, 9819
[20240124_13:45:14_499] # [T21956][APAVisionOblInfoDebugPrint][125]OriginCrossPointCoord: 0: -2572, 4435; 1: -7497, 4693
[20240124_13:45:14_500] # [T21957][APAVisionOblInfoDebugPrint][126]VehCoordAndAng: 0, 5000, ang 0.000(0.000)
[20240124_13:45:14_500] # [T21957][APAVisionOblInfoDebugPrint][127] 
[20240124_13:45:14_500] # [T21958][APAVisionOblAdd][1323]Vision Obl merge: 0
[20240124_13:45:14_500] # [T21958][APAVisionOblAdd][1326]Receive Vision Obl CrossPointCoord: 0: -8378, 5381; 1: -4274, 7847
[20240124_13:45:14_502] # [T21959][APAVisionOblInfoDebugPrint][118]VisionOblInfo:
[20240124_13:45:14_503] # [T21959][APAVisionOblInfoDebugPrint][119]OblType: 0, bIsMerge 0, DetectCount 100
[20240124_13:45:14_503] # [T21959][APAVisionOblInfoDebugPrint][122]CrossPointCoord: 0: -3072, 6159; 1: 1399, 7591
[20240124_13:45:14_503] # [T21960][APAVisionOblInfoDebugPrint][125]OriginCrossPointCoord: 0: 8378, 381; 1: 4274, 2847
[20240124_13:45:14_503] # [T21960][APAVisionOblInfoDebugPrint][126]VehCoordAndAng: 0, 5000, ang 0.000(0.000)
[20240124_13:45:14_504] # [T21961][APAVisionOblInfoDebugPrint][127] 
[20240124_13:45:14_504] # [T21961][APAVisionOblAdd][1323]Vision Obl merge: 0
[20240124_13:45:14_504] # [T21961][APAVisionOblAdd][1326]Receive Vision Obl CrossPointCoord: 0: 2641, 6995; 1: 7669, 7347
[20240124_13:45:14_505] # [T21962][APAVisionOblInfoDebugPrint][118]VisionOblInfo:
[20240124_13:45:14_506] # [T21962][APAVisionOblInfoDebugPrint][119]OblType: 0, bIsMerge 0, DetectCount 100
[20240124_13:45:14_507] # [T21963][APAVisionOblInfoDebugPrint][122]CrossPointCoord: 0: -3072, 6159; 1: 1399, 7591
[20240124_13:45:14_507] # [T21963][APAVisionOblInfoDebugPrint][125]OriginCrossPointCoord: 0: -2641, 1995; 1: -7669, 2347
[20240124_13:45:14_507] # [T21964][APAVisionOblInfoDebugPrint][126]VehCoordAndAng: 0, 5000, ang 0.000(0.000)
[20240124_13:45:14_507] # [T21964][APAVisionOblInfoDebugPrint][127] 
[20240124_13:45:14_507] # [T21964][VisionSlotAddValidCheck][893]Vision slot Length: 2422,2422, Depth 4931,4932
[20240124_13:45:14_507] # [T21965][VisionSlotAdd][1521]Added Vision Slot[1][1] Num 2 OriCoord: 0: -2572, 4435; 1: -7497, 4693; 2: -7624, 2274; 3: -2698, 2016
[20240124_13:45:14_508] # [T21966][VisionSlotAdd][1522]VehCoordAndAngle: 0, 5000, ang 0.000 (0.000)
[20240124_13:45:14_508] # [T21966][VisionSlotAdd][1523]Current VehPos: 0, 5000, ang -0.000 (-0.000)
[20240124_13:45:14_509] # [T21966][VisionSlotAdd][1528]Convert Vision Slot[1][1] Coord: 0: 2572, 9435; 1: 7497, 9693; 2: 7624, 7274; 3: 2698, 7016
[20240124_13:45:14_510] # [T21967][VisionSlotAdd][1533]Old Vision Slot[1][1] Coord: 0: 2579, 9421; 1: 7515, 9680; 2: 7640, 7278; 3: 2705, 7019
[20240124_13:45:14_510] # [T21968][VisionSlotAddSlotWeightCal][1014]u32Weight: 1, CentreY: 3225.500, DisY: 1937.500, SlotAng: 177.002
[20240124_13:45:14_510] # [T21968][VisionSlotAdd][1576]New Vision Slot[1][1] Coord: 0: 2579, 9421; 1: 7514, 9680; 2: 7640, 7278; 3: 2705, 7019
[20240124_13:45:14_512] # [T21969][VisionSlotAdd][1600]vision slot [1][1], u32Weight: 1, Sum: 69, SlotAng: 3.000, CurSlotAng: 2.998
[20240124_13:45:14_512] # [T21970][VisionSlotAddValidCheck][893]Vision slot Length: 2576,2576, Depth 4787,4786
[20240124_13:45:14_512] # [T21970][VisionSlotAdd][1521]Added Vision Slot[0][0] Num 2 OriCoord: 0: 4274, 2847; 1: 8378, 381; 2: 7050, -1827; 3: 2947, 638
[20240124_13:45:14_513] # [T21971][VisionSlotAdd][1522]VehCoordAndAngle: 0, 5000, ang 0.000 (0.000)
[20240124_13:45:14_513] # [T21971][VisionSlotAdd][1523]Current VehPos: 0, 5000, ang -0.000 (-0.000)
[20240124_13:45:14_516] # [T21971][VisionSlotAdd][1528]Convert Vision Slot[0][0] Coord: 0: -4274, 7847; 1: -8378, 5381; 2: -7050, 3173; 3: -2947, 5638
[20240124_13:45:14_516] # [T21972][VisionSlotAdd][1533]Old Vision Slot[0][0] Coord: 0: -4294, 7852; 1: -8377, 5407; 2: -7031, 3161; 3: -2948, 5605
[20240124_13:45:14_516] # [T21973][VisionSlotAddSlotWeightCal][1014]u32Weight: 18, CentreY: 1742.500, DisY: 454.500, SlotAng: -30.999
[20240124_13:45:14_517] # [T21973][VisionSlotAdd][1576]New Vision Slot[0][0] Coord: 0: -4294, 7852; 1: -8377, 5407; 2: -7031, 3161; 3: -2948, 5605
[20240124_13:45:14_517] # [T21974][VisionSlotAdd][1600]vision slot [0][0], u32Weight: 18, Sum: 1136, SlotAng: -149.087, CurSlotAng: -149.001
[20240124_13:45:14_520] # [T21975][VisionSltAddValidCheck][893]Vision slot Length: 2395,2395, Depth 5040,5041
[20240124_13:45:14_522] # [T21975][VisionSlotAdd][1521]Added Vision Slot[1][0] Num 2 OriCoord: 0: -2641, 1995; 1: -7669, 2347; 2: -7837, -43; 3: -2808, -395
[20240124_13:45:14_523] # [T21976][VisionSlotAdd][1522]VehCoordAndAngle: 0, 5000, ang 0.000 (0.000)
[20240124_13:45:14_523] # [T21976][VisionSlotAdd][1523]Current VehPos: 0, 5000, ang -0.000 (-0.000)
[20240124_13:45:14_523] # [T21977][VisionSlotAdd][1528]Convert Vision Slot[1][0] Coord: 0: 2641, 6995; 1: 7669, 7347; 2: 7837, 4957; 3: 2808, 4605
[20240124_13:45:14_523] # [T21977][VisionSlotAdd][1533]Old Vision Slot[1][0] Coord: 0: 2675, 6972; 1: 7566, 7303; 2: 7724, 4968; 3: 2833, 4637
[20240124_13:45:14_524] #                                                                                                                     [T21978][VisionSlotAddSlotWeightCal][1014]u32Weight: 17, CentreY: 800.000, DisY: 488.000, SlotAng: 175.996
[20240124_13:45:14_525] # [T21979][VisionSlotAdd][1576]New Vision Slot[1][0] Coord: 0: 2674, 6972; 1: 7567, 7304; 2: 7726, 4968; 3: 2833, 4636
[20240124_13:45:14_535] # [T21979][VisionSlotAdd][1600]vision slot [1][0], u32Weight: 17, Sum: 1036, SlotAng: 3.879, CurSlotAng: 4.004
[20240124_13:45:14_536] #   21987-task_radar-118: RadarCaptureCnt is 107 
[20240124_13:45:14_536] # 
[20240124_13:45:14_567] # [T22026][APAVisionOblAdd][1323]Vision Obl merge: 1
[20240124_13:45:14_567] # [T22026][APAVisionOblAdd][1326]Receive Vision Obl CrossPointCoord: 0: 2563, 9429; 1: 7551, 9690
[20240124_13:45:14_568] # [T22026][APAVisionOblInfoDebugPrint][118]VisionOblInfo:
[20240124_13:45:14_568] # [T22027][APAVisionOblInfoDebugPrint][119]OblType: 0, bIsMerge 0, DetectCount 74
[20240124_13:45:14_568] # [T22027][APAVisionOblInfoDebugPrint][122]CrossPointCoord: 0: 976, 9261; 1: 5736, 9817
[20240124_13:45:14_570] # [T22028][APAVisionOblInfoDebugPrint][125]OriginCrossPointCoord: 0: -2563, 4429; 1: -7551, 4690
[20240124_13:45:14_570] # [T22028][APAVisionOblInfoDebugPrint][126]VehCoordAndAng: 0, 5000, ang 0.000(0.000)
[20240124_13:45:14_570] # [T22029][APAVisionOblInfoDebugPrint][127] 
[20240124_13:45:14_570] # [T22029][APAVisionOblAdd][1323]Vision Obl merge: 0
[20240124_13:45:14_570] # [T22029][APAVisionOblAdd][1326]Receive Vision Obl CrossPointCoord: 0: -8393, 5388; 1: -4309, 7842
[20240124_13:45:14_572] # [T22030][APAVisionOblInfoDebugPrint][118]VisionOblInfo:
[20240124_13:45:14_572] # [T22030][APAVisionOblInfoDebugPrint][119]OblType: 0, bIsMerge 0, DetectCount 100
[20240124_13:45:14_573] # [T22030][APAVisionOblInfoDebugPrint][122]CrossPointCoord: 0: -3072, 6159; 1: 1399, 7591
[20240124_13:45:14_573] # [T22031][APAVisionOblInfoDebugPrint][125]OriginCrossPointCoord: 0: 8393, 388; 1: 4309, 2842
[20240124_13:45:14_576] # [T22031][APAVisionOblInfoDebugPrint][126]VehCoordAndAng 0, 5000, ang 0.000(0.000)
[20240124_13:45:14_576] # [T22032][APAVisionOblInfoDebugPrint][127] 
[20240124_13:45:14_576] # [T22032][APAVisionOblAdd][1323]Vision Obl merge: 0
[20240124_13:45:14_576] # [T22032][APAVisionOblAdd][1326]Receive Vision Obl CrossPointCoord: 0: 2730, 6995; 1: 7606, 7251
[20240124_13:45:14_576] # [T22033][APAVisionOblInfoDebugPrint][118]VisionOblInfo:
[20240124_13:45:14_576] # [T22033][APAVisionOblInfoDebugPrint][119]OblType: 0, bIsMerge 0, DetectCount 100
[20240124_13:45:14_577] # [T22034][APAVisionOblInfoDebugPrint][122]CrossPointCoord: 0: -3072, 6159; 1: 1399, 7591
[20240124_13:45:14_577] # [T22034][APAVisionOblInfoDebugPrint][125]OriginCrossPointCoord: 0: -2730, 1995; 1: -7606, 2251
[20240124_13:45:14_577] # [T22035][APAVisionOblInfoDebugPrint][126]VehCoordAndAng: 0, 5000, ang 0.000(0.000)
[20240124_13:45:14_579] # [T22035][APAVisionOblInfoDebugPrint][127] 
[20240124_13:45:14_579] # [T22035][VisionSlotAddValidCheck][893]Vision slot Length: 2421,2420, Depth 4994,4994
[20240124_13:45:14_579] # [T22036][VisionSlotAdd][1521]Added Vision Slot[1][1] Num 2 OriCoord: 0: -2563, 4429; 1: -7551, 4690; 2: -7677, 2273; 3: -2689, 2011
[20240124_13:45:14_579] # [T22037][VisionSlotAdd][1522]VehCoordAndAngle: 0, 5000, ang 0.000 (0.000)
[20240124_13:45:14_579] # [T22037][VisionSlotAdd][1523]Current VehPos: 0, 5000, ang -0.000 (-0.000)
[20240124_13:45:14_580] # [T22037][VisionSlotAdd][1528]Convert Vision Slot[1][1] Coord: 0: 2563, 9429; 1: 7551, 9690; 2: 7677, 7273; 3: 2689, 7011
[20240124_13:45:14_582] # [T22038][VisionSlotAdd][1533]Old Vision Slot[1][1] Coord: 0: 2579, 9421; 1: 7514, 9680; 2: 7640, 7278; 3: 2705, 7019
[20240124_13:45:14_583] # [T22039][VisionSlotAddSlotWeightCal][1014]u32Weight: 1, CentreY: 3220.000, DisY: 1932.000, SlotAng: 176.999
[20240124_13:45:14_583] # [T22040][VisionSlotAdd][1576]New Vision Slot[1][1] Coord: 0: 2579, 9422; 1: 7515, 9680; 2: 7641, 7278; 3: 2704, 7019
[20240124_13:45:14_583] # [T22040][VisionSlotAdd][1600]vision slot [1][1], u32Weight: 1, Sum: 70, SlotAng: 3.000, CurSlotAng: 3.001
[20240124_13:45:14_585] # [T22041][VisionSlotAddValidCheck][893]Vision slot Length: 2617,2616, Depth 4764,4764
[20240124_13:45:14_585] # [T22041][VisionSlotAdd][1521]Added Vision Slot[0][0] Num 2 OriCoord: 0: 4309, 2842; 1: 8393, 388; 2: 7045, -1855; 3: 2961, 598
[20240124_13:45:14_585] # [T22042][VisionSlotAdd][1522]VehCoordAndAngle: 0, 5000, ang 0.000 (0.000)
[20240124_13:45:14_585] # [T22042][VisionSlotAdd][1523]Current VehPos: 0, 5000, ang -0.000 (-0.000)
[20240124_13:45:14_586] # [T22043][VisionSlotAdd][1528]Convert Vision Slot[0][0] Coord: 0: -4309, 7842; 1: -8393, 5388; 2: -7045, 3145; 3: -2961, 5598
[20240124_13:45:14_586] # [T22044][VisionSlotAdd][1533]Old Vision Slot[0][0] Coord: 0: -4294, 7852; 1: -8377, 5407; 2: -7031, 3161; 3: -2948, 5605
[20240124_13:45:14_588] # [T22044][VisionSlotAddSlotWeightCal][1014]u32Weight: 18, CentreY: 1720.000, DisY: 432.000, SlotAng: -30.996
[20240124_13:45:14_588] # [T22045][VisionSlotAdd][1576]New Vision Slot[0][0] Coord: 0: -4294, 7852; 1: -8377, 5406; 2: -7031, 3161; 3: -2949, 5605
[20240124_13:45:14_588] # [T22046][VisionSlotAdd][1600]vision slot [0][0], u32Weight: 18, Sum: 1154, SlotAng: -149.086, CurSlotAng: -149.004
[20240124_13:45:14_588] # [T22046][VisionSlotAddValidCheck][893]Vision slot Length: 2358,2358, Depth 4882,4882
[20240124_13:45:14_589] # [T22047][VisionSlotAdd][1521]Added Vision Slot[1][0] Num 2 OriCoord: 0: -2730, 1995; 1: -7606, 2251; 2: -7729, -104; 3: -2853, -360
[20240124_13:45:14_591] # [T22047][VisionSlotAdd][1522]VehCoordAndAngle: 0, 5000, ang 0.000 (0.000)
[20240124_13:45:14_591] # [T22048][VisionSlotAdd][1523]Current VehPos: 0, 5000, ang -0.000 (-0.000)
[20240124_13:45:14_591] # [T22048][VisionSlotAdd][1528]Convert Vision Slot[1][0] Coord: 0: 2730, 6995; 1: 7606, 7251; 2: 7729, 4896; 3: 2853, 4640
[20240124_13:45:14_592] # [T22049][VisionSlotAdd][1533]Old Vision Slot[1][0] Coord: 0: 2674, 6972; 1: 7567, 7304; 2: 7726, 4968; 3: 2833, 4636
[20240124_13:45:14_592] # [T22050][VisionSlotAddSlotWeightCal][1014]u32Weight: 18, CentreY: 817.500, DisY: 470.500, SlotAng: 176.995
[20240124_13:45:14_593] # [T22050][VisionSlotAdd][1576]New Vision Slot[1][0] Coord: 0: 2675, 6973; 1: 7568, 7303; 2: 7726, 4967; 3: 2833, 4636
[20240124_13:45:14_615] # [T22051][VisionSlotAdd][1600]vision slot [1][0], u32Weight: 18, Sum: 1054, SlotAng: 3.864, CurSlotAng: 3.005
[20240124_13:45:14_659] # [T22117][VisionSlotAddValidCheck][893]Vision slot Length: 2426,2426, Depth 4951,4951
[20240124_13:45:14_660] # [T22117][VisionSlotAdd][1521]Added Vision Slot[1][1] Num 2 OriCoord: 0: -2580, 4435; 1: -7525, 4694; 2: -7652, 2271; 3: -2707, 2012
[20240124_13:45:14_661] # [T22118][VisionSlotAdd][1522]VehCoordAndAngle: 0, 5000, ang 0.000 (0.000)
[20240124_13:45:14_661] # [T22118][VisionSlotAdd][1523]Current VehPos: 0, 5000, ang -0.000 (-0.000)
[20240124_13:45:14_662] # [T22119][VisionSlotAdd][1528]Convert Vision Slot[1][1] Coord: 0: 2580, 9435; 1: 7525, 9694; 2: 7652, 7271; 3: 2707, 7012
[20240124_13:45:14_662] # [T22119][VisionSlotAdd][1533]Old Vision Slot[1][1] Coord: 0: 2579, 9422; 1: 7515, 9680; 2: 7641, 7278; 3: 2704, 7019
[20240124_13:45:14_662] # [T22120][VisionSlotAddSlotWeightCal][1014]u32Weight: 1, CentreY: 3223.500, DisY: 1935.500, SlotAng: 177.002
[20240124_13:45:14_663] # [T22121][VisionSlotAdd][1576]New Vision Slot[1][1] Coord: 0: 2579, 9422; 1: 7515, 9680; 2: 7641, 7278; 3: 2704, 7019
[20240124_13:45:14_664] # [T22121][VisionSlotAdd][1600]vision slot [1][1], u32Weight: 1, Sum: 71, SlotAng: 3.000, CurSlotAng: 2.998
[20240124_13:45:14_664] # [T22122][VisionSlotAddValidCheck][893]Vision slot Length: 2601,2601, Depth 4754,4754
[20240124_13:45:14_666] # [T22122][VisionSlotAdd][1521]Added Vision Slot[0][0] Num 2 OriCoord: 0: 4286, 2791; 1: 8404, 414; 2: 7103, -1839; 3: 2985, 538
[20240124_13:45:14_666] # [T22123][VisionSlotAdd][1522]VehCoordAndAngle: 0, 5000, ang 0.000 (0.000)
[20240124_13:45:14_667] # [T22123][VisionSlotAdd][1523]Current VehPos: 0, 5000, ang -0.000 (-0.000)
[20240124_13:45:14_667] # [T22124][VisionSlotAdd][1528]Convert Vision Slot[0][0] Coord: 0: -4286, 7791; 1: -8404, 5414; 2: -7103, 3161; 3: -2985, 5538
[20240124_13:45:14_670] # [T22125][VisionSlotAdd][1533]Old Vision Slot[0][0] Coord: 0: -4294, 7852; 1: -8377, 5406; 2: -7031, 3161; 3: -2949, 5605
[20240124_13:45:14_670] # [T22125][VisionSlotAddSlotWeightCal][1014]u32Weight: 19, CentreY: 1664.500, DisY: 376.500, SlotAng: -29.994
[20240124_13:45:14_673] # [T22126][VisionSlotAdd][1576]New Vision Slot[0][0] Coord: 0: -4294, 7851; 1: -8377, 5406; 2: -7032, 3161; 3: -2949, 5604
[20240124_13:45:14_673] # [T22127][VisionSlotAdd][1600]vision slot [0][0], u32Weight: 19, Sum: 1173, SlotAng: -149.101, CurSlotAng: -150.006
[20240124_13:45:14_673] # [T22127][VisionSlotAddValidCheck][893]Vision slot Length: 2346,2345, Depth 4921,4922
[20240124_13:45:14_673] # [T22128][VisionSlotAdd][1521]Added Vision Slot[1][0] Num 2 OriCoord: 0: -2679, 2027; 1: -7594, 2284; 2: -7717, -58; 3: -2801, -316
[20240124_13:45:14_673] # [T22128][VisionSlotAdd][1522]VehCoordAndAngle: 0, 5000, ang 0.000 (0.000)
[20240124_13:45:14_674] # [T22129][VisionSlotAdd][1523]Current VehPos: 0, 5000, ang -0.000 (-0.000)
[20240124_13:45:14_674] # [T22129][VisionSlotAdd][1528]Convert Vision Slot[1][0] Coord: 0: 2679, 7027; 1: 7594, 7284; 2: 7717, 4942; 3: 2801, 4684
[20240124_13:45:14_674] # [T22130][VisionSlotAdd][1533]Old Vision Slot[1][0] Coord: 0: 2675, 6973; 1: 7568, 7303; 2: 7726, 4967; 3: 2833, 4636
[20240124_13:45:14_674] # [T22131][VisionSlotAddSlotWeightCal][1014]u32Weight: 18, CentreY: 855.500, DisY: 432.500, SlotAng: 177.001
[20240124_13:45:14_674] # [T22131][VisionSlotAdd][1576]New Vision Slot[1][0] Coord: 0: 2675, 6973; 1: 7568, 7303; 2: 7726, 4966; 3: 2833, 4637
[20240124_13:45:14_677] # [T22132][VisionSlotAdd][1600]vision slot [1][0], u32Weight: 18, Sum: 1072, SlotAng: 3.849, CurSlotAng: 2.999
[20240124_13:45:14_677] # [T22133][APAVisionOblAdd][1323]Vision Obl merge: 1
[20240124_13:45:14_677] # [T22133][APAVisionOblAdd][1326]Receive Vision Obl CrossPointCoord: 0: 2580, 9435; 1: 7525, 9694
[20240124_13:45:14_677] # [T22133][APAVisionOblInfoDebugPrint][118]VisionOblInfo:
[20240124_13:45:14_677] # [T22134][APAVisionOblInfoDebugPrint][119]OblType: 0, bIsMerge 0, DetectCount 75
[20240124_13:45:14_678] # [T22134][APAVisionOblInfoDebugPrint][122]CrossPointCoord: 0: 997, 9263; 1: 5760, 9815
[20240124_13:45:14_678] # [T22134][APAVisionOblInfoDebugPrint][125]OriginCrossPointCoord: 0: -2580, 4435; 1: -7525, 4694
[20240124_13:45:14_678] # [T22135][APAVisionOblInfoDebugPrint][126]VehCoordAndAng: 0, 5000, ang 0.000(0.000)
[20240124_13:45:14_678] # [T22135][APAVisionOblInfoDebugPrint][127] 
[20240124_13:45:14_678] # [T22136][APAVisionOblAdd][1323]Vision Obl merge: 0
[20240124_13:45:14_680] # [T22136][APAVisionOblAdd][1326]Receive Vision Obl CrossPointCoord: 0: -8404, 5414; 1: -4286, 7791
[20240124_13:45:14_680] # [T22136][APAVisionOblInfoDebugPrint][118]VisionOblInfo:
[20240124_13:45:14_681] # [T22137][APAVisionOblInfoDebugPrint][119]OblType: 0, bIsMerge 0, DetectCount 100
[20240124_13:45:14_681] # [T22137][APAVisionOblInfoDebugPrint][122]CrossPointCoord: 0: -3072, 6159; 1: 1399, 7591
[20240124_13:45:14_681] # [T22138][APAVisionOblInfoDebugPrint][125]OriginCrossPointCoord: 0: 8404, 414; 1: 4286, 2791
[20240124_13:45:14_681] # [T22138][APAVisionOblInfoDebugPrint][126]VehCoordAndAng: 0, 5000, ang 0.000(0.000)
[20240124_13:45:14_681] # [T22139][APAVisionOblInfoDebugPrint][127] 
[20240124_13:45:14_682] # [T22139][APAVisionOblAdd][1323]Vision Obl merge: 0
[20240124_13:45:14_682] # [T22139][APAVisionOblAdd][1326]Receive Vision Obl CrossPointCoord: 0: 2679, 7027; 1: 7594, 7284
[20240124_13:45:14_683] # [T22140][APAVisionOblInfoDebugPrint][118]VisionOblInfo:
[20240124_13:45:14_683] # [T22140][APVisionOblInfoDebugPrint][119]OblType: 0, bIsMerge 0, DetectCount 100
[20240124_13:45:14_683] # [T22141][APAVisionOblInfoDebugPrint][122]CrossPointCoord: 0: -3072, 6159; 1: 1399, 7591
[20240124_13:45:14_684] # [T22141][APAVisionOblInfoDebugPrint][125]OriginCrossPointCoord: 0: -2679, 2027; 1: -7594, 2284
[20240124_13:45:14_684] # [T22142][APAVisionOblInfoDebugPrint][126]VehCoordAndAng: 0, 5000, ang 0.000(0.000)
[20240124_13:45:14_691] # [T22142][APAVisionOblInfoDebugPrint][127] 
[20240124_13:45:14_740] # [T22199][APAVisionOblAdd][1323]Vision Obl merge: 0
[20240124_13:45:14_741] # [T22199][APAVisionOblAdd][1326]Receive Vision Obl CrossPointCoord: 0: -8388, 5395; 1: -4292, 7856
[20240124_13:45:14_742] # [T22199][APAVisionOblInfoDebugPrint][118]VisionOblInfo:
[20240124_13:45:14_742] # [T22200][APAVisionOblInfoDebugPrint][119]OblType: 0, bIsMerge 0, DetectCount 100
[20240124_13:45:14_742] # [T22200][APAVisionOblInfoDebugPrint][122]CrossPointCoord: 0: -3072, 6159; 1: 1399, 7591
[20240124_13:45:14_744] # [T22201][APAVisionOblInfoDebugPrint][125]OriginCrossPointCoord: 0: 8388, 395; 1: 4292, 2856
[20240124_13:45:14_744] # [T22201][APAVisionOblInfoDebugPrint][126]VehCoordAndAng: 0, 5000, ang 0.000(0.000)
[20240124_13:45:14_744] # [T22202][APAVisionOblInfoDebugPrint][127] 
[20240124_13:45:14_744] # [T22202][APAVisionOblAdd][1323]Vision Obl merge: 1
[20240124_13:45:14_744] # [T22202][APAVisionOblAdd][1326]Receive Vision Obl CrossPointCoord: 0: 2567, 9389; 1: 7528, 9649
[20240124_13:45:14_746] # [T22203][APAVisionOblInfoDebugPrint][118]VisionOblInfo:
[20240124_13:45:14_746] # [T22203][APAVisionOblInfoDebugPrint][119]OblType: 0, bIsMerge 0, DetectCount 76
[20240124_13:45:14_746] # [T22203][APAVisionOblInfoDebugPrint][122]CrossPointCoord: 0: 1018, 9265; 1: 5783, 9813
[20240124_13:45:14_746] # [T22204][APAVisionOblInfoDebugPrint][125]OriginCrossPointCoord: 0: -2567, 4389; 1: -7528, 4649
[20240124_13:45:14_748] # [T22204][APAVisionOblInfoDebugPrint][126]VehCoordAndAng: 0, 5000, ang 0.000(0.000)
[20240124_13:45:14_748] # [T22205][APAVisionOblInfoDebugPrint][127] 
[20240124_13:45:14_748] # [T22205][APAVisionOblAdd][1323]Vision Obl merge: 0
[20240124_13:45:14_749] # [T22205][APAVisionOblAdd][1326]Receive Vision Obl CrossPointCoord: 0: 2685, 7018; 1: 7557, 7273
[20240124_13:45:14_749] # [T22206][APAVisionOblInfoDebugPrint][118]VisionOblInfo:
[20240124_13:45:14_749] # [T22206][APAVisionOblInfoDebugPrint][119]OblType: 0, bIsMerge 0, DetectCount 100
[20240124_13:45:14_751] # [T22207][APAVisionOblInfoDebugPrint][122]CrossPointCoord: 0: -3072, 6159; 1: 1399, 7591
[20240124_13:45:14_752] # [T22207][APAVisionOblInfoDebugPrint][125]OriginCrossPointCoord: 0: -2685, 2018; 1: -7557, 2273
[20240124_13:45:14_752] # [T22208][APAVisionOblInfoDebugPrint][126]VehCoordAndAng: 0, 5000, ang 0.000(0.000)
[20240124_13:45:14_752] # [T22208][APAVisionOblInfoDebugPrint][127] 
[20240124_13:45:14_752] # [T22209][VisionSlotAddValidCheck][893]Vision slot Length: 2607,2606, Depth 4778,4777
[20240124_13:45:14_753] # [T22209][VisionSlotAdd][1521]Added Vision Slot[0][0] Num 2 OriCoord: 0: 4292, 2856; 1: 8388, 395; 2: 7045, -1839; 3: 2949, 621
[20240124_13:45:14_757] # [T22210][VisionSlotAdd][1522]VehCoordAndAngle: 0, 5000, ang 0.000 (0.000)
[20240124_13:45:14_757] # [T22210][VisionSlotAdd][1523]Current VehPos: 0, 5000, ang -0.000 (-0.000)
[20240124_13:45:14_757] # [T22210][VisionSlotAdd][1528]Convert Vision Slot[0][0] Coord: 0: -4292, 7856; 1: -8388, 5395; 2: -7045, 3161; 3: -2949, 5621
[20240124_13:45:14_757] # [T22211][VisionSlotAdd][1533]Old Vision Slot[0][0] Coord: 0: -4294, 7851; 1: -8377, 5406; 2: -7032, 3161; 3: -2949, 5604
[20240124_13:45:14_757] # [T22212][VisionSlotAddSlotWeightCal][1014]u32Weight: 18, CentreY: 1738.500, DisY: 450.500, SlotAng: -30.994
[20240124_13:45:14_757] # [T22212][VisionSlotAdd][1576]New Vision Slot[0][0] Coord: 0: -4294, 7851; 1: -8377, 5406; 2: -7033, 3161; 3: -2949, 5604
[20240124_13:45:14_758] # [T22213][VisionSlotAdd][1600]vision slot [0][0], u32Weight: 18, Sum: 1191, SlotAng: -149.099, CurSlotAng: -149.006
[20240124_13:45:14_758] # [T22214][VisionSlotAddValidCheck][893]Vision slot Length: 2417,2417, Depth 4967,4968
[20240124_13:45:14_758] # [T22214][VisionSlotAdd][1521]Added Vision Slot[1][1] Num 2 OriCoord: 0: -2567, 4389; 1: -7528, 4649; 2: -7655, 2235; 3: -2693, 1975
[20240124_13:45:14_758] # [T22215][VisionSlotAdd][1522]VehCoordAndAngle: 0, 5000, ang 0.000 (0.000)
[20240124_13:45:14_760] # [T22215][VisionSlotAdd][1523]Current VehPos: 0, 5000, ang -0.000 (-0.000)
[20240124_13:45:14_760] # [T22216][VisionSlotAdd][1528]Convert Vision Slot[1][1] Coord: 0: 2567, 9389; 1: 7528, 9649; 2: 7655, 7235; 3: 2693, 6975
[20240124_13:45:14_760] # [T22216][VisionSlotAdd][1533]Old Vision Slot[1][1] Coord: 0: 2579, 9422; 1: 7515, 9680; 2: 7641, 7278; 3: 2704, 7019
[20240124_13:45:14_761] # [T22217][VisionSlotAddSlotWeightCal][1014]u32Weight: 2, CentreY: 3182.000, DisY: 1894.000, SlotAng: 177.000
[20240124_13:45:14_761] # [T22218][VisionSlotAdd][1576]New Vision Slot[1][1] Coord: 0: 2578, 9421; 1: 7515, 9680; 2: 7641, 7276; 3: 2704, 7018
[20240124_13:45:14_761] # [T22218][VisionSlotAdd][1600]vision slot [1][1], u32Weight: 2, Sum: 73, SlotAng: 3.000, CurSlotAng: 3.000
[20240124_13:45:14_761] # [T22219][VisionSlotAddValidCheck][893]Vision slot Length: 2352,2352, Depth 4878,4878
[20240124_13:45:14_764] # [T22219][VisionSlotAdd][1521]Added Vision Slot[1][0] Num 2 OriCoord: 0: -2685, 2018; 1: -7557, 2273; 2: -7680, -76; 3: -2808, -331
[20240124_13:45:14_764] # [T22220][VisionSlotAdd][1522]VehCoordAndAngle: 0, 5000, ang 0.000 (0.000)
[20240124_13:45:14_765] # [T22221][VisionSlotAdd][1523]Current VehPos: 0, 5000, ang -0.000 (-0.000)
[20240124_13:45:14_765] # [T22221][VisionSlotAdd][1528]Convert Vision Slot[1][0] Coord: 0: 2685, 7018; 1: 7557, 7273; 2: 7680, 4924; 3: 2808, 4669
[20240124_13:45:14_765] # [T22222][VisionSlotAdd][1533]Old Vision Slot[1][0] Coord: 0: 2675, 6973; 1: 7568, 7303; 2: 7726, 4966; 3: 2833, 4637
[20240124_13:45:14_768] # [T22222][VisionSlotAddSlotWeightCal][1014]u32Weight: 18, CentreY: 843.500, DisY: 444.500, SlotAng: 177.004
[20240124_13:45:14_770] # [T22223][VisionSlotAdd][1576]New Vision Slot[1][0] Coord: 0: 2676, 6974; 1: 7568, 7302; 2: 7725, 4965; 3: 2832, 4638
[20240124_13:45:14_783] # [T22224][VisionSlotAdd][1600]vision slot [1][0], u32Weight: 18, Sum: 1090, SlotAng: 3.835, CurSlotAng: 2.996
[20240124_13:45:14_812] # [T22271][UIInteractionLevel3CallBack][2867]CurL3Cmd[1]
[20240124_13:45:14_831] # [T22271][UIInteractionLevel3CallBack][2883]ApaState[3], VehSpeed[0], BreakSts[0]
[20240124_13:45:14_835] # [T22292][APAVisionOblAdd][1323]Vision Obl merge: 1
[20240124_13:45:14_836] # [T22292][APAVisionOblAdd][1326]Receive Vision Obl CrossPointCoord: 0: 2575, 9434; 1: 7530, 9693
[20240124_13:45:14_836] # [T22292][APAVisionOblInfoDebugPrint][118]VisionOblInfo:
[20240124_13:45:14_836] # [T22293][APAVisionOblInfoDebugPrint][119]OblType: 0, bIsMerge 0, DetectCount 77
[20240124_13:45:14_836] # [T22293][APAVisionOblInfoDebugPrint][122]CrossPointCoord: 0: 1038, 9267; 1: 5805, 9811
[20240124_13:45:14_839] # [T22294][APAVisionOblInfoDebugPrint][125]OriginCrossPointCoord: 0: -2575, 4434; 1: -7530, 4693
[20240124_13:45:14_839] # [T22294][APAVisionOblInfoDebugPrint][126]VehCoordAndAng: 0, 5000, ang 0.000(0.000)
[20240124_13:45:14_839] # [T22295][APAVisionOblInfoDebugPrint][127] 
[20240124_13:45:14_839] # [T22295][APAVisionOblAdd][1323]Vision Obl merge: 0
[20240124_13:45:14_840] # [T22295][APAVisionOblAdd][1326]Receive Vision Obl CrossPointCoord: 0: -8385, 5412; 1: -4316, 7857
[20240124_13:45:14_840] # [T22296][APAVisionOblInfoDebugPrint][118]VisionOblInfo:
[20240124_13:45:14_840] # [T22296][APAVisionOblInfoDebugPrint][119]OblType: 0, bIsMerge 0, DetectCount 100
[20240124_13:45:14_840] # [T22297][APAVisionOblInfoDebugPrint][122]CrossPointCoord: 0: -3072, 6159; 1: 1399, 7591
[20240124_13:45:14_844] # [T22297][APAVisionOblInfoDebugPrint][125]OriginCrossPointCoord: 0: 8385, 412; 1: 4316, 2857
[20240124_13:45:14_844] # [T22298][APAVisionOblInfoDebugPrint][126]VehCoordAndAng: 0, 5000, ang 0.000(0.000)
[20240124_13:45:14_844] # [T22298][APAVisionOblInfoDebugPrint][127] 
[20240124_13:45:14_844] # [T22298][APAVisionOblAdd][1323]Vision Obl merge: 0
[20240124_13:45:14_845] # [T22299][APAVisionOblAdd][1326]Receive Vision Obl CrossPointCoord: 0: 2686, 6964; 1: 7543, 7304
[20240124_13:45:14_845] # [T22299][APAVisionOblInfoDebugPrint][118]VisionOblInfo:
[20240124_13:45:14_845] # [T22299][APAVisionOblInfoDebugPrint][119]OblType: 0, bIsMerge 0, DetectCount 100
[20240124_13:45:14_845] # [T22300][APAVisionOblInfoDebugPrint][122]CrossPointCoord: 0: -3072, 6159; 1: 1399, 7591
[20240124_13:45:14_845] # [T22300][APAVisionOblInfoDebugPrint][125]OriginCrossPointCoord: 0: -2686, 1964; 1: -7543, 2304
[20240124_13:45:14_846] # [T22301][APAVisionOblInfoDebugPrint][126]VehCoordAndAng: 0, 5000, ang 0.000(0.000)
[20240124_13:45:14_846] # [T22301][APAVisionOblInfoDebugPrint][127] 
[20240124_13:45:14_846] # [T22302][VisionSlotAddValidCheck][893]Vision slot Length: 2427,2426, Depth 4961,4961
[20240124_13:45:14_846] # [T22302][VisionSlotAdd][1521]Added Vision Slot[1][1] Num 2 OriCoord: 0: -2575, 4434; 1: -7530, 4693; 2: -7657, 2270; 3: -2702, 2010
[20240124_13:45:14_848] # [T22303][VisionSlotAdd][1522]VehCoordAndAngle: 0, 5000, ang 0.000 (0.000)
[20240124_13:45:14_848] # [T22303][VisionSlotAdd][1523]Current VehPos: 0, 5000, ang -0.000 (-0.000)
[20240124_13:45:14_848] # [T22304][VisionSlotAdd][1528]Convert Vision Slot[1][1] Coord: 0: 2575, 9434; 1: 7530, 9693; 2: 7657, 7270; 3: 2702, 7010
[20240124_13:45:14_849] # [T22304][VisionSlotAdd][1533]Old Vision Slot[1][1] Coord: 0: 2578, 9421; 1: 7515, 9680; 2: 7641, 7276; 3: 2704, 7018
[20240124_13:45:14_849] # [T22305][VisionSlotAddSlotWeightCal][1014]u32Weight: 1, CentreY: 3222.000, DisY: 1934.000, SlotAng: 177.002
[20240124_13:45:14_849] # [T22306][VisionSlotAdd][1576]New Vision Slot[1][1] Coord: 0: 2578, 9421; 1: 7516, 9680; 2: 7641, 7276; 3: 2704, 7018
[20240124_13:45:14_849] # [T22306][VisionSlotAdd][1600]vision slot [1][1], u32Weight: 1, Sum: 74, SlotAng: 3.000, CurSlotAng: 2.998
[20240124_13:45:14_851] # [T22307][VisionSlotAddValidCheck][893]Vision slot Length: 2633,2631, Depth 4747,4746
[20240124_13:45:14_852] # [T22307][VisionSlotAdd][1521]Added Vision Slot[0][0] Num 2 OriCoord: 0: 4316, 2857; 1: 8385, 412; 2: 7029, -1843; 3: 2960, 600
[20240124_13:45:14_852] # [T22308][VisionSlotAdd][1522]VehCoordAndAngle: 0, 5000, ang 0.000 (0.000)
[20240124_13:45:14_852] # [T22308][VisionSlotAdd][1523]Current VehPos: 0, 5000, ang -0.000 (-0.000)
[20240124_13:45:14_852] # [T22309][VisionSlotAdd][1528]Convert Vision Slot[0][0] Coord: 0: -4316, 7857; 1: -8385, 5412; 2: -7029, 3157; 3: -2960, 5600
[20240124_13:45:14_853] # [T22309][VisionSlotAdd][1533]Old Vision Slot[0][0] Coord: 0: -4294, 7851; 1: -8377, 5406; 2: -7033, 3161; 3: -2949, 5604
[20240124_13:45:14_854] # [T22310][VisionSlotAddSlotWeightCal][1014]u32Weight: 18, CentreY: 1728.500, DisY: 440.500, SlotAng: -30.991
[20240124_13:45:14_855] # [T22311][VisionSlotAdd][1576]New Vision Slot[0][0] Coord: 0: -4294, 7851; 1: -8378, 5406; 2: -7033, 3161; 3: -2949, 5604
[20240124_13:45:14_855] # [T22311][VisionSlotAdd][1600]vision slot [0][0], u32Weight: 18, Sum: 1209, SlotAng: -149.098, CurSlotAng: -149.009
[20240124_13:45:14_855] # [T22312][VisionSlotAddValidCheck][893]Vision slot Length: 2324,2324, Depth 4868,4869
[20240124_13:45:14_855] # [T22313][VisionSlotAdd][1521]Added Vision Slot[1][0] Num 2 OriCoord: 0: -2686, 1964; 1: -7543, 2304; 2: -7706, -15; 3: -2848, -355
[20240124_13:45:14_856] # [T22313][VisionSlotAdd][1522]VehCoordAndAngle: 0, 5000, ang 0.000 (0.000)
[20240124_13:45:14_856] # [T22314][VisionSlotAdd][1523]Current VehPos: 0, 5000, ang -0.000 (-0.000)
[20240124_13:45:14_857] # [T22314][VisionSlotAdd][1528]Convert Vision Slot[1][0] Coord: 0: 2686, 6964; 1: 7543, 7304; 2: 7706, 4985; 3: 2848, 4645
[20240124_13:45:14_859] # [T22315][VisionSlotAdd][1533]Old Vision Slot[1][0] Coord: 0: 2676, 6974; 1: 7568, 7302; 2: 7725, 4965; 3: 2832, 4638
[20240124_13:45:14_859] # [T22315][VisionSlotAddSlotWeightCal][1014]u32Weight: 17, CentreY: 804.500, DisY: 483.500, SlotAng: 175.996
[20240124_13:45:14_859] # [T22316][VisionSlotAdd][1576]New Vision Slot[1][0] Coord: 0: 2676, 6974; 1: 7568, 7302; 2: 7724, 4966; 3: 2832, 4638
[20240124_13:45:14_877] # [T22317][VisionSlotAdd][1600]vision slot [1][0], u32Weight: 17, Sum: 1107, SlotAng: 3.838, CurSlotAng: 4.004
[20240124_13:45:14_925] # [T22383][APAVisionOblAdd][1323]Vision Obl merge: 1
[20240124_13:45:14_927] # [T22383][APAVisionOblAdd][1326]Receive Vision Obl CrossPointCoord: 0: 2555, 9451; 1: 7487, 9710
[20240124_13:45:14_927] # [T22383][APAVisionOblInfoDebugPrint][118]VisionOblInfo:
[20240124_13:45:14_927] # [T22384][APAVisionOblInfoDebugPrint][119]OblType: 0, bIsMerge 0, DetectCount 78
[20240124_13:45:14_927] # [T22384][APAVisionOblInfoDebugPrint][122]CrossPointCoord: 0: 1058, 9269; 1: 5827, 9810
[20240124_13:45:14_927] # [T22385][APAVisionOblInfoDebugPrint][125]OriginCrossPointCoord: 0: -2555, 4451; 1: -7487, 4710
[20240124_13:45:14_928] # [T22385][APAVisionOblInfoDebugPrint][126]VehCoordAndAng: 0, 5000, ang -0.000(-0.000)
[20240124_13:45:14_928] # [T22386][APAVisionOblInfoDebugPrint][127] 
[20240124_13:45:14_928] # [T22386][APAVisionOblAdd][1323]Vision Obl merge: 0
[20240124_13:45:14_928] # [T22386][APAVisionOblAdd][1326]Receive Vision Obl CrossPointCoord: 0: -8355, 5407; 1: -4289, 7851
[20240124_13:45:14_928] # [T22387][APAVisionOblInfoDebugPrint][118]VisionOblInfo:
[20240124_13:45:14_928] # [T22387][APAVisionOblInfoDebugPrint][119]OblType: 0, bIsMerge 0, DetectCount 100
[20240124_13:45:14_931] # [T22387][APAVisionOblInfoDebugPrint][122]CrossPointCoord: 0: -3072, 6159; 1: 1399, 7591
[20240124_13:45:14_932] # [T22388][APAVisionOblInfoDebugPrint][125]OriginCrossPointCoord: 0: 8355, 407; 1: 4289, 2851
[20240124_13:45:14_932] # [T22388][APAVisionOblInfoDebugPrint][126]VehCoordAndAng: 0, 5000, ang -0.000(-0.000)
[20240124_13:45:14_932] # [T22389][APAVisionOblInfoDebugPrint][127] 
[20240124_13:45:14_932] # [T22389][APAVisionOblAdd][1323]Vision Obl merge: 0
[20240124_13:45:14_932] # [T22389][APAVisionOblAdd][1326]Receive Vision Obl CrossPointCoord: 0: 2671, 6944; 1: 7506, 7282
[20240124_13:45:14_935] # [T22390][APAVisionOblInfoDebugPrint][118]VisionOblInfo:
[20240124_13:45:14_935] # [T22390][APAVisionOblInfoDebugPrint][119]OblType: 0, bIsMerge 0, DetectCount 100
[20240124_13:45:14_935] # [T22391][APAVisionOblInfoDebugPrint][122]CrossPointoord: 0: -3072, 6159; 1: 1399, 7591
[20240124_13:45:14_935] # [T22391][APAVisionOblInfoDebugPrint][125]OriginCrossPointCoord: 0: -2671, 1944; 1: -7506, 2282
[20240124_13:45:14_935] # [T22392][APAVisionOblInfoDebugPrint][126]VehCoordAndAng: 0, 5000, ang -0.000(-0.000)
[20240124_13:45:14_936] # [T22392][APAVisionOblInfoDebugPrint][127] 
[20240124_13:45:14_936] # [T22392][VisionSlotAddValidCheck][893]Vision slot Length: 2428,2429, Depth 4938,4938
[20240124_13:45:14_937] # [T22393][VisionSlotAdd][1521]Added Vision Slot[1][1] Num 2 OriCoord: 0: -2555, 4451; 1: -7487, 4710; 2: -7614, 2284; 3: -2682, 2026
[20240124_13:45:14_938] # [T22394][VisionSlotAdd][1522]VehCoordAndAngle: 0, 5000, ang -0.000 (-0.000)
[20240124_13:45:14_938] # [T22394][VisionSlotAdd][1523]Current VehPos: 0, 5000, ang -0.000 (-0.000)
[20240124_13:45:14_941] # [T22395][VisionSlotAdd][1528]Convert Vision Slot[1][1] Coord: 0: 2555, 9451; 1: 7487, 9710; 2: 7614, 7284; 3: 2682, 7026
[20240124_13:45:14_942] # [T22395][VisionSlotAdd][1533]Old Vision Slot[1][1] Coord: 0: 2578, 9421; 1: 7516, 9680; 2: 7641, 7276; 3: 2704, 7018
[20240124_13:45:14_942] # [T22396][VisionSlotAddSlotWeightCal][1014]u32Weight: 1, CentreY: 3238.500, DisY: 1950.500, SlotAng: 177.000
[20240124_13:45:14_944] # [T22397][VisionSlotAdd][1576]New Vision Slot[1][1] Coord: 0: 2578, 9421; 1: 7515, 9680; 2: 7641, 7276; 3: 2704, 7018
[20240124_13:45:14_944] # [T22397][VisionSlotAdd][1600]vision slot [1][1], u32Weight: 1, Sum: 75, SlotAng: 3.000, CurSlotAng: 3.000
[20240124_13:45:14_944] # [T22398][VisionSlotAddValidCheck][893]Vision slot Length: 2622,2621, Deth 4743,4744
[20240124_13:45:14_944] # [T22398][VisionSlotAdd][1521]Added Vision Slot[0][0] Num 2 OriCoord: 0: 4289, 2851; 1: 8355, 407; 2: 7005, -1840; 3: 2938, 603
[20240124_13:45:14_944] # [T22399][VisionSlotAdd][1522]VehCoordAndAngle: 0, 5000, ang -0.000 (-0.000)
[20240124_13:45:14_944] # [T22399][VisionSlotAdd][1523]Current VehPos: 0, 5000, ang -0.000 (-0.000)
[20240124_13:45:14_944] # [T22400][VisionSlotAdd][1528]Convert Vision Slot[0][0] Coord: 0: -4289, 7851; 1: -8355, 5407; 2: -7005, 3160; 3: -2938, 5603
[20240124_13:45:14_946] # [T22400][VisionSlotAdd][1533]Old Vision Slot[0][0] Coord: 0: -4294, 7851; 1: -8378, 5406; 2: -7033, 3161; 3: -2949, 5604
[20240124_13:45:14_946] # [T22401][VisionSlotAddSlotWeightCal][1014]u32Weight: 18, CentreY: 1727.000, DisY: 439.000, SlotAng: -31.001
[20240124_13:45:14_946] # [T22402][VisionSlotAdd][1576]New Vision Slot[0][0] Coord: 0: -4294, 7851; 1: -8377, 5406; 2: -7032, 3161; 3: -2949, 5604
[20240124_13:45:14_946] # [T22402][VisionSlotAdd][1600]vision slot [0][0], u32Weight: 18, Sum: 1227, SlotAng: -149.097, CurSlotAng: -148.999
[20240124_13:45:14_947] # [T22403][VisionSlotAddValidCheck][893]Vision slot Length: 2314,2314, Depth 4846,4845
[20240124_13:45:14_947] # [T22404][VisionSlotAdd][1521]Added Vision Slot[1][0] Num 2 OriCoord: 0: -2671, 1944; 1: -7506, 2282; 2: -7667, -27; 3: -2833, -365
[20240124_13:45:14_947] # [T22404][VisionSlotAdd][1522]VehCoordAndAngle: 0, 5000, ang -0.000 (-0.000)
[20240124_13:45:14_949] # [T22405][VisionSlotAdd][1523]Current VehPos: 0, 5000, ang -0.000 (-0.000)
[20240124_13:45:14_949] # [T22405][VisionSlotAdd][1528]Convert Vision Slot[1][0] Coord: 0: 2671, 6944; 1: 7506, 7282; 2: 7667, 4973; 3: 2833, 4635
[20240124_13:45:14_949] # [T22406][VisionSlotAdd][1533]Old Vision Slot[1][0] Coord: 0: 2676, 6974; 1: 7568, 7302; 2: 7724, 4966; 3: 2832, 4638
[20240124_13:45:14_950] # [T22406][VisionSlotAddSlotWeightCal][1014]u32Weight: 17, CentreY: 789.500, DisY: 498.500, SlotAng: 176.001
[20240124_13:45:14_950] # [T22407][VisionSlotAdd][1576]New Vision Slot[1][0] Coord: 0: 2676, 6974; 1: 7567, 7302; 2: 7724, 4966; 3: 2832, 4638
[20240124_13:45:14_971] # [T22408][VisionSlotAdd][1600]vision slot [1][0], u32Weight: 17, Sum: 1124, SlotAng: 3.840, CurSlotAng: 3.999
[20240124_13:45:15_007] # [T22464][APAVisionOblAdd][1323]Vision Obl merge: 1
[20240124_13:45:15_007] # [T22464][APAVisionOblAdd][1326]Receive Vision Obl CrossPointCoord: 0: 2569, 9429; 1: 7488, 9686
[20240124_13:45:15_007] # [T22464][APAVisionOblInfoDebugPrint][118]VisionOblInfo:
[20240124_13:45:15_008] # [T22465][APAVisionOblInfoDebugPrint][119]OblType: 0, bIsMerge 0, DetectCount 79
[20240124_13:45:15_008] # [T22465][APAVisionOblInfoDebugPrint][122]CrossPointCoord: 0: 1077, 9271; 1: 5848, 9809
[20240124_13:45:15_008] # [T22466][APAVisionOblInfoDebugPrint][125]OriginCrossPointCoord: 0: -2569, 4429; 1: -7488, 4686
[20240124_13:45:15_010] # [T22466][APAVisionOblInfoDebugPrint][126]VehCoordAndAng: 0, 5000, ang -0.000(-0.000)
[20240124_13:45:15_010] # [T22467][APAVisionOblInfoDebugPrint][127] 
[20240124_13:45:15_010] # [T22467][APAVisionOblAdd][1323]Vision Obl merge: 0
[20240124_13:45:15_010] # [T22467][APAVisionOblAdd][1326]Receive Vision Obl CrossPointCoord: 0: -8358, 5420; 1: -4300, 7858
[20240124_13:45:15_010] # [T22468][APAVisionOblInfoDebugPrint][118]VisionOblInfo:
[20240124_13:45:15_010] # [T22468][APAVisionOblInfoDebugPrint][119]OblType: 0, bIsMerge 0, DetectCount 100
[20240124_13:45:15_012] # [T22468][APAVisionOblInfoDebugPrint][122]CrossPointCoord: 0: -3072, 6159; 1: 1399, 7591
[20240124_13:45:15_012] # [T22469][APAVisionOblInfoDebugPrint][125]OriginCrossPointCoord: 0: 8358, 420; 1: 4300, 2858
[20240124_13:45:15_012] # [T22469][APAVisionOblInfoDebugPrint][126]VehCoordAndAng: 0, 5000, ang -0.000(-0.000)
[20240124_13:45:15_012] # [T22470][APAVisionOblInfoDebugPrint][127] 
[20240124_13:45:15_012] # [T22470][VisionSlotAddValidCheck][893]Vision slot Length: 2397,2397, Depth 4925,4924
[20240124_13:45:15_016] # [T22471][VisionSlotAdd][1521]Added Vision Slot[1][1] Num 2 OriCoord: 0: -2569, 4429; 1: -7488, 4686; 2: -7613, 2292; 3: -2695, 2035
[20240124_13:45:15_016] # [T22471][VisionSlotAdd][1522]VehCoordAndAngle: 0, 5000, ang -0.000 (-0.000)
[20240124_13:45:15_016] # [T22472][VisionSlotAdd][1523]Current VehPos: 0, 5000, ang -0.000 (-0.000)
[20240124_13:45:15_017] # [T22472][VisionSlotAdd][1528]Convert Vision Slot[1][1] Coord: 0: 2569, 9429; 1: 7488, 9686; 2: 7613, 7292; 3: 2695, 7035
[20240124_13:45:15_017] # [T22473][VisionSlotAdd][1533]Old Vision Slot[1][1] Coord: 0: 2578, 9421; 1: 7515, 9680; 2: 7641, 7276; 3: 2704, 7018
[20240124_13:45:15_017] # [T22473][VisionSlotAddSlotWeightCal][1014]u32Weight: 1, CentreY: 3232.000, DisY: 1944.000, SlotAng: 177.009
[20240124_13:45:15_017] # [T22474][VisionSlotAdd][1576]New Vision Slot[1][1] Coord: 0: 2578, 9421; 1: 7515, 9680; 2: 7641, 7277; 3: 2704, 7018
[20240124_13:45:15_021] # [T22475][VisionSlotAdd][1600]vision slot [1][1], u32Weight: 1, Sum: 76, SlotAng: 2.999, CurSlotAng: 2.991
[20240124_13:45:15_021] # [T22475][VisionSlotAddValidCheck][893]Vision slot Length: 2622,2621, Depth 4734,4733
[20240124_13:45:15_021] # [T22476][VisionSlotAdd][1521]Added Vision Slot[0][0] Num 2 OriCoord: 0: 4300, 2858; 1: 8358, 420; 2: 7008, -1827; 3: 2950, 610
[20240124_13:45:15_021] # [T22477][VisionSlotAdd][1522]VehCoordAndAngle: 0, 5000, ang -0.000 (-0.000)
[20240124_13:45:15_021] # [T22477][VisionSlotAdd][1523]Current VehPos: 0, 5000, ang -0.000 (-0.000)
[20240124_13:45:15_022] # [T22477][VisionSlotAdd][1528]Convert Vision Slot[0][0] Coord: 0: -4300, 7858; 1: -8358, 5420; 2: -7008, 3173; 3: -2950, 5610
[20240124_13:45:15_022] # [T22478][VisionSlotAdd][1533]Old Vision Slot[0][0] Coord: 0: -4294, 7851; 1: -8377, 5406; 2: -7032, 3161; 3: -2949, 5604
[20240124_13:45:15_022] # [T22479][VisionSlotAddSlotWeightCal][1014]u32Weight: 18, CentreY: 1734.000, DisY: 446.000, SlotAng: -30.992
[20240124_13:45:15_023] # [T22479][VisionSlotAdd][1576]New Vision Slot[0][0] Coord: 0: -4294, 7851; 1: -8377, 5407; 2: -7032, 3161; 3: -2949, 5604
[20240124_13:45:15_033] # [T22480][VisionSlotAdd][1600]vision slot [0][0], u32Weight: 18, Sum: 1245, SlotAng: -149.095, CurSlotAng: -149.008
[20240124_13:45:15_033] #   22485-task_radar-118: RadarCaptureCnt is 107 
[20240124_13:45:15_033] # 
[20240124_13:45:15_087] # [T22544][APAVisionOblAdd][1323]Vision Obl merge: 1
[20240124_13:45:15_087] # [T22544][APAVisionOblAdd][1326]Receive Vision Obl CrossPointCoord: 0: 2621, 9421; 1: 7487, 9676
[20240124_13:45:15_087] # [T22544][APAVisionOblInfoDebugPrint][118]VisionOblInfo:
[20240124_13:45:15_087] # [T22545][APAVisionOblInfoDebugPrint][119]OblType: 0, bIsMerge 0, DetectCount 80
[20240124_13:45:15_087] # [T22545][APAVisionOblInfoDebugPrint][122]CrossPointCoord: 0: 1096, 9273; 1: 5869, 9807
[20240124_13:45:15_088] # [T22546][APAVisionOblInfoDebugPrint][125]OriginCrossPointCoord: 0: -2621, 4421; 1: -7487, 4676
[20240124_13:45:15_089] # [T22546][APAVisionOblInfoDebugPrint][126]VehCoordAndAng: 0, 5000, ang 0.000(0.000)
[20240124_13:45:15_089] # [T22547][APAVisionOblInfoDebugPrint][127] 
[20240124_13:45:15_091] # [T22547][APAVisionOblAdd][1323]Vision Obl merge: 0
[20240124_13:45:15_091] # [T22547][APAVisionOblAdd][1326]Receive Vision Obl CrossPointCoord: 0: 2672, 6957; 1: 7533, 7297
[20240124_13:45:15_091] # [T22548][APAVisionOblInfoDebugPrint][118]VisionOblInfo:
[20240124_13:45:15_091] # [T22548][APAVisionOblInfoDebugPrint][119]OblType: 0, bIsMerge 0, DetectCount 100
[20240124_13:45:15_091] # [T22548][APAVisionOblInfoDebugPrint][122]CrossPointCoord: 0: -3072, 6159; 1: 1399, 7591
[20240124_13:45:15_093] # [T22549][APAVisionOblInfoDebugPrint][125]OriginCrossPointCoord: 0: -2672, 1957; 1: -7533, 2297
[20240124_13:45:15_093] # [T22549][APAVisionOblInfoDebugPrint][126]VehCoordAndAng: 0, 5000, ang 0.000(0.000)
[20240124_13:45:15_093] # [T22550][APAVisionOblInfoDebugPrint][127] 
[20240124_13:45:15_094] # [T22550][APAVisionOblAdd][1323]Vision Obl merge: 0
[20240124_13:45:15_094] # [T22550][APAVisionOblAdd][1326]Receive Vision Obl CrossPointCoord: 0: -8369, 5436; 1: -4304, 7879
[20240124_13:45:15_094] # [T22551][APAVisionOblInfoDebugPrint][118]VisionOblInfo:
[20240124_13:45:15_094] # [T22551][APAVisionOblInfoDebugPrint][119]OblType: 0, bIsMerge 0, DetectCount 100
[20240124_13:45:15_101] # [T22552][APAVisionOblInfoDebugPrint][122]CrossPointCoord: 0: -3072, 6159; 1: 1399, 7591
[20240124_13:45:15_101] # [T22552][APAVisionOblInfoDebugPrint][125]OriginCrossPointCoord: 0: 8369, 436; 1: 4304, 2879
[20240124_13:45:15_101] # [T22553][APAVisionOblInfoDebugPrint][126]VehCoordAndAng: 0, 5000, ang 0.000(0.000)
[20240124_13:45:15_102] # [T22553][APAVisionOblInfoDebugPrint][127] 
[20240124_13:45:15_102] # [T22553][VisionSlotAddValidCheck][893]Vision slot Length: 2371,2371, Depth 4872,4872
[20240124_13:45:15_102] # [T22554][VisionSlotAdd][1521]Added Vision Slot[1][1] Num 2 OriCoord: 0: -2621, 4421; 1: -7487, 4676; 2: -7611, 2308; 3: -2745, 2053
[20240124_13:45:15_102] # [T22555][VisionSlotAdd][1522]VehCoordAndAngle: 0, 5000, ang 0.000 (0.000)
[20240124_13:45:15_102] # [T22555][VisionSlotAdd][1523]Current VehPos: 0, 5000, ang -0.000 (-0.000)
[20240124_13:45:15_103] # [T22555][VisionSlotAdd][1528]Convert Vision Slot[1][1] Coord: 0: 2621, 9421; 1: 7487, 9676; 2: 7611, 7308; 3: 2745, 7053
[20240124_13:45:15_103] # [T22556][VisionSlotAdd][1533]Old Vision Slot[1][1] Coord: 0: 2578, 9421; 1: 7515, 9680; 2: 7641, 7277; 3: 2704, 7018
[20240124_13:45:15_103] # [T22557][VisionSlotAddSlotWeightCal][1014]u32Weight: 1, CenteY: 3237.000, DisY: 1949.000, SlotAng: 177.000
[20240124_13:45:15_103] # [T22557][VisionSlotAdd][1576]New Vision Slot[1][1] Coord: 0: 2578, 9421; 1: 7514, 9680; 2: 7640, 7277; 3: 2704, 7018
[20240124_13:45:15_103] # [T22558][VisionSlotAdd][1600]vision slot [1][1], u32Weight: 1, Sum: 77, SlotAng: 2.999, CurSlotAng: 3.000
[20240124_13:45:15_103] # [T22559][VisionSlotAddValidCheck][893]Vision slot Length: 2312,2312, Depth 4872,4872
[20240124_13:45:15_105] # [T22559][VisionSlotAdd][1521]Added Vision Slot[1][0] Num 2 OriCoord: 0: -2672, 1957; 1: -7533, 2297; 2: -7694, -10; 3: -2833, -350
[20240124_13:45:15_105] # [T22560][VisionSlotAdd][1522]VehCoordAndAngle: 0, 5000, ang 0.000 (0.000)
[20240124_13:45:15_105] # [T22560][VisionSlotAdd][1523]Current VehPos: 0, 5000, ang -0.000 (-0.000)
[20240124_13:45:15_106] # [T22561][VisionSlotAdd][1528]Convert Vision Slot[1][0] Coord: 0: 2672, 6957; 1: 7533, 7297; 2: 7694, 4990; 3: 2833, 4650
[20240124_13:45:15_106] # [T22561][VisionSlotAdd][1533]Old Vision Slot[1][0] Coord: 0: 2676, 6974; 1: 7567, 7302; 2: 7724, 4966; 3: 2832, 4638
[20240124_13:45:15_106] # [T22562][VisionSlotAddSlotWeightCal][1014]u32Weight: 17, CentreY: 803.500, DisY: 484.500, SlotAng: 175.999
[20240124_13:45:15_106] # [T22562][VisionSlotAdd][1576]New Vision Slot[1][0] Coord: 0: 2676, 6973; 1: 7566, 7302; 2: 7723, 4966; 3: 2832, 4638
[20240124_13:45:15_106] # [T22563][VisionSlotAdd][1600]vision slot [1][0], u32Weight: 17, Sum: 1141, SlotAng: 3.843, CurSlotAng: 4.001
[20240124_13:45:15_109] # [T22564][VisionSlotAddValidCheck][893]Vision slot Length: 2622,2621, Depth 4742,4742
[20240124_13:45:15_109] # [T22564][VisionSlotAdd][1521]Added Vision Slot[0][0] Num 2 OriCoord: 0: 4304, 2879; 1: 8369, 436; 2: 7018, -1811; 3: 2953, 631
[20240124_13:45:15_110] # [T22565][VisionSlotAdd][1522]VehCoordAndAngle: 0, 5000, ang 0.000 (0.000)
[20240124_13:45:15_110] # [T22565][VisionSlotAdd][1523]Current VehPos: 0, 5000, ang -0.000 (-0.000)
[20240124_13:45:15_110] # [T22566][VisionSlotAdd][1528]Convert Vision Slot[0][0] Coord: 0: -4304, 7879; 1: -8369, 5436; 2: -7018, 3189; 3: -2953, 5631
[20240124_13:45:15_110] # [T22566][VisionSlotAdd][1533]Old Vision Slot[0][0] Coord: 0: -4294, 7851; 1: -8377, 5407; 2: -7032, 3161; 3: -2949, 5604
[20240124_13:45:15_110] # [T22567][VisionSlotAddSlotWeightCal][1014]u32Weight: 18, CentreY: 1755.000, DisY: 467.000, SlotAng: -31.000
[20240124_13:45:15_112] # [T22568][VisionSlotAdd][1576]New Vision Slot[0][0] Coord: 0: -4294, 7851; 1: -377, 5407; 2: -7032, 3161; 3: -2949, 5605
[20240124_13:45:15_128] # [T22568][VisionSlotAdd][1600]vision slot [0][0], u32Weight: 18, Sum: 1263, SlotAng: -149.094, CurSlotAng: -149.000
[20240124_13:45:15_176] # [T22635][APAVisionOblAdd][1323]Vision Obl merge: 1
[20240124_13:45:15_179] # [T22635][APAVisionOblAdd][1326]Receive Vision Obl CrossPointCoord: 0: 2580, 9411; 1: 7459, 9667
[20240124_13:45:15_179] # [T22635][APAVisionOblInfoDebugPrint][118]VisionOblInfo:
[20240124_13:45:15_179] # [T22636][APAVisionOblInfoDebugPrint][119]OblType: 0, bIsMerge 0, DetectCount 81
[20240124_13:45:15_179] # [T22636][APAVisionOblInfoDebugPrint][122]CrossPointCoord: 0: 1114, 9275; 1: 5888, 9805
[20240124_13:45:15_180] # [T22637][APAVisionOblInfoDebugPrint][125]OriginCrossPointCoord: 0: -2580, 4411; 1: -7459, 4667
[20240124_13:45:15_181] # [T22637][APAVisionOblInfoDebugPrint][126]VehCoordAndAng: 0, 5000, ang 0.000(0.000)
[20240124_13:45:15_181] # [T22638][APAVisionOblInfoDebugPrint][127] 
[20240124_13:45:15_182] # [T22638][APAVisionOblAdd][1323]Vision Obl merge: 0
[20240124_13:45:15_182] # [T22638][APAVisionOblAdd][1326]Receive Vision Obl CrossPointCoord: 0: 2692, 6942; 1: 7539, 7281
[20240124_13:45:15_182] # [T22639][APAVisionOblInfoDebugPrint][118]VisionOblInfo:
[20240124_13:45:15_182] # [T22639][APAVisionOblInfoDebugPrint][119]OblType: 0, bIsMerge 0, etectCount 100
[20240124_13:45:15_182] # [T22639][APAVisionOblInfoDebugPrint][122]CrossPointCoord: 0: -3072, 6159; 1: 1399, 7591
[20240124_13:45:15_184] # [T22640][APAVisionOblInfoDebugPrint][125]OriginCrossPointCoord: 0: -2692, 1942; 1: -7539, 2281
[20240124_13:45:15_184] # [T22640][APAVisionOblInfoDebugPrint][126]VehCoordAndAng: 0, 5000, ang 0.000(0.000)
[20240124_13:45:15_185] # [T22641][APAVisionOblInfoDebugPrint][127] 
[20240124_13:45:15_185] # [T22641][APAVisionOblAdd][1323]Vision Obl merge: 0
[20240124_13:45:15_185] # [T22641][APAVisionOblAdd][1326]Receive Vision Obl CrossPointCoord: 0: -8386, 5428; 1: -4297, 7884
[20240124_13:45:15_185] # [T22642][APAVisionOblInfoDebugPrint][118]VisionOblInfo:
[20240124_13:45:15_186] # [T22642][APAVisionOblInfoDebugPrint][119]OblType: 0, bIsMerge 0, DetectCount 100
[20240124_13:45:15_190] # [T22643][APAVisionOblInfoDebugPrint][122]CrossPointCoord: 0: -3072, 6159; 1: 1399, 7591
[20240124_13:45:15_190] # [T22643][APAVisionOblInfoDebugPrint][125]OriginCrossPointCoord: 0: 8386, 428; 1: 4297, 2884
[20240124_13:45:15_190] # [T22644][APAVisionOblInfoDebugPrint][126]VehCoordAndAng: 0, 5000, ang 0.000(0.000)
[20240124_13:45:15_190] # [T22644][AAVisionOblInfoDebugPrint][127] 
[20240124_13:45:15_190] # [T22644][VisionSlotAddValidCheck][893]Vision slot Length: 2378,2378, Depth 4885,4885
[20240124_13:45:15_191] # [T22645][VisionSlotAdd][1521]Added VisionSlot[1][1] Num 2 OriCoord: 0: -2580, 4411; 1: -7459, 4667; 2: -7583, 2292; 3: -2704, 2036
[20240124_13:45:15_191] # [T22646][VisionSlotAdd][1522]VehCoordAndAngle: 0, 5000, ang 0.000 (0.000)
[20240124_13:45:15_191] # [T22646][VisionSlotAdd][1523]Current VehPos: 0, 5000, ang -0.000 (-0.000)
[20240124_13:45:15_191] # [T22646][VisionSlotAdd][1528]Convert Vision Slot[1][1] Coord: 0: 2580, 9411; 1: 7459, 9667; 2: 7583, 7292; 3: 2704, 7036
[20240124_13:45:15_191] # [T22647][VisionSlotAdd][1533]Old Vision Slot[1][1] Coord: 0: 2578, 9421; 1: 7514, 9680; 2: 7640, 7277; 3: 2704, 7018
[20240124_13:45:15_192] # [T22648][VisionSlotAddSlotWeightCal][1014]u32Weight: 1, CentreY: 3223.500, DisY: 1935.500, SlotAng: 176.996
[20240124_13:45:15_193] # [T22648][VisionSlotAdd][1576]New Vision Slot[1][1] Coord: 0: 2578, 9421; 1: 7514, 9680; 2: 7640, 7277; 3: 2704, 7019
[20240124_13:45:15_194] # [T22649][VisionSlotAdd][1600]vision slot [1][1], u32Weight: 1, Sum: 78, SlotAng: 3.000, CurSlotAng: 3.004
[20240124_13:45:15_194] # [T22650][VisionSlotAddValidCheck][893]Vision slot Length: 2302,2302, Depth 4858,459
[20240124_13:45:15_194] # [T22651][VisionSlotAdd][1521]Added Vision Slot[1][0] Num 2 OriCoord: 0: -2692, 1942; 1: -7539, 2281; 2: -7700, -16; 3: -2852, -355
[20240124_13:45:15_194] # [T22651][VisionSlotAdd][1522]VehCoordAndAngle: 0, 5000, ang 0.000 (0.000)
[20240124_13:45:15_194] # [T22652][VisionSlotAdd][1523]Current VehPos: 0, 5000, ang -0.000 (-0.000)
[20240124_13:45:15_196] # [T22652][VisionSlotAdd][1528]Convert Vision Slot[1][0] Coord: 0: 2692, 6942; 1: 7539, 7281; 2: 7700, 4984; 3: 2852, 4645
[20240124_13:45:15_196] # [T22653][VisionSlotAdd][1533]Old Vision Slot[1][0] Coord: 0: 2676, 6973; 1: 7566, 7302; 2: 7723, 4966; 3: 2832, 4638
[20240124_13:45:15_196] # [T22653][VisionSlotAddSlotWeightCal][1014]u32Weight: 17, CentreY: 793.500, DisY: 494.500, SlotAng: 176.000
[20240124_13:45:15_196] # [T22654][VisionSlotAdd][1576]New Vision Slot[1][0] Coord: 0: 2676, 6973; 1: 7566, 7301; 2: 7723, 4966; 3: 2833, 4638
[20240124_13:45:15_200] # [T22655][VisionSlotAdd][1600]vision slot [1][0], u32Weight: 17, Sum: 1158, SlotAng: 3.845, CurSlotAng: 4.000
[20240124_13:45:15_200] # [T22655][VisionSlotAddValidCheck][893]Vision slot Length: 2642,2642, Depth 4769,4769
[20240124_13:45:15_200] # [T22656][VisionSlotAdd][1521]Added Vision Slot[0][0] Num 2 OriCoord: 0: 4297, 2884; 1: 8386, 428; 2: 7025, -1837 3: 2936, 619
[20240124_13:45:15_203] # [T22657][VisionSlotAdd][1522]VehCoordAndAngle: 0, 5000, ang 0.000 (0.000)
[20240124_13:45:15_204] # [T22657][VisionSlotAdd][1523]Current VehPos: 0, 5000, ang -0.000 (-0.000)
[20240124_13:45:15_204] # [T22657][VisionSlotAdd][1528]Convert Vision Slot[0][0] Coord: 0: -4297, 7884; 1: -8386, 5428; 2: -7025, 3163; 3: -2936, 5619
[20240124_13:45:15_204] # [T22658][VisionSlotAdd][1533]Old Vision Slot[0][0] Coord: 0: -4294, 7851; 1: -8377, 5407; 2: -7032, 3161; 3: -2949, 5605
[20240124_13:45:15_206] # [T22659][VisionSlotAddSlotWeightCal][1014]u32Weight: 18, CentreY: 1751.500, DisY: 463.500, SlotAng: -30.991
[20240124_13:45:15_206] # [T22659][VisionSlotAdd][1576]New Vision Slot[0][0] Coord: 0: -4295, 7852; 1: -8377, 5407; 2: -7031, 3161; 3: -2949, 5605
[20240124_13:45:15_220] # [T22660][VisionSlotAdd][1600]vision slot [0][0], u32Weight: 18, Sum: 1281, SlotAng: -149.093, CurSlotAng: -149.009
[20240124_13:45:15_259] # [T22716][APAVisionOblAdd][1323]Vision Obl merge: 1
[20240124_13:45:15_259] # [T22716][APAVisionOblAdd][1326]Receive Vision Obl CrossPointCoord: 0: 2561, 9443; 1: 7529, 9703
[20240124_13:45:15_259] # [T22717][APAVisionOblInfoDebugPrint][118]VisionOblInfo:
[20240124_13:45:15_260] # [T22717][APAVisionOblInfoDebugPrint][119]OblType: 0, bIsMerge 0, DetectCount 82
[20240124_13:45:15_260] # [T22718][APAVisionOblInfoDebugPrint][122]CrossPointCoord: 0: 1132, 9277; 1: 5908, 9804
[20240124_13:45:15_264] # [T22718][APAVisionOblInfoDebugPrint][125]OriginCrossPointCoord: 0: -2561, 4443; 1: -7529, 4703
[20240124_13:45:15_264] # [T22719][APAVisionOblInfoDebugPrint][126]VehCoordAndAng: 0, 5000, ang 0.000(0.000)
[20240124_13:45:15_264] # [T22719][APAVisionOblInfoDebugPrint][127] 
[20240124_13:45:15_264] # [T22719][APAVisionOblAdd][1323]Vision Obl merge: 0
[20240124_13:45:15_264] # [T22720][APAVisionOblAdd][1326]Receive Vision Obl CrossPointCoord: 0: -8389, 5384; 1: -4319, 7829
[20240124_13:45:15_265] # [T22720][APAVisionOblInfoDebugPrint][118]VisionOblInfo:
[20240124_13:45:15_265] # [T22720][APAVisionOblInfoDebugPrint][119]OblType: 0, bIsMerge 0, DetectCount 100
[20240124_13:45:15_265] # [T22721][APAVisionOblInfoDebugPrint][122]CrossPointCoord: 0: -3072, 6159; 1: 1399, 7591
[20240124_13:45:15_265] # [T22721][APAVisionOblInfoDebugPrint][125]OriginCrossPointCoord: 0: 8389, 384; 1: 4319, 2829
[20240124_13:45:15_267] # [T22722][APAVisionOblInfoDebugPrint][126]VehCoordAndAng: 0, 5000, ang 0.000(0.000)
[20240124_13:45:15_267] # [T22722][APAVisionOblInfoDebugPrint][127] 
[20240124_13:45:15_268] # [T22723][APAVisionOblAdd][1323]Vision Obl merge: 1
[20240124_13:45:15_268] # [T22723][APAVisionOblAdd][1326]Receive Vision Obl CrossPointCoord: 0: -8180, 8315; 1: -4398, 10587
[20240124_13:45:15_268] # [T22723][APAVisionOblInfoDebugPrint][118]VisionOblInfo:
[20240124_13:45:15_268] # [T22724][APAVisionOblInfoDebugPrint][119]OblType: 0, bIsMerge 0, DetectCount 83
[20240124_13:45:15_268] # [T22724][APAVisionOblInfoDebugPrint][122]CrossPointCoord: 0: 1020, 9265; 1: 5784, 9813
[20240124_13:45:15_271] # [T22725][APAVisionOblInfoDebugPrint][125]OriginCrossPointCoord: 0: 8180, 3315; 1: 4398, 5587
[20240124_13:45:15_271] # [T22725][APAVisionOblInfoDebugPrint][126]VehCoordAndAng: 0, 5000, ang 0.000(0.000)
[20240124_13:45:15_272] # [T22726][APAVisionOblInfoDebugPrint][127] 
[20240124_13:45:15_272] # [T22726][APAVisionOblAdd][1323]Vision Obl merge: 0
[20240124_13:45:15_272] # [T22726][APAVisionOblAdd][1326]Receive Vision Obl CrossPointCoord: 0: 2636, 6973; 1: 7671, 7325
[20240124_13:45:15_272] # [T22727][APAVisionOblInfoDebugPrint][118]VisionOblInfo:
[20240124_13:45:15_272] # [T22727][APAVisionOblInfoDebugPrint][119]OblType:0, bIsMerge 0, DetectCount 100
[20240124_13:45:15_272] # [T22727][APAVisionOblInfoDebugPrint][122]CrossPointCoord: 0: -3072, 6159; 1: 1399, 7591
[20240124_13:45:15_273] # [T22728][APAVisionOblInfoDebugPrint][125]OriginCrossPointCoord: 0: -2636, 1973; 1: -7671, 2325
[20240124_13:45:15_273] # [T22728][APAVisionOblInfoDebugPrint][126]VehCoordAndAng: 0, 5000, ang 0.000(0.000)
[20240124_13:45:15_273] # [T22729][APAVisionOblInfoDebugPrint][127] 
[20240124_13:45:15_273] # [T22729][VisionSlotAddValidCheck][893]Vision slot Length: 2428,2428, Depth 4974,4974
[20240124_13:45:15_275] # [T22730][VisionSlotAdd][1521]Added Vision Slot[1][1] Num 2 OriCoord: 0: -2561, 4443; 1: -7529, 4703; 2: -7656, 2278; 3: -2688, 2018
[20240124_13:45:15_275] # [T22730][VisionSlotAdd][1522]VehCoordAndAngle: 0, 5000, ang 0.000 (0.000)
[20240124_13:45:15_275] # [T22731][VisionSlotAdd][1523]Current VehPos: 0, 5000, ang -0.000 (-0.000)
[20240124_13:45:15_275] # [T22731][VisionSlotAdd][1528]Convert Vision Slot[1][1] Coord: 0: 2561, 9443; 1: 7529, 9703; 2: 7656, 7278; 3: 2688, 7018
[20240124_13:45:15_276] # [T22732][VisionSlotAdd][1533]Old Vision Slot[1][1] Coord: 0: 2578, 9421; 1: 7514, 9680; 2: 7640, 7277; 3: 2704, 7019
[20240124_13:45:15_276] # [T22732][VisionSlotAddSlotWeightCal][1014]u32Weight: 1, CentreY: 3230.500, DisY: 1942.500, SlotAng: 177.004
[20240124_13:45:15_276] # [T22733][VisionSlotAdd][1576]New Vision Slot[1][1] Coord: 0: 2578, 9422; 1: 7514, 9680; 2: 7640, 7277; 3: 2704, 7019
[20240124_13:45:15_281] # [T22734][VisionSlotAdd][1600]vision slot [1][1], u32Weight: 1, Sum: 79, SlotAng: 2.999, CurSlotAng: 2.996
[20240124_13:45:15_281] # [T22734][VisionSlotAddValidCheck][893]Vision slot Length: 2616,2616, Depth 4747,4747
[20240124_13:45:15_281] # [T22735][VisionSlotAdd][1521]Added Vision Slot[0][0] Num 2 OriCoord: 0: 4319, 2829; 1: 8389, 384; 2: 7041, -1858; 3: 2971, 586
[20240124_13:45:15_282] # [T22735][VisionSlotAdd][1522]VehCoordAndAngle: 0, 5000, ang 0.000 (0.000)
[20240124_13:45:15_282] # [T22736][VisionSlotAdd][1523]Current VehPos: 0, 5000, ang -0.000 (-0.000)
[20240124_13:45:15_282] # [T22736][VisionSlotAdd][1528]Convert Vision Slot[0][0] Coord: 0: -4319, 7829; 1: -8389, 5384; 2: -7041, 3142; 3: -2971, 5586
[20240124_13:45:15_283] # [T22737][VisionSlotAdd][1533]Old Vision Slot[0][0] Coord: 0: -4295, 7852; 1: -8377, 5407; 2: -7031, 3161; 3: -2949, 5605
[20240124_13:45:15_283] # [T22738][VisionSlotAddSlotWeightCal][1014]u32Weight: 18, CentreY: 1707.500, DisY: 419.500, SlotAng: -30.990
[20240124_13:45:15_283] # [T22738][VisionSlotAdd][1576]New Vision Slot[0][0] Coord: 0: -4295, 7851; 1: -8377, 5407; 2: -7032, 3161; 3: -2949, 5604
[20240124_13:45:15_285] # [T22739][VisionSlotAdd][1600]vision slot [0][0], u32Weight: 18, Sum: 1299, SlotAng: -149.092, CurSlotAng: -149.010
[20240124_13:45:15_285] # [T22740][VisionSlotAddValidCheck][893]Vision slot Length: 2419,2419, Depth 4411,4411
[20240124_13:45:15_286] # [T22740][VisionSlotAdd][1521]Added Vision Slot[0][1] Num 2 OriCoord: 0: 4398, 5587; 1: 8180, 3315; 2: 6934, 1241; 3: 3152, 3513
[20240124_13:45:15_286] # [T22741][VisionSlotAdd][1522]VehCoordAndAngle: 0, 5000, ang 0.000 (0.000)
[20240124_13:45:15_286] # [T22741][VisionSlotAdd][1523]Current VehPos: 0, 5000, ang -0.000 (-0.000)
[20240124_13:45:15_286] # [T22742][VisionSlotAdd][1528]Convert Vision Slot[0][1] Coord: 0: -4398, 10587; 1: -8180, 8315; 2: -6934, 6241; 3: -3152, 8513
[20240124_13:45:15_286] # [T22742][VisionSlotAdd][1533]Old Vision Slot[0][1] Coord: 0: -4442, 10582; 1: -8201, 8323; 2: -6946, 6235; 3: -3188, 8493
[20240124_13:45:15_287] # [T22743][VisionSlotAddSlotWeightCal][1014]u32Weight: 1, CentreY: 4550.000, DisY: 3262.000, SlotAng: -30.995
[20240124_13:45:15_289] # [T22744][VisionSlotAdd][1576]New Vision Slot[0][1] Coord: 0: -4438, 10582; 1: -8199, 8322; 2: -6945, 6235; 3: -3185, 8495
[20240124_13:45:15_290] # [T22744][VisionSlotAdd][1600]vision slot [0][1], u32Weight: 1, Sum: 12, SlotAng: -149.000, CurSlotAng: -149.005
[20240124_13:45:15_290] # [T22745][VisionSlotAddValidCheck][893]Vision slot Length: 2393,2393, Depth 5047,5047
[20240124_13:45:15_290] # [T22745][VisionSlotAdd][1521]Added Vision Slot[1][0] Num 2 OriCoord: 0: -2636, 1973; 1: -7671, 2325; 2: -7838, -63; 3: -2803, -415
[20240124_13:45:15_290] # [T22746][VisionSlotAdd][1522]VehCoordAndAngle: 0, 5000, ang 0.000 (0.000)
[20240124_13:45:15_290] # [T22746][VisionSlotAdd][1523]Current VehPos: 0, 5000, ang -0.000 (-0.000)
[20240124_13:45:15_291] # [T22747][VisionSlotAdd][1528]Convert Vision Slot[1][0] Coord: 0: 2636, 6973; 1: 7671, 7325; 2: 7838, 4937; 3: 2803, 4585
[20240124_13:45:15_291] # [T22748][VisionSlotAdd][1533]Old Vision Slot[1][0] Coord: 0: 2676, 6973; 1: 7566, 7301; 2: 7723, 4966; 3: 2833, 4638
[20240124_13:45:15_292] # [T22748][VisionSlotAddSlotWeightCal][1014]u32Weight: 17, CentreY: 779.000, DisY: 509.000, SlotAng: 176.001
[20240124_13:45:15_292] # [T22749][VisionSlotAdd][1576]New Vision Slot[1][0] Coord: 0: 2675, 6973; 1: 7567, 7302; 2: 7724, 4966; 3: 2832, 4637
[20240124_13:45:15_299] # [T22749][VisionSlotAdd][1600]vision slot [1][0], u32Weight: 17, Sum: 1175, SlotAng: 3.847, CurSlotAng: 3.999
[20240124_13:45:15_344] # [T22802][UIInteractionLevel3CallBack][2867]CurL3Cmd[1]
[20240124_13:45:15_361] # [T22802][UIInteractionLevel3CallBack][2883]ApaState[3], VehSpeed[0], BreakSts[0]
[20240124_13:45:15_361] # [T22819][APAVisionOblAdd][1323]Vision Obl merge: 1
[20240124_13:45:15_361] # [T22819][APAVisionOblAdd][1326]Receive Vision Obl CrossPointCoord: 0: 2597, 9450; 1: 7509, 9708
[20240124_13:45:15_361] # [T22819][APAVisionOblInfoDebugPrint][118]VisionOblInfo:
[20240124_13:45:15_363] # [T22820][APAVisionOblInfoDebugPrint][119]OblType: 0, bIsMerge 0, DetectCount 84
[20240124_13:45:15_363] # [T22820][APAVisionOblInfoDebugPrint][122]CrossPointCoord: 0: 1038, 9268; 1: 5804, 9812
[20240124_13:45:15_364] # [T22821][APAVisionOblInfoDebugPrint][125]OriginCrossPointCoord: 0: -2597, 4450; 1: -7509, 4708
[20240124_13:45:15_364] # [T22821][APAVisionOblInfoDebugPrint][126]VehCoodAndAng: 0, 5000, ang 0.000(0.000)
[20240124_13:45:15_364] # [T22822][APAVisionOblInfoDebugPrint][127] 
[20240124_13:45:15_366] # [T22822][APAVisionOblAdd][1323]Vision Obl merge: 0
[20240124_13:45:15_366] # [T22822][APAVisionOblAdd][1326]Receive Vision Obl CrossPointCoord: 0: -8393, 5412; 1: -4283, 7882
[20240124_13:45:15_367] # [T22823][APAVisionOblInfoDebugPrint][118]VisionOblInfo:
[20240124_13:45:15_367] # [T22823][APAVisionOblInfoDebugPrint][119]OblType: 0, bIsMerge 0, DetectCount 100
[20240124_13:45:15_367] # [T22823][APAVisionOblInfoDebugPrint][122]CrossPointCoord: 0: -3072, 6159; 1: 1399, 7591
[20240124_13:45:15_367] # [T22824][APAVisionOblInfoDebugPrint][125]OriginCrossPointCoord: 0: 8393, 412; 1: 4283, 2882
[20240124_13:45:15_371] # [T22824][APAVisionOblInfoDebugPrint][126]VehCoordAndAng: 0, 5000, ang 0.000(0.000)
[20240124_13:45:15_372] # [T22825][APAVisionOblInfoDebugPrint][127] 
[20240124_13:45:15_372] # [T22825][APAVisionOblAdd][1323]Vision Obl merge: 0
[20240124_13:45:15_372] # [T22825][APAVisionOblAdd][1326]Receive Vision Obl CrossPointCoord: 0: 2728, 7019; 1: 7614, 7275
[20240124_13:45:15_372] # [T22826][APAVisionOblInfoDebugPrint][118]VisionOblInfo:
[20240124_13:45:15_372] # [T22826][APAVisionOblInfoDebugPrint][119]OblType: 0, bIsMerge 0, DetectCount 100
[20240124_13:45:15_372] # [T22827][APAVisionOblInfoDebugPrint][122]CrossPointCoord: 0: -3072, 6159; 1: 1399, 7591
[20240124_13:45:15_372] # [T22827][APAVisionOblInfoDebugPrint][125]OriginCrossPointCoord: 0: -2728, 2019; 1: -7614, 2275
[20240124_13:45:15_372] # [T22828][APAVisionOblInfoDebugPrint][126]VehCoordAndAng: 0, 5000, ang 0.000(0.000)
[20240124_13:45:15_373] # [T22828][APAVisionOblInfoDebugPrint][127] 
[20240124_13:45:15_373] # [T22828][VisionSlotAddValidCheck][893]Vision slot Length: 2403,2403, Depth 4918,4918
[20240124_13:45:15_373] # [T22829][VisionSlotAdd][1521]Added Vision Slot[1][1] Num 2 OriCoord: 0: -2597, 4450; 1: -7509, 4708; 2: -7635, 2308; 3: -2723, 2050
[20240124_13:45:15_373] # [T22830][VisionSlotAdd][1522]VehCoordAndAngle: 0, 5000, ang 0.000 (0.000)
[20240124_13:45:15_373] # [T22830][VisionSlotAdd][1523]Current VehPos: 0, 5000, ang -0.000 (-0.000)
[20240124_13:45:15_376] # [T22830][VisionSlotAdd][1528]Convert Vision Slot[1][1] Coord: 0: 2597, 9450; 1: 7509, 9708; 2: 7635, 7308; 3: 2723, 7050
[20240124_13:45:15_376] # [T22831][VisionSlotAdd][1533]Old Vision Slot[1][1] Coord: 0: 2578, 9422; 1: 7514, 9680; 2: 7640, 7277; 3: 2704, 7019
[20240124_13:45:15_376] # [T22832][VisionSlotAddSlotWeightCal][1014]u32Weight: 1, CentreY: 3250.000, DisY: 1962.000, SlotAng: 176.993
[20240124_13:45:15_376] # [T22832][VisionSlotAdd][1576]New Vision Slot[1][1] Coord: 0: 2578, 9422; 1: 7514, 9681; 2: 7640, 7278; 3: 2704, 7019
[20240124_13:45:15_377] # [T22833][VisionSlotAdd][1600]vision slot [1][1], u32Weight: 1, Sum: 80, SlotAng: 3.000, CurSlotAng: 3.007
[20240124_13:45:15_377] # [T22834][VisionSlotAddValidCheck][893]Vision slot Length: 2628,2626, Depth 4795,4794
[20240124_13:45:15_379] # [T22834][VisionSlotAdd][1521]Added Vision Slot[0][0] Num 2 OriCoord: 0: 4283, 2882; 1: 8393, 412; 2: 7040, -1839; 3: 2930, 629
[20240124_13:45:15_379] # [T22835][VisionSlotAdd][1522]VehCoordAndAngle: 0, 5000, ang 0.000 (0.000)
[20240124_13:45:15_379] # [T22835][VisionSlotAdd][1523]Current VehPos: 0, 5000, ang -0.000 (-0.000)
[20240124_13:45:15_380] # [T22836][VisionSlotAdd][1528]Convert Vision Slot[0][0] Coord: 0: -4283, 7882; 1: -8393, 5412; 2: -7040, 3161; 3: -2930, 5629
[20240124_13:45:15_380] # [T22836][VisionSlotAdd][1533]Old Vision Slot[0][0] Coord: 0: -4295, 7851; 1: -8377, 5407; 2: -7032, 3161; 3: -2949, 5604
[20240124_13:45:15_382] # [T22837][VisionSlotAddSlotWeightCal][1014]u32Weight: 18, CentreY: 1755.500, DisY: 467.500, SlotAng: -30.994
[20240124_13:45:15_383] # [T22838][VisionSlotAdd][1576]New Vision Slot[0][0] Coord: 0: -4295, 7852; 1: -8377, 5407; 2: -7032, 3161; 3: -2949, 5605
[20240124_13:45:15_383] # [T22838][VisionSlotAdd][1600]vision slot [0][0], u32Weight: 18, Sum: 1317, SlotAng: -149.090, CurSlotAng: -149.006
[20240124_13:45:15_383] # [T22839][VisionSlotAddValidCheck][893]Vision slot Length: 2365,2365, Depth 4892,4891
[20240124_13:45:15_383] # [T22839][VisionSlotAdd][1521]Added Vision Slot[1][0] Num 2 OriCoord: 0: -2728, 2019; 1: -7614, 2275; 2: -7737, -87; 3: -2852, -343
[20240124_13:45:15_384] # [T22840][VisionSlotAdd][1522]VehCoodAndAngle: 0, 5000, ang 0.000 (0.000)
[20240124_13:45:15_384] # [T22840][VisionSlotAdd][1523]Current VehPos: 0, 5000, ang -0.000 (-0.000)
[20240124_13:45:15_385] # [T22841][VisionSlotAdd][1528]Convert Vision Slot[1][0] Coord: 0: 2728, 7019; 1: 7614, 7275; 2: 7737, 4913; 3: 2852, 4657
[20240124_13:45:15_386] # [T22842][VisionSlotAdd][1533]Old Vision Slot[1][0] Coord: 0: 2675, 6973; 1: 7567, 7302; 2: 7724, 4966; 3: 2832, 4637
[20240124_13:45:15_386] # [T22842][VisionSlotAddSlotWeightCal][1014]u32Weight: 18, CentreY: 838.000, DisY: 450.000, SlotAng: 177.000
[20240124_13:45:15_386] # [T22843][VisionSlotAdd][1576]New Vision Slot[1][0] Coord: 0: 2676, 6974; 1: 7568, 7301; 2: 7725, 4965; 3: 2833, 4637
[20240124_13:45:15_393] # [T22843][VisionSlotAdd][1600]vision slot [1][0], u32Weight: 18, Sum: 1193, SlotAng: 3.835, CurSlotAng: 3.000
[20240124_13:45:15_443] # [T22900][VisionSlotAddValidCheck][893]Vision slot Length: 2587,2586, Depth 4752,4752
[20240124_13:45:15_443] # [T22900][VisionSlotAdd][1521]Added Vision Slot[0][0] Num 2 OriCoord: 0: 4293, 2818; 1: 8367, 370; 2: 7035, -1847; 3: 2961, 600
[20240124_13:45:15_444] # [T22901][VisionSlotAdd][1522]VehCoordAndAngle: 0, 5000, ang 0.000 (0.000)
[20240124_13:45:15_444] # [T22901][VisionSlotAdd][1523]Current VehPos: 0, 5000, ang -0.000 (-0.000)
[20240124_13:45:15_445] # [T22901][VisionSlotAdd][1528]Convert Vision Slot[0][0] Coord: 0: -4293, 7818; 1: -8367, 5370; 2: -7035, 3153; 3: -2961, 5600
[20240124_13:45:15_445] # [T22902][VisionSlotAdd][1533]Old Vision Slot[0][0] Coord: 0: -4295, 7852; 1: -8377, 5407; 2: -7032, 3161; 3: -2949, 5605
[20240124_13:45:15_446] # [T22903][VisionSlotAddSlotWeightCal][1014]u32Weight: 18, CentreY: 1709.000, DisY: 421.000, SlotAng: -30.996
[20240124_13:45:15_448] # [T22903][VisionSlotAdd][1576]New Vision Slot[0][0] Coord: 0: -4295, 7851; 1: -8377, 5406; 2: -7032, 3161; 3: -2949, 5605
[20240124_13:45:15_448] # [T22904][VisionSlotAdd][1600]vision slot [0][0], u32Weight: 18, Sum: 1335, SlotAng: -149.089, CurSlotAng: -149.004
[20240124_13:45:15_448] # [T22905][VisionSlotAddValidCheck][893]Vision slot Length: 2399,2399, Depth 4977,4977
[20240124_13:45:15_449] # [T22905][VisionSlotAdd][1521]Added Vision Slot[1][1] Num 2 OriCoord: 0: -2589, 4402; 1: -7560, 4662; 2: -7686, 2266; 3: -2715, 2006
[20240124_13:45:15_449] # [T22906][VisionSlotAdd][1522]VehCoordAndAngle: 0, 5000, ang 0.000 (0.000)
[20240124_13:45:15_451] # [T22906][VisionSlotAdd][1523]Current VehPos: 0, 5000, ang -0.000 (-0.000)
[20240124_13:45:15_451] # [T22907][VisionSlotAdd][1528]Convert Vision Slot[1][1] Coord: 0: 2589, 9402; 1: 7560, 9662; 2: 7686, 7266; 3: 2715, 7006
[20240124_13:45:15_451] # [T22907][VisionSlotAdd][1533]Old Vision Slot[1][1] Coord: 0: 2578, 9422; 1: 7514, 9681; 2: 7640, 7278; 3: 2704, 7019
[20240124_13:45:15_451] # [T22908][VisionSlotAddSlotWeightCal][1014]u32Weight: 1, CentreY: 3204.000, DisY: 1916.000, SlotAng: 177.006
[20240124_13:45:15_454] # [T22909][VisionSlotAdd][1576]New Vision Slot[1][1] Coord: 0: 2578, 9422; 1: 7514, 9680; 2: 7640, 7277; 3: 2704, 7019
[20240124_13:45:15_455] # [T22909][VisionSlotAdd][1600]vision slot [1][1], u32Weight: 1, Sum: 81, SlotAng: 2.999, CurSlotAng: 2.994
[20240124_13:45:15_455] # [T22910][VisionSlotAddValidCheck][893]Vision slot Length: 2339,2339, Depth 4945,4945
[20240124_13:45:15_455] # [T22910][VisionSlotAdd][1521]Added Vision Slot[1][0] Num 2 OriCoord: 0: -2662, 1976; 1: -7595, 2321; 2: -7758, -13; 3: -2825, -358
[20240124_13:45:15_455] # [T22911][VisionSlotAdd][1522]VehCoordAndAngle: 0, 5000, ang 0.000 (0.000)
[20240124_13:45:15_456] # [T22911][VisionSlotAdd][1523]Current VehPos: 0, 5000, ang -0.000 (-0.000)
[20240124_13:45:15_456] # [T22912][VisionSlotAdd][1528]Convert Vision Slot[1][0] Coord: 0: 2662, 6976; 1: 7595, 7321; 2: 7758, 4987; 3: 2825, 4642
[20240124_13:45:15_458] # [T22913][VisionSlotAdd][1533]Old Vision Slot[1][0] Coord: 0: 2676, 6974; 1: 7568, 7301; 2: 7725, 4965; 3: 2833, 4637
[20240124_13:45:15_458] # [T22913][VisionSlotAddSlotWeightCal][1014]u32Weight: 17, CentreY: 809.000, DisY: 479.000, SlotAng: 175.999
[20240124_13:45:15_458] # [T22914][VisionSlotAdd][1576]New Vision Slot[1][0] Coord: 0: 2676, 6974; 1: 7568, 7302; 2: 7725, 4966; 3: 2832, 4637
[20240124_13:45:15_459] # [T22914][VisionSlotAdd][1600]vision slot [1][0], u32Weight: 17, Sum: 1210, SlotAng: 3.837, CurSlotAng: 4.001
[20240124_13:45:15_459] # [T22915][VisionSlotAddValidCheck][893]Vision slot Length: 2446,2446, Depth 4368,4368
[20240124_13:45:15_459] # [T22916][VisionSlotAdd][1521]Added Vision Slot[0][1] Num 2 OriCoord: 0: 4439, 5585; 1: 8183, 3335; 2: 6922, 1238; 3: 3178, 3488
[20240124_13:45:15_461] # [T22916][VisionSlotAdd][1522]VehCoordAndAngle: 0, 5000, ang 0.000 (0.000)
[20240124_13:45:15_461] # [T22917][VisionSlotAdd][1523]Current VehPos: 0, 5000, ang -0.000 (-0.000)
[20240124_13:45:15_461] # [T22917][VisionSlotAdd][1528]Convert Vision Slot[0][1] Coord: 0: -4439, 10585; 1: -8183, 8335; 2: -6922, 6238; 3: -3178, 8488
[20240124_13:45:15_462] # [T22918][VisionSlotAdd][1533]Old Vision Slot[0][1] Coord: 0: -4438, 10582; 1: -8199, 8322; 2: -6945, 6235; 3: -3185, 8495
[20240124_13:45:15_462] # [T22918][VisionSlotAddSlotWeightCal][1014]u32Weight: 1, CentreY: 4536.500, DisY: 3248.500, SlotAng: -31.004
[20240124_13:45:15_463] # [T22919][VisionSlotAdd][1576]New Vision Slot[0][1] Coord: 0: -4438, 10582; 1: -8198, 8323; 2: -6943, 6236; 3: -3184, 8494
[20240124_13:45:15_464] # [T22920][VisionSlotAdd][1600]vision slot [0][1], u32Weight: 1, Sum: 13, SlotAng: -149.000, CurSlotAng: -148.996
[20240124_13:45:15_465] # [T22921][APAVisionOblAdd][1323]Vision Obl merge: 0
[20240124_13:45:15_465] # [T22921][APAVisionOblAdd][1326]Receive Vision Obl CrossPointCoord: 0: -8367, 5370; 1: -4293, 7818
[20240124_13:45:15_465] # [T22922][APAVisionOblInfoDebugPrint][118]VisionOblInfo:
[20240124_13:45:15_465] # [T22922][APAVisionOblInfoDebugPrint][119]OblType: 0, bIsMerge 0, DetectCount 100
[20240124_13:45:15_465] # [T22923][APAVisionOblInfoDebugPrint][122]CrossPointCoord: 0: -3072, 6159; 1: 1399, 7591
[20240124_13:45:15_470] # [T22923][APAVisionOblInfoDebugPrint][125]OriginCrossPointCoord: 0: 8367, 370; 1: 4293, 2818
[20240124_13:45:15_470] # [T22924][APAVisionOblInfoDebugPrint][126]VehCoordAndAng: 0, 5000, ang 0.000(0.000)
[20240124_13:45:15_470] # [T22924][APAVisionOblInfoDebugPrint][127] 
[20240124_13:45:15_470] # [T22925][APAVisionOblAdd][1323]Vision Obl merge: 1
[20240124_13:45:15_470] # [T22925][APAVisionOblAdd][1326]Receive Vision Obl CrossPointCoord: 0: 2589, 9402; 1: 7560, 9662
[20240124_13:45:15_470] # [T22925][APAVisionOblInfoDebugPrint][118]VisionOblInfo:
[20240124_13:45:15_471] # [T22926][APAVisionOblInfoDebugPrint][119]OblType: 0, bIsMerge 0, DetectCount 85
[20240124_13:45:15_471] # [T22926][APAVisionOblInfoDebugPrint][122]CrossPointCoord: 0: 1057, 9269; 1: 5825, 9810
[20240124_13:45:15_471] # [T22927][APAVisionOblInfoDebugPrint][125]OriginCrossPointCoord: 0: -2589, 4402; 1: -7560, 4662
[20240124_13:45:15_471] # [T22927][APAVisionOblInfoDebugPrint][126]VehCoordAndAng: 0, 5000, ang 0.000(0.000)
[20240124_13:45:15_473] # [T22928][APAVisionOblInfoDebugPrint][127] 
[20240124_13:45:15_474] # [T22928][APAVisionOblAdd][1323]Vision Obl merge: 0
[20240124_13:45:15_474] # [T22928][APAVisionOblAdd][1326]Receive Vision Obl CrossPointCoord: 0: 2662, 6976; 1: 7595, 7321
[20240124_13:45:15_474] # [T22929][APAVisionOblInfoDebugPrint][118]VisionOblInfo:
[20240124_13:45:15_474] # [T22929][APAVisionOblInfoDebugPrint][119]OblType: 0, bIsMerge 0, DetectCount 100
[20240124_13:45:15_475] # [T22929][APAVisionOblInfoDebugPrint][122]CrossPointCoord: 0: -3072, 6159; 1: 1399, 7591
[20240124_13:45:15_475] # [T22930][APAVisionOblInfoDebugPrint][125]OriginCrossPointCoord: 0: -2662, 1976; 1: -7595, 2321
[20240124_13:45:15_475] # [T22930][APAVisionOblInfoDebugPrint][126]VehCoordAndAng: 0, 5000, ang 0.000(0.000)
[20240124_13:45:15_475] # [T22931][APAVisionOblInfoDebugPrint][127] 
[20240124_13:45:15_475] # [T22931][APAVisionOblAdd][1323]Vision Obl merge: 1
[20240124_13:45:15_475] # [T22931][APAVisionOblAdd][1326]Receive Vision Obl CrossPointCoord: 0: -8183, 8335; 1: -4439, 10585
[20240124_13:45:15_477] # [T22932][APAVisionOblInfoDebugPrint][118]VisionOblInfo:
[20240124_13:45:15_477] # [T22932][APAVisionOblInfoDebugPrint][119]OblType: 0, bIsMerge 0, DetectCount 86
[20240124_13:45:15_477] # [T22933][APAVisionOblInfoDebugPrint][122]CrossPointCoord: 0: 949, 9258; 1: 5706, 9819
[20240124_13:45:15_477] # [T22933][APAVisionOblInfoDebugPrint][125]OriginCrossPointCoord: 0: 8183, 3335; 1: 4439, 5585
[20240124_13:45:15_485] # [T22934][APAVisionOblInfoDebugPrint][126]VehCoordAndAng: 0, 5000, ang 0.000(0.000)
[20240124_13:45:15_485] # [T22934][APAVisionOblInfoDebugPrint][127] 
[20240124_13:45:15_534] #   22986-task_radar-118: RadarCaptureCnt is 109 
[20240124_13:45:15_534] # 
[20240124_13:45:15_534] # [T22990][VisionSlotAddValidCheck][893]Vision slot Length: 2415,2416, Depth 4911,4911
[20240124_13:45:15_534] # [T22990][VisionSlotAdd][1521]Added Vision Slot[1][1] Num 2 OriCoord: 0: -2598, 4420; 1: -7503, 4678; 2: -7629, 2265; 3: -2724, 2008
[20240124_13:45:15_534] # [T22991][VisionSlotAdd][1522]VehCoordAndAngle: 0, 5000, ang 0.000 (0.000)
[20240124_13:45:15_534] # [T22991][VisionSlotAdd][1523]Current VehPos: 0, 5000, ang -0.000 (-0.000)
[20240124_13:45:15_536] # [T22991][VisionSlotAdd][1528]Convert Vision Slot[1][1] Coord: 0: 2598, 9420; 1: 7503, 9678; 2: 7629, 7265; 3: 2724, 7008
[20240124_13:45:15_536] # [T22992][VisionSlotAdd][1533]Old Vision Slot[1][1] Coord: 0: 2578, 9422; 1: 7514, 9680; 2:7640, 7277; 3: 2704, 7019
[20240124_13:45:15_536] # [T22993][VisionSlotAddSlotWeightCal][1014]u32Weight: 1, CentreY: 3214.000, DisY: 1926.000, SlotAng: 176.995
[20240124_13:45:15_536] # [T22993][VisionSlotAdd][1576]New Vision Slot[1][1] Coord: 0: 2579, 9422; 1: 7514, 9680; 2: 7640, 7277; 3: 2705, 7019
[20240124_13:45:15_538] # [T22994][VisionSlotAdd][1600]vision slot [1][1], u32Weight: 1, Sum: 82, SlotAng: 3.000, CurSlotAng: 3.005
[20240124_13:45:15_538] # [T22995][VisionSlotAddValidCheck][893]Vision slot Length: 2583,2582, Depth 4882,4882
[20240124_13:45:15_538] # [T22995][VisionSlotAdd][1521]Added Vision Slot[0][0] Num 2 OriCoord: 0: 4254, 2859; 1: 8439, 344; 2: 7108, -1869; 3: 2923, 645
[20240124_13:45:15_540] # [T22996][VisionSlotAdd][1522]VehCoordAndAngle: 0, 5000, ang 0.000 (0.000)
[20240124_13:45:15_540] # [T22996][VisionSlotAdd][1523]Current VehPos: 0, 5000, ang -0.000 (-0.000)
[20240124_13:45:15_540] # [T22997][VisionSlotAdd][1528]Convert Vision Slot[0][0] Coord: 0: -4254, 7859; 1: -8439, 5344; 2: -7108, 3131; 3: -2923, 5645
[20240124_13:45:15_541] # [T22997][VisionSlotAdd][1533]Old Vision Slot[0][0] Coord: 0: -4295, 7851; 1: -8377, 5406; 2: -7032, 3161; 3: -2949, 5605
[20240124_13:45:15_543] # [T22998][VisionSlotAddSlotWeightCal][1014]u32Weight: 18, CentreY: 1752.000, DisY: 464.000, SlotAng: -30.999
[20240124_13:45:15_543] # [T22999][VisionSlotAdd][1576]New Vision Slot[0][0] Coord: 0: -4294, 7851; 1: -8378, 5406; 2: -7033, 3160; 3: -2949, 5605
[20240124_13:45:15_543] # [T22999][VisionSlotAdd][1600]vision slot [0][0], u32Weight: 18, Sum: 1353, SlotAng: -149.088, CurSlotAng: -149.001
[20240124_13:45:15_544] # [T23000][VisionSlotAddValidCheck][893]Vision slot Length: 2341,2341, Depth 4918,4917
[20240124_13:45:15_544] # [T23000][VisionSlotAdd][1521]Added Vision Slot[1][0] Num 2 OriCoord: 0: -2686, 1957; 1: -7593, 2300; 2: -7756, -36; 3: -2850, -379
[20240124_13:45:15_547] # [T23001][VisionSlotAdd][1522]VehCoordAndAngle: 0, 5000, ang 0.000 (0.000)
[20240124_13:45:15_548] # [T23002][VisionSlotAdd][1523]Current VehPos: 0, 5000, ang -0.000 (-0.000)
[20240124_13:45:15_548] # [T23002][VisionSlotAdd][1528]Convert Vision Slot[1][0] Coord: 0: 2686, 6957; 1: 7593, 7300; 2: 7756, 4964; 3: 2850, 4621
[20240124_13:45:15_549] # [T23003][VisionSlotAdd][1533]Old Vision Slot[1][0] Coord: 0: 2676, 6974; 1: 7568, 7302; 2: 7725, 4966; 3: 2832, 4637
[20240124_13:45:15_549] # [T23003][VisionSlotAddSlotWeightCal][1014]u32Weight: 17, CentreY: 789.000, DisY: 499.000, SlotAng: 176.001
[20240124_13:45:15_549] # [T23004][VisionSlotAdd][1576]New Vision Slot[1][0] Coord: 0: 2676, 6973; 1: 7569, 7302; 2: 7726, 4966; 3: 2833, 4637
[20240124_13:45:15_550] # [T23004][VisionSlotAdd][1600]vision slot [1][0], u32Weight: 17, Sum: 1227, SlotAng: 3.839, CurSlotAng: 3.999
[20240124_13:45:15_552] # [T23005][VisionSlotAddValidCheck][893]Vision slot Length: 2441,2441, Depth 4386,4387
[20240124_13:45:15_552] # [T23006][VisionSlotAdd][1521]Added Vision Slot[0][1] Num 2 OriCoord: 0: 4435, 5585; 1: 8195, 3326; 2: 6938, 1233; 3: 3177, 3492
[20240124_13:45:15_552] # [T23006][VisionSlotAdd][1522]VehCoordAndAngle: 0, 5000, ang 0.000 (0.000)
[20240124_13:45:15_552] # [T23007][VisionSlotAdd][1523]Current VehPos: 0, 5000, ang -0.000 (-0.000)
[20240124_13:45:15_553] # [T23007][VisionSlotAdd][1528]Convert Vision Slot[0][1] Coord: 0: -4435, 10585; 1: -8195, 8326; 2: -6938, 6233; 3: -3177, 8492
[20240124_13:45:15_553] # [T23008][VisionSlotAdd][1533]Old Vision Slot[0][1] Coord: 0: -4438, 10582; 1: -8198, 8323; 2: -6943, 6236; 3: -3184, 8494
[20240124_13:45:15_553] # [T23009][VisionSlotAddSlotWeightCal][1014]u32Weight: 1, CentreY: 4538.500, DisY: 3250.500, SlotAng: -30.994
[20240124_13:45:15_556] # [T23009][VisionSlotAdd][1576]New Vision Slot[0][1] Coord: 0: -4438, 10582; 1: -8198, 8323; 2: -6943, 6235; 3: -3184, 8494
[20240124_13:45:15_556] # [T23010][VisionSlotAdd][1600]vision slot [0][1], u32Weight: 1, Sum: 14, SlotAng: -149.000, CurSlotAng: -149.006
[20240124_13:45:15_556] # [T23011][APAVisionOblAdd][1323]Vision Obl merge: 1
[20240124_13:45:15_559] # [T23011][APAVisionOblAdd][1326]Receive Vision Obl CrossPointCoord: 0: 2598, 9420; 1: 7503, 9678
[20240124_13:45:15_559] # [T23011][APAVisionOblInfoDebugPrint][118]VisionOblInfo:
[20240124_13:45:15_559] # [T23012][APAVisionOblInfoDebugPrint][119]OblType: 0, bIsMerge 0, DetectCount 87
[20240124_13:45:15_560] # [T23012][APAVisionOblInfoDebugPrint][122]CrossPointCoord: 0: 968, 9260; 1: 5726, 9818
[20240124_13:45:15_560] # [T23013][APAVisionOblInfoDebugPrint][125]OriginCrossPointCoord: 0: -2598, 4420; 1: -7503, 4678
[20240124_13:45:15_560] # [T23013][APAVisionOblInfoDebugPrint][126]VehCoordAndAng: 0, 5000, ang 0.000(0.000)
[20240124_13:45:15_560] # [T23014][APAVisionOblInfoDebugPrint][127] 
[20240124_13:45:15_562] # [T23014][APAVisionOblAdd][1323]Vision Obl merge: 0
[20240124_13:45:15_562] # [T23014][APAVisionOblAdd][1326]Receive Vision Obl CrossPointCoord: 0: -8439, 5344; 1: -4254, 7859
[20240124_13:45:15_562] # [T23015][APAVisionOblInfoDebugPrint][118]VisionOblInfo:
[20240124_13:45:15_562] # [T23015][APAVisionOblInfoDebugPrint][119]OblType: 0, bIsMerge 0, DetectCount 100
[20240124_13:45:15_563] # [T23016][APAVisionOblInfoDebugPrint][122]CrossPointCoord: 0: -3072, 6159; 1: 1399, 7591
[20240124_13:45:15_563] # [T23016][APAVisionOblInfoDebugPrint][125]OriginCrossPointCoord: 0: 8439, 344; 1: 4254, 2859
[20240124_13:45:15_563] # [T23017][APAVisionOblInfoDebugPrint][126]VehCoordAndAng: 0, 5000, ang 0.000(0.000)
[20240124_13:45:15_563] # [T23017][APAVisionOblInfoDebugPrint][127] 
[20240124_13:45:15_563] # [T23017][APAVisionOblAdd][1323]Vision Obl merge: 0
[20240124_13:45:15_563] # [T23018][APAVisionOblAdd][1326]Receive Vision Obl CrossPointCoord: 0: 2686, 6957; 1: 7593, 7300
[20240124_13:45:15_563] # [T23018][APAVisionOblInfoDebugPrint][118]VisionOblInfo:
[20240124_13:45:15_564] # [T23018][APAVisionOblInfoDebugPrint][119]OblType: 0, bIsMerge 0, DetectCount 100
[20240124_13:45:15_564] # [T23019][APAVisionOblInfoDebugPrint][122]CrossPointCoord: 0: -3072, 6159; 1: 1399, 7591
[20240124_13:45:15_564] # [T23019][APAVisionOblInfoDebugPrint][125]OriginCrossPointCoord: 0: -2686, 1957; 1: -7593, 2300
[20240124_13:45:15_564] # [T23020][APAVisionOblInfoDebugPrint][126]VehCoordAndAng: 0, 5000, ang 0.000(0.000)
[20240124_13:45:15_566] # [T23020][APAVisionOblInfoDebugPrint][127] 
[20240124_13:45:15_566] # [T23021][APAVisionOblAdd][1323]Vision Obl merge: 1
[20240124_13:45:15_566] # [T23021][APAVisionOblAdd][1326]Receive Vision Obl CrossPointCoord: 0: -8195, 8326; 1: -4435, 10585
[20240124_13:45:15_566] # [T23021][APAVisionOblInfoDebugPrint][118]VisionOblInfo:
[20240124_13:45:15_566] # [T23022][APAVisionOblInfoDebugPrint][119]OblType: 0, bIsMerge 0, DetectCount 88
[20240124_13:45:15_566] # [T23022][APAVisionOblInfoDebugPrint][122]CrossPointCoord: 0: 864, 9250; 1: 5611, 9826
[20240124_13:45:15_567] # [T23023][APAVisionOblInfoDebugPrint][125]OriginCrossPointCoord: 0: 8195, 3326; 1: 4435, 5585
[20240124_13:45:15_579] # [T23023][APAVisionOblInfoDebugPrint][126]VehCoordAndAng: 0, 5000, ang 0.000(0.000)
[20240124_13:45:15_580] # [T23024][APAVisionOblInfoDebugPrint][127] 
[20240124_13:45:15_617] # [T23071][APAVisionOblAdd][1323]Vision Obl merge: 1
[20240124_13:45:15_617] # [T23071][APAVisionOblAdd][1326]Receive Vision Obl CrossPointCoord: 0: 2617, 9407; 1: 7506, 9663
[20240124_13:45:15_617] # [T23071][APAVisionOblInfoDebugPrint][118]VisionOblInfo:
[20240124_13:45:15_617] # [T23072][APAVisionOblInfoDebugPrint][119]OblType: 0, bIsMerge 0, DetectCount 89
[20240124_13:45:15_617] # [T23072][APAVisionOblInfoDebugPrint][12]CrossPointCoord: 0: 884, 9251; 1: 5632, 9825
[20240124_13:45:15_618] # [T23072][APAVisionOblInfoDebugPrint][125]OriginCrossPointCoord: 0: -2617, 4407; 1: -7506, 4663
[20240124_13:45:15_618] # [T23073][APAVisionOblInfoDebugPrint][126]VehCoordAndAng: 0, 5000, ang 0.000(0.000)
[20240124_13:45:15_618] # [T23073][APAVisionOblInfoDebugPrint][127] 
[20240124_13:45:15_618] # [T23074][APAVisionOblAdd][1323]Vision Obl merge: 0
[20240124_13:45:15_619] # [T23074][APAVisionOblAdd][1326]Receive Vision Obl CrossPointCoord: 0: -8383, 5456; 1: -4278, 7826
[20240124_13:45:15_619] # [T23075][APAVisionOblInfoDebugPrint][118]VisionOblInfo:
[20240124_13:45:15_619] # [T23075][APAVisionOblInfoDebugPrint][119]OblType: 0, bIsMerge 0, DetectCount 100
[20240124_13:45:15_620] # [T23075][APAVisionOblInfoDebugPrint][122]CrossPointCoord: 0: -3072, 6159; 1: 1399, 7591
[20240124_13:45:15_620] # [T23076][APAVisionOblInfoDebugPrint][125]OriginCrossPointCoord: 0: 8383, 456; 1: 4278, 2826
[20240124_13:45:15_620] # [T23076][APAVisionOblInfoDebugPrint][126]VehCoordAndAng: 0, 5000, ang 0.000(0.000)
[20240124_13:45:15_620] # [T23077][APAVisionOblInfoDebugPrint][127] 
[20240124_13:45:15_621] # [T23077][APAVisionOblAdd[1323]Vision Obl merge: 0
[20240124_13:45:15_621] # [T23077][APAVisionOblAdd][1326]Receive ision Obl CrossPointCoord: 0: 2741, 7000; 1: 7594, 7254
[20240124_13:45:15_621] # [T23078][APAVisionOblInfoDebugPrint][118]VisionOblInfo:
[20240124_13:45:15_622] # [T23078][APAVisionOblInfoDebugPrint][119]OblType: 0, bIsMerge 0, DetectCount 100
[20240124_13:45:15_625] # [T23079][APAVisionOblInfoDebugPrint][122]CrossPointCoord: 0: -3072, 6159; 1: 1399, 7591
[20240124_13:45:15_625] # [T23079][APAVisionOblInfoDebugPrint][125]OriginCrossPointCoord: 0: -2741, 2000; 1: -7594, 2254
[20240124_13:45:15_626] # [T23080][APAVisionOblInfoDebugPrint][126]VehCoordAndAng: 0, 5000, ang 0.000(0.000)
[20240124_13:45:15_626] # [T23080][APAVisionOblInfoDebugPrint][127] 
[20240124_13:45:15_626] # [T23080][APAVisionOblAdd][1323]Vision Obl merge: 1
[20240124_13:45:15_626] # [T23081][APAVisionOblAdd][1326]Receive Vision Obl CrossPointCoord: 0: -8300, 8291; 1: -4526, 10558
[20240124_13:45:15_626] # [T23081][APAVisionOblInfoDebugPrint][118]VisionOblInfo:
[20240124_13:45:15_626] # [T23081][APAVisionOblInfoDebugPrint][119]OblType: 0, bIsMerge 0, DetectCount 90
[20240124_13:45:15_627] # [T23082][APAVisionOblInfoDebugPrint][122]CrossPointCoord: 0: 782, 9241; 1: 5519, 9833
[20240124_13:45:15_627] # [T23082][APAVisionOblInfoDebugPrint][125]OriginCrossPointCoord: 0: 8300, 3291; 1: 4526, 5558
[20240124_13:45:15_627] # [T23083][APAVisionOblInfoDebugPrint][126]VehCoordAndAng: 0, 5000, ang 0.000(0.000)
[20240124_13:45:15_627] # [T23083][APAVisionOblInfoDebugPrint][127] 
[20240124_13:45:15_629] # [T23084][VisionSlotAddValidCheck][893]Vision slot Length: 2365,2365, Depth 4895,4895
[20240124_13:45:15_629] # [T23084][VisionSlotAdd][1521]Added Vision Slot[1][1] Num 2 OriCoord: 0: -2617, 4407; 1: -7506, 4663; 2: -7630, 2301; 3: -2741, 2045
[20240124_13:45:15_629] # [T23085][VisionSlotAdd][1522]VehCoordAndAngle: 0, 5000, ang 0.000 (0.000)
[20240124_13:45:15_630] # [T23085][VisionSlotAdd][1523]Current VehPos: 0, 5000, ang -0.000 (-0.000)
[20240124_13:45:15_630] # [T23086][VisionSlotAdd][1528]Convert Vision Slot[1][1] Coord: 0: 2617, 9407; 1: 7506, 9663; 2: 7630, 7301; 3: 2741, 7045
[20240124_13:45:15_630] # [T23086][VisionSlotAdd][1533]Old Vision Slot[1][1] Coord: 0: 2579, 9422; 1: 7514, 9680; 2: 7640, 7277; 3: 2705, 7019
[20240124_13:45:15_630] # [T23087][VisionSlotAddSlotWeightCal][1014]u32Weight: 1, CentreY: 3226.000, DisY: 1938.000, SlotAng: 177.003
[20240124_13:45:15_633] # [T23088][VisionSlotAdd][1576]New Vision Slot[1][1] Coord: 0: 2579, 9421; 1: 7514, 9680; 2: 7640, 7278; 3: 2705, 7019
[20240124_13:45:15_633] # [T23088][VisionSlotAdd][1600]vision slot [1][1], u32Weight: 1, Sum: 83, SlotAng: 3.000, CurSlotAng: 2.997
[20240124_13:45:15_633] # [T23089][VisionSlotAddValidCheck][893]Vision slot Length: 2617,2616, Depth 4740,4739
[20240124_13:45:15_633] # [T23089][VisionSlotAdd][1521]Added Vision Slot[0][0] Num 2 OriCoord: 0: 4278, 2826; 1: 8383, 456; 2: 7074, -1809; 3: 2969, 559
[20240124_13:45:15_634] # [T23090][VisionSlotAdd][1522]VehCoordAndAngle: 0, 5000, ang 0.000 (0.000)
[20240124_13:45:15_634] # [T23090][VisionSlotAdd][1523]Current VehPos: 0, 5000, ang -0.000 (-0.000)
[20240124_13:45:15_637] # [T23091][VisionSlotAdd][1528]Convert Vision Slot[0][0] Coord: 0: -4278, 7826; 1: -8383, 5456; 2: -7074, 3191; 3: -2969, 5559
[20240124_13:45:15_637] # [T23092][VisionSlotAdd][1533]Old Vision Slot[0][0] Coord: 0: -4294, 7851; 1: -8378, 5406; 2: -7033, 3160; 3: -2949, 5605
[20240124_13:45:15_637] # [T23092][VisionSlotAddSlotWeightCal][1014]u32Weight: 18, CentreY: 1692.500, DisY: 404.500, SlotAng: -29.989
[20240124_13:45:15_638] # [T23093][VisionSlotAdd][1576]New Vision Slot[0][0] Coord: 0: -4294, 7851; 1: -8378, 5406; 2: -7033, 3161; 3: -2949, 5605
[20240124_13:45:15_638] # [T23094][VisionSlotAdd][1600]vision slot [0][0], u32Weight: 18, Sum: 1371, SlotAng: -149.100, CurSlotAng: -150.011
[20240124_13:45:15_638] # [T23094][VisionSlotAddValidCheck][893]Vision slot Length: 2329,2329, Depth 4859,4858
[20240124_13:45:15_640] # [T23095][VisionSlotAdd][1521]Added Vision Slot[1][0] Num 2 OriCoord: 0: -2741, 2000; 1: -7594, 2254; 2: -7715, -72; 3: -2863, -326
[20240124_13:45:15_640] # [T23095][VisionSlotAdd][1522]VehCoordAndAngle: 0, 5000, ang 0.000 (0.000)
[20240124_13:45:15_640] # [T23096][VisionSlotAdd][1523]Current VehPos: 0, 5000, ang -0.000 (-0.000)
[20240124_13:45:15_640] # [T23096][VisionSlotAdd][1528]Convert Vision Slot[1][0] Coord: 0: 2741, 7000;1: 7594, 7254; 2: 7715, 4928; 3: 2863, 4674
[20240124_13:45:15_641] # [T23097][VisionSlotAdd][1533]Old Vision Slot[1][0] Coord: 0: 2676, 6973; 1: 7569, 7302; 2: 7726, 4966; 3: 2833, 4637
[20240124_13:45:15_641] # [T23098][VisionSlotAddSlotWeightCal][1014]u32Weight: 18, CentreY: 837.000, DisY: 451.000, SlotAng: 177.004
[20240124_13:45:15_642] # [T23098][VisionSlotAdd][1576]New Vision Slot[1][0] Coord: 0: 2677, 6974; 1: 7569, 7301; 2: 7725, 4965; 3: 2833, 4638
[20240124_13:45:15_643] # [T23099][VisionSlotAdd][1600]vision slot [1][0], u32Weight: 18, Sum: 1245, SlotAng: 3.827, CurSlotAng: 2.996
[20240124_13:45:15_643] # [T23099][VisionSlotAddValidCheck][893]Vision slot Length: 2465,2465, Depth 4402,4402
[20240124_13:45:15_643] # [T23100][VisionSlotAdd][1521]Added Vision Slot[0][1] Num 2 OriCoord: 0: 4526, 5558; 1: 8300, 3291; 2: 7030, 1178; 3: 3256, 3445
[20240124_13:45:15_646] # [T23101][VisionSlotAdd][1522]VehCoordAndAngle: 0, 5000, ang 0.000 (0.000)
[20240124_13:45:15_648] # [T23101][VisionSlotAdd][1523]Current VehPos: 0, 5000, ang -0.000 (-0.000)
[20240124_13:45:15_651] # [T23101][VisionSlotAdd][1528]Convert Vision Slot[0][1] Coord: 0: -4526, 10558; 1: -8300, 8291; 2: -7030, 6178; 3: -3256, 8445
[20240124_13:45:15_651] # [T23102][VisionSlotAdd][1533]Old Vision Slot[0][1] Coord: 0: -4438, 10582; 1: -8198, 8323; 2: -6943, 6235; 3: -3184, 8494
[20240124_13:45:15_651] # [T23103][VisionSlotAddSlotWeightCal][1014]u32Weight: 1, CentreY: 4501.500, DisY: 3213.500, SlotAng: -30.993
[20240124_13:45:15_651] # [T23103][VisionSlotAdd][1576]New Vision Slot[0][1] Coord: 0: -4444, 10581; 1: -8204, 8321; 2: -6949, 6231; 3: -3188, 8491
[20240124_13:45:15_655] # [T23104][VisionSlotAdd][1600]vision slot [0][1], u32Weight: 1, Sum: 15, SlotAng: -149.001, CurSlotAng: -149.007
[20240124_13:45:15_684] # [T23142][APAVisionOblAdd][1323]Vision Obl merge: 1
[20240124_13:45:15_686] # [T23142][APAVisionOblAdd][1326]Receive Vision Obl CrossPointCoord: 0: 2564, 9434; 1: 7493, 9693
[20240124_13:45:15_686] # [T23142][APAVisionOblInfoDebugPrint][118]VisionOblInfo:
[20240124_13:45:15_686] # [T23143][APAVisionOblInfoDebugPrint][119]OblType: 0, bIsMerge 0, DetectCount 91
[20240124_13:45:15_686] # [T23143][APAVisionOblInfoDebugPrint][122]CrossPointCoord: 0: 801, 9243; 1: 5541, 9831
[20240124_13:45:15_687] # [T23144][APAVisionOblInfoDebugPrint][125]OriginCrossPointCoord: 0: -2564, 4434; 1: -7493, 4693
[20240124_13:45:15_687] # [T23144][APAVisionOblInfoDebugPrint][126]VehCoordAndAng: 0, 5000, ang 0.000(0.000)
[20240124_13:45:15_687] # [T23145][APAVisionOblInfoDebugPrint][127] 
[20240124_13:45:15_688] # [T23145][APAVisionOblAdd][1323]Vision Obl merge: 0
[20240124_13:45:15_689] # [T23145][APAVisionOblAdd][1326]Receive Vision Obl CrossPointCoord: 0: 2672, 6968; 1: 7559, 7310
[20240124_13:45:15_689] # [T23146][APAVisionOblInfoDebugPrint][118]VisionOblInfo:
[20240124_13:45:15_689] # [T23146][APAVisionOblInfoDebugPrint][119]OblType: 0, bIsMerge 0, DetectCount 100
[20240124_13:45:15_689] # [T23146][APAVisionOblInfoDebugPrint][122]CrossPointCoord: 0: -3072, 6159; 1: 1399, 7591
[20240124_13:45:15_693] # [T23147][APAVisionOblInfoDebugPrint][125]OriginCrossPoitCoord: 0: -2672, 1968; 1: -7559, 2310
[20240124_13:45:15_693] # [T23147][APAVisionOblInfoDebugPrint][126]VehCoordAndAng: 0, 5000, ang 0.000(0.000)
[20240124_13:45:15_693] # [T23148][APAVisionOblInfoDebugPrint][127] 
[20240124_13:45:15_694] # [T23148][APAVisionOblAdd][1323]Vision Obl merge: 0
[20240124_13:45:15_694] # [T23148][APAVisionOblAdd][1326]Receive Vision Obl CrossPointCoord: 0: -8376, 5388; 1: -4292, 7842
[20240124_13:45:15_694] # [T23149][APAVisionOblInfoDebugPrint][118]VisionOblInfo:
[20240124_13:45:15_694] # [T23149][APAVisionOblInfoDebugPrint][119]OblType: 0, bIsMerge 0, DetectCount 100
[20240124_13:45:15_694] # [T23150][APAVisionOblInfoDebugPrint][122]CrossPointCoord: 0: -3072, 6159; 1: 1399, 7591
[20240124_13:45:15_695] # [T23150][APAVisionOblInfoDebugPrint][125]OriginCrossPointCoord: 0: 8376, 388; 1: 4292, 2842
[20240124_13:45:15_695] # [T23151][APAVisionOblInfoDebugPrint][126]VehCoordAndAng: 0, 5000, ang 0.000(0.000)
[20240124_13:45:15_695] # [T23151][APAVisionOblInfoDebugPrint][127] 
[20240124_13:45:15_695] # [T23151][VisionSlotAddValidCheck][893]Vision slot Length: 2394,2395, Depth 4935,4934
[20240124_13:45:15_697] # [T23152][VisionSlotAdd][1521]Added Vision Slot[1][1] Num 2 OriCoord: 0: -2564, 4434; 1: -7493, 4693; 2: -7618, 2301; 3: -2690, 2043
[20240124_13:45:15_697] # [T23153][VisionSlotAdd][1522]VehCoordAndAngle: 0, 5000, ang 0.000 (0.000)
[20240124_13:45:15_697] # [T23153][VisionSlotAdd][1523]Current VehPos: 0, 5000, ang -0.000 (-0.000)
[20240124_13:45:15_697] # [T23153][VisionSlotAdd][1528]Convert Vision Slot[1][1] Coord: 0: 2564, 9434; 1: 7493, 9693; 2: 7618, 7301; 3: 2690, 7043
[20240124_13:45:15_698] # [T23154][VisionSlotAdd][1533]Old Vision Slot[1][1] Coord: 0: 2579, 9421; 1: 7514, 9680; 2: 7640, 7278; 3: 2705, 7019
[20240124_13:45:15_698] # [T23155][VisionSlotAddSlotWeightCal][1014]u32Weight: 1, CentreY: 3238.500, DisY: 1950.500, SlotAng: 176.998
[20240124_13:45:15_702] # [T23155][VisionSlotAdd][1576]New Vision Slot[1][1] Coord: 0: 2579, 9422; 1: 7514, 9680; 2: 7640, 7278; 3: 2705, 7019
[20240124_13:45:15_702] # [T23156][VisionSlotAdd][1600]vision slot [1][1], u32Weight: 1, Sum: 84, SlotAng: 3.000, CurSlotAng: 3.002
[20240124_13:45:15_702] # [T23157][VisionSlotAddValidCheck][893]Vision slot Length: 2349,2349, Depth 4898,4898
[20240124_13:45:15_702] # [T23157][VisionSlotAdd][1521]Added Vision Slot[1][0] Num 2 OriCoord: 0: -2672, 1968; 1: -7559, 2310; 2: -7723, -34; 3: -2836, -376
[20240124_13:45:15_702] # [T23158][VisionSlotAdd][1522]VehCoordAndAngle: 0, 5000, ang 0.000 (0.000)
[20240124_13:45:15_703] # [T23158][VisionSlotAdd][1523]Current VehPos: 0, 5000, ang -0.000 (-0.000)
[20240124_13:45:15_707] # [T23159][VisionSlotAdd][1528]Convert Vision Slot[1][0] Coord: 0: 2672, 6968; 1: 7559, 7310; 2: 7723, 4966; 3: 2836, 4624
[20240124_13:45:15_707] # [T23159][VisionSlotAdd][1533]Old Vision Slot[1][0] Coord: 0: 2677, 6974; 1: 7569, 7301; 2: 7725, 4965; 3: 2833, 4638
[20240124_13:45:15_707] # [T23160][VisionSlotAddSlotWeightCal][1014]u32Weight: 17, CentreY: 796.000, DisY: 492.000, SlotAng: 175.997
[20240124_13:45:15_707] # [T23161][VisionSlotAdd][1576]New Vision Slot[1][0] Coord: 0: 2677, 6974; 1: 7569, 7301; 2: 7725, 4965; 3: 2833, 4638
[20240124_13:45:15_708] # [T23161][VisionSlotAdd][1600]vision slot [1][0], u32Weight: 17, Sum: 1262, SlotAng: 3.829, CurSlotAng: 4.003
[20240124_13:45:15_708] # [T23162][VisionSlotAddValidCheck][893]Vision slot Length: 2622,2621, Depth 4764,4764
[20240124_13:45:15_708] # [T23162][VisionSlotAdd][1521]Added Vision Slot[0][0] Num 2 OriCoord: 0: 4292, 2842; 1: 8376, 388; 2: 7026, -1859; 3: 2941, 594
[20240124_13:45:15_708] # [T23163][VisionSlotAdd][1522]VehCoordAndAngle: 0, 5000, ang 0.000 (0.000)
[20240124_13:45:15_708] # [T23164][VisionSlotAdd][1523]Current VehPos: 0, 5000, ang -0.000 (-0.000)
[20240124_13:45:15_708] # [T23164][VisionSlotAdd][1528]Convert Vision Slot[0][0] Coord: 0: -4292, 7842; 1: -8376, 5388; 2: -7026, 3141; 3: -2941, 5594
[20240124_13:45:15_710] # [T23165][VisionSlotAdd][1533]Old Vision Slot[0][0] Coord: 0: -4294, 7851; 1: -8378, 5406; 2: -7033, 3161; 3: -2949, 5605
[20240124_13:45:15_710] # [T23166][VisionSlotAddSlotWeightCal][1014]u32Weight: 18, CenteY: 1718.000, DisY: 430.000, SlotAng: -30.993
[20240124_13:45:15_710] # [T23166][VisionSlotAdd][1576]New Vision Slot[0][0] Coord: 0: -4294, 7851; 1: -8378, 5406; 2: -7033, 3161; 3: -2949, 5604
[20240124_13:45:15_720] # [T23167][VisionSlotAdd][1600]vision slot [0][0], u32Weight: 18, Sum: 1389, SlotAng: -149.099, CurSlotAng: -149.007
[20240124_13:45:15_780] # [T23234][APAVisionOblAdd][1323]Vision Obl merge: 1
[20240124_13:45:15_780] # [T23234][APAVisionOblAdd][1326]Receive Vision Obl CrossPointCoord: 0: 2555, 9436; 1: 7481, 9694
[20240124_13:45:15_780] # [T23234][APAVisionOblInfoDebugPrint][118]VisionOblInfo:
[20240124_13:45:15_781] # [T23235][APAVisionOblInfoDebugPrint][119]OblType: 0, bIsMerge 0, DetectCount 92
[20240124_13:45:15_781] # [T23235][APAVisionOblInfoDebugPrint][122]CrossPointCoord: 0: 820, 9245; 1: 5562, 9830
[20240124_13:45:15_781] # [T23236][APAVisionOblInfoDebugPrint][125]OriginCrossPointCoord: 0: -2555, 4436; 1: -7481, 4694
[20240124_13:45:15_781] # [T23236][APAVisionOblInfoDebugPrint][126]VehCoordAndAng: 0, 5000, ang 0.000(0.000)
[20240124_13:45:15_781] # [T23237][APAVisionOblInfoDebugPrint][127] 
[20240124_13:45:15_781] # [T23237][APAVisionOblAdd][1323]Vision Obl merge: 0
[20240124_13:45:15_781] # [T23237][APAVisionOblAdd][1326]Receive Vision Obl CrossPointCoord: 0: -8390, 5402; 1: -4308, 7856
[20240124_13:45:15_783] # [T23238][APAVisionOblInfoDebugPrint][118]VisionOblInfo:
[20240124_13:45:15_783] # [T23238][APAVisionOblInfoDebugPrint][119]OblType: 0, bIsMerge 0, DetectCount 100
[20240124_13:45:15_783] # [T23238][APAVisionOblInfoDebugPrint][122]CrossPointCoord: 0: -3072, 6159; 1: 1399, 7591
[20240124_13:45:15_783] # [T23239][APAVisionOblInfoDebugPrint][125]OriginCrossPointCoord: 0: 8390, 402; 1: 4308, 2856
[20240124_13:45:15_783] # [T23239][APAVisionOblInfoDebugPrint][126]VehCoordAndAng: 0, 5000, ang 0.000(0.000)
[20240124_13:45:15_783] # [T23240][APAVisionOblInfoDebugPrint][127] 
[20240124_13:45:15_783] # [T23240][APAVisionOblAdd][1323]Vision Obl merge: 0
[20240124_13:45:15_783] # [T23240][APAVisionOblAdd][1326]Receive Vision Obl CrossPointCoord: 0: 2768, 6960; 1: 7507, 7208
[20240124_13:45:15_785] # [T23241][APAVisionOblInfoDebugPrint][118]VisionOblInfo:
[20240124_13:45:15_786] # [T23241][APAVisionOblInfoDebugPrint][119]OblType: 0, bIsMerge 0, DetectCount 100
[20240124_13:45:15_787] # [T23242][APAVisionOblInfoDebugPrint][122]CrossPointCoord: 0: -3072, 6159; 1: 1399, 7591
[20240124_13:45:15_787] # [T23242][APAVisionOblInfoDebugPrint][125]OriginCrossPointCoord: 0: -2768, 1960; 1: -7507, 2208
[20240124_13:45:15_787] # [T23243][APAVisionOblInfoDebugPrint][126]VehCoordAndAng: 0, 5000, ang 0.000(0.000)
[20240124_13:45:15_787] # [T23243][APAVisionOblInfoDebugPrint][127] 
[20240124_13:45:15_788] # [T23243][VisionSlotAddValidCheck][893]Vision slot Length: 2420,2420, Depth 4932,4931
[20240124_13:45:15_789] # [T23244][VisionSlotAdd][1521]Added Vision Slot[1][1] Num 2 OriCoord: 0: -2555, 4436; 1: -7481, 4694; 2: -7607, 2277; 3: -2682, 2019
[20240124_13:45:15_790] # [T23245][VisionSlotAdd][1522]VehCoordAndAngle: 0, 5000, ang 0.000 (0.000)
[20240124_13:45:15_790] # [T23245][VisionSlotAdd][1523]Current VehPos: 0, 5000, ang -0.000 (-0.000)
[20240124_13:45:15_790] # [T23245][VisionSlotAdd][1528]Convert Vision Slot[1][1] Coord: 0: 2555, 9436; 1: 7481, 9694; 2: 7607, 7277; 3: 2682, 7019
[20240124_13:45:15_790] # [T23246][VisionSlotAdd][1533]Old Vision Slot[1][1] Coord: 0: 2579, 9422; 1: 7514, 9680; 2: 7640, 7278; 3: 2705, 7019
[20240124_13:45:15_792] # [T23247][VisionSlotAddSlotWeightCal][1014]u32Weight: 1, CentreY: 3227.500, DisY: 1939.500, SlotAng: 177.002
[20240124_13:45:15_796] # [T23247][VisionSlotAdd][1576]New Vision Slot[1][1] Coord: 0: 2579, 9422; 1: 7514, 9680; 2: 7639, 7278; 3: 2704, 7019
[20240124_13:45:15_796] # [T23248][VisionSlotAdd][1600]vision slot [1][1], u32Weight: 1, Sum: 85, SlotAng: 3.000, CurSlotAng: 2.998
[20240124_13:45:15_796] # [T23249][VisionSlotAddValidCheck][893]Vision slot Length: 2613,2611, Depth 4762,4762
[20240124_13:45:15_796] # [T23249][VisionSlotAdd][1521]Added Vision Slot[0][0] Num 2 OriCoord: 0: 4308, 2856; 1: 8390, 402; 2: 7045, -1836; 3: 2962, 616
[20240124_13:45:15_796] # [T23250][VisionSlotAdd][1522]VehCoordAndAngle: 0, 5000, ang 0.000 (0.000)
[20240124_13:45:15_797] # [T23250][VisionSlotAdd][1523]Current VehPos: 0, 5000, ang -0.000 (-0.000)
[20240124_13:45:15_797] # [T23251][VisionSlotAdd][1528]Convert Vision Slot[0][0] Coord: 0: -4308, 7856; 1: -8390, 5402; 2: -7045, 3164; 3: -2962, 5616
[20240124_13:45:15_797] # [T23251][VisionSlotAdd][1533]Old Vision Slot[0][0] Coord: 0: -4294, 7851; 1: -8378, 5406; 2: -7033, 3161; 3: -2949, 5604
[20240124_13:45:15_797] # [T23252][VisionSlotAddSlotWeightCal][1014]u32Weight: 18, CentreY: 1736.000, DisY: 448.000, SlotAng: -31.000
[20240124_13:45:15_797] # [T23253][VisionSlotAdd][1576]New Vision Slot[0][0] Coord: 0: -4294, 7851; 1: -8378, 5406; 2: -7033, 3161; 3: -2949, 5605
[20240124_13:45:15_798] # [T23253][VisionSlotAdd][1600]vision slot [0][0], u32Weight: 18, Sum: 1407, SlotAng: -149.098, CurSlotAng: -149.000
[20240124_13:45:15_800] # [T23254][VisionSlotAddValidCheck][893]Vision slot Length: 2313,2312, Depth 4745,4745
[20240124_13:45:15_800] # [T23254][VisionSlotAdd][1521]Added Vision Slot[1][0] Num 2 OriCoord: 0: -2768, 1960; 1: -7507, 2208; 2: -7628, -101; 3: -2889, -350
[20240124_13:45:15_800] # [T23255][VisionSlotAdd][1522]VehCoordAndAngle: 0, 5000, ang 0.000 (0.000)
[20240124_13:45:15_800] # [T23256][VisionSlotAdd][1523]Current VehPos: 0, 5000, ang -0.000 (-0.000)
[20240124_13:45:15_800] # [T23256][VisionSlotAdd][1528]Convert Vision Slot[1][0] Coord: 0: 2768, 6960; 1: 7507, 7208; 2: 7628, 4899; 3: 2889, 4650
[20240124_13:45:15_801] # [T23257][VisionSlotAdd][1533]Old Vision Slot[1][0] Coord: 0: 2677, 6974; 1: 7569, 7301; 2: 7725, 4965; 3: 2833, 4638
[20240124_13:45:15_802] # [T23257][VisionSlotAddSlotWeightCal][1014]u32Weight: 17, CentreY: 805.000, DisY: 483.000, SlotAng: 176.998
[20240124_13:45:15_802] # [T23258][VisionSlotAdd][1576]New Vision Slot[1][0] Coord: 0: 2678, 6973; 1: 7568, 7300; 2: 7724, 4964; 3: 2834, 4638
[20240124_13:45:15_809] # [T23258][VisionSlotAdd][1600]vision slot [1][0], u32Weight: 17, Sum: 1279, SlotAng: 3.819, CurSlotAng: 3.002
[20240124_13:45:15_857] # [T23314][APAVisionOblAdd][1323]Vision Obl merge: 1
[20240124_13:45:15_857] # [T23314][APAVisionOblAdd][1326]Receive Vision Obl CrossPointCoord: 0: 2623, 9429; 1: 7516, 9686
[20240124_13:45:15_857] # [T23314][APAVisionOblInfoDebugPrint][118]VisionOblInfo:
[20240124_13:45:15_858] # [T23315][APAVisionOblInfoDebugPrint][119]OblType: 0, bIsMerge 0, DetectCount 93
[20240124_13:45:15_859] # [T23315][APAVisionOblInfoDebugPrint][122]CrossPointCoord: 0: 840, 9247; 1: 5583, 9828
[20240124_13:45:15_859] # [T23316][APAVisionOblInfoDebugPrint][125]OriginCrossPointCoord: 0: -2623, 4429; 1: -7516, 4686
[20240124_13:45:15_861] # [T23316][APAVisionOblInfoDebugPrint][126]VehCoordAndAng: 0, 5000, ang 0.000(0.000)
[20240124_13:45:15_861] # [T23317][APAVisionOblInfoDebugPrint][127] 
[20240124_13:45:15_861] # [T23317][APAVisionOblAdd][1323]Vision Obl merge: 0
[20240124_13:45:15_861] # [T23317][APAVisionOblAdd][1326]Receive Vision Obl CrossPointCoord: 0: 2701, 7005; 1: 7564, 7260
[20240124_13:45:15_861] # [T23318][APAVisionOblInfoDebugPrint][118]VisionOblInfo:
[20240124_13:45:15_862] # [T23318][APAVisionOblInfoDebugPrint][119]OblType: 0, bIsMerge 0, DetectCount 100
[20240124_13:45:15_864] # [T23318][APAVisionOblInfoDebugPrint][122]CrossPointCoord: 0: -3072, 6159; 1: 1399, 7591
[20240124_13:45:15_864] # [T23319][APAVisionOblInfoDebugPrint][125]OriginCrossPointCoord: 0: -2701, 2005; 1: -7564, 2260
[20240124_13:45:15_864] # [T23319][APAVisionOblInfoDebugPrint][126]VehCoordAndAng: 0, 5000, ang 0.000(0.000)
[20240124_13:45:15_865] # [T23320][APAVisionOblInfoDebugPrin][127] 
[20240124_13:45:15_865] # [T23320][APAVisionOblAdd][1323]Vision Obl merge: 0
[20240124_13:45:15_865] # [T23320][APAVisionOblAdd][1326]Receive Vision Obl CrossPointCoord: 0: -8415, 5397; 1: -4321, 7857
[20240124_13:45:15_865] # [T23321][APAVisionOblInfoDebugPrint][118]VisionOblInfo:
[20240124_13:45:15_867] # [T23321][APAVisionOblInfoDebugPrint][119]OblType: 0, bIsMerge 0, DetectCount 100
[20240124_13:45:15_867] # [T23322][APAVisionOblnfoDebugPrint][122]CrossPointCoord: 0: -3072, 6159; 1: 1399, 7591
[20240124_13:45:15_867] # [T23322][APAVisionOblInfoDebugPrint][125]OriginCrossPointCoord: 0: 8415, 397; 1: 4321, 2857
[20240124_13:45:15_867] # [T23323][APAVisionOblInfoDebugPrint][126]VehCoordAndAng: 0, 5000, ang 0.000(0.000)
[20240124_13:45:15_868] # [T23323][APAVisionOblInfoDebugPrint][127] 
[20240124_13:45:15_868] # [T23323][VisionSlotAddValidCheck][893]Vision slot Length: 2407,2408, Depth 4899,4899
[20240124_13:45:15_868] # [T23324][VisionSlotAdd][1521]Added Vision Slot[1][1] Num 2 OriCoord: 0: -2623, 4429; 1: -7516, 4686; 2: -7642, 2281; 3: -2749, 2025
[20240124_13:45:15_870] # [T23325][VisionSlotAdd][1522]VehCoordAndAngle: 0, 5000, ang 0.000 (0.000)
[20240124_13:45:15_870] # [T23325][VisionSlotAdd][1523]Current VehPos: 0, 5000, ang -0.000 (-0.000)
[20240124_13:45:15_870] # [T23325][VisionSlotAdd][1528]Convert Vision Slot[1][1] Coord: 0: 2623, 9429; 1: 7516, 9686; 2: 7642, 7281; 3: 2749, 7025
[20240124_13:45:15_871] # [T23326][VisionSlotAdd][1533]Old Vision Slot[1][1] Coord: 0: 2579, 9422; 1: 7514, 9680; 2: 7639, 7278; 3: 2704, 7019
[20240124_13:45:15_871] # [T23327][VisionSlotAddSlotWeightCal][1014]u32Weight: 1, CentreY: 3227.000, DisY: 1939.000, SlotAng: 176.999
[20240124_13:45:15_873] # [T23327][VisionSlotAdd][1576]New Vision Slot[1][1] Coord: 0: 2579, 9422; 1: 7514, 9680; 2: 7639, 7278; 3: 2705, 7019
[20240124_13:45:15_873] # [T23328][VisionSlotAdd][1600]vision slot [1][1], u32Weight: 1, Sum: 86, SlotAng: 3.000, CurSlotAng: 3.001
[20240124_13:45:15_873] # [T23329][VisionSlotAddValidCheck][893]Vision slot Length: 2319,2319, Depth 4869,4868
[20240124_13:45:15_874] # [T23329][VisionSlotAdd][1521]Added Vision Slot[1][0] Num 2 OriCoord: 0: -2701, 2005; 1: -7564, 2260; 2: -7685, -56; 3: -2823, -311
[20240124_13:45:15_874] # [T23330][VisionSlotAdd][1522]VehCoordAndAngle: 0, 5000, ang 0.000 (0.000)
[20240124_13:45:15_874] # [T23330][VisionSlotAdd][1523]Current VehPos: 0, 5000, ang -0.000 (-0.000)
[20240124_13:45:15_876] # [T23331][VisionSlotAdd][1528]Convert Vision Slot[1][0] Coord: 0: 2701, 7005; 1: 7564, 7260; 2: 7685, 4944; 3: 2823, 4689
[20240124_13:45:15_876] # [T23331[VisionSlotAdd][1533]Old Vision Slot[1][0] Coord: 0: 2678, 6973; 1: 7568, 7300; 2: 7724, 4964; 3: 2834, 4638
[20240124_13:45:15_877] # [T23332][VisionSlotAddSlotWeightCal][1014]u32Weight: 18, CentreY: 847.000, DisY: 441.000, SlotAng: 176.998
[20240124_13:45:15_877] # [T23333][VisionSlotAdd][1576]New Vision Slot[1][0] Coord: 0: 2678, 6974; 1: 7568, 7299; 2: 7723, 4964; 3: 2834, 4638
[20240124_13:45:15_877] # [T23333][VisionSlotAdd][1600]vision slot [1][0], u32Weight: 18, Sum: 1297, SlotAng: 3.808, CurSlotAng: 3.002
[20240124_13:45:15_877] # [T23334][VisionSlotAddValidCheck][893]Vision slot Length: 2643,2642, Depth 4776,4776
[20240124_13:45:15_879] # [T23334][VisionSlotAdd][1521]Added Vision Slot[0][0] Num 2 OriCoord: 0: 4321, 2857; 1: 8415, 397; 2: 7054, -1868; 3: 2959, 591
[20240124_13:45:15_879] # [T23335][VisionSlotAdd][1522]VehCoordAndAngle: 0, 5000, ang 0.000 (0.000)
[20240124_13:45:15_879] # [T23335][VisionSlotAdd][1523]Current VehPos: 0, 5000, ang -0.000 (-0.000)
[20240124_13:45:15_880] # [T23336][VisionSlotAdd][1528]Convert Vision Slot[0][0] Coord: 0: -4321, 7857; 1: -8415, 5397; 2: -7054, 3132; 3: -2959, 5591
[20240124_13:45:15_880] # [T23337][VisionSlotAdd][1533]Old Vision Slot[0][0] Coord: 0: -4294, 7851; 1: -8378, 5406; 2: -7033, 3161; 3: -2949, 5605
[20240124_13:45:15_883] # [T23337][VisionSlotAddSlotWeightCal][1014]u32Weight: 18, CentreY: 1724.000, DisY: 436.000, SlotAng: -30.993
[20240124_13:45:15_883] # [T23338][VisionSlotAdd][1576]New Vision Slot[0][0] Coord: 0: -4294, 7851; 1: -8379, 5406; 2: -7034, 3160; 3: -2949, 5604
[20240124_13:45:15_902] # [T23338][VisionSlotAdd][1600]vision slot [0][0], u32Weight: 18, Sum: 1425, SlotAng: -149.097, CurSlotAng: -149.007
[20240124_13:45:15_938] # [T23395][APAVisionOblAdd][1323]Vision Obl merge: 1
[20240124_13:45:15_938] # [T23395][APAVisionOblAdd][1326]Receive Vision Obl CrossPointCoord: 0: 2569, 9440; 1: 7474, 9697
[20240124_13:45:15_938] # [T23395][APAVisionOblInfoDebugPrint][118]VisionOblInfo:
[20240124_13:45:15_939] # [T23396][APAVisionOblInfoDebugPrint][119]OblType: 0, bIsMerge 0, DetectCount 94
[20240124_13:45:15_940] # [T23396][APAVisionOblInfoDebugPrint][122]CrossPointCoord: 0: 858, 9249; 1: 5603, 9827
[20240124_13:45:15_940] # [T23397][APAVisionOblInfoDebugPrint][125]OriginCrossPointCoord: 0: -2569, 4440; 1: -7474, 4697
[20240124_13:45:15_940] # [T23397][APAVisionOblInfoDebugPrint][126]VehCoordAndAng: 0, 5000, ang 0.000(0.000)
[20240124_13:45:15_940] # [T23398][APAVisionOblInfoDebugPrint][127] 
[20240124_13:45:15_942] # [T23398][APAVisionOblAdd][1323]Vision Obl merge: 0
[20240124_13:45:15_942] # [T23398][APAVisionOblAdd][1326]Receive Vision Obl CrossPointCoord: 0: -8345, 5430; 1: -4300, 7860
[20240124_13:45:15_942] # [T23399][APAVisionOblInfoDebugPrint][118]VisionOblInfo:
[20240124_13:45:15_943] # [T23399][APAVisionOblInfoDebugPrint][119]OblType: 0, bIsMerge 0, DetectCount 100
[20240124_13:45:15_943] # [T23399][APAVisionOblInfoDebugPrint][122]CrossPointCoord: 0: -3072, 6159; 1: 1399, 7591
[20240124_13:45:15_943] # [T23400][APAVisionOblInfoDebugPrint][125]OriginCrossPointCoord: 0: 8345, 430; 1: 4300, 2860
[20240124_13:45:15_945] # [T23400][APAVisionOblInfoDebugPrint][126]VehCoordAndAng: 0, 5000, ang 0.000(0.000)
[20240124_13:45:15_945] # [T23401][APAVisionOblInfoDebugPrint][127] 
[20240124_13:45:15_945] # [T23401][APAVisionOblAdd][1323]Vision Obl merge: 0
[20240124_13:45:15_946] # [T23401][APAVisionOblAdd][1326]Receive Vision Obl CrossPointCoord: 0: 2714, 6960; 1: 7545, 7298
[20240124_13:45:15_946] # [T23402][APAVisionOblInfoDebugPrint][118]VisionOblInfo:
[20240124_13:45:15_946] # [T23402][APAVisionOblInfoDebugPrint][119]OblType: 0, bIsMerge 0, DetectCount 100
[20240124_13:45:15_948] # [T23403][APAVisionOblInfoDebugPrint][122]CrossPointCoord: 0: -3072, 6159; 1: 1399, 7591
[20240124_13:45:15_950] # [T23403][APAVisionOblInfoDebugPrint][125]OriginCrossPointCoord: 0: -2714, 1960; 1: -7545, 2298
[20240124_13:45:15_950] # [T23404][APAVisionOblInfoDebugPrint][126]VehCoordAndAng: 0, 5000, ang 0.000(0.000)
[20240124_13:45:15_950] # [T23404][APAVisionOblInfoDebugPrint][127] 
[20240124_13:45:15_950] # [T23404][VisionSlotAddValidCheck][893]Vision slot Length: 2418,2418, Depth 4911,4911
[20240124_13:45:15_950] # [T23405][VisionSlotAdd][1521]Added Vision Slot[1][1] Num 2 OriCoord: 0: -2569, 4440; 1: -7474, 4697; 2: -7601, 2282; 3: -2696, 2025
[20240124_13:45:15_950] # [T23406][VisionSlotAdd][1522]VehCoordAndAngle: 0, 5000, ang 0.000 (0.000)
[20240124_13:45:15_951] # [T23406][VisionSlotAdd][1523]Current VehPos: 0, 5000, ang -0.000 (-0.000)
[20240124_13:45:15_951] # [T23406][VisionSlotAdd][1528]Convert Vision Slot[1][1] Coord: 0: 2569, 9440; 1: 7474, 9697; 2: 7601, 7282; 3: 2696, 7025
[20240124_13:45:15_953] # [T23407][VisionSlotAdd][1533]Old Vision Slot[1][1] Coord: 0: 2579, 9422; 1: 7514, 9680; 2: 7639, 7278; 3: 2705, 7019
[20240124_13:45:15_953] # [T23408][VisionSlotAddSlotWeightCal][1014]u32Weight: 1, CentreY: 3232.500, DisY: 1944.500, SlotAng: 177.001
[20240124_13:45:15_953] # [T23408][VisionSlotAdd][1576]New Vision Slot[1][1] Coord: 0: 2579, 9422; 1: 7513, 9681; 2: 7639, 7278; 3: 2705, 7019
[20240124_13:45:15_953] # [T23409][VisionSlotAdd][1600]vision slot [1][1], u32Weight: 1, Sum: 87, SlotAng: 3.000, CurSlotAng: 2.999
[20240124_13:45:15_954] # [T23410][VisionSlotAddValidCheck][893]Vision slot Length: 2611,2611, Depth 4718,4718
[20240124_13:45:15_956] # [T23410][VisionSlotAdd][1521]Added Vision Slot[0][0] Num 2 OriCoord: 0: 4300, 2860; 1: 8345, 430; 2: 7000, -1808; 3: 2955, 621
[20240124_13:45:15_956] # [T23411][VisionSlotAdd][1522]VehCoordAndAngle: 0, 5000, ang 0.000 (0.000)
[20240124_13:45:15_956] # [T23411][VisionSlotAdd][1523]Current VehPos: 0, 5000, ang -0.000 (-0.000)
[20240124_13:45:15_957] # [T23412][VisionSlotAdd][1528]Convert Vision Slot[0][0] Coord: 0: -4300, 7860; 1: -8345, 5430; 2: -7000, 3192; 3: -2955, 5621
[20240124_13:45:15_957] # [T23412][VisionSlotAdd][1533]Old Vision Slot[0][0] Coord: 0: -4294, 7851; 1: -8379, 5406; 2: -7034, 3160; 3: -2949, 5604
[20240124_13:45:15_959] # [T23413][VisionSlotAddSlotWeightCal][1014]u32Weight: 18, CentreY: 1740.500,DisY: 452.500, SlotAng: -30.990
[20240124_13:45:15_959] # [T23414][VisionSlotAdd][1576]New Vision Slot[0][0] Coord: 0: -4294, 7851; 1: -8378, 5406; 2: -7033, 3161; 3: -2949, 5605
[20240124_13:45:15_959] # [T23414][VisionSlotAdd][1600]vision slot [0][0], u32Weight: 18, Sum: 1443, SlotAng: -149.095, CurSlotAng: -149.010
[20240124_13:45:15_959] # [T23415][VisionSlotAddValidCheck][893]Vision slot Length: 2333,2333, Depth 4842,4842
[20240124_13:45:15_960] # [T23415][VisionSlotAdd][1521]Added Vision Slot[1][0] Num 2 OriCoord: 0: -2714, 1960; 1: -7545, 2298; 2: -7708, -30; 3: -2877, -368
[20240124_13:45:15_961] # [T23416][VisionSlotAdd][1522]VehCoordAndAngle: 0, 5000, ang 0.000 (0.000)
[20240124_13:45:15_962] # [T23417][VisionSlotAdd][1523]Current VehPos: 0, 5000, ang -0.000 (-0.000)
[20240124_13:45:15_962] # [T23417][VisionSlotAdd][1528]Convert Vision Slot[1][0] Coord: 0: 2714, 6960; 1: 7545, 7298; 2: 7708, 4970; 3: 2877, 4632
[20240124_13:45:15_962] # [T23418][VisionSlotAdd][1533]Old Vision Slot[1][0] Coord: 0: 2678, 6974; 1: 7568, 7299; 2: 7723, 4964; 3: 2834, 4638
[20240124_13:45:15_963] # [T23418][VisionSlotAddSlotWeightCal][1014]u32Weight: 17, CentreY: 796.000, DisY: 492.000, SlotAng: 175.998
[20240124_13:45:15_964] # [T23419][VisionSlotAdd][1576]New Vision Slot[1][0] Coord: 0: 2679, 6974; 1: 7568, 7299; 2: 7723, 4964; 3: 2834, 4638
[20240124_13:45:15_980] # [T23420][VisionSlotAdd][1600]vision slot [1][0], u32Weight: 17, Sum: 1314, SlotAng: 3.810, CurSlotAng: 4.002
[20240124_13:45:16_019] # [T23475][APAVisionOblAdd][1323]Vision Obl merge: 1
[20240124_13:45:16_019] # [T23475][APAVisionOblAdd][1326]Receive Vision Obl CrossPointCoord: 0: 2565, 9440; 1: 7477, 9697
[20240124_13:45:16_019] # [T23475][APAVisionOblInfoDebugPrint][118]VisionOblInfo:
[20240124_13:45:16_019] # [T23476][APAVisionOblInfoDebugPrint][119]OblType: 0, bIsMerge 0, DetectCount 95
[20240124_13:45:16_020] # [T23476][APAVisionOblInfoDebugPrint][122]CrossPointCoord: 0: 876, 9251; 1: 5623, 9825
[20240124_13:45:16_021] # [T23477][APAVisionOblInfoDebugPrint][125]OriginCrossPointCoord: 0: -2565, 4440; 1: -7477, 4697
[20240124_13:45:16_021] # [T23477][APAVisionOblInfoDebugPrint][126]VehCoordAndAng: 0, 5000, ang 0.000(0.000)
[20240124_13:45:16_021] # [T23478][APAVisionOblInfoDebugPrint][127] 
[20240124_13:45:16_022] # [T23478][APAVisionOblAdd][1323]Vision Obl merge: 0
[20240124_13:45:16_022] # [T23478][APAVisionOblAdd][1326]Receive Vision Obl CrossPointCoord: 0: 2639, 7007; 1: 7559, 7351
[20240124_13:45:16_024] # [T23479][APAVisionOblInfoDebugPrint][118]VisionOblInfo:
[20240124_13:45:16_024] # [T23479][APAVisionOblInfoDebugPrint][119]OblType: 0, bIsMerge 0, DetectCount 100
[20240124_13:45:16_024] # [T23479][APAVisionOblInfoDebugPrint][122]CrossPointCoord: 0: -3072, 6159; 1: 1399, 7591
[20240124_13:45:16_024] # [T23480][APAVisionOblInfoDebugPrint][125]OriginCrossPointCoord: 0: -2639, 2007; 1: -7559, 2351
[20240124_13:45:16_025] # [T23480][APAVisionOblInfoDebugPrint][126]VehCoordAndAng: 0, 5000, ang 0.000(0.000)
[20240124_13:45:16_025] # [T23481][APAVisionOblInfoDebugPrint][127] 
[20240124_13:45:16_025] # [T23481][APAVisionOblAdd][1323]Vision Obl merge: 0
[20240124_13:45:16_029] # [T23481][APAVisionOblAdd][1326]Receive Vision Obl CrossPointCoord: 0: -8385, 5411; 1: -4306, 7863
[20240124_13:45:16_029] # [T23482][APAVisionOblInfoDebugPrint][118]VisionOblInfo:
[20240124_13:45:16_029] # [T23482][APAVisionOblInfoDebugPrint][119]OblType: 0, bIsMerge 0, DetectCount 100
[20240124_13:45:16_029] # [T23483][APAVisionOblInfoDebugPrint][122]CrossPointCoord: 0: -3072, 6159; 1: 1399, 7591
[20240124_13:45:16_030] # [T23483][APAVisionOblInfoDebugPrint][125]Ori  23484-task_radar-118: RadarCaptureCnt is 112 
[20240124_13:45:16_030] # 
[20240124_13:45:16_030] # ginCrossPointCoord: 0: 8385, 411; 1: 4306, 2863
[20240124_13:45:16_030] # [T23484][APAVisionOblInfoDebugPrint][126]VehCoordAndAng: 0, 5000, ang 0.000(0.000)
[20240124_13:45:16_030] # [T23485][APAVisionOblInfoDebugPrint][127] 
[20240124_13:45:16_030] # [T23485][VisionSlotAddValidCheck][893]Vision slot Length: 2418,2418, Depth 4918,4919
[20240124_13:45:16_030] # [T23485][VisionSlotAdd][1521]Added Vision Slot[1][1] Num 2 OriCoord: 0: -2565, 4440; 1: -7477, 4697; 2: -7604, 2282; 3: -2691, 2025
[20240124_13:45:16_031] # [T23486][VisionSlotAdd][1522]VehCoordAndAngle: 0, 5000, ang 0.000 (0.000)
[20240124_13:45:16_031] # [T23486][VisionSlotAdd][1523]Current VehPos: 0, 5000, ang -0.000 (-0.000)
[20240124_13:45:16_033] # [T23487][VisionSlotAdd][1528]Convert Vision Slot[1][1] Coord: 0: 2565, 9440; 1: 7477, 9697; 2: 7604, 7282; 3: 2691, 7025
[20240124_13:45:16_033] # [T23487][VisionSlotAdd][1533]Old Vision Slot[1][1] Coord: 0: 2579, 9422; 1: 7513, 9681; 2: 7639, 7278; 3: 2705, 7019
[20240124_13:45:16_034] # [T23488][VisionSlotAddSlotWeightCal][1014]u32Weight: 1, CentreY: 3232.500, DisY: 1944.500, SlotAng: 177.005
[20240124_13:45:16_034] # [T23489][VisionSlotAdd][1576]New Vision Slot[1][1] Coord: 0: 2579, 9422; 1: 7513, 9681; 2: 7639, 7278; 3: 2705, 7019
[20240124_13:45:16_034] # [T23489][VisionSlotAdd][1600]vision slot [1][1], u32Weight: 1, Sum: 88, SlotAng: 3.000, CurSlotAng: 2.995
[20240124_13:45:16_034] # [T23490][VisionSlotAddValidCheck][893]Vision slot Length: 2345,2346, Depth 4932,4931
[20240124_13:45:16_035] # [T23490][VisionSlotAdd][1521]Added Vision Slot[1][0] Num 2 OriCoord: 0: -2639, 2007; 1: -7559, 2351; 2: -7723, 10; 3: -2803, -333
[20240124_13:45:16_040] # [T23491][VisionSlotAdd][1522]VehCoordAndAngle: 0, 5000, ang 0.000 (0.000)
[20240124_13:45:16_040] # [T23492][VisionSlotAdd][1523]Current VehPos: 0, 5000, ang -0.000 (-0.000)
[20240124_13:45:16_040] # [T23492][VisionSlotAdd][1528]Convert Vision Slot[1][0] Coord: 0: 2639, 7007; 1: 7559, 7351; 2: 7723, 5010; 3: 2803, 4667
[20240124_13:45:16_042] # [T23493][VisionSlotAdd][1533]Old Vision Slot[1][0] Coord: 0: 2679, 6974; 1: 7568, 7299; 2: 7723, 4964; 3: 2834, 4638
[20240124_13:45:16_042] # [T23493][VisionSlotAddSlotWeightCal][1014]u32Weight: 18, CentreY: 837.000, DisY: 451.000, SlotAng: 176.006
[20240124_13:45:16_042] # [T23494][VisionSlotAdd][1576]New Vision Slot[1][0] Coord: 0: 2678, 6974; 1: 7568, 7300; 2: 7723, 4965; 3: 2834, 4639
[20240124_13:45:16_042] # [T23495][VisionSlotAdd][1600]vision slot [1][0], u32Weight: 18, Sum: 1332, SlotAng: 3.813, CurSlotAng: 3.994
[20240124_13:45:16_042] # [T23495][VisionSlotAddValidCheck][893]Vision slot Length: 2617,2616, Depth 4759,4758
[20240124_13:45:16_042] # [T23496][VisionSlotAdd][1521]Added Vision Slot[0][0] Num 2 OriCoord: 0: 4306, 2863; 1: 8385, 411; 2: 7037, -1831; 3: 2958, 619
[20240124_13:45:16_042] # [T23496][VisionSlotAdd][1522]VehCoordAndAngle: 0, 5000, ang 0.000 (0.000)
[20240124_13:45:16_042] # [T23497][VisionSlotAdd][1523]Current VehPos: 0, 5000, ang -0.000 (-0.000)
[20240124_13:45:16_043] # [T23497][VisionSlotAdd][1528]Convert Vision Slot[0][0] Coord: 0: -4306, 7863; 1: -8385, 5411; 2: -7037, 3169; 3: -2958, 5619
[20240124_13:45:16_043] # [T23498][VisionSlotAdd][1533]Old Vision Slot[0][0] Coord: 0: -4294, 7851; 1: -8378, 5406; 2: -7033, 3161; 3: -2949, 5605
[20240124_13:45:16_044] # [T23498][VisionSlotAddSlotWeightCal][1014]u32Weight: 18, CentreY: 1741.000, DisY: 453.000, SlotAng: -31.001
[20240124_13:45:16_044] # [T23499][VisionSlotAdd][1576]New Vision Slot[0][0] Coord: 0: -4295, 7851; 1: -8378, 5406; 2: -7033, 3161; 3: -2949, 5605
[20240124_13:45:16_057] # [T23500][VisionSlotAdd][1600]vision slot [0][0], u32Weight: 18, Sum: 1461, SlotAng: -149.094, CurSlotAng: -148.999
[20240124_13:45:16_100] # [T23556][APAVisionOblAdd][1323]Vision Obl merge: 1
[20240124_13:45:16_100] # [T23556][APAVisionOblAdd][1326]Receive Vision Obl CrossPointCoord: 0: 2552, 9392; 1: 7549, 9654
[20240124_13:45:16_101] # [T23556][APAVisionOblInfoDebugPrint][118]VisionOblInfo:
[20240124_13:45:16_101] # [T23557][APAVisionOblInfoDebugPrint][119]OblType: 0, bIsMerge 0, DetectCount 96
[20240124_13:45:16_101] # [T23557][APAVisionOblInfoDebugPrint][122]CrossPointCoord: 0: 894, 9252; 1: 5643, 9824
[20240124_13:45:16_101] # [T23558][APAVisionOblInfoDebugPrint][125]OriginCrossPointCoord: 0: -2552, 4392; 1: -7549, 4654
[20240124_13:45:16_103] # [T23558][APAVisionOblInfoDebugPrint][126]VehCoordAndAng: 0, 5000, ang 0.000(0.000)
[20240124_13:45:16_103] # [T23559][APAVisionOblInfoDebugPrint][127] 
[20240124_13:45:16_103] # [T23559][APAVisionOblAdd][1323]Vision Obl merge: 0
[20240124_13:45:16_104] # [T23559][APAVisionOblAdd][1326]Receive Vision Obl CrossPointCoord: 0: -8417, 5350; 1: -4240, 7860
[20240124_13:45:16_104] # [T23560][APAVisionOblInfoDebugPrint][118]VisionOblInfo:
[20240124_13:45:16_104] # [T23560][APAVisionOblInfoDebugPrint][119]OblType: 0, bIsMerge 0, DetectCount 100
[20240124_13:45:16_104] # [T23561][APAVisionOblInfoDebugPrint][122]CrossPointCoord: 0: -3072, 6159; 1: 1399, 7591
[20240124_13:45:16_106] # [T23561][APAVisionOblInfoDebugPrint][125]OriginCrossPointCoord: 0: 8417, 350; 1: 4240, 2860
[20240124_13:45:16_106] # [T23562][APAVisionOblInfoDebugPrint][126]VehCoordAndAng: 0, 5000, ang 0.000(0.000)
[20240124_13:45:16_106] # [T23562][APAVisionOblInfoDebugPrint][127] 
[20240124_13:45:16_107] # [T23562][APAVisionOblAdd][1323]Vision Obl merge: 0
[20240124_13:45:16_107] # [T23563][APAVisionOblAdd][1326]Receive Vision Obl CrossPointCoord: 0: 2694, 6941; 1: 7601, 7285
[20240124_13:45:16_107] # [T23563][APAVisionOblInfoDebugPrint][118]VisionOblInfo:
[20240124_13:45:16_107] # [T23563][APAVisionOblInfoDebugPrint][119]OblType: 0, bIsMerge 0, DetectCount 100
[20240124_13:45:16_110] # [T23564][APAVisionOblInfoDebugPrint][122]CrossPointCoord: 0: -3072, 6159; 1: 1399, 7591
[20240124_13:45:16_110] # [T23564][APAVisionOblInfoDebugPrint][125]OriginCrossPointCoord: 0: -2694, 1941; 1: -7601, 2285
[20240124_13:45:16_110] # [T23565][APAVisionOblInfoDebugPrint][126]VehCoordAndAng: 0, 5000, ang 0.000(0.000)
[20240124_13:45:16_110] # [T23565][APAVisionOblInfoDebugPrint][127] 
[20240124_13:45:16_110] # [T23566][VisionSlotAddValidCheck][893]Vision slot Length: 2427,2427, Depth 5003,5003
[20240124_13:45:16_111] # [T23566][VisionSlotAdd][1521]Added Vision Slot[1][1] Num 2 OriCoord: 0: -2552, 4392; 1: -7549, 4654; 2: -7676, 2230; 3: -2679, 1968
[20240124_13:45:16_113] # [T23567][VisionSlotAdd][1522]VehCoordAndAngle: 0, 5000, ang 0.000 (0.000)
[20240124_13:45:16_113] # [T23567][VisionSlotAdd][1523]Current VehPos: 0, 5000, ang -0.000 (-0.000)
[20240124_13:45:16_113] # [T23568][VisionSlotAdd][1528]Convert Vision Slot[1][1] Coord: 0: 2552, 9392; 1: 7549, 9654; 2: 7676, 7230; 3: 2679, 6968
[20240124_13:45:16_114] # [T23568][VisionSlotAdd][1533]Old Vision Slot[1][1] Coord: 0: 2579, 9422; 1: 7513, 9681; 2: 7639, 7278; 3: 2705, 7019
[20240124_13:45:16_114] # [T23569][VisionSlotAddSlotWeightCal][1014]u32Weight: 2, CentreY: 3180.000, DisY: 1892.000, SlotAng: 176.999
[20240124_13:45:16_114] # [T23570][VisionSlotAdd][1576]New Vision Slot[1][1] Coord: 0: 2578, 9422; 1: 7513, 9680; 2: 7639, 7277; 3: 2704, 7018
[20240124_13:45:16_116] # [T23570][VisionSlotAdd][1600]vision slot [1][1], u32Weight: 2, Sum: 90, SlotAng: 3.000, CurSlotAng: 3.001
[20240124_13:45:16_116] # [T23571][VisionSlotAddValidCheck][893]Vision slot Length: 2571,2570, Depth 4873,4872
[20240124_13:45:16_116] # [T23571][VisionSlotAdd][1521]Added Vision Slot[0][0] Num 2 OriCoord: 0: 4240, 2860; 1: 8417, 350; 2: 7093, -1853; 3: 2916, 656
[20240124_13:45:16_116] # [T23572][VisionSlotAdd][1522]VehCoordAndAngle: 0, 5000, ang 0.000 (0.000)
[20240124_13:45:16_117] # [T23572][VisionSlotAdd][1523]Current VehPos: 0, 5000, ang -0.000 (-0.000)
[20240124_13:45:16_121] # [T23573][VisionSlotAdd][1528]Convert Vision Slot[0][0] Coord: 0: -4240, 7860; 1: -8417, 5350; 2: -7093, 3147; 3: -2916, 5656
[20240124_13:45:16_122] # [T23574][VisionSlotAdd][1533]Old Vision Slot[0][0] Coord: 0: -4295, 7851; 1: -8378, 5406; 2: -7033, 3161; 3: -2949, 5605
[20240124_13:45:16_122] # [T23574][VisionSlotAddSlotWeightCal][1014]u32Weight: 18, CentreY: 1758.000, DisY: 470.000, SlotAng: -30.997
[20240124_13:45:16_122] # [T23575][VisionSlotAdd][1576]New Vision Slot[0][0] Coord: 0: -4294, 7851; 1: -8379, 5406; 2: -7034, 3161; 3: -2949, 5605
[20240124_13:45:16_122] # [T23575][VisionSlotAdd][1600]vision slot [0][0], u32Weight: 18, Sum: 1479, SlotAng: -149.093, CurSlotAng: -149.003
[20240124_13:45:16_122] # [T23576][VisionSlotAddValidCheck][893]Vision slot Length: 2322,2323, Depth 4919,4918
[20240124_13:45:16_123] # [T23577][VisionSlotAdd][1521]Added Vision Slot[1][0] Num 2 OriCoord: 0: -2694, 1941; 1: -7601, 2285; 2: -7763, -33; 3: -2856, -376
[20240124_13:45:16_123] # [T23577][VisionSlotAdd][1522]VehCoordAndAngle: 0, 5000, ang 0.000 (0.000)
[20240124_13:45:16_123] # [T23578][VisionSlotAdd][1523]Current VehPos: 0, 5000, ang -0.000 (-0.000)
[20240124_13:45:16_123] # [T23578][VisionSlotAdd][1528]Convert Vision Slot[1][0] Coord: 0: 2694, 6941; 1: 7601, 7285; 2: 7763, 4967; 3: 2856, 4624
[20240124_13:45:16_123] # [T23579][VisionSlotAdd][1533]Old Vision Slot[1][0] Coord: 0: 2678, 6974; 1: 7568, 7300; 2: 7723, 4965; 3: 2834, 4639
[20240124_13:45:16_125] # [T23579][VisionSlotAddSlotWeightCal][1014]u32Weight: 17, CentreY: 782.500, DisY: 505.500, SlotAng: 175.996
[20240124_13:45:16_125] # [T23580][VisionSlotAdd][1576]New Vision Slot[1][0] Coord: 0: 2678, 6974; 1: 7568, 7300; 2: 7724, 4965; 3: 2834, 4638
[20240124_13:45:16_135] # [T23581][VisionSlotAdd][1600]vision slot [1][0], u32Weight: 17, Sum: 1349, SlotAng: 3.815, CurSlotAng: 4.004
[20240124_13:45:16_180] # [T23637][VisionSlotAddValidCheck][893]Vision slot Length: 2397,2396, Depth 4931,4931
[20240124_13:45:16_180] # [T23637][VisionSlotAdd][1521]Added Vision Slot[1][1] Num 2 OriCoord: 0: -2601, 4420; 1: -7526, 4678; 2: -7652, 2285; 3: -2727, 2026
[20240124_13:45:16_182] # [T23638][VisionSlotAdd][1522]VehCoordAndAngle: 0, 5000, ang 0.000 (0.000)
[20240124_13:45:16_182] # [T23638][VisionSlotAdd][1523]Current VehPos: 0, 5000, ang -0.000 (-0.000)
[20240124_13:45:16_182] # [T23638][VisionSlotAdd][1528]Convert Vision Slot[1][1] Coord: 0: 2601, 9420; 1: 7526, 9678; 2: 7652, 7285; 3: 2727, 7026
[20240124_13:45:16_184] # [T23639][VisionSlotAdd][1533]Old Vision Slot[1][1] Coord: 0: 2578, 9422; 1: 7513, 9680; 2: 7639, 7277; 3: 2704, 7018
[20240124_13:45:16_184] # [T23640][VisionSlotAddSlotWeightCal][1014]u32Weight: 1, CentreY: 3223.000, DisY: 1935.000, SlotAng: 176.995
[20240124_13:45:16_189] # [T23640][VisionSlotAdd][1576]New Vision Slot[1][1] Coord: 0: 2578, 9422; 1: 7514, 9680; 2: 7639, 7277; 3: 2704, 7018
[20240124_13:45:16_191] # [T23641][VisionSlotAdd][1600]vision slot [1][1], u32Weight: 1, Sum: 91, SlotAng: 3.000, CurSlotAng: 3.005
[20240124_13:45:16_191] # [T23642][VisionSlotAddValidCheck][893]Vision slot Length: 2619,2617, Depth 4725,4725
[20240124_13:45:16_191] # [T23642][VisionSlotAdd][1521]Added Vision Slot[0][0] Num 2 OriCoord: 0: 4301, 2844; 1: 8351, 410; 2: 7003, -1834; 3: 2952, 599
[20240124_13:45:16_192] # [T23643][VisionSlotAdd][1522]VehCoordAndAngle: 0, 5000, ang 0.000 (0.000)
[20240124_13:45:16_192] # [T23643][VisionSlotAdd][1523]Current VehPos: 0, 5000, ang -0.000 (-0.000)
[20240124_13:45:16_192] # [T23644][VisionSlotAdd][1528]Convert Vision Slot[0][0] Coord: 0: -4301, 7844; 1: -8351, 5410; 2: -7003, 3166; 3: -2952, 5599
[20240124_13:45:16_192] # [T23644][VisionSlotAdd][1533]Old Vision Slot[0][0] Coord: 0: -4294, 7851; 1: -8379, 5406; 2: -7034, 3161; 3: -2949, 5605
[20240124_13:45:16_193] # [T23645][VisionSlotAddSlotWeightCal][1014]u32Weight: 18, CentreY: 1721.500, DisY: 433.500, SlotAng: -30.997
[20240124_13:45:16_193] # [T23646][VisionSlotAdd][1576]New Vision Slot[0][0] Coord: 0: -4294, 7851; 1: -8378, 5406; 2: -7034, 3161; 3: -2949, 5605
[20240124_13:45:16_193] # [T23646][VisionSlotAdd][1600]vision slot [0][0], u32Weight: 18, Sum: 1497, SlotAng: -149.092, CurSlotAng: -149.003
[20240124_13:45:16_193] # [T23647][VisionSlotAddValidCheck][893]Vision slot Length: 2316,2316, Depth 4895,4894
[20240124_13:45:16_193] # [T23647][VisionSlotAdd][1521]Added Vision Slot[1][0] Num 2 OriCoord: 0: -2703, 1955; 1: -7587, 2297; 2: -7748, -14; 3: -2865, -356
[20240124_13:45:16_193] # [T23648][VisionSlotAdd][1522]VehCoordAndAngle: 0, 5000, ang 0.000 (0.000)
[20240124_13:45:16_194] # [T23649][VisionSlotAdd][1523]Current VehPos: 0, 5000, ang -0.000 (-0.000)
[20240124_13:45:16_195] # [T23649][VisionSlotAdd][1528]Convert Vision Slot[1][0] Coord: 0: 2703, 6955; 1: 7587, 7297; 2: 7748, 4986; 3: 2865, 4644
[20240124_13:45:16_196] # [T23650][VisionSlotAdd][1533]Old Vision Slot[1][0] Coord: 0: 2678, 6974; 1: 7568, 7300; 2: 7724, 4965; 3: 2834, 4638
[20240124_13:45:16_196] # [T23650][VisionSlotAddSltWeightCal][1014]u32Weight: 17, CentreY: 799.500, DisY: 488.500, SlotAng: 175.994
[20240124_13:45:16_196] # [T23651][VisionSlotAdd][1576]New Vision Slot[1][0] Coord: 0: 2679, 6973; 1: 7568, 7300; 2: 7724, 4965; 3: 2834, 4639
[20240124_13:45:16_197] # [T23651][VisionSlotAdd][1600]vision slot [1][0], u32Weight: 17, Sum: 1366, SlotAng: 3.817, CurSlotAng: 4.006
[20240124_13:45:16_197] # [T23652][VisionSlotAddValidCheck][893]Vision slot Length: 2446,2447, Depth 4378,4379
[20240124_13:45:16_197] # [T23653][VisionSlotAdd][1521]Added Vision Slot[0][1] Num 2 OriCoord: 0: 4431, 5583; 1: 8184, 3328; 2: 6924, 1230; 3: 3170, 3486
[20240124_13:45:16_199] # [T23653][VisionSlotAdd][1522]VehCoordAndAngle: 0, 5000, ang 0.000 (0.000)
[20240124_13:45:16_199] # [T23654][VisionSlotAdd][1523]Current VehPos: 0, 5000, ang -0.000 (-0.000)
[20240124_13:45:16_199] # [T23654][VisionSlotAdd][1528]Convert Vision Slot[0][1] Coord: 0: -4431, 10583; 1: -8184, 8328; 2: -6924, 6230; 3: -3170, 8486
[20240124_13:45:16_200] # [T23655][VisionSlotAdd][1533]Old Vision Slot[0][1] Coord: 0: -4444, 10581; 1: -8204, 8321; 2: -6949, 6231; 3: -3188, 8491
[20240124_13:45:16_200] # [T23655][VisionSlotAddSlotWeightCal][1014]u32Weight: 1, CentreY: 4534.500, DisY: 3246.500, SlotAng: -31.002
[20240124_13:45:16_200] # [T23656][VisionSlotAdd][1576]New Vision Slot[0][1] Coord: 0: -4443, 10581; 1: -8203, 8322; 2: -6947, 6231; 3: -3187, 8491
[20240124_13:45:16_202] # [T23657][VisionSlotAdd][1600]vision slot [0][1], u32Weight: 1, Sum: 16, SlotAng: -149.000, CurSlotAng: -148.998
[20240124_13:45:16_202] # [T23658][APAVisionOblAdd][1323]Vision Obl merge: 1
[20240124_13:45:16_202] # [T23658][APAVisionOblAdd][1326]Receive Vision Obl CrossPointCoord: 0: 2601, 9420; 1: 7526, 9678
[20240124_13:45:16_203] # [T23659][APAVisionOblInfoDebugPrint][118]VisionOblInfo:
[20240124_13:45:16_203] # [T23659][APAVisionOblInfoDebugPrint][119]OblType: 0, bIsMerge 0, DetectCount 97
[20240124_13:45:16_203] # [T23659][APAVisionOblInfoDebugPrint][122]CrossPointCoord: 0: 911, 9254; 1: 5662, 9822
[20240124_13:45:16_205] # [T23660][APAVisionOblInfoDebugPrint][125]OriginCrossPointCoord: 0: -2601, 4420; 1: -7526, 4678
[20240124_13:45:16_205] # [T23660][APAVisionOblInfoDebugPrint][126]VehCoordAndAng: 0, 5000, ang 0.000(0.000)
[20240124_13:45:16_205] # [T23661][APAVisionOblInfoDebugPrint][127] 
[20240124_13:45:16_205] # [T23661][APAVisionOblAdd][1323]Vision Obl merge: 0
[20240124_13:45:16_206] # [T23661][APAVisionOblAdd][1326]Receive Vision Obl CrossPointCoord: 0: -8351, 5410; 1: -4301, 7844
[20240124_13:45:16_206] # [T23662][APAVisionOblInfoDebugPrint][118]VisionOblInfo:
[20240124_13:45:16_206] # [T23662][APAVisionOblInfoDebugPrint][119]OblType: 0, bIsMerge 0, DeectCount 100
[20240124_13:45:16_208] # [T23663][APAVisionOblInfoDebugPrint][122]CrossPointCoord: 0: -3072, 6159; 1: 1399, 7591
[20240124_13:45:16_208] # [T23663][APAVisionOblInfoDebugPrint][125]OriginCrossPointCoord: 0: 8351, 410; 1: 4301, 2844
[20240124_13:45:16_208] # [T23664][APAVisionOblInfoDebugPrint][126]VehCoordAndAng: 0, 5000, ang 0.000(0.000)
[20240124_13:45:16_208] # [T23664][APAVisionOblInfoDebugPrint][127] 
[20240124_13:45:16_208] # [T23664][APAVisionOblAdd][1323]Vision Obl merge: 0
[20240124_13:45:16_209] # [T23665][APAVisionOblAdd][1326]Receive Vision Obl CrossPointCoord: 0: 2703, 6955; 1: 7587, 7297
[20240124_13:45:16_209] # [T23665][APAVisionOblInfoDebugPrint][118]VisionOblInfo:
[20240124_13:45:16_211] # [T23666][APAVisionOblInfoDebugPrint][119]OblType: 0, bIsMerge 0, DetectCount 100
[20240124_13:45:16_211] # [T23666][APAVisionOblInfoDebugPrint][122]CrossPointCoord: 0: -3072, 6159; 1: 1399, 7591
[20240124_13:45:16_211] # [T23666][APAVisionOblInfoDebugPrint][125]OriginCrossPointCoord: 0: -2703, 1955; 1: -7587, 2297
[20240124_13:45:16_212] # [T23667][APAVisionOblInfoDebugPrint][126]VehCoordAndAng: 0, 5000, ang 0.000(0.000)
[20240124_13:45:16_212] # [T23667][APAVisionOblInfoDebugPrint][127] 
[20240124_13:45:16_212] # [T23668][APAVisionOblAdd][1323]Vision Obl merge: 1
[20240124_13:45:16_212] # [T23668][APAVisionOblAdd][1326]Receive Vision Obl CrossPointCoord: 0: -8184, 8328; 1: -4431, 10583
[20240124_13:45:16_214] # [T23669][APAVisionOblInfoDebugPrint][118]VisionOblInfo:
[20240124_13:45:16_215] # [T23669][APAVisionOblInfoDebugPrint][119]OblType: 0, bIsMerge 0, DetectCount 98
[20240124_13:45:16_215] # [T23669][APAVisionOblInfoDebugPrint][122]CrossPointCoord: 0: 818, 9245; 1: 5559, 9830
[20240124_13:45:16_215] # [T23670][APAVisionOblInfoDebugPrint][125]OriginCrossPointCoord: 0: 8184, 3328; 1: 4431, 5583
[20240124_13:45:16_229] # [T23670][APAVisionOblInfoDebugPrint][126]VehCoordAndAng: 0, 5000, ang 0.000(0.000)
[20240124_13:45:16_229] # [T23671][APAVisionOblInfoDebugPrint][127] 
[20240124_13:45:16_271] # [T23728][VisionSlotAddValidCheck][893]Vision slot Length: 2396,2396, Depth 4892,4891
[20240124_13:45:16_271] # [T23728][VisionSlotAdd][1521]Added Vision Slot[1][1] Num 2 OriCoord: 0: -2610, 4435; 1: -7496, 4691; 2: -7621, 2298; 3: -2736, 2042
[20240124_13:45:16_276] # [T23729][VisionSlotAdd][1522]VehCoordAndAngle: 0, 5000, ang 0.000 (0.000)
[20240124_13:45:16_277] # [T23729][VisionSlotAdd][1523]Current VehPos: 0, 5000, ang -0.000 (-0.000)
[20240124_13:45:16_277] # [T23730][VisionSlotAdd][1528]Convert Vision Slot[1][1] Coord: 0: 2610, 9435; 1: 7496, 9691; 2: 7621, 7298; 3: 2736, 7042
[20240124_13:45:16_277] # [T23730][VisionSlotAdd][1533]Old Vision Slot[1][1] Coord: 0: 2578, 9422; 1: 7514, 9680; 2: 7639, 7277; 3: 2704, 7018
[20240124_13:45:16_277] # [T23731][VisionSlotAddSlotWeightCal][1014]u32Weight: 1, CentreY: 3238.500, DisY: 1950.500, SlotAng: 177.000
[20240124_13:45:16_277] # [T23731][VisionSlotAdd][1576]New Vision Slot[1][1] Coord: 0: 2579, 9422; 1: 7513, 9680; 2: 7639, 7277; 3: 2705, 7019
[20240124_13:45:16_278] # [T23732][VisionSlotAdd][1600]vision slot [1][1], u32Weight: 1, Sum: 92, SlotAng: 3.000, CurSlotAng: 3.000
[20240124_13:45:16_278] # [T23733][VisionSlotAddValidCheck][893]Vision slot Length: 2611,2611, Depth 4769,4767
[20240124_13:45:16_278] # [T23733][VisionSlotAdd][1521]Added Vision Slot[0][0] Num 2 OriCoord: 0: 4282, 2856; 1: 8370, 400; 2: 7024, -1838; 3: 2937, 617
[20240124_13:45:16_278] # [T23734][VisionSlotAdd][1522]VehCoordAndAngle: 0, 5000, ang 0.000 (0.000)
[20240124_13:45:16_280] # [T23734][VisionSlotAdd][1523]Current VehPos: 0, 5000, ang -0.000 (-0.000)
[20240124_13:45:16_280] # [T23735][VisionSlotAdd][1528]Convert Vision Slot[0][0] Coord: 0: -4282, 7856; 1: -8370, 5400; 2: -7024, 3162; 3: -2937, 5617
[20240124_13:45:16_280] # [T23735][VisionSlotAdd][1533]Old Vision Slot[0][0] Coord: 0: -4294, 7851; 1: -8378, 5406; 2: -7034, 3161; 3: -2949, 5605
[20240124_13:45:16_280] # [T23736][VisionSlotAddSlotWeightCal][1014]u32Weight: 18, CentreY: 1736.500, DisY: 448.500, SlotAng: -30.995
[20240124_13:45:16_283] # [T23737][VisionSlotAdd][1576]New Vision Slot[0][0] Coord: 0: -4294, 7851; 1: -8378, 5405; 2: -7033, 3161; 3: -2949, 5605
[20240124_13:45:16_284] # [T23737][VisionSlotAdd][1600]vision slot [0][0], u32Weight: 18, Sum: 1515, SlotAng: -149.091, CurSlotAng: -149.005
[20240124_13:45:16_285] # [T23738][VisionSlotAddValidCheck][893]Vision slot Length: 2372,2372, Depth 4895,4895
[20240124_13:45:16_285] # [T23738][VisionSlotAdd][1521]Added Vision Slot[1][0] Num 2 OriCoord: 0: -2708, 1975; 1: -7592, 2317; 2: -7758, -50; 3: -2874, -392
[20240124_13:45:16_285] # [T23739][VisionSlotAdd][1522]VehCoordAndAngle: 0, 5000, ang 0.000 (0.000)
[20240124_13:45:16_286] # [T23740][VisionSlotAdd][1523]Current VehPos: 0, 5000, ang -0.000 (-0.000)
[20240124_13:45:16_286] # [T23740][VisionSlotAdd][1528]Convert Vision Slot[1][0] Coord: 0: 2708, 6975; 1: 7592, 7317; 2: 7758, 4950; 3: 2874, 4608
[20240124_13:45:16_286] # [T23741][VisionSlotAdd][1533]Old Vision Slot[1][0] Coord: 0: 2679, 6973; 1: 7568, 7300; 2: 7724, 4965; 3: 2834, 4639
[20240124_13:45:16_286] # [T23741][VisionSlotAddSlotWeightCal][1014]u32Weight: 17, CentreY: 791.500, DisY: 496.500, SlotAng: 175.994
[20240124_13:45:16_286] # [T23742][VisionSlotAdd][1576]New Vision Slot[1][0] Coord: 0: 2679, 6973; 1: 7569, 7300; 2: 7724, 4965; 3: 2835, 4638
[20240124_13:45:16_292] # [T23743][VisionSlotAdd][1600]vision slot [1][0], u32Weight: 17, Sum: 1383, SlotAng: 3.820, CurSlotAng: 4.006
[20240124_13:45:16_292] # [T23744][APAVisionOblAdd][1323]Vision Obl merge: 1
[20240124_13:45:16_292] # [T23744][APAVisionOblAdd][1326]Receive Vision Obl CrossPointCoord: 0: 2610, 9435; 1: 7496, 9691
[20240124_13:45:16_292] # [T23745][APAVisionOblInfoDebugPrint][118]VisionOblInfo:
[20240124_13:45:16_293] # [T23745][APAVisionOblInfoDebugPrint][119]OblType: 0, bIsMerge 0, DetectCount 99
[20240124_13:45:16_293] # [T23746][APAVisionOblInfoDebugPrint][122]CrossPointCoord: 0: 836, 9247; : 5579, 9828
[20240124_13:45:16_293] # [T23746][APAVisionOblInfoDebugPrint][125]OriginCrossPointCoord: 0: -2610, 4435; 1: -7496, 4691
[20240124_13:45:16_293] # [T23747][APAVisionOblInfoDebugPrint][126]VehCoordAndAng: 0, 5000, ang 0.000(0.000)
[20240124_13:45:16_293] # [T23747][APAVisionOblInfoDebugPrint][127] 
[20240124_13:45:16_293] # [T23747][APAVisionOblAdd][1323]Vision Obl merge: 0
[20240124_13:45:16_294] # [T23747][APAVisionOblAdd][1326]Receive Vision Obl CrossPointCoord: 0: -8370, 5400; 1: -4282, 7856
[20240124_13:45:16_294] # [T23748][APAVisionOblInfoDebugPrint][118]VisionOblInfo:
[20240124_13:45:16_294] # [T23748][APAVisionOblInfoDebugPrint][119]OblType: 0, bIsMerge 0, DetectCount 100
[20240124_13:45:16_294] # [T23749][APAVisionOblInfoDebugPrint][122]CrossPointCoord: 0: -3072, 6159; 1: 1399, 7591
[20240124_13:45:16_296] # [T23749][APAVisionOblInfoDebugPrint][125]OriginCrossPointCoord: 0: 8370, 400; 1: 4282, 2856
[20240124_13:45:16_296] # [T23750][APAVisionOblInfoDebugPrint][126]VehCoordAndAng: 0, 5000, ang 0.000(0.000)
[20240124_13:45:16_296] # [T23750][APAVisionOblInfoDebugPrint][127] 
[20240124_13:45:16_296] # [T23751][APAVisionOblAdd][1323]Vision Obl merge: 0
[20240124_13:45:16_296] # [T23751][APAVisionOblAdd][1326]Receive Vision Obl CrossPointCoord: 0: 2708, 6975; 1: 7592, 7317
[20240124_13:45:16_296] # [T23751][APAVisionOblInfoDebugPrint][118]VisionOblInfo:
[20240124_13:45:16_297] # [T23752][APAVisionOblInfoDebugPrint][119]OblType: 0, bIsMerge 0, DetectCount 100
[20240124_13:45:16_297] # [T23752][APAVisionOblInfoDebugPrint][122]CrossPointCoord: 0: -3072, 6159; 1: 1399, 7591
[20240124_13:45:16_298] # [T23753][APAVisionOblInfoDebugPrint][125]OriginCrossPointCoord: 0: -2708, 1975; 1: -7592, 2317
[20240124_13:45:16_298] # [T23753][APAVisionOblInfoDebugPrint][126]VehCoordAndAng: 0, 5000, ang 0.000(0.000)
[20240124_13:45:16_305] # [T23754][APAVisionOblInfoDebugPrint][127] 
[20240124_13:45:16_353] # [T23809][APAVisionOblAdd][1323]Vision Obl merge: 1
[20240124_13:45:16_353] # [T23809][APAVisionOblAdd][1326]Receive Vision Obl CrossPointCoord: 0: 2608, 9408; 1: 7467, 9663
[20240124_13:45:16_353] # [T23809][APAVisionOblInfoDebugPrint][118]VisionOblInfo:
[20240124_13:45:16_353] # [T23810][APAVisionOblInfoDebugPrint][119]OblType: 0, bIsMerge 0, DetectCount 100
[20240124_13:45:16_354] # [T23810][APAVisionOblInfoDebugPrint][122]CrossPointCoord: 0: 854, 9248; 1: 5598, 9827
[20240124_13:45:16_357] # [T23811][APAVisionOblInfoDebugPrint][125]OriginCrossPointCoord: 0: -2608, 4408; 1: -7467, 4663
[20240124_13:45:16_358] # [T23811][APAVisionOblInfoDebugPrint][126]VehCoordAndAng: 0, 5000, ang 0.000(0.000)
[20240124_13:45:16_358] # [T23811][APAVisionOblInfoDebugPrint][127] 
[20240124_13:45:16_358] # [T23812][APAVisionOblAdd][1323]Vision Obl merge: 0
[20240124_13:45:16_358] # [T23812][APAVisionOblAdd][1326]Receive Vision Obl CrossPointCoord: 0: -8406, 5423; 1: -4247, 7825
[20240124_13:45:16_358] # [T23813][APAVisionOblInfoDebugPrint][118]VisionOblInfo:
[20240124_13:45:16_359] # [T23813][APAVisionOblInfoDebugPrint][119]OblType: 0, bIsMerge 0, DetectCount 100
[20240124_13:45:16_359] # [T23813][APAVisionOblInfoDebugPrint][122]CrossPointCoord: 0: -3072, 6159; 1: 1399, 7591
[20240124_13:45:16_359] # [T23814][APAVisionOblInfoDebugPrint][125]OriginCrossPointCoord: 0: 8406, 423; 1: 4247, 2825
[20240124_13:45:16_359] # [T23814][APAVisionOblInfoDebugPrint][126]VehCoordAndAng: 0, 5000, ang 0.000(0.000)
[20240124_13:45:16_359] # [T23815][APAVisionOblInfoDebugPrint][127] 
[20240124_13:45:16_359] # [T23815][APAVisionOblAdd][1323]Vision Obl merge: 0
[20240124_13:45:16_361] # [T23815][APAVisionOblAdd][1326]Receive Vision Obl CrossPointCoord: 0: 2692, 7042; 1: 7605, 7300
[20240124_13:45:16_361] # [T23816][APAVisionOblInfoDebugPrint][118]VisionOblInfo:
[20240124_13:45:16_362] # [T23816][APAVisionOblInfoDebugPrint][119]OblType: 0, bIsMerge 0, DetectCount 100
[20240124_13:45:16_362] # [T23817][APAVisionOblInfoDebugPrint][122]CrossPointCoord: 0: -3072, 6159; 1: 1399, 7591
[20240124_13:45:16_362] # [T23817][APAVisionOblInfoDebugPrint][125]OriginCrossPointCoord: 0: -2692, 2042; 1: -7605, 2300
[20240124_13:45:16_362] # [T23818][APAVisionOblInfoDebugPrint][126]VehCoordAndAng: 0, 5000, ang 0.000(0.000)
[20240124_13:45:16_362] # [T23818][APAVisionOblInfoDebugPrint][127] 
[20240124_13:45:16_363] # [T23818][VisionSlotAddValidCheck][893]Vision slot Length: 2369,2370, Depth 4865,4865
[20240124_13:45:16_367] # [T23819][VisionSlotAdd][1521]Added Vision Slot[1][1] Num 2 OriCoord: 0: -2608, 4408; 1: -7467, 4663; 2: -7591, 2296; 3: -2732, 2042
[20240124_13:45:16_367] # [T23820][VisionSlotAdd][1522]VehCoordAndAngle: 0, 5000, ang 0.000 (0.000)
[20240124_13:45:16_368] # [T23820][VisionSlotAdd][1523]Current VehPos: 0, 5000, ang -0.000 (-0.000)
[20240124_13:45:16_368] # [T23820][VisionSlotAdd][1528]Convert Vision Slot[1][1] Coord: 0: 2608, 9408; 1: 7467, 9663; 2: 7591, 7296; 3: 2732, 7042
[20240124_13:45:16_368] # [T23821][VisionSlotAdd][1533]Old Vision Slot[1][1] Coord: 0: 2579, 9422; 1: 7513, 9680; 2: 7639, 7277; 3: 2705, 7019
[20240124_13:45:16_368] # [T23822][VisionSlotAddSlotWeightCal][1014]u32Weight: 1, CentreY: 3225.000, DisY: 1937.000, SlotAng: 177.002
[20240124_13:45:16_368] # [T23822][VisionSlotAdd][1576]New Vision Slot[1][1] Coord: 0: 2579, 9422; 1: 7513, 9680; 2: 7639, 7277; 3: 2705, 7019
[20240124_13:45:16_369] # [T23823][VisionSlotAdd][1600]vision slot [1][1], u32Weight: 1, Sum: 93, SlotAng: 3.000, CurSlotAng: 2.998
[20240124_13:45:16_369] # [T23824][VisionSlotAddValidCheck][893]Vision slot Length: 2612,2611, Depth 4802,4801
[20240124_13:45:16_370] # [T23824][VisionSlotAdd][121]Added Vision Slot[0][0] Num 2 OriCoord: 0: 4247, 2825; 1: 8406, 423; 2: 7100, -1838; 3: 2941, 562
[20240124_13:45:16_371] # [T23825][VisionSlotAdd][1522]VehCoordAndAngle: 0, 5000, ang 0.000 (0.000)
[20240124_13:45:16_371] # [T23825][VisionSlotAdd][1523]Current VehPos: 0, 5000, ang -0.000 (-0.000)
[20240124_13:45:16_371] # [T2826][VisionSlotAdd][1528]Convert Vision Slot[0][0] Coord: 0: -4247, 7825; 1: -8406, 5423; 2: -7100, 3162; 3: -2941, 5562
[20240124_13:45:16_372] # [T23826][VisionSlotAdd][1533]Old Vision Slot[0][0] Coord: 0: -4294, 7851; 1: -8378, 5405; 2: -7033, 3161; 3: -2949, 5605
[20240124_13:45:16_372] # [T23827][VisionSlotAddSlotWeightCal][1014]u32Weight: 18, CentreY: 1693.500, DisY: 405.500, SlotAng: -29.998
[20240124_13:45:16_372] # [T23828][VisionSlotAdd][1576]New Vision Slot[0][0] Coord: 0: -4293, 7851; 1: -8379, 5406; 2: -7034, 3161; 3: -2949, 5605
[20240124_13:45:16_375] # [T23828][VisionSlotAdd][1600]vision slot [0][0], u32Weight: 18, Sum: 1533, SlotAng: -149.102, CurSlotAng: -150.002
[20240124_13:45:16_375] # [T23829][VisionSlotAddValidCheck][893]Vision slot Length: 2391,2392, Depth 4919,4918
[20240124_13:45:16_375] # [T23829][VisionSlotAdd][1521]Added Vision Slot[1][0] Num 2 OriCoord: 0: -2692, 2042; 1: -7605, 2300; 2: -7730, -89; 3: -2818, -346
[20240124_13:45:16_375] # [T23830][VisionSlotAdd][1522]VehCoordAndAngle: 0, 5000, ang 0.000 (0.000)
[20240124_13:45:16_376] # [T23830][VisionSlotAdd][1523]Current VehPos: 0, 5000, ang -0.000 (-0.000)
[20240124_13:45:16_376] # [T23831][VisionSlotAdd][1528]Convert Vision Slot[1][0] Coord: 0: 2692, 7042; 1: 7605, 7300; 2: 7730, 4911; 3: 2818, 4654
[20240124_13:45:16_376] # [T23832][VisionSlotAdd][1533]Old Vision Slot[1][0] Coord: 0: 2679, 6973; 1: 7569, 7300; 2: 7724, 4965; 3: 2835, 4638
[20240124_13:45:16_376] # [T23832][VisionSlotAddSlotWeightCal][1014]u32Weight: 18, CentreY: 848.000, DisY: 440.000, SlotAng: 176.999
[20240124_13:45:16_379] # [T23833][VisionSlotAdd][1576]New Vision Slot[1][0] Coord: 0: 2679, 6974; 1: 7569, 7300; 2: 7725, 4964; 3: 2835, 4638
[20240124_13:45:16_386] # [T23833][VisionSlotAdd][1600]vision slot [1][0], u32Weight: 18, Sum: 1401, SlotAng: 3.809, CurSlotAng: 3.001
[20240124_13:45:16_431] # [T23889][APAVisionOblAdd][1323]Vision Obl merge: 1
[20240124_13:45:16_434] # [T23889][APAVisionOblAdd][1326]Receive Vision Obl CrossPointCoord: 0: 2545, 9428; 1: 7569, 9691
[20240124_13:45:16_434] # [T23889][APAVisionOblInfoDebugPrint][118]VisionOblInfo:
[20240124_13:45:16_435] # [T23890][APAVisionOblInfoDebugPrint][119]OblType: 0, bIsMerge 0, DetectCount 100
[20240124_13:45:16_435] # [T23890][APAVisionOblInfoDebugPrint][122]CrossPointCoord: 0: 854, 9248; 1: 5598, 9827
[20240124_13:45:16_435] # [T23891][APAVisionOblInfoDebugPrint][125]OriginCrossPointCoord: 0: -2545, 4428; 1: -7569, 4691
[20240124_13:45:16_435] # [T23891][APAVisionOblInfoDebugPrint][126]VehCoordAndAng: 0, 5000, ang 0.000(0.000)
[20240124_13:45:16_435] # [T23892][APAVisionOblInfoDebugPrint][127] 
[20240124_13:45:16_439] # [T23892][APAVisionOblAdd][1323]Vision Obl merge: 0
[20240124_13:45:16_439] # [T23892][APAVisionOblAdd][1326]Receive Vision Obl CrossPointCoord: 0: -8417, 5380; 1: -4336, 7832
[20240124_13:45:16_439] # [T23893][APAVisionOblInfoDebugPrint][118]VisionOblInfo:
[20240124_13:45:16_439] # [T23893][APAVisionOblInfoDebugPrint][119]OblType: 0, bIsMerge 0, DetectCount 100
[20240124_13:45:16_439] # [T23893][APAVisionOblInfoDebugPrint][122]CrossPointCoord: 0: -3072, 6159; 1: 1399, 7591
[20240124_13:45:16_439] # [T23894][APAVisionOblInfoDebugPrint][125]OriginCrossPointCoord: 0: 8417, 380; 1: 4336, 2832
[20240124_13:45:16_440] # [T23894][APAVisionOblInfoDebugPrint][126]VehCoordAndAng: 0, 5000, ang 0.000(0.000)
[20240124_13:45:16_440] # [T23895][APAVisionOblInfoDebugPrint][127] 
[20240124_13:45:16_440] # [T23895][APAVisionOblAdd][1323]Vision Obl merge: 0
[20240124_13:45:16_440] # [T23895][APAVisionOblAdd][1326]Receive Vision Obl CrossPointCoord: 0: 2726, 6978; 1: 7573, 7232
[20240124_13:45:16_440] # [T23896][APAVisionOblInfoDebugPrint][118]VisionOblInfo:
[20240124_13:45:16_441] # [T23896][APAVisionOblInfoDebugPrint][119]OblType: 0, bIsMerge 0, DetectCount 100
[20240124_13:45:16_442] # [T23897][APAVisionOblInfoDebugPrint][122]CrossPointCoord: 0: -3072, 6159; 1: 1399, 7591
[20240124_13:45:16_443] # [T23897][APAVisionOblInfoDebugPrint][125]OriginCrossPointCoord: 0: -2726, 1978; 1: -7573, 2232
[20240124_13:45:16_443] # [T23898][APAVisionOblInfoDebugPrint][126]VehCoordAndAng: 0, 5000, ang 0.000(0.000)
[20240124_13:45:16_443] # [T23898][APAVisionOblInfoDebugPrint][127] 
[20240124_13:45:16_443] # [T23898][VisionSlotAddValidCheck][893]Vision slot Length: 2421,2420, Depth 5030,5030
[20240124_13:45:16_443] # [T23899][VisionSlotAdd][1521]Added Vision Slot[1][1] Num 2 OriCoord: 0: -2545, 4428; 1: -7569, 4691; 2: -7695, 2274; 3: -2671, 2010
[20240124_13:45:16_444] # [T23900][VisionSlotAdd][1522]VehCoordAndAngle: 0, 5000, ang 0.000 (0.000)
[20240124_13:45:16_444] # [T23900][VisionSlotAdd][1523]Current VehPos: 0, 5000, ang -0.000 (-0.000)
[20240124_13:45:16_447] # [T23900][VisionSlotAdd][1528]Convert Vision Slot[1][1] Coord: 0: 2545, 9428; 1: 7569, 9691; 2: 7695, 7274; 3: 2671, 7010
[20240124_13:45:16_447] # [T23901][VisionSlotAdd][1533]Old Vision Slot[1][1] Coord: 0: 2579, 9422; 1: 7513, 9680; 2: 7639, 7277; 3: 2705, 7019
[20240124_13:45:16_447] # [T23902][VisionSlotAddSlotWeightCal][1014]u32Weight: 1, CentreY: 3219.000, DisY: 1931.000, SlotAng: 176.998
[20240124_13:45:16_448] # [T23902][VisionSlotAdd][1576]New Vision Slot[1][1] Coord: 0: 2579, 9422; 1: 7514, 9680; 2: 7639, 7277; 3: 2705, 7019
[20240124_13:45:16_448] # [T23903][VisionSlotAdd][1600]vision slot [1][1], u32Weight: 1, Sum: 94, SlotAng: 3.000, CurSlotAng: 3.002
[20240124_13:45:16_451] # [T23904][VisionSlotAddValidCheck][893]Vision slot Length: 2617,2616, Depth 4760,4760
[20240124_13:45:16_451] # [T23904][VisionSlotAdd][1521]Added Vision Slot[0][0] Num 2 OriCoord: 0: 4336, 2832; 1: 8417, 380; 2: 7069, -1863; 3: 2988, 588
[20240124_13:45:16_451] # [T23905][VisionSlotAdd][1522]VehCoordAndAngle: 0, 5000, ang 0.000 (0.000)
[20240124_13:45:16_451] # [T23905][VisionSlotAdd][1523]Current VehPos: 0, 5000, ang -0.000 (-0.000)
[20240124_13:45:16_451] # [T23906][VisionSlotAdd][1528]Convert Vision Slot[0][0] Coord: 0: -4336, 7832; 1: -8417, 5380; 2: -7069, 3137; 3: -2988, 5588
[20240124_13:45:16_452] # [T23906][VisionSlotAdd][1533]Old Vision Slot[0][0] Coord: 0: -4293, 7851; 1: -8379, 5406; 2: -7034, 3161; 3: -2949, 5605
[20240124_13:45:16_452] # [T23907][VisionSlotAddSlotWeightCal][1014]u32Weight: 18, CentreY: 1710.000, DisY: 422.000, SlotAng: -30.994
[20240124_13:45:16_453] # [T23908][VisionSlotAdd][1576]New Vision Slot[0][0] Coord: 0: -4294, 7851; 1: -8379, 5405; 2: -7035, 3160; 3: -2949, 5605
[20240124_13:45:16_454] # [T23908][VisionSlotAdd][1600]vision slot [0][0], u32Weight: 18, Sum: 1551, SlotAng: -149.101, CurSlotAng: -149.006
[20240124_13:45:16_454] # [T23909][VisionSlotAddValidCheck][893]Vision slot Length: 2331,2331, Depth 4853,4853
[20240124_13:45:16_454] # [T23909][VisionSlotAdd][1521]Added Vision Slot[1][0] Num 2 OriCoord: 0: -2726, 1978; 1: -7573, 2232; 2: -7695, -96; 3: -2848, -350
[20240124_13:45:16_454] # [T23910][VisionSlotAdd][1522]VehCoordAndAngle: 0, 5000, ang 0.000 (0.000)
[20240124_13:45:16_455] # [T23910][VisionSlotAdd][1523]Current VehPos: 0, 5000, ang -0.000 (-0.000)
[20240124_13:45:16_456] # T23911][VisionSlotAdd][1528]Convert Vision Slot[1][0] Coord: 0: 2726, 6978; 1: 7573, 7232; 2: 7695, 4904; 3: 2848, 4650
[20240124_13:45:16_456] # [T23912][VisionSlotAdd][1533]Old Vision Slot[1][0] Coord: 0: 2679, 6974; 1: 7569, 7300; 2: 7725, 4964; 3: 2835, 4638
[20240124_13:45:16_457] # [T23912][VisionSlotAddSlotWeightCal][1014]u32Weight: 18, CentreY: 814.000, DisY: 474.000, SlotAng: 177.000
[20240124_13:45:16_457] # [T23913][VisionSlotAdd][1576]New Vision Slot[1][0] Coord: 0: 2680, 6974; 1: 7569, 7299; 2: 7724, 4963; 3: 2835, 4639
[20240124_13:45:16_467] # [T23913][VisionSlotAdd][1600]vision slot [1][0], u32Weight: 18, Sum: 1419, SlotAng: 3.799, CurSlotAng: 3.000
[20240124_13:45:16_467] # [T23924][UIInteractionLevel3CallBack][2867]CurL3Cmd[1]
[20240124_13:45:16_478] # [T23924][UIInteractionLevel3CallBack][2883]ApaState[3], VehSpeed[0], BreakSts[0]
[20240124_13:45:16_525] # [T23980][APAVisionOblAdd][1323]Vision Obl merge: 1
[20240124_13:45:16_525] # [T23980][APAVisionOblAdd][1326]Receive Vision Obl CrossPointCoord: 0: 2632, 9418; 1: 7485, 9672
[20240124_13:45:16_525] # [T23980][APAVisionOblInfoDebugPrint][118]VisionOblInfo:
[20240124_13:45:16_525] # [T23981][APAVisionOblInfoDebugPrint][119]OblType: 0, bIsMerge 0, DetectCount 100
[20240124_13:45:16_525] # [T23981][APAVisionOblInfoDebugPrint][122]CrossPointCoord: 0: 854, 9248; 1: 5598, 9827
[20240124_13:45:16_528] # [T23981][APAVisionOblInfoDebugPrint][125]OriginCrossPointCoord: 0: -2632, 4418; 1: -7485, 4672
[20240124_13:45:16_528] # [T23982][APAVisionOblInfoDebugPrint][126]VehCoordAndAng: 0, 5000, ang 0.000(0.000)
[20240124_13:45:16_528] # [T23982][APAVisionOblInfoDebugPrint][127] 
[20240124_13:45:16_528] # [T23983][APAVisionOblAdd][1323]Vision Obl merge: 0
[20240124_13:45:16_529] # [T23983][APAVisionOblAdd][1326]Receive Vision Obl CrossPointCoord: 0: -8387, 5411; 1: -4319, 7856
[20240124_13:45:16_529] # [T23984][APAVisionOblInfoDebugPrint][118]VisionOblInfo:
[20240124_13:45:16_529] # [T23984][APAVisionOblInfoDebugPrint][119]OblType: 0, bIsMerge 0, DetectCount 100
[20240124_13:45:16_529] # [T23984][APAVisionOblInfoDebugPrint][1  23985-task_radar-118: RadarCaptureCnt is 114 
[20240124_13:45:16_529] # 
[20240124_13:45:16_531] # 22]CrossPointCoord: 0: -3072, 6159; 1: 1399, 7591
[20240124_13:45:16_531] # [T23985][APAVisionOblInfoDebugPrint][125]OriginCrossPointCoord: 0: 8387, 411; 1: 4319, 2856
[20240124_13:45:16_531] # [T23986][APAVisionOblInfoDebugPrint][126]VehCoordAndAng: 0, 5000, ang 0.000(0.000)
[20240124_13:45:16_531] # [T23986][APAVisionOblInfoDebugPrint][127] 
[20240124_13:45:16_532] # [T23986][APAVisionOblAdd][1323]Vision Obl merge: 0
[20240124_13:45:16_532] # [T23987][APAVisionOblAdd][1326]Receive Vision Obl CrossPointCoord: 0: 2651, 6971; 1: 7577, 7316
[20240124_13:45:16_532] # [T23987][APAVisionOblInfoDebugPrint][118]VisionOblInfo:
[20240124_13:45:16_533] # [T23988][APAVisionOblInfoDebugPrint][119]OblType: 0, bIsMerge 0, DetectCount 100
[20240124_13:45:16_534] # [T23988][APAVisionOblInfoDebugPrint][122]CrossPointCoord: 0: -3072, 6159; 1: 1399, 7591
[20240124_13:45:16_534] # [T23989][APAVisionOblInfoDebugPrint][125]OriginCrossPointCoord: 0: -2651, 1971; 1: -7577, 2316
[20240124_13:45:16_534] # [T23989][APAVisionOblInfoDebugPrint][126]VehCoordAndAng: 0, 5000, ang 0.000(0.000)
[20240124_13:45:16_534] # [T23990][APAVisionOblInfoDebugPrint][127] 
[20240124_13:45:16_534] # [T23990][VisionSlotAddValidCheck][893]Vision slot Length: 2401,2401, Depth 4859,4859
[20240124_13:45:16_536] # [T23990][VisionSlotAdd][1521]Added Vision Slot[1][1] Num 2 OriCoord: 0: -2632, 4418; 1: -7485, 4672; 2: -7610, 2274; 3: -2757, 2020
[20240124_13:45:16_536] # [T23991][VisionSlotAdd][1522]VehCoordAndAngle: 0, 5000, ang 0.000 (0.000)
[20240124_13:45:16_536] # [T23991][VisionSlotAdd][1523]Current VehPos: 0, 5000, ang -0.000 (-0.000)
[20240124_13:45:16_537] # [T23992][VisionSlotAdd][1528]Convert Vision Slot[1][1] Coord: 0: 2632, 9418; 1: 7485, 9672; 2: 7610, 7274; 3: 2757, 7020
[20240124_13:45:16_537] # [T23993][VisionSlotAdd][1533]Old Vision Slot[1][1] Coord: 0: 2579, 9422; 1: 7514, 9680; 2: 7639, 7277; 3: 2705, 7019
[20240124_13:45:16_543] # [T23993][VisionSlotAddSlotWeightCal][1014]u32Weight: 1, CentreY: 3219.000, DisY: 1931.000, SlotAng: 177.004
[20240124_13:45:16_543] # [T23994][VisionSlotAdd][1576]New Vision Slot[1][1] Coord: 0: 2579, 9422; 1: 7513, 9680; 2: 7639, 7277; 3: 2705, 7019
[20240124_13:45:16_544] # [T23994][VisionSlotAdd][1600]vision slot [1][1], u32Weight: 1, Sum: 95, SlotAng: 3.000, CurSlotAng: 2.996
[20240124_13:45:16_544] # [T23995][VisionSlotAddValidCheck][893]Vision slot Length: 2633,2632, Depth 4746,4745
[20240124_13:45:16_544] # [T23996][VisionSlotAdd][1521]Added Vision Slot[0][0] Num 2 OriCoord: 0: 4319, 2856; 1: 8387, 411; 2: 7031, -1845; 3: 2963, 599
[20240124_13:45:16_544] # [T23996][VisionSlotAdd][1522]VehCoordAndAngle: 0, 5000, ang 0.000 (0.000)
[20240124_13:45:16_544] # [T23997][VisionSlotAdd][1523]Current VehPos: 0, 5000, ang -0.000 (-0.000)
[20240124_13:45:16_544] # [T23997][VisionSlotAdd][1528]Convert Vision Slot[0][0] Coord: 0: -4319, 7856; 1: -8387, 5411; 2: -7031, 3155; 3: -2963, 5599
[20240124_13:45:16_545] # [T23998][VisionSlotAdd][1533]Old Vision Slot[0][0] Coord: 0: -4294, 7851; 1: -8379, 5405; 2: -7035, 3160; 3: -2949, 5605
[20240124_13:45:16_545] # [T23998][VisionSlotAddSlotWeightCal][1014]u32Weight: 18, CentreY: 1727.500, DisY: 439.500, SlotAng: -31.002
[20240124_13:45:16_545] # [T23999][VisionSlotAdd][1576]New Vision Slot[0][0] Coord: 0: -4294, 7851; 1: -8379, 5405; 2: -7035, 3160; 3: -2949, 5605
[20240124_13:45:16_545] # [T24000][VisionSlotAdd][1600]vision slot [0][0], u32Weight: 18, Sum: 1569, SlotAng: -149.100, CurSlotAng: -148.998
[20240124_13:45:16_545] # [T24000][VisionSlotAddValidCheck][893]Vision slot Length: 2347,2347, Depth 4938,4939
[20240124_13:45:16_547] # [T24001][VisionSlotAdd][1521]Added Vision Slot[1][0] Num 2 OriCoord: 0: -2651, 1971; 1: -7577, 2316; 2: -7741, -26; 3: -2814, -371
[20240124_13:45:16_547] # [T24001][VisionSlotAdd][1522]VehCoordAndAngle: 0, 5000, ang 0.000 (0.000)
[20240124_13:45:16_547] # [T24002][VisionSlotAdd][1523]Current VehPos: 0, 5000, ang -0.000 (-0.000)
[20240124_13:45:16_547] # [T24002][VisionSlotAdd][1528]Convert Vision Slot[1][0] Coord: 0: 2651, 6971; 1: 7577, 7316; 2: 7741, 4974; 3: 2814, 4629
[20240124_13:45:16_548] # [T24003][VisionSlotAdd][1533]Old Vision Slot[1][0] Coord: 0: 2680, 6974; 1: 7569, 7299; 2: 7724, 4963; 3: 2835, 4639
[20240124_13:45:16_548] # [T24004][VisionSlotAddSlotWeightCal][1014]u32Weight: 17, CentreY: 800.000, DisY: 488.000, SlotAng: 175.994
[20240124_13:45:16_548] # [T24004][VisionSlotAdd][1576]New Vision Slot[1][0] Coord: 0: 2679, 6974; 1: 7569, 7299; 2: 7724, 4963; 3: 2835, 4638
[20240124_13:45:16_555] # [T24005][VisionSlotAdd][1600]vision slot [1][0], u32Weight: 17, Sum: 1436, SlotAng: 3.801, CurSlotAng: 4.006
[20240124_13:45:16_604] # [T24061][APAVisionOblAdd][1323]Vision Obl merge: 1
[20240124_13:45:16_606] # [T24061][APAVisionOblAdd][1326]Receive Vision Obl CrossPointCoord: 0: 2553, 9454; 1: 7535, 9715
[20240124_13:45:16_606] # [T24061][APAVisionOblInfoDebugPrint][118]VisionOblInfo:
[20240124_13:45:16_606] # [T24062][APAVisionOblInfoDebugPrint][119]OblType: 0, bIsMerge 0, DetectCount 100
[20240124_13:45:16_606] # [T24062][APAVisionOblInfoDebugPrint][122]CrossPointCoord: 0: 854, 9248; 1: 5598, 9827
[20240124_13:45:16_607] # [T24062][APAVisionOblInfoDebugPrint][125]OriginCrossPointCoord: 0: -2553, 4454; 1: -7535, 4715
[20240124_13:45:16_608] # [T24063][APAVisionOblInfoDebugPrint][126]VehCoordAndAng: 0, 5000, ang 0.000(0.000)
[20240124_13:45:16_608] # [T24063][APAVisionOblInfoDebugPrint][127] 
[20240124_13:45:16_610] # [T24064][APAVisionOblAdd][1323]Vision Obl merge: 0
[20240124_13:45:16_610] # [T24064][APAVisionOblAdd][1326]Receive Vision Obl CrossPointCoord: 0: -8377, 5405; 1: -4307, 7851
[20240124_13:45:16_610] # [T24065][APAVisionOblInfoDebugPrint][118]VisionOblInfo:
[20240124_13:45:16_610] # [T24065][APAVisionOblInfoDebugPrint][119]OblType: 0, bIsMerge 0, DetectCount 100
[20240124_13:45:16_610] # [T24065][APAVisionOblInfoDebugPrint][122]CrossPointCoord: 0: -3072, 6159; 1: 1399, 7591
[20240124_13:45:16_610] # [T24066][APAVisionOblInfoDebugPrint][125]OriginCrossPointCoord: 0: 8377, 405; 1: 4307, 2851
[20240124_13:45:16_613] # [T24066][APAVisionOblInfoDebugPrint][126]VehCoordAndAng: 0, 5000, ang 0.000(0.000)
[20240124_13:45:16_613] # [T24067][APAVisionOblInfoDebugPrint][127] 
[20240124_13:45:16_613] # [T24067][APAVisionOblAdd][1323]Vision Obl merge: 0
[20240124_13:45:16_613] # [T24067][APAVisionOblAdd][1326]Receive Vision Obl CrossPointCoord: 0: 2668, 6968; 1: 7555, 7310
[20240124_13:45:16_613] # [T24068][APAVisionOblInfoDebugPrint][118]VisionOblInfo:
[20240124_13:45:16_613] # [T24068][APAVisionOblInfoDebugPrint][119]OblType: 0, bIsMerge 0, DetectCount 100
[20240124_13:45:16_614] # [T24069][APAVisionOblInfoDebugPrint][122]CrossPointCoord: 0: -3072, 6159; 1: 1399, 7591
[20240124_13:45:16_616] # [T24069][APAVisionOblInfoDebugPrint][125]OriginCrossPointCoord: 0: -2668, 1968; 1: -7555, 2310
[20240124_13:45:16_616] # [T24070][APAVisionOblInfoDebugPrint][126]VehCoordAndAng: 0, 5000, ang 0.000(0.000)
[20240124_13:45:16_617] # [T24070][APAVisionOblInfoDebugPrint][127] 
[20240124_13:45:16_617] # [T24070][VisionSlotAddValidCheck][893]Vision slot Length: 2431,2431, Depth 4988,4987
[20240124_13:45:16_617] # [T24071][VisionSlotAdd][1521]Added Vision Slot[1][1] Num 2 OriCoord: 0: -2553, 4454; 1: -7535, 4715; 2: -7662, 2287; 3: -2681, 2026
[20240124_13:45:16_618] # [T24072][VisionSlotAdd][1522]VehCoordAndAngle: 0, 5000, ang 0.000 (0.000)
[20240124_13:45:16_618] # [T24072][VisionSlotAdd][1523]Current VehPos: 0, 5000, ang -0.000 (-0.000)
[20240124_13:45:16_618] # [T24072][VisionSlotAdd][1528]Convert Vision Slot[1][1] Coord: 0: 2553, 9454; 1: 7535, 9715; 2: 7662, 7287; 3: 2681, 7026
[20240124_13:45:16_620] # [T24073][VisionSlotAdd][1533]Old Vision Slot[1][1] Coord: 0: 2579, 9422; 1: 7513, 9680; 2: 7639, 7277; 3: 2705, 7019
[20240124_13:45:16_621] # [T24074][VisionSlotAddSlotWeightCal][1014]u32Weight: 1, CentreY: 3240.000, DisY: 1952.000, SlotAng: 177.001
[20240124_13:45:16_621] # [T24074][VisionSlotAdd][1576]New Vision Slot[1][1] Coord: 0: 2579, 9422; 1: 7513, 9680; 2: 7639, 7277; 3: 2705, 7019
[20240124_13:45:16_621] # [T24075][VisionSlotAdd][1600]vision slot [1][1], u32Weight: 1, Sum: 96, SlotAng: 3.000, CurSlotAng: 2.999
[20240124_13:45:16_621] # [T24076][VisionSlotAddValidCheck][893]Vision slot Length: 2586,2584, Depth 4748,4747
[20240124_13:45:16_621] # [T24076][VisionSlotAdd][1521]Added Vision Slot[0][0] Num 2 OriCoord: 0: 4307, 2851; 1: 8377, 405; 2: 7045, -1810; 3: 2975, 634
[20240124_13:45:16_622] # [T24077][VisionSlotAdd][1522]VehCoordAndAngle: 0, 5000, ang 0.000 (0.000)
[20240124_13:45:16_623] # [T24077][VisionSlotAdd][1523]Current VehPos: 0, 5000, ang -0.000 (-0.000)
[20240124_13:45:16_623] # [T24078][VisionSlotAdd][1528]Convert Vision Slot[0][0] Coord: 0: -4307, 7851; 1: -8377, 5405; 2: -7045, 3190; 3: -2975, 5634
[20240124_13:45:16_624] # [T24079][VisionSlotAdd][1533]Old Vision Slot[0][0] Coord: 0: -4294, 7851; 1: -8379, 5405; 2: -7035, 3160; 3: -2949, 5605
[20240124_13:45:16_624] # [T24079][VisionSlotAddSlotWeightCal][1014]u32Weight: 18, CentreY: 1742.500, DisY: 454.500, SlotAng: -30.995
[20240124_13:45:16_627] # [T24080][VisionSlotAdd][1576]New Vsion Slot[0][0] Coord: 0: -4294, 7851; 1: -8379, 5405; 2: -7035, 3161; 3: -2950, 5605
[20240124_13:45:16_627] # [T24080][VisionSlotAdd][1600]vision slot [0][0], u32Weight: 18, Sum: 1587, SlotAng: -149.098, CurSlotAng: -149.005
[20240124_13:45:16_627] # [T24081][VisionSlotAddValidCheck][893]Vision slot Length: 2345,2345, Depth 4898,4898
[20240124_13:45:16_627] # [T24082][VisionSlotAdd][1521]Added Vision Slot[1][0] Num 2 OriCoord: 0: -2668, 1968; 1: -7555, 2310; 2: -7719, -30; 3: -2832, -372
[20240124_13:45:16_627] # [T24082][VisionSlotAdd][1522]VehCoordAndAngle: 0, 5000, ang 0.000 (0.000)
[20240124_13:45:16_627] # [T24083][VisionSlotAdd][1523]Current VehPos: 0, 5000, ang -0.000 (-0.000)
[20240124_13:45:16_628] # [T24083][VisionSlotAdd][1528]Convert Vision Slot[1][0] Coord: 0: 2668, 6968; 1: 7555, 7310; 2: 7719, 4970; 3: 2832, 4628
[20240124_13:45:16_629] # [T24084][VisionSlotAdd][1533]Old Vision Slot[1][0] Coord: 0: 2679, 6974; 1: 7569, 7299; 2: 7724, 4963; 3: 2835, 4638
[20240124_13:45:16_629] # [T24084][VisionSlotAddSlotWeightCal][1014]u32Weight: 17, CentreY: 798.000, DisY: 490.000, SlotAng: 175.997
[20240124_13:45:16_629] # [T24085][VisionSlotAdd][1576]New Vision Slot[1][0] Coord: 0: 2679, 6974; 1: 7569, 7299; 2: 7724, 4963; 3: 2835, 4638
[20240124_13:45:16_649] # [T24086][VisionSlotAdd][1600]vision slot [1][0], u32Weight: 17, Sum: 1453, SloAng: 3.804, CurSlotAng: 4.003
[20240124_13:45:16_687] # [T24142][APAVisionOblAdd][1323]Vision Obl merge: 1
[20240124_13:45:16_687] # [T24142][APAVisionOblAdd][1326]Receive Vision Obl CrossPointCoord: 0: 2597, 9427; 1: 7476, 9683
[20240124_13:45:16_687] # [T24142][APAVisionOblInfoDebugPrint][118]VisionOblInfo:
[20240124_13:45:16_687] # [T24143][APAVisionOblInfoDebugPrint][119]OblType: 0, bIsMerge 0, DetectCount 100
[20240124_13:45:16_688] # [T24143][APAVisionOblInfoDebugPrint][122]CrossPointCoord: 0: 854, 9248; 1: 5598, 9827
[20240124_13:45:16_688] # [T24144][APAVisionOblInfoDebugPrint][125]OriginCrossPointCoord: 0: -2597, 4427; 1: -7476, 4683
[20240124_13:45:16_689] # [T24144][APAVisionOblInfoDebugPrint][126]VehCoordAndAng: 0, 5000, ang 0.000(0.000)
[20240124_13:45:16_689] # [T24145][APAVisionOblInfoDebugPrint][127] 
[20240124_13:45:16_690] # [T24145][APAVisionOblAdd][1323]Vision Obl merge: 0
[20240124_13:45:16_690] # [T24145][APAVisionOblAdd][1326]Receive Vision Obl CrossPointCoord: 0: -8369, 5397; 1: -4286, 7850
[20240124_13:45:16_690] # [T24146][APAVisionOblInfoDebugPrint][118]VisionOblInfo:
[20240124_13:45:16_690] # [T24146][APAVisionOblInfoDebugPrint][119]OblType: 0, bIsMerge 0, DetectCount 100
[20240124_13:45:16_692] # [T24147][APAVisionOblInfoDebugPrint][122]CrossPointCoord: 0: -3072, 6159; 1: 399, 7591
[20240124_13:45:16_692] # [T24147][APAVisionOblInfoDebugPrint][125]OriginCrossPointCoord: 0: 8369, 397; 1: 4286, 2850
[20240124_13:45:16_692] # [T24148][APAVisionOblInfoDebugPrint][126]VehCoordAndAng: 0, 5000, ang 0.000(0.000)
[20240124_13:45:16_692] # [T24148][APAVisionOblInfoDebugPrint][127] 
[20240124_13:45:16_693] # [T24148][APAVisionOblAdd][1323]Vision Obl merge: 0
[20240124_13:45:16_693] # [T24149][APAVisionOblAdd][1326]Receive Vision Obl CrossPointCoord: 0: 2697, 6920; 1: 7433, 7252
[20240124_13:45:16_693] # [T24149][APAVisionOblInfoDebugPrint][118]VisionOblInfo:
[20240124_13:45:16_696] # [T24149][APAVisionOblInfoDebugPrint][119]OblType: 0, bIsMerge 0, DetectCount 100
[20240124_13:45:16_696] # [T24150][APAVisionOblInfoDebugPrint][122]CrossPointCoord: 0: -3072, 6159; 1: 1399, 7591
[20240124_13:45:16_696] # [T24150][APAVisionOblInfoDebugPrint][125]OriginCrossPointCoord: 0: -2697, 1920; 1: -7433, 2252
[20240124_13:45:16_696] # [T24151][APAVisionOblInfoDebugPrint][126]VehCoordAndAng: 0, 5000, ang 0.000(0.000)
[20240124_13:45:16_696] # [T24151][APAVisionOblInfoDebugPrint][127] 
[20240124_13:45:16_697] # [T24152][VisionSlotAddValidCheck][893]Vision slot Length: 2378,2378, Depth 4885,4885
[20240124_13:45:16_697] # [T24152][VisionSlotAdd][1521]Added Vision Slot[1][1] Num 2 OriCoord: 0: -2597, 4427; 1: -7476, 4683; 2: 7600, 2308; 3: -2721, 2052
[20240124_13:45:16_698] # [T24153][VisionSlotAdd][1522]VehCoordAndAngle: 0, 5000, ang 0.000 (0.000)
[20240124_13:45:16_698] # [T24153][VisionSlotAdd][1523]Current VehPos: 0, 5000, ang -0.000 (-0.000)
[20240124_13:45:16_699] # [T24154][VisionSlotAdd][1528]Convert Vision Slot[1][1] Coord: 0: 2597, 9427; 1: 7476, 9683; 2: 7600, 7308; 3: 2721, 7052
[20240124_13:45:16_699] # [T24154][VisionSlotAdd][1533]Old Vision Slot[1][1] Coord: 0: 2579, 9422; 1: 7513, 9680; 2: 7639, 7277; 3: 2705, 7019
[20240124_13:45:16_701] # [T24155][VisionSlotAddSlotWeightCal][1014]u32Weight: 1, CentreY: 3239.500, DisY: 1951.500, SlotAng: 176.996
[20240124_13:45:16_701] # [T24156][VisionSlotAdd][1576]New Vision Slot[1][1] Coord: 0: 2579, 9422; 1: 7513, 9680; 2: 7639, 7278; 3: 2705, 7019
[20240124_13:45:16_701] # [T24156][VisionSlotAdd][1600]vision slot [1][1], u32Weight: 1, Sum: 97, SlotAng: 3.000, CurSlotAng: 3.004
[20240124_13:45:16_701] # [T24157][VisionSlotAddValidCheck][893]Vision slot Length: 2622,2621, Depth 4763,4762
[20240124_13:45:16_703] # [T24157][VisionSlotAdd][1521]Added Vision Slot[0][0] Num 2 OriCoord: 0: 4286, 2850; 1: 8369, 397; 2: 7018, -1850; 3: 2935, 602
[20240124_13:45:16_704] # [T24158][VisionSlotAdd][1522]VehCoordAndAngle: 0, 5000, ang 0.000 (0.000)
[20240124_13:45:16_704] # [T24158][VisionSlotAdd][1523]Current VehPos: 0, 5000, ang -0.000 (-0.000)
[20240124_13:45:16_704] # [T24159][VisionSlotAdd][1528]Convert Vision Slot[0][0] Coord: 0: -4286, 7850; 1: -8369, 5397; 2: -7018, 3150; 3: -2935, 5602
[20240124_13:45:16_704] # [T24159][VisionSlotAdd][1533]Old Vision Slot[0][0] Coord: 0: -4294, 7851; 1: -8379, 5405; 2: -7035, 3161; 3: -2950, 5605
[20240124_13:45:16_707] # [T24160][VisionSlotAddSlotWeightCal][1014]u32Weight: 18, CentreY: 1726.000, DisY: 438.000, SlotAng: -30.992
[20240124_13:45:16_707] # [T24161][VisionSlotAdd][1576]New Vision Slot[0][0] Coord: 0: -4294, 7851; 1: -8379, 5405; 2: -7034, 3160; 3: -2949, 5605
[20240124_13:45:16_708] # [T24161][VisionSlotAdd][1600]vision slot [0][0], u32Weight: 18, Sum: 1605, SlotAng: -149.097, CurSlotAng: -149.008
[20240124_13:45:16_708] # [T24162][VisionSlotAddValidCheck][893]Vision slot Length: 2260,2261, Depth 4747,4747
[20240124_13:45:16_708] # [T24163][VisionSlotAdd][1521]Added Vision Slot[1][0] Num 2 OriCoord: 0: -2697, 1920; 1: -7433, 2252; 2: -7591, -4; 3: -2855, -335
[20240124_13:45:16_708] # [T24163][VisionSlotAdd][1522]VehCoordAndAngle: 0, 5000, ang 0.000 (0.000)
[20240124_13:45:16_708] # [T24164][VisionSlotAdd][1523]Current VehPos: 0, 5000, ang -0.000 (-0.000)
[20240124_13:45:16_710] # [T24164][VisionSlotAdd][1528]Convert Vision Slot[1][0] Coord: 0: 2697, 6920; 1: 7433, 7252; 2: 7591, 4996; 3: 2855, 4665
[20240124_13:45:16_710] # [T24165][VisionSlotAdd][1533]Old Vision Slot[1][0] Coord: 0: 2679, 6974; 1: 7569, 7299; 2: 7724, 4963; 3: 2835, 4638
[20240124_13:45:16_711] # [T24165][VisionSlotAddSlotWeightCal][1014]u32Weight: 17, CentreY: 792.500, DisY: 495.500, SlotAng: 175.996
[20240124_13:45:16_711] # [T24166][VisionSlotAdd][1576]New Vision Slot[1][0] Coord: 0: 2680, 6974; 1: 7567, 7299; 2: 7723, 4964; 3: 2835, 4639
[20240124_13:45:16_726] # [T24167][VisionSlotAdd][1600]vision slot [1][0], u32Weight: 17, Sum: 1470, SlotAng: 3.806, CurSlotAng: 4.004
[20240124_13:45:16_768] # [T24223][APAVisionOblAdd][1323]Vision Obl merge: 1
[20240124_13:45:16_768] # [T24223][APAVisionOblAdd][1326]Receive Vision Obl CrossPointCoord: 0: 2596, 9419; 1: 7475, 9675
[20240124_13:45:16_768] # [T24223][APAVisionOblInfoDebugPrint][118]VisionOblInfo:
[20240124_13:45:16_770] # [T24224][APAVisionOblInfoDebugPrint][119]OblType: 0, bIsMerge 0, DetectCount 100
[20240124_13:45:16_770] # [T24224][APAVisionOblInfoDebugPrint][122]CrossPointCoord: 0: 854, 9248; 1: 5598, 9827
[20240124_13:45:16_770] # [T24225][APAVisionOblInfoDebugPrint][125]OriginCrossPointCoord: 0: -2596, 4419; 1: -7475, 4675
[20240124_13:45:16_770] # [T24225][APAVisionOblInfoDebugPrint][126]VehCoordAndAng: 0, 5000, ang 0.000(0.000)
[20240124_13:45:16_771] # [T24226][APAVisionOblInfoDebugPrint][127] 
[20240124_13:45:16_771] # [T24226][APAVisionOblAdd][1323]Vision Obl merge: 0
[20240124_13:45:16_771] # [T24226][APAVisionOblAdd][1326]Receive Vision Obl CrossPointCoord: 0: 2677, 6955; 1: 7535, 7294
[20240124_13:45:16_771] # [T24227][APAVisionOblInfoDebugPrint][118]VisionOblInfo:
[20240124_13:45:16_771] # [T24227][APAVisionOblInfoDebugPrint][119]OblType: 0, bIsMerge 0, DetectCount 100
[20240124_13:45:16_775] # [T24228][APAVisionOblInfoDebugPrint][122]CrossPointCoord: 0: -3072, 6159; 1: 1399, 7591
[20240124_13:45:16_775] # [T24228][APAVisionOblInfoDebugPrint][125]OriginCrossPointCoord: 0: -2677, 1955; 1: -7535, 2294
[20240124_13:45:16_775] # [T24229][APAVisionOblInfoDebugPrint][126]VehCoordAndAng: 0, 5000, ang 0.000(0.000)
[20240124_13:45:16_775] # [T24229][APAVisionOblInfoDebugPrint][127] 
[20240124_13:45:16_776] # [T24229][APAVisionOblAdd][1323]Vision Obl merge: 0
[20240124_13:45:16_776] # [T24230][APAVisionOblAdd][1326]Receive Vision Obl CrossPointCoord: 0: -8388, 5420; 1: -4320, 7864
[20240124_13:45:16_776] # [T24230][APAVisionOblInfoDebugPrint][118]VisionOblInfo:
[20240124_13:45:16_776] # [T24230][APAVisionOblInfoDebugPrint][119]OblType: 0, bIsMerge 0, DetectCount 100
[20240124_13:45:16_776] # [T24231][APAVisionOblInfoDebugPrint][122]CrossPointCoord: 0: -3072, 6159; 1: 1399, 7591
[20240124_13:45:16_778] # [T24232][APAVisionOblInfoDebugPrint][125]OriginCrossPointCoord: 0: 8388, 420; 1: 4320, 2864
[20240124_13:45:16_779] # [T24232][APAVisionOblInfoDebugPrint][126]VehCoordAndAng: 0, 5000, ang 0.000(0.000)
[20240124_13:45:16_779] # [T24233][APAVisionOblInfoDebugPrint][127] 
[20240124_13:45:16_779] # [T24233][VisionSlotAddValidCheck][893]Vision slot Length: 2378,2378, Depth 4885,4885
[20240124_13:45:16_779] # [T24233][VisionSlotAdd][1521]Added Vision Slot[1][1] Num 2 OriCoord: 0: -2596, 4419; 1: -7475, 4675; 2: -7599, 2300; 3: -2720, 2044
[20240124_13:45:16_779] # [T24234][VisionSlotAdd][1522]VehCoordAndAngle: 0, 5000, ang 0.000 (0.000)
[20240124_13:45:16_780] # [T24235][VisionSlotAdd][1523]Current VehPos: 0, 5000, ang -0.000 (-0.000)
[20240124_13:45:16_780] # [T24235][VisionSlotAdd][1528]Convert Vision Slot[1][1] Coord: 0: 2596, 9419; 1: 7475, 9675; 2: 7599, 7300; 3: 2720, 7044
[20240124_13:45:16_782] # [T24236][VisionSlotAdd][1533]Old Vision Slot[1][1] Coord: 0: 2579, 9422; 1: 7513, 9680; 2: 7639, 7278; 3: 2705, 7019
[20240124_13:45:16_782] # [T24236][VisionSlotAddSlotWeightCal][1014]u32Weight: 1, CentreY: 3231.500, DisY: 1943.500, SlotAng: 176.996
[20240124_13:45:16_782] # [T24237][VisionSlotAdd][1576]New Vision Slot[1][1] Coord: 0: 2579, 9422; 1: 7513, 9680; 2: 7638, 7278; 3: 2705, 7019
[20240124_13:45:16_783] # [T24238][VisionSlotAdd][1600]vision slot [1][1], u32Weight: 1, Sum: 98, SlotAng: 3.000, CurSlotAng: 3.004
[20240124_13:45:16_783] # [T24238][VisionSlotAddValidCheck][893]Vision slot Length: 2310,2309, Depth 4869,4869
[20240124_13:45:16_785] # [T24239][VisionSlotAdd][1521]Added Vision Slot[1][0] Num 2 OriCoord: 0: -2677, 1955; 1: -7535, 2294; 2: -7696, -10; 3: -2838, -350
[20240124_13:45:16_785] # [T24239][VisionSlotAdd][1522]VehCoordAndAngle: 0, 5000, ang 0.000 (0.000)
[20240124_13:45:16_785] # [T24240][VisionSlotAdd][1523]Current VehPos: 0, 5000, ang -0.000 (-0.000)
[20240124_13:45:16_785] # [T24240][VisionSlotAdd][1528]Convert Vision Slot[1][0] Coord: 0: 2677, 6955; 1: 7535, 7294; 2: 7696, 4990; 3: 2838, 4650
[20240124_13:45:16_789] # [T24241][VisionSlotAdd][1533]Old Vision Slot[1][0] Coord: 0: 2680, 6974; 1: 7567, 7299; 2: 7723, 4964; 3: 2835, 4639
[20240124_13:45:16_790] # [T24242][VisionSlotAddSlotWeightCal][1014]u32Weight: 17, CentreY: 802.500, DisY: 485.500, SlotAng: 176.002
[20240124_13:45:16_791] # [T24242][VisionSlotAdd][1576]New Vision Slot[1][0] Coord: 0: 2679, 6973; 1: 7567, 7299; 2: 7722, 4964; 3: 2835, 4639
[20240124_13:45:16_791] # [T24243][VisionSlotAdd][1600]vision slot [1][], u32Weight: 17, Sum: 1487, SlotAng: 3.808, CurSlotAng: 3.998
[20240124_13:45:16_791] # [T24243][VisionSlotAddValidCheck][893]Vision slot Length: 2632,2632, Depth 4745,4745
[20240124_13:45:16_791] # [T24244][VisionSlotAdd][1521]Added Vision Slot[0][0] Num 2 OriCoord: 0: 4320, 2864; 1: 8388, 420; 2: 7032, -1836; 3: 2964, 608
[20240124_13:45:16_791] # [T24245][VisionSlotAdd][1522]VehCoordAndAngle: 0, 5000, ang 0.000 (0.000)
[20240124_13:45:16_791] # [T24245][VisionSlotAdd][1523]Current VehPos: 0, 5000, ang -0.000 (-0.000)
[20240124_13:45:16_792] # [T24245][VisionSlotAdd][1528]Convert Vision Slot[0][0] Coord: 0: -4320, 7864; 1: -8388, 5420; 2: -7032, 3164; 3: -2964, 5608
[20240124_13:45:16_792] # [T24246][VisionSlotAdd][1533]Old Vision Slot[0][0] Coord: 0: -4294, 7851; 1: -8379, 5405; 2: -7034, 3160; 3: -2949, 5605
[20240124_13:45:16_792] # [T24247][VisionSlotAddSlotWeightCal][1014]u32Weight: 18, CentreY: 1736.000, DisY: 448.000, SlotAng: -30.997
[20240124_13:45:16_792] # [T24247][VisionSlotAdd][1576]New Vision Slot[0][0] Coord: 0: -4294, 7851; 1: -8379, 5405; 2: -7034, 3160; 3: -2950, 5605
[20240124_13:45:16_805] # [T24248][VisionSlotAdd][1600]vision slot [0][0], u32Weight: 18, Sum: 1623, SlotAng: -149.096, CurSlotAng: -149.003
[20240124_13:45:16_868] # [T24323][VisionSlotAddValidCheck][893]Vision slot Length: 2416,2416, Depth 4922,4921
[20240124_13:45:16_868] # [T24323][VisionSlotAdd][1521]Added Vision Slot[1][1] Num 2 OriCoord: 0: -2564, 4445; 1: -7480, 4703; 2: -7606, 2290; 3: -2691, 2032
[20240124_13:45:16_869] # [T24324][VisionSlotAdd][1522]VehCoordAndAngle: 0, 5000, ang 0.000 (0.000)
[20240124_13:45:16_869] # [T24324][VisionSlotAdd][1523]Current VehPos: 0, 5000, ang -0.000 (-0.000)
[20240124_13:45:16_869] # [T24324][VisionSlotAdd][1528]Convert Vision Slot[1][1] Coord: 0: 2564, 9445; 1: 7480, 9703; 2: 7606, 7290; 3: 2691, 7032
[20240124_13:45:16_871] # [T24325][VisionSlotAdd][1533]Old Vision Slot[1][1] Coord: 0: 2579, 9422; 1: 7513, 9680; 2: 7638, 7278; 3: 2705, 7019
[20240124_13:45:16_871] # [T24326][VisionSlotAddSlotWeightCal][1014]u32Weight: 1, CentreY: 3238.500, DisY: 1950.500, SlotAng: 176.995
[20240124_13:45:16_871] # [T24326][VisionSlotAdd][1576]New Vision Slot[1][1] Coord: 0: 2579, 9422; 1: 7512, 9681; 2: 7638, 7278; 3: 2705, 7020
[20240124_13:45:16_873] # [T24327][VisionSlotAdd][1600]vision slot [1][1], u32Weight: 1, Sum: 99, SlotAng: 3.000, CurSlotAng: 3.005
[20240124_13:45:16_873] # [T24328][VisionSlotAddValidCheck][893]Vision slot Length: 2617,2616, Depth 4734,4733
[20240124_13:45:16_873] # [T24328][VisionSlotAdd][1521]Added Vision Slot[0][0] Num 2 OriCoord: 0: 4300, 2866; 1: 8358, 427; 2: 7010, -1815; 3: 2952, 622
[20240124_13:45:16_874] # [T24329][VisionSlotAdd][1522]VehCoordAndAngle: 0, 5000, ang 0.000 (0.000)
[20240124_13:45:16_874] # [T24329][VisionSlotAdd][1523]Current VehPos: 0, 5000, ang -0.000 (-0.000)
[20240124_13:45:16_876] # [T24330][VisionSlotAdd][1528]Convert Vision Slot[0][0] Coord: 0: -4300, 7866; 1: -8358, 5427; 2: -7010, 3185; 3: -2952, 5622
[20240124_13:45:16_876] # [T24330][VisionSlotAdd][1533]Old Vision Slot[0][0] Coord: 0: -4294, 7851; 1: -8379, 5405; 2: -7034, 3160; 3: -2950, 5605
[20240124_13:45:16_877] # [T24331][VisionSlotAddSlotWeightCal][1014]u32Weight: 18, CentreY: 1744.000, DisY: 456.000, SlotAng: -30.997
[20240124_13:45:16_877] # [T24332][VisionSlotAdd][1576]New Vision Slot[0][0] Coord: 0: -4294, 7851; 1: -8379, 5406; 2: -7034, 3161; 3: -2950, 5605
[20240124_13:45:16_877] # [T24332][VisionSlotAdd][1600]vision slot [0][0], u32Weight: 18, Sum: 1641, SlotAng: -149.095, CurSlotAng: -149.003
[20240124_13:45:16_879] # [T24333][VisionSlotAddValidCheck][893]Vision slot Length: 2358,2358, Depth 4965,4964
[20240124_13:45:16_880] # [T24333][VisionSlotAdd][1521]Added Vision Slot[1][0] Num 2 OriCoord: 0: -2616, 1982; 1: -7569, 2328; 2: -7733, -25; 3: -2781, -371
[20240124_13:45:16_880] # [T24334][VisionSlotAdd][1522]VehCoordAndAngle: 0, 5000, ang 0.000 (0.000)
[20240124_13:45:16_881] # [T24335][VisionSlotAdd][1523]Current VehPos: 0, 5000, ang -0.000 (-0.000)
[20240124_13:45:16_881] # [T24335][VisionSlotAdd][1528]Convert Vision Slot[1][0] Coord: 0: 2616, 6982; 1: 7569, 7328; 2: 7733, 4975; 3: 2781, 4629
[20240124_13:45:16_881] # [T24336][VisionSlotAdd][1533]Old Vision Slot[][0] Coord: 0: 2679, 6973; 1: 7567, 7299; 2: 7722, 4964; 3: 2835, 4639
[20240124_13:45:16_883] # [T24336][VisionSlotAddSlotWeightCal][1014]u32Weight: 17, CentreY: 805.500, DisY: 482.500, SlotAng: 176.004
[20240124_13:45:16_883] # [T24337][VisionSlotAdd][1576]New Vision Slot[1][0] Coord: 0: 2679, 6973; 1: 7567, 7299; 2: 7723, 4964; 3: 2834, 4639
[20240124_13:45:16_883] # [T24338][VisionSlotAdd][1600]vision slot [1][0], u32Weight: 17, Sum: 1504, SlotAng: 3.810, CurSlotAng: 3.996
[20240124_13:45:16_883] # [T24339][APAVisionOblAdd][1323]Vision Obl merge: 1
[20240124_13:45:16_885] # [T24340][APAVisionOblAdd][1326]Receive Vision Obl CrossPointCoord: 0: 2564, 9445; 1: 7480, 9703
[20240124_13:45:16_886] # [T24340][APAVisionOblInfoDebugPrint][118]VisionOblInfo:
[20240124_13:45:16_886] # [T24340][APAVisionOblInfoDebugPrint][119]OblType: 0, bIsMerge 0, DetectCount 100
[20240124_13:45:16_886] # [T24341][APAVisionOblInfoDebugPrint][122]CrossPointCoord: 0: 854, 9248; 1: 5598, 9827
[20240124_13:45:16_886] # [T24342][APAVisionOblInfoDebugPrint][125]OriginCrossPointCoord: 0: -2564, 4445; 1: -7480, 4703
[20240124_13:45:16_886] # [T24342][APAVisionOblInfoDebugPrint][126]VehCoordAndAng: 0, 5000, ang 0.000(0.000)
[20240124_13:45:16_887] # [T24342][APAVisionOblInfoDebugPrint][127] 
[20240124_13:45:16_888] # [T24343][APAVisionOblAdd][1323]Vision Obl merge: 0
[20240124_13:45:16_888] # [T24343][APAVisionOblAdd][1326]Receive Vision Obl CrossPointCoord: 0: -8358, 5427; 1: -4300, 7866
[20240124_13:45:16_888] # [T24344][APAVisionOblInfoDebugPrint][118]VisionOblInfo:
[20240124_13:45:16_889] # [T24344][APAVisionOblInfoDebugPrint][119]OblType: 0, bIsMerge 0, etectCount 100
[20240124_13:45:16_889] # [T24344][APAVisionOblInfoDebugPrint][122]CrossPointCoord: 0: -3072, 6159; 1: 1399, 7591
[20240124_13:45:16_889] # [T24345][APAVisionOblInfoDebugPrint][125]OriginCrossPointCoord: 0: 8358, 427; 1: 4300, 2866
[20240124_13:45:16_892] # [T24345][APAVisionOblInfoDebugPrint][126]VehCoordAndAng: 0, 5000, ang 0.000(0.000)
[20240124_13:45:16_892] # [T24346][APAVisionOblInfoDebugPrint][127] 
[20240124_13:45:16_892] # [T24346][APAVisionOblAdd][1323]Vision Obl merge: 0
[20240124_13:45:16_892] # [T24346][APAVisionOblAdd][1326]Receive Vision Obl CrossPointCoord: 0: 2616, 6982; 1: 7569, 7328
[20240124_13:45:16_892] # [T24347][APAVisionOblInfoDebugPrint][118]VisionOblInfo:
[20240124_13:45:16_892] # [T24347][APAVisionOblInfoDebugPrint][119]OblType: 0, bIsMerge 0, DetectCount 100
[20240124_13:45:16_892] # [T24348][APAVisionOblInfoDebugPrint][122]CrossPointCoord: 0: -3072, 6159; 1: 1399, 7591
[20240124_13:45:16_894] # [T24348][APAVisionOblInfoDebugPrint][125]OriginCrossPointCoord: 0: -2616, 1982; 1: -7569, 2328
[20240124_13:45:16_894] # [T24349][APAVisionOblInfoDebugPrint][126]VehCoordAndAng: 0, 5000, ang 0.000(0.000)
[20240124_13:45:16_914] # [T24349][APAVisionOblInfoDebugPrint][127] 
[20240124_13:45:16_949] # [T24404][APAVisionOblAdd][1323]Vision Obl merge: 1
[20240124_13:45:16_949] # [T24404][APAVisionOblAdd][1326]Receive Vision Obl CrossPointCoord: 0: 2555, 9448; 1: 7509, 9708
[20240124_13:45:16_949] # [T24404][APAVisionOblInfoDebugPrint][118]VisionOblInfo:
[20240124_13:45:16_950] # [T24405][APAVisionOblInfoDebugPrint][119]OblType: 0, bIsMerge 0, DetectCount 100
[20240124_13:45:16_950] # [T24405][APAVisionOblInfoDebugPrint][122]CrossPointCoord: 0: 854, 9248; 1: 5598, 9827
[20240124_13:45:16_952] # [T24406][APAVisionOblInfoDebugPrint][125]OriginCrossPointCoord: 0: -2555, 4448; 1: -7509, 4708
[20240124_13:45:16_952] # [T24406][APAVisionOblInfoDebugPrint][126]VehCoordAndAng: 0, 5000, ang -0.000(-0.000)
[20240124_13:45:16_952] # [T24407][APAVisionOblInfoDebugPrint][127] 
[20240124_13:45:16_952] # [T24407][APAVisionOblAdd][1323]Vision Obl merge: 0
[20240124_13:45:16_953] # [T24407][APAVisionOblAdd][1326]Receive Vision Obl CrossPointCoord: 0: -8453, 5385; 1: -4372, 7837
[20240124_13:45:16_953] # [T24408][APAVisionOblInfoDebugPrint][118]VisionOblInfo:
[20240124_13:45:16_953] # [T24408][APAVisionOblInfoDebugPrint][119]OblType: 0, bIsMerge 0, DetectCount 100
[20240124_13:45:16_955] # [T24408][APAVisionOblInfoDebugPrint][122]CrossPointCoord: 0: -3072, 6159; 1: 1399, 7591
[20240124_13:45:16_955] # [T24409][APAVisionOblInfoDebugPrint][125]OriginCrossPointCoord: 0: 8453, 385; 1: 4372, 2837
[20240124_13:45:16_955] # [T24409][APAVisionOblInfoDebugPrint][126]VehCoordAndAng: 0, 5000, ang -0.000(-0.000)
[20240124_13:45:16_956] # [T24410][APAVisionOblInfoDebugPrint][127] 
[20240124_13:45:16_958] # [T24410][APAVisionOblAdd][1323]Vision Obl merge: 0
[20240124_13:45:16_958] # [T24410][APAVisionOblAdd][1326]Receive Vision Obl CrossPointCoord: 0: 2679, 6975; 1: 7563, 7317
[20240124_13:45:16_958] # [T24411][APAVisionOblInfoDebugPrint][118]VisionOblInfo:
[20240124_13:45:16_958] # [T24411][APAVisionOblInfoDebugPrint][119]OblType: 0, bIsMerge 0, DetectCount 100
[20240124_13:45:16_960] # [T24412][APAVisionOblInfoDebugPrint][122]CrossPointCoord: 0: -3072, 6159; 1: 1399, 7591
[20240124_13:45:16_960] # [T24412][APAVisionOblInfoDebugPrint][125]OriginCrossPointCoord: 0: -2679, 1975; 1: -7563, 2317
[20240124_13:45:16_961] # [T24413][APAVisionOblInfoDebugPrint][126]VehCoordAndAng: 0, 5000, ang -0.000(-0.000)
[20240124_13:45:16_961] # [T24413][APAVisionOblInfoDebugPrint][127] 
[20240124_13:45:16_961] # [T24414][VisionSlotAddValidCheck][893]Vision slot Length: 2434,2435, Depth 4960,4961
[20240124_13:45:16_961] # [T24414][VisionSlotAdd][1521]Added Vision Slot[1][1] Num 2 OriCoord: 0: -2555, 4448; 1: -7509, 4708; 2: -7637, 2276; 3: -2682, 2017
[20240124_13:45:16_961] # [T24415][VisionSlotAdd][1522]VehCoordAndAngle: 0, 5000, ang -0.000 (-0.000)
[20240124_13:45:16_961] # [T24415][VisionSlotAdd][1523]Current VehPos: 0, 5000, ang -0.000 (-0.000)
[20240124_13:45:16_962] # [T24416][VisionSlotAdd][1528]Convert Vision Slot[1][1] Coord: 0: 2555, 9448; 1: 7509, 9708; 2: 7637, 7276; 3: 2682, 7017
[20240124_13:45:16_962] # [T24416][VisionSlotAdd][1533]Old Vision Slot[1][1] Coord: 0: 2579, 9422; 1: 7512, 9681; 2: 7638, 7278; 3: 2705, 7020
[20240124_13:45:16_962] # [T24417][VisionSlotAddSlotWeightCal][1014]u32Weight: 1, CentreY: 3232.500, DisY: 1944.500, SlotAng: 177.002
[20240124_13:45:16_964] # [T24417][VisionSlotAdd][1576]New Vision Slot[1][1] Coord: 0: 2579, 9422; 1: 7512, 9681; 2: 7638, 7278; 3: 2705, 7020
[20240124_13:45:16_964] # [T24418][VisionSlotAdd][1600]vision slot [1][1], u32Weight: 1, Sum: 100, SlotAng: 3.000, CurSlotAng: 2.998
[20240124_13:45:16_964] # [T24419][VisionSlotAddValidCheck][893]Vision slot Length: 2667,2665, Depth 4760,4761
[20240124_13:45:16_965] # [T24419][VisionSlotAdd][1521]Added Vision Slot[0][0] Num 2 OriCoord: 0: 4372, 2837; 1: 8453, 385; 2: 7080, -1900; 3: 2998, 551
[20240124_13:45:16_965] # [T24420][VisionSlotAdd][1522]VehCoordAndAngle: 0, 5000, ang -0.000 (-0.000)
[20240124_13:45:16_965] # [T24420][VisionSlotAdd][1523]Current VehPos: 0, 5000, ang -0.000 (-0.000)
[20240124_13:45:16_965] # [T24421][VisionSlotAdd][1528]Convert Vision Slot[0][0] Coord: 0: -4372, 7837; 1: -8453, 5385; 2: -7080, 3100; 3: -2998, 5551
[20240124_13:45:16_967] # [T24421][VisionSlotAdd][1533]Old Vision Slot[0][0] Coord: 0: -4294, 7851; 1: -8379, 5406; 2: -7034, 3161; 3: -2950, 5605
[20240124_13:45:16_967] # [T24422][VisionSlotAddSlotWeightCal][1014]u32Weight: 18, CentreY: 1694.000, DisY: 406.000, SlotAng: -30.991
[20240124_13:45:16_968] # [T24423][VisionSlotAdd][1576]New Vision Slot[0][0] Coord: 0: -4295, 7851; 1: -8380, 5405; 2: -7035, 3160; 3: -2950, 5605
[20240124_13:45:16_968] # [T24423][VisionSlotAdd][1600]vision slot [0][0], u32Weight: 18, Sum: 1659, SlotAng: -149.094, CurSlotAng: -149.009
[20240124_13:45:16_968] # [T24424][VisionSlotAddValidCheck][893]Vision slot Length: 2347,2347, Depth 4895,4895
[20240124_13:45:16_971] # [T24425][VisionSlotAdd][1521]Added Vision Slot[1][0] Num 2 OriCoord: 0: -2679, 1975; 1: -7563, 2317; 2: -7727, -25; 3: -2843, -367
[20240124_13:45:16_971] # [T24425][VisionSlotAdd][1522]VehCoordAndAngle: 0, 5000, ang -0.000 (-0.000)
[20240124_13:45:16_971] # [T24426][VisionSlotAdd][1523]Current VehPos: 0, 5000, ang -0.000 (-0.000)
[20240124_13:45:16_971] # [T24426][VisionSlotAdd][1528]Convert Vision Slot[1][0] Coord: 0: 2679, 6975; 1: 7563, 7317; 2: 7727, 4975; 3: 2843, 4633
[20240124_13:45:16_972] # [T24427][VisionSlotAdd][1533]Old Vision Slot[1][0] Coord: 0: 2679, 6973; 1: 7567, 7299; 2: 7723, 4964; 3: 2834, 4639
[20240124_13:45:16_974] # [T24427][VisionSlotAddSlotWeightCal][1014]u32Weight: 17, CentreY: 804.000, DisY: 484.000, SlotAng: 175.994
[20240124_13:45:16_974] # [T24428][VisionSlotAdd][1576]New Vision Slot[1][0] Coord: 0: 2679, 6973; 1: 7567, 7299; 2: 7723, 4964; 3: 2834, 4639
[20240124_13:45:16_991] # [T24429][VisionSlotAdd][1600]vision slot [1][0], u32Weight: 17, Sum: 1521, SlotAng: 3.812, CurSlotAng: 4.006
[20240124_13:45:17_026] #   24483-task_radar-118: RadarCaptureCnt is 115 
[20240124_13:45:17_026] # 
[20240124_13:45:17_026] # [T24484][APAVisionOblAdd][1323]Vision Obl merge: 1
[20240124_13:45:17_029] # [T24484][APAVisionOblAdd][1326]Receive Vision Obl CrossPointCoord: 0: 2571, 9395; 1: 7530, 9655
[20240124_13:45:17_029] # [T24484][APAVisionOblInfoDebugPrint][118]VisionOblInfo:
[20240124_13:45:17_029] # [T24485][APAVisionOblInfoDebugPrint][119]OblType: 0, bIsMerge 0, DetectCount 100
[20240124_13:45:17_030] # [T24485][APAVisionOblInfoDebugPrint][122]CrossPointCoord: 0: 854, 9248; 1: 5598, 9827
[20240124_13:45:17_030] # [T24486][APAVisionOblInfoDebugPrint][125]OriginCrossPointCoord: 0: -2571, 4395; 1: -7530, 4655
[20240124_13:45:17_030] # [T24486][APAVisionOblInfoDebugPrint][126]VehCoordAndAng: 0, 5000, ang 0.000(0.000)
[20240124_13:45:17_032] # [T24487][APAVisionOblInfoDebugPrint][127] 
[20240124_13:45:17_032] # [T24487][APAVisionOblAdd][1323]Vision Obl merge: 0
[20240124_13:45:17_032] # [T24487][APAVisionOblAdd][1326]Receive Vision Obl CrossPointCoord: 0: -8383, 5386; 1: -4291, 7844
[20240124_13:45:17_032] # [T24488][APAVisionOblInfoDebugPrint][118]VisionOblInfo:
[20240124_13:45:17_032] # [T24488][APAVisionOblInfoDebugPrint][119]OblType: 0, bIsMerge 0, DetectCount 100
[20240124_13:45:17_033] # [T24488][APAVisionOblInfoDebugPrint][122]CrossPointCoord: 0: -3072, 6159; 1: 1399, 7591
[20240124_13:45:17_033] # [T24489][APAVisionOblInfoDebugPrint][125]OriginCrossPointCoord: 0: 8383, 386; 1: 4291, 2844
[20240124_13:45:17_037] # [T24489][APAVisionOblInfoDebugPrint][126]VehCoordAndAng: 0, 5000, ang 0.000(0.000)
[20240124_13:45:17_040] # [T24490][APAVisionOblInfoDebugPrint][127] 
[20240124_13:45:17_040] # [T24490][APAVisionOblAdd][1323]Vision Obl merge: 0
[20240124_13:45:17_040] # [T24490][APAVisionOblAdd][1326]Receive Vision Obl CrossPointCoord: 0: 2706, 7004; 1: 7618, 7262
[20240124_13:45:17_040] # [T24491][APAVisionOblInfoDebugPrint][118]VisionOblInfo:
[20240124_13:45:17_040] # [T24491][APAVisionOblInfoDebugPrint][119]OblType: 0, bIsMerge 0, DetectCount 100
[20240124_13:45:17_040] # [T24492][APAVisionOblInfoDebugPrint][122]CrossPointCoord: 0: -3072, 6159; 1: 1399, 7591
[20240124_13:45:17_040] # [T24492][APAVisionOblInfoDebugPrint][125]OriginCrossPointCoord: 0: -2706, 2004; 1: -7618, 2262
[20240124_13:45:17_041] # [T24493][APAVisionOblInfoDebugPrint][126]VehCoordAndAng: 0, 5000, ang 0.000(0.000)
[20240124_13:45:17_041] # [T24493][APAVisionOblInfoDebugPrint][127] 
[20240124_13:45:17_041] # [T24493][VisionSlotAddValidCheck][893]Vision slot Length: 2420,2420, Depth 4965,4964
[20240124_13:45:17_041] # [T24494][VisionSlotAdd][1521]Added Vision Slot[1][1] Num 2 OriCoord: 0: -2571, 4395; 1: -7530, 4655; 2: -7656, 2238; 3: -2698, 1978
[20240124_13:45:17_041] # [T24495][VisionSlotAdd][1522]VehCoordAndAngle: 0, 5000, ang 0.000 (0.000)
[20240124_13:45:17_041] # [T24495][VisionSlotAdd][1523]Current VehPos: 0, 5000, ang -0.000 (-0.000)
[20240124_13:45:17_042] # [T24495][VisionSlotAdd][1528]Convert Vision Slot[1][1] Coord: 0: 2571, 9395; 1: 7530, 9655; 2: 7656, 7238; 3: 2698, 6978
[20240124_13:45:17_042] # [T24496][VisionSlotAdd][1533]Old Vision Slot[1][1] Coord: 0: 2579, 9422; 1: 7512, 9681; 2: 7638, 7278; 3: 2705, 7020
[20240124_13:45:17_042] # [T24497][VisionSlotAddSlotWeightCal][1014]u32Weight: 2, CentreY: 3186.500, DisY: 1898.500, SlotAng: 176.998
[20240124_13:45:17_042] # [T24497][VisionSlotAdd][1576]New Vision Slot[1][1] Coord: 0: 2579, 9422; 1: 7513, 9680; 2: 7638, 7277; 3: 2705, 7019
[20240124_13:45:17_044] # [T24498][VisionSlotAdd][1600]vision slot [1][1], u32Weight: 2, Sum: 102, SlotAng: 3.000, CurSlotAng: 3.002
[20240124_13:45:17_044] # [T24499][VisionSlotAddValidCheck][893]Vision slot Length: 2611,2612, Depth 4773,4772
[20240124_13:45:17_045] # [T24499][VisionSlotAdd][1521]Added Vision Slot[0][0] Num 2 OriCoord: 0: 4291, 2844; 1: 8383, 386; 2: 7037, -1853; 3: 2946, 605
[20240124_13:45:17_045] # [T24500][VisionSlotAdd][1522]VehCoordAndAngle: 0, 5000, ang 0.000 (0.000)
[20240124_13:45:17_045] # [T24500][VisionSlotAdd][1523]Current VehPos: 0, 5000, ang -0.000 (-0.000)
[20240124_13:45:17_045] # [T24501][VisionSlotAdd][1528]Convert Vision Slot[0][0] Coord: 0: -4291, 7844; 1: -8383, 5386; 2: -7037, 3147; 3: -2946, 5605
[20240124_13:45:17_047] # [T24501][VisionSlotAdd][1533]Old Vision Slot[0][0] Coord: 0: -4295, 7851; 1: -8380, 5405; 2: -7035, 3160; 3: -2950, 5605
[20240124_13:45:17_047] # [T24502][VisionSlotAddSlotWeightCal][1014]u32Weight: 18, CentreY: 1724.500, DisY: 436.500, SlotAng: -30.996
[20240124_13:45:17_047] # [T24503][VisionSlotAdd][1576]New Vision Slot[0][0] Coord: 0: -4295, 7851; 1: -8380, 5405; 2: -7035, 3160; 3: -2950, 5605
[20240124_13:45:17_048] # [T24503][VisionSlotAdd][1600]vision slot [0][0], u32Weight: 18, Sum: 1677, SlotAng: -149.094, CurSlotAng: -149.004
[20240124_13:45:17_053] # [T24504][VisionSlotAddValidCheck][893]Vision slot Length: 2339,2339, Depth 4918,4918
[20240124_13:45:17_054] # [T24504][VisionSlotAdd][1521]Added Vision Slot[1][0] Num 2 OriCoord: 0: -2706, 2004; 1: -7618, 2262; 2: -7740, -74; 3: -2828, -332
[20240124_13:45:17_054] # [T24505][VisionSlotAdd][1522]VehCoordAndAngle: 0, 5000, ang 0.000 (0.000)
[20240124_13:45:17_054] # [T24506][VisionSlotAdd][1523]Current VehPos: 0, 5000, ang -0.000 (-0.000)
[20240124_13:45:17_054] # [T24506][VisionSlotAdd][1528]Convert Vision Slot[1][0] Coord: 0: 2706, 7004; 1: 7618, 7262; 2: 7740, 4926; 3: 2828, 4668
[20240124_13:45:17_054] # [T24507][VisionSlotAdd][1533]Old Vision Slot[1][0] Coord: 0: 2679, 6973; 1: 7567, 7299; 2: 7723, 4964; 3: 2834, 4639
[20240124_13:45:17_054] # [T24507][VisionSlotAddSlotWeightCal][1014]u32Weight: 18, CentreY: 836.000, DisY: 452.000, SlotAng: 176.993
[20240124_13:45:17_054] # [T24508][VisionSlotAdd][1576]New Vision Slot[1][0] Coord: 0: 2679, 6974; 1: 7568, 7299; 2: 7723, 4964; 3: 2834, 4639
[20240124_13:45:17_067] # [T24508][VisionSlotAdd][1600]vision slot [1][0], u32Weight: 18, Sum: 1539, SlotAng: 3.803, CurSlotAng: 3.007
[20240124_13:45:17_120] # [T24575][APAVisionOblAdd][1323]Vision Obl merge: 0
[20240124_13:45:17_120] # [T24575][APAVisionOblAdd][1326]Receive Vision Obl CrossPointCoord: 0: -8376, 5398; 1: -4295, 7850
[20240124_13:45:17_120] # [T24575][APAVisionOblInfoDebugPrint][118]VisionOblInfo:
[20240124_13:45:17_120] # [T24576][APAVisionOblInfoDebugPrint][119]OblType: 0, bIsMerge 0, DetectCount 100
[20240124_13:45:17_120] # [T24576][APAVisionOblInfoDebugPrint][122]CrossPointCoord: 0: -3072, 6159; 1: 1399, 7591
[20240124_13:45:17_121] # [T24576][APAVisionOblInfoDebugPrint][125]OriginCrossPointCoord: 0: 8376, 398; 1: 4295, 2850
[20240124_13:45:17_122] # [T24577][APAVisionOblInfoDebugPrint][126]VehCoordAndAng: 0, 5000, ang 0.000(0.000)
[20240124_13:45:17_123] # [T24577][APAVisionOblInfoDebugPrint][127] 
[20240124_13:45:17_123] # [T24578][APAVisionOblAdd][1323]Vision Obl merge: 1
[20240124_13:45:17_123] # [T24578][APAVisionOblAdd][1326]Receive Vision Obl CrossPointCoord: 0: 2594, 9420; 1: 7526, 9678
[20240124_13:45:17_123] # [T24579][APAVisionOblInfoDebugPrint][118]VisionOblInfo:
[20240124_13:45:17_123] # [T24579][APAVisionOblInfoDebugPrint][119]OblType: 0, bIsMerge 0, DetectCount 100
[20240124_13:45:17_123] # [T24579][APAVisionOblInfoDebugPrint][122]CrossPointCoord: 0: 854, 9248; 1: 5598, 9827
[20240124_13:45:17_126] # [T24580][APAVisionOblInfoDebugPrint][125]OriginCrossPointCoord: 0: -2594, 4420; 1: -7526, 4678
[20240124_13:45:17_127] # [T24580][APAVisionOblInfoDebugPrint][126]VehCoordAndAng: 0, 5000, ang 0.000(0.000)
[20240124_13:45:17_127] # [T24581][APAVisionOblInfoDebugPrint][127] 
[20240124_13:45:17_127] # [T24581][APAVisionOblAdd][1323]Vision Obl merge: 0
[20240124_13:45:17_127] # [T24581][APAVisionOblAdd][1326]Receive Vision Obl CrossPointCoord: 0: 2686, 6971; 1: 7636, 7317
[20240124_13:45:17_127] # [T24582][APAVisionOblInfoDebugPrint][118]VisionOblInfo:
[20240124_13:45:17_127] # [T24582][APAVisionOblInfoDebugPrint][119]OblType: 0, bIsMerge 0, DetectCount 100
[20240124_13:45:17_131] # [T24583][APAVisionOblInfoDebugPrint][122]CrossPointCoord: 0: -3072, 6159; 1: 1399, 7591
[20240124_13:45:17_131] # [T24583][APAVisionOblInfoDebugPrint][125]OriginCrossPointCoord: 0: -2686, 1971; 1: -7636, 2317
[20240124_13:45:17_132] # [T24584][APAVisionOblInfoDebugPrint][126]VehCoordAndAng: 0, 5000, ang 0.000(0.000)
[20240124_13:45:17_132] # [T24584][APAVisionOblInfoDebugPrint][127] 
[20240124_13:45:17_132] # [T24584][VisionSlotAddValidCheck][893]Vision slot Length: 2622,2621, Depth 4760,4761
[20240124_13:45:17_132] # [T24585][VisionSlotAdd][1521]Added Vision Slot[0][0] Num 2 OriCoord: 0: 4295, 2850; 1: 8376, 398; 2: 7026, -1849; 3: 2944, 602
[20240124_13:45:17_132] # [T24585][VisionSlotAdd][1522]VehCoordAndAngle: 0, 5000, ang 0.000 (0.000)
[20240124_13:45:17_133] # [T24586][VisionSlotAdd][1523]Current VehPos: 0, 5000, ang -0.000 (-0.000)
[20240124_13:45:17_133] # [T24586][VisionSlotAdd][1528]Convert Vision Slot[0][0] Coord: 0: -4295, 7850; 1: -8376, 5398; 2: -7026, 3151; 3: -2944, 5602
[20240124_13:45:17_133] # [T24587][VisionSlotAdd][1533]Old Vision Slot[0][0] Coord: 0: -4295, 7851; 1: -8380, 5405; 2: -7035, 3160; 3: -2950, 5605
[20240124_13:45:17_135] # [T24588][VisionSlotAddSlotWeightCal][1014]u32Weight: 18, CentreY: 1726.000, DisY: 438.000, SlotAng: -30.991
[20240124_13:45:17_135] # [T24589][VisionSlotAdd][1576]New Vision Slot[0][0] Coord: 0: -4295, 7851; 1: -8380, 5405; 2: -7035, 3160; 3: -2950, 5605
[20240124_13:45:17_135] # [T24590][VisionSlotAdd][1600]vision slot [0][0], u32Weight: 18, Sum: 1695, SlotAng: -149.093, CurSlotAng: -149.009
[20240124_13:45:17_135] # [T24590][VisionSlotAddValidCheck][893]Vision slot Length: 2403,2403, Depth 4938,4938
[20240124_13:45:17_136] # [T24591][VisionSlotAdd][1521]Added Vision Slot[1][1] Num 2 OriCoord: 0: -2594, 4420; 1: -7526, 4678; 2: -7652, 2278; 3: -2720, 2020
[20240124_13:45:17_136] # [T24591][VisionSlotAdd][1522]VehCoordAndAngle: 0, 5000, ang 0.000 (0.000)
[20240124_13:45:17_138] # [T24592][VisionSlotAdd][1523]Current VehPos: 0, 5000, ang -0.000 (-0.000)
[20240124_13:45:17_138] # [T24592][VisionSlotAdd][1528]Convert Vision Slot[1][1] Coord: 0: 2594, 9420; 1: 7526, 9678; 2: 7652, 7278; 3: 2720, 7020
[20240124_13:45:17_139] # [T24593][VisionSlotAdd][1533]Old Vision Slot[1][1] Coord: 0: 2579, 9422; 1: 7513, 9680; 2: 7638, 7277; 3: 2705, 7019
[20240124_13:45:17_139] # [T24594][VisionSlotAddSlotWeightCal][1014]u32Weight: 1, CentreY: 3220.000, DisY: 1932.000, SlotAng: 177.005
[20240124_13:45:17_139] # [T24594][VisionSlotAdd][1576]New Vision Slot[1][1] Coord: 0: 2579, 9422; 1: 7513, 9680; 2: 7639, 7277; 3: 2705, 7019
[20240124_13:45:17_139] # [T24595][VisionSlotAdd][1600]vision slot [1][1], u32Weight: 1, Sum: 103, SlotAng: 3.000, CurSlotAng: 2.994
[20240124_13:45:17_141] # [T24595][VisionSlotAddValidCheck][893]Vision slot Length: 2355,2355, Depth 4962,4961
[20240124_13:45:17_141] # [T24596][VisionSlotAdd][1521]Added Vision Slot[1][0] Num 2 OriCoord: 0: -2686, 1971; 1: -7636, 2317; 2: -7800, -33; 3: -2851, -379
[20240124_13:45:17_142] # [T24597][VisionSlotAdd][1522]VehCoordAndAngle: 0, 5000, ang 0.000 (0.000)
[20240124_13:45:17_142] # [T24597][VisionSlotAdd][1523]Current VehPos: 0, 5000, ang -0.000 (-0.000)
[20240124_13:45:17_142] # [T24598][VisionSlotAdd][1528]Convert Vision Slot[1][0] Coord: 0: 2686, 6971; 1: 7636, 7317; 2: 7800, 4967; 3: 2851, 4621
[20240124_13:45:17_145] # [T24598][VisionSlotAdd][1533]Old Vision Slot[1][0] Coord: 0: 2679, 6974; 1: 7568, 7299; 2: 7723, 4964; 3: 2834, 4639
[20240124_13:45:17_145] # [T24599][VisionSlotAddSlotWeightCal][1014]u32Weight: 17, CentreY: 796.000, DisY: 492.000, SlotAng: 176.001
[20240124_13:45:17_145] # [T24599][VisionSlotAdd][1576]New Vision Slot[1][0] Coord: 0: 2679, 6974; 1: 7568, 7299; 2: 7724, 4964; 3: 2834, 4639
[20240124_13:45:17_162] # [T24600][VisionSlotAdd][1600]vision slot [1][0], u32Weight: 17, Sum: 1556, SlotAng: 3.805, CurSlotAng: 3.999
[20240124_13:45:17_202] # [T24656][APAVisionOblAdd][1323]Vision Obl merge: 1
[20240124_13:45:17_202] # [T24656][APAVisionOblAdd][1326]Receive Vision Obl CrossPointCoord: 0: 2625, 9434; 1: 7504, 9690
[20240124_13:45:17_202] # [T24656][APAVisionOblInfoDebugPrint][118]VisionOblInfo:
[20240124_13:45:17_202] # [T24657][APAVisionOblInfoDebugPrint][119]OblType: 0, bIsMerge 0, DetectCount 100
[20240124_13:45:17_202] # [T24657][APAVisionOblInfoDebugPrint][122]CrossPointCoord: 0: 854, 9248; 1: 5598, 9827
[20240124_13:45:17_202] # [T24657][APAVisionOblInfoDebugPrint][125]OriginCrossPointCoord: 0: -2625, 4434; 1: -7504, 4690
[20240124_13:45:17_204] # [T24658][APAVisionOblInfoDebugPrint][126]VehCoordAndAng: 0, 5000, ang 0.000(0.000)
[20240124_13:45:17_204] # [T24658][APAVisionOblInfoDebugPrint][127] 
[20240124_13:45:17_204] # [T24659][APAVisionOblAdd][1323]Vision Obl merge: 0
[20240124_13:45:17_204] # [T24659][APAVisionOblAdd][1326]Receive Vision Obl CrossPointCoord: 0: -8374, 5412; 1: -4294, 7864
[20240124_13:45:17_206] # [T24660][APAVisionOblInfoDebugPrint][118]VisionOblInfo:
[20240124_13:45:17_206] # [T24660][APAVisionOblInfoDebugPrint][119]OblType: 0, bIsMerge 0, DetectCount 100
[20240124_13:45:17_206] # [T24660][APAVisionOblInfoDebugPrint][122]CrossPointCoord: 0: -3072, 6159; 1: 1399, 7591
[20240124_13:45:17_208] # [T24661][APAVisionOblInfoDebugPrint][125]OriginCrossPointCoord: 0: 8374, 412; 1: 4294, 2864
[20240124_13:45:17_209] # [T24661][APAVisionOblInfoDebugPrint][126]VehCoordAndAng: 0, 5000, ang 0.000(0.000)
[20240124_13:45:17_209] # [T24662][APAVisionOblInfoDebugPrint][127] 
[20240124_13:45:17_209] # [T24662][APAVisionOblAdd][1323]Vision Obl merge: 0
[20240124_13:45:17_209] # [T24662][APAVisionOblAdd][1326]Receive Vision Obl CrossPointCoord: 0: 2684, 7006; 1: 7636, 7265
[20240124_13:45:17_210] # [T24663][APAVisionOblInfoDebugPrint][118]VisionOblInfo:
[20240124_13:45:17_210] # [T24663][APAVisionOblInfoDebugPrint][119]OblType: 0, bIsMerge 0, DetectCount 100
[20240124_13:45:17_210] # [T24664][APAVisionOblInfoDebugPrint][122]CrossPointCoord: 0: -3072, 6159; 1: 1399, 7591
[20240124_13:45:17_210] # [T24664][APAVisionOblInfoDebugPrint][125]OriginCrossPointCoord: 0: -2684, 2006; 1: -7636, 2265
[20240124_13:45:17_210] # [T24665][APAVisionOblInfoDebugPrint][126]VehCoordAndAng: 0, 5000, ang 0.000(0.000)
[20240124_13:45:17_214] # [T24665][APAVisionOblInfoDebugPrint][127] 
[20240124_13:45:17_215] # [T24665][VisionSlotAddValidCheck][893]Vision slot Length: 2397,2397, Depth 4885,4885
[20240124_13:45:17_215] # [T24666][VisionSlotAdd][1521]Added Vision Slot[1][1] Num 2 OriCoord: 0: -2625, 4434; 1: -7504, 4690; 2: -7629, 2296; 3: -2750, 2040
[20240124_13:45:17_215] # [T24667][VisionSlotAdd][1522]VehCoordAndAngle: 0, 5000, ang 0.000 (0.000)
[20240124_13:45:17_215] # [T24667][VisionSlotAdd][1523]Current VehPos: 0, 5000, ang -0.000 (-0.000)
[20240124_13:45:17_216] # [T24667][VisionSlotAdd][1528]Convert Vision Slot[1][1] Coord: 0: 2625, 9434; 1: 7504, 9690; 2: 7629, 7296; 3: 2750, 7040
[20240124_13:45:17_216] # [T24668][VisionSlotAdd][1533]Old Vision Slot[1][1] Coord: 0: 2579, 9422; 1: 7513, 9680; 2: 7639, 7277; 3: 2705, 7019
[20240124_13:45:17_216] # [T24669][VisionSlotAddSlotWeightCal][1014]u32Weight: 1, CentreY: 3237.000, DisY: 1949.000, SlotAng: 176.996
[20240124_13:45:17_216] # [T24669][VisionSlotAdd][1576]New Vision Slot[1][1] Coord: 0: 2579, 9422; 1: 7513, 9680; 2: 7638, 7277; 3: 2705, 7019
[20240124_13:45:17_216] # [T24670][VisionSlotAdd][1600]vision slot [1][1], u32Weight: 1, Sum: 104, SlotAng: 3.000, CurSlotAng: 3.004
[20240124_13:45:17_217] # [T24671][VisionSlotAddValidCheck][893]Vision slot Length: 2612,2611, Depth 4760,4759
[20240124_13:45:17_218] # [T24671][VisionSlotAdd][1521]Added Vision Slot[0][0] Num 2 OriCoord: 0: 4294, 2864; 1: 8374, 412; 2: 7029, -1826; 3: 2949, 624
[20240124_13:45:17_220] # [T24672][VisionSlotAdd][1522]VehCoordAndAngle: 0, 5000, ang 0.000 (0.000)
[20240124_13:45:17_220] # [T24672][VisionSlotAdd][1523]Current VehPos: 0, 5000, ang -0.000 (-0.000)
[20240124_13:45:17_220] # [T24673][VisionSlotAdd][1528]Convert Vision Slot[0][0] Coord: 0: -4294, 7864; 1: -8374, 5412; 2: -7029, 3174; 3: -2949, 5624
[20240124_13:45:17_220] # [T24673][VisionSlotAdd][1533]Old Vision Slot[0][0] Coord: 0: -4295, 7851; 1: -8380, 5405; 2: -7035, 3160; 3: -2950, 5605
[20240124_13:45:17_221] # [T24674][VisionSlotAddSlotWeightCal][1014]u32Weight: 18, CentreY: 1744.000, DisY: 456.000, SlotAng: -30.995
[20240124_13:45:17_221] # [T24674][VisionSlotAdd][1576]New Vision Slot[0][0] Coord: 0: -4295, 7851; 1: -8380, 5405; 2: -7035, 3160; 3: -2950, 5605
[20240124_13:45:17_221] # [T24675][VisionSlotAdd][1600]vision slot [0][0], u32Weight: 18, Sum: 1713, SlotAng: -149.092, CurSlotAng: -149.005
[20240124_13:45:17_223] # [T24676][VisionSlotAddValidCheck][893]Vision slot Length: 2342,2341, Depth 4958,4957
[20240124_13:45:17_224] # [T24676][VisionSlotAdd][1521]Added Vision Slot[1][0] Num 2 OriCoord: 0: -2684, 2006; 1: -7636, 2265; 2: -7758, -73; 3: -2807, -333
[20240124_13:45:17_224] # [T24677][VisionSlotAdd][1522]VehCoordAndAngle: 0, 5000, ang 0.000 (0.000)
[20240124_13:45:17_224] # [T24677][VisionSlotAdd][1523]Current VehPos: 0, 5000, ang -0.000 (-0.000)
[20240124_13:45:17_224] # [T24678][VisionSlotAdd][1528]Convert Vision Slot[1][0] Coord: 0: 2684, 7006; 1: 7636, 7265; 2: 7758, 4927; 3: 2807, 4667
[20240124_13:45:17_224] # [T24678][VisionSlotAdd][1533]Old Vision Slot[1][0] Coord: 0: 2679, 6974; 1: 7568, 7299; 2: 7724, 4964; 3: 2834, 4639
[20240124_13:45:17_226] # [T24679][VisionSlotAddSlotWeightCal][1014]u32Weight: 18, CentreY: 836.500, DisY: 451.500, SlotAng: 177.000
[20240124_13:45:17_226] # [T24680][VisionSlotAdd][1576]New Vision Slot[1][0] Coord: 0: 2679, 6974; 1: 7569, 7299; 2: 7724, 4963; 3: 2834, 4639
[20240124_13:45:17_240] # [T24680][VisionSlotAdd][1600]vision slot [1][0], u32Weight: 18, Sum: 1574, SlotAng: 3.796, CurSlotAng: 3.000
[20240124_13:45:17_283] # [T24737][APAVisionOblAdd][1323]Vision Obl merge: 1
[20240124_13:45:17_283] # [T24737][APAVisionOblAdd][1326]Receive Vision Obl CrossPointCoord: 0: 2580, 9428; 1: 7535, 9687
[20240124_13:45:17_283] # [T24737][APAVisionOblInfoDebugPrint][118]VisionOblInfo:
[20240124_13:45:17_283] # [T24738][APAVisionOblInfoDebugPrint][119]OblType: 0, bIsMerge 0, DetectCount 100
[20240124_13:45:17_283] # [T24738][APAVisionOblInfoDebugPrint][122]CrossPointCoord: 0: 854, 9248; 1: 5598, 9827
[20240124_13:45:17_284] # [T24739][APAVisionOblInfoDebugPrint][125]OriginCrossPointCoord: 0: -2580, 4428; 1: -7535, 4687
[20240124_13:45:17_285] # [T24739][APAVisionOblInfoDebugPrint][126]VehCoordAndAng: 0, 5000, ang 0.000(0.000)
[20240124_13:45:17_285] # [T24740][APAVisionOblInfoDebugPrint][127] 
[20240124_13:45:17_285] # [T24740][APAVisionOblAdd][1323]Vision Obl merge: 0
[20240124_13:45:17_286] # [T24740][APAVisionOblAdd][1326]Receive Vision Obl CrossPointCoord: 0: -8371, 5402; 1: -4286, 7856
[20240124_13:45:17_286] # [T24741][APAVisionOblInfoDebugPrint][118]VisionOblInfo:
[20240124_13:45:17_286] # [T24741][APAVisionOblInfoDebugPrint][119]OblType: 0, bIsMerge 0, DetectCount 100
[20240124_13:45:17_286] # [T24741][APAVisionOblInfoDebugPrint][122]CrossPointCoord: 0: -3072, 6159; 1: 1399, 7591
[20240124_13:45:17_289] # [T24742][APAVisionOblInfoDebugPrint][125]OriginCrossPointCoord: 0: 8371, 402; 1: 4286, 2856
[20240124_13:45:17_289] # [T24742][APAVisionOblInfoDebugPrint][126]VehCoordAndAng: 0, 5000, ang 0.000(0.000)
[20240124_13:45:17_289] # [T24743][APAVisionOblInfoDebugPrint][127] 
[20240124_13:45:17_289] # [T24743][APAVisionOblAdd][1323]Vision Obl merge: 0
[20240124_13:45:17_289] # [T24743][APAVisionOblAdd][1326]Receive Vision Obl CrossPointCoord: 0: 2707, 6960; 1: 7541, 7298
[20240124_13:45:17_290] # [T24744][APAVisionOblInfoDebugPrint][118]VisionOblInfo:
[20240124_13:45:17_290] # [T24744][APAVisionOblInfoDebugPrint][119]OblType: 0, bIsMerge 0, DetectCount 100
[20240124_13:45:17_290] # [T24745][APAVisionOblInfoDebugPrint][122]CrossPointCoord: 0: -3072, 6159; 1: 1399, 7591
[20240124_13:45:17_292] # [T24745][APAVisionOblInfoDebugPrint][125]OriginCrossPointCoord: 0: -2707, 1960; 1: -7541, 2298
[20240124_13:45:17_292] # [T24746][APAVisionOblInfoDebugPrint][126]VehCoordAndAng: 0, 5000, ang 0.000(0.000)
[20240124_13:45:17_292] # [T24746][APAVisionOblInfoDebugPrint][127] 
[20240124_13:45:17_292] # [T24746][VisionSlotAddValidCheck][893]Vision slot Length: 2401,2401, Depth 4961,4961
[20240124_13:45:17_292] # [T24747][VisionSlotAdd][1521]Added Vision Slot[1][1] Num 2 OriCoord: 0: -2580, 4428; 1: -7535, 4687; 2: -7661, 2289; 3: -2706, 2030
[20240124_13:45:17_292] # [T24748][VisionSlotAdd][1522]VehCoordAndAngle: 0, 5000, ang 0.000 (0.000)
[20240124_13:45:17_292] # [T24748][VisionSlotAdd][1523]Current VehPos: 0, 5000, ang -0.000 (-0.000)
[20240124_13:45:17_294] # [T24748][VisionSlotAdd][1528]Convert Vision Slot[1][1] Coord: 0: 2580, 9428; 1: 7535, 9687; 2: 7661, 7289; 3: 2706, 7030
[20240124_13:45:17_295] # [T24749][VisionSlotAdd][1533]Old Vision Slot[1][1] Coord: 0: 2579, 9422; 1: 7513, 9680; 2: 7638, 7277; 3: 2705, 7019
[20240124_13:45:17_296] # [T24750][VisionSlotAddSlotWeightCal][1014]u32Weight: 1, CentreY: 3229.000, DisY: 1941.000, SlotAng: 177.008
[20240124_13:45:17_296] # [T24750][VisionSlotAdd][1576]New Vision Slot[1][1] Coord: 0: 2579, 9422; 1: 7513, 9681; 2: 7639, 7278; 3: 2705, 7019
[20240124_13:45:17_296] # [T24751][VisionSlotAdd][1600]vision slot [1][1], u32Weight: 1, Sum: 105, SlotAng: 3.000, CurSlotAng: 2.992
[20240124_13:45:17_297] # [T24752][VisionSlotAddValidCheck][893]Vision slot Length: 2612,2612, Depth 4765,4764
[20240124_13:45:17_298] # [T24752][VisionSlotAdd][1521]Added Vision Slot[0][0] Num 2 OriCoord: 0: 4286, 2856; 1: 8371, 402; 2: 7025, -1837; 3: 2941, 616
[20240124_13:45:17_298] # [T24753][VisionSlotAdd][522]VehCoordAndAngle: 0, 5000, ang 0.000 (0.000)
[20240124_13:45:17_299] # [T24753][VisionSlotAdd][1523]Current VehPos: 0, 5000, ang -0.000 (-0.000)
[20240124_13:45:17_300] # [T24754][VisionSlotAdd][1528]Convert Vision Slot[0][0] Coord: 0: -4286, 7856; 1: -8371, 5402; 2: -7025, 3163; 3: -2941, 5616
[20240124_13:45:17_301] # [T24754][VisionSlotAdd][1533]Old Vision Slot[0][0] Coord: 0: -4295, 7851; 1: -8380, 5405; 2: -7035, 3160; 3: -2950, 5605
[20240124_13:45:17_301] # [T24755][VisionSlotAddSlotWeightCal][1014]u32Weight: 18, CentreY: 1736.000, DisY: 448.000, SlotAng: -30.993
[20240124_13:45:17_301] # [T24756][VisionSlotAdd][1576]New Vision Slot[0][0] Coord: 0: -4295, 7851; 1: -8379, 5405; 2: -7034, 3160; 3: -2950, 5605
[20240124_13:45:17_303] # [T24756][VisionSlotAdd][1600]vision slot [0][0], u32Weight: 18, Sum: 1731, SlotAng: -149.091, CurSlotAng: -149.007
[20240124_13:45:17_303] # [T24757][VisionSlotAddValidCheck][893]Vision slot Length: 2328,2328, Depth 4845,4846
[20240124_13:45:17_305] # [T24757][VisionSlotAdd][1521]Added Vision Slot[1][0] Num 2 OriCoord: 0: -2707, 1960; 1: -7541, 2298; 2: -7704, -25; 3: -2869, -363
[20240124_13:45:17_305] # [T24758][VisionSlotAdd][1522]VehCoordAndAngle: 0, 5000, ang 0.000 (0.000)
[20240124_13:45:17_305] # [T24758][VisionSlotAdd][1523]Current VehPos: 0, 5000, ang -0.000 (-0.000)
[20240124_13:45:17_305] # [T24759][VisionSlotAdd][1528]Convert Vision Slot[1][0] Coord: 0: 2707, 6960; 1: 7541, 7298; 2: 7704, 4975; 3: 2869, 4637
[20240124_13:45:17_305] # [T24760][VisionSlotAdd][1533]Old Vision Slot[1][0] Coord: 0: 2679, 6974; 1: 7569, 7299; 2: 7724, 4963; 3: 2834, 4639
[20240124_13:45:17_306] # [T24760][VisionSlotAddSlotWeightCal][1014]u32Weight: 17, CentreY: 798.500, DisY: 489.500, SlotAng: 176.001
[20240124_13:45:17_306] # [T24761][VisionSlotAdd][1576]New Vision Slot[1][0] Coord: 0: 2679, 6974; 1: 7569, 7299; 2: 7724, 4964; 3: 2835, 4639
[20240124_13:45:17_319] # [T24761][VisionSlotAdd][1600]vision slot [1][0], u32Weight: 17, Sum: 1591, SlotAng: 3.798, CurSlotAng: 3.999
[20240124_13:45:17_362] # [T24817][APAVisionOblAdd][1323]Vision Obl merge: 1
[20240124_13:45:17_362] # [T24817][APAVisionOblAdd][1326]Receive Vision Obl CrossPointCoord: 0: 2555, 9432; 1: 7510, 9692
[20240124_13:45:17_362] # [T24817][APAVisionOblInfoDebugPrint][118]VisionOblInfo:
[20240124_13:45:17_363] # [T24818][APAVisionOblInfoDebugPrint][119]OblType: 0, bIsMerge 0, DetectCount 100
[20240124_13:45:17_363] # [T24818][APAVisionOblInfoDebugPrint][122]CrossPointCoord: 0: 854, 9248; 1: 5598, 9827
[20240124_13:45:17_365] # [T24819][APAVisionOblInfoDebugPrint][125]OriginCrossPointCoord: 0: -2555, 4432; 1: -7510, 4692
[20240124_13:45:17_365] # [T24819][APAVisionOblInfoDebugPrint][126]VehCoordAndAng: 0, 5000, ang 0.000(0.000)
[20240124_13:45:17_365] # [T24820][APAVisionOblInfoDebugPrint][127] 
[20240124_13:45:17_365] # [T24820][APAVisionOblAdd][1323]Vision Obl merge: 0
[20240124_13:45:17_366] # [T24820][APAVisionOblAdd][1326]Receive Vision Obl CrossPointCoord: 0: -8362, 5424; 1: -4292, 7869
[20240124_13:45:17_366] # [T24821][APAVisionOblInfoDebugPrint][118]VisionOblInfo:
[20240124_13:45:17_366] # [T24821][APAVisionOblInfoDebugPrint][119]OblType: 0, bIsMerge 0, DetectCount 100
[20240124_13:45:17_368] # [T24821][APAVisionOblInfoDebugPrint][122]CrossPointCoord: 0: -3072, 6159; 1: 1399, 7591
[20240124_13:45:17_368] # [T24822][APAVisionOblInfoDebugPrint][125]OriginCrossPointCoord: 0: 8362, 424; 1: 4292, 2869
[20240124_13:45:17_368] # [T24822][APAVisionOblInfoDebugPrint][126]VehCoordAndAng: 0, 5000, ang 0.000(0.000)
[20240124_13:45:17_369] # [T24823][APAVisionOblInfoDebugPrint][127] 
[20240124_13:45:17_369] # [T24823][APAVisionOblAdd][1323]Vision Obl merge: 0
[20240124_13:45:17_369] # [T24823][APAVisionOblAdd][1326]Receive Vision Obl CrossPointCoord: 0: 2661, 6927; 1: 7453, 7262
[20240124_13:45:17_369] # [T24824][APAVisionOblInfoDebugPrint][118]VisionOblInfo:
[20240124_13:45:17_371] # [T24824][APAVisionOblInfoDebugPrint][119]OblType: 0, bIsMerge 0, DetectCount 100
[20240124_13:45:17_371] # [T24825][APAVisionOblInfoDebugPrint][122]CrossPointCoord: 0: -3072, 6159; 1: 1399, 7591
[20240124_13:45:17_371] # [T24825][APAVisionOblInfoDebugPrint][125]OriginCrossPointCoord: 0: -2661, 1927; 1: -7453, 2262
[20240124_13:45:17_372] # [T24826][APAVisionOblInfoDebugPrint][126]VehCoordAndAng: 0, 5000, ang 0.000(0.000)
[20240124_13:45:17_372] # [T24826][APAVisionOblInfoDebugPrint][127] 
[20240124_13:45:17_372] # [T24826][VisionSlotAddValidCheck][893]Vision slot Length: 2430,2431, Depth 4961,4961
[20240124_13:45:17_372] # [T24827][VisionSlotAdd][1521]Added Vision Slot[1][1] Num 2 OriCoord: 0: -2555, 4432; 1: -7510, 4692; 2: -7637, 2264; 3: -2682, 2005
[20240124_13:45:17_374] # [T24828][VisionSlotAdd][1522]VehCoordAndAngle: 0, 5000, ang 0.000 (0.000)
[20240124_13:45:17_375] # [T24828][VisionSlotAdd][1523]Current VehPos: 0, 5000, ang -0.000 (-0.000)
[20240124_13:45:17_375] # [T24828][VisionSlotAdd][1528]Convert Vision Slot[1][1] Coord: 0: 2555, 9432; 1: 7510, 9692; 2: 7637, 7264; 3: 2682, 7005
[20240124_13:45:17_375] # [T24829][VisionSlotAdd][1533]Old Vision Slot[1][1] Coord: 0: 2579, 9422; 1: 7513, 9681; 2: 7639, 7278; 3: 2705, 7019
[20240124_13:45:17_376] # [T24830][VisionSlotAddSlotWeightCal][1014]u32Weight: 1, CentreY: 3218.500, DisY: 1930.500, SlotAng: 177.002
[20240124_13:45:17_378] # [T24830][VisionSlotAdd][1576]New Vision Slot[1][1] Coord: 0: 2579, 9422; 1: 7513, 9681; 2: 7639, 7277; 3: 2705, 7019
[20240124_13:45:17_378] # [T24831][VisionSlotAdd][1600]vision slot [1][1], u32Weight: 1, Sum: 106, SlotAng: 3.000, CurSlotAng: 2.998
[20240124_13:45:17_378] # [T24832][VisionSlotAddValidCheck][893]Vision slot Length: 2622,2621, Depth 4747,4746
[20240124_13:45:17_378] # [T24832][VisionSlotAdd][1521]Added Vision Slot[0][0] Nu 2 OriCoord: 0: 4292, 2869; 1: 8362, 424; 2: 7011, -1823; 3: 2942, 621
[20240124_13:45:17_379] # [T24833][VisionSlotAdd][1522]VehCoordAndAngle: 0, 5000, ang 0.000 (0.000)
[20240124_13:45:17_379] # [T24833][VisionSlotAdd][1523]Current VehPos: 0, 5000, ang -0.000 (-0.000)
[20240124_13:45:17_381] # [T24834][VisionSlotAdd][1528]Convert Vision Slot[0][0] Coord: 0: -4292, 7869; 1: -8362, 5424; 2: -7011, 3177; 3: -2942, 5621
[20240124_13:45:17_382] # [T24834][VisionSlotAdd][1533]Old Vision Slot[0][0] Coord: 0: -4295, 7851; 1: -8379, 5405; 2: -7034, 3160; 3: -2950, 5605
[20240124_13:45:17_382] # [T24835][VisionSlotAddSlotWeightCal][1014]u32Weight: 18, CentreY: 1745.000, DisY: 457.000, SlotAng: -30.993
[20240124_13:45:17_382] # [T24836][VisionSlotAdd][1576]New Vision Slot[0][0] Coord: 0: -4295, 7851; 1: -8379, 5405; 2: -7034, 3160; 3: -2950, 5605
[20240124_13:45:17_382] # [T24836][VisionSlotAdd][1600]vision slot [0][0], u32Weight: 18, Sum 1749, SlotAng: -149.090, CurSlotAng: -149.007
[20240124_13:45:17_383] # [T24837][VisionSlotAddValidCheck][893]Vision slot Length: 2279,2279, Depth 4803,4803
[20240124_13:45:17_383] # [T24837][VisionSlotAdd][1521]Added Vision Slot[1][0] Num 2 OriCoord: 0: -2661, 1927; 1: -7453, 2262; 2: -7612, -12; 3: -2820, -347
[20240124_13:45:17_385] # [T24838][VisionSlotAdd][1522]VehCoordAndAngle: 0, 5000, ang 0.000 (0.000)
[20240124_13:45:17_385] # [T24838][VisionSlotAdd][1523]Current VehPos: 0, 5000, ang -0.000 (-0.000)
[20240124_13:45:17_385] # [T24839][VisionSlotAdd][1528]Convert Vision Slot[1][0] Coord: 0: 2661, 6927; 1: 7453, 7262; 2: 7612, 4988; 3: 2820, 4653
[20240124_13:45:17_386] # [T24840][VisionSlotAdd][1533]Old Vision Slot[1][0] Coord: 0: 2679, 6974; 1: 7569, 7299; 2: 7724, 4964; 3: 2835, 4639
[20240124_13:45:17_386] # [T24840][VisionSlotAddSlotWeightCal][1014]u32Weight: 17, CentreY: 790.000, DisY: 498.000, SlotAng: 176.001
[20240124_13:45:17_386] # [T24841][VisionSlotAdd][1576]New Vision Slot[1][0] Coord: 0: 2679, 6974; 1: 7568, 7298; 2: 7723, 4964; 3: 2834, 4639
[20240124_13:45:17_396] # [T24841][VisionSlotAdd][1600]vision slot [1][0], u32Weight: 17, Sum: 1608, SlotAng: 3.800, CurSlotAng: 3.999
[20240124_13:45:17_443] # [T24894][AX70CM_SetVehicleBrakePedalSts][942]Brake Sts:0
[20240124_13:45:17_443] # [T24897][APAVisionOblAdd][1323]Vision Obl merge: 1
[20240124_13:45:17_443] # [T24897][APAVisionOblAdd][1326]Receive Vision Obl CrossPointCoord: 0: 2608, 9429; 1: 7507, 9686
[20240124_13:45:17_443] # [T24897][APAVisionOblInfoDebugPrint][118]VisionOblInfo:
[20240124_13:45:17_443] # [T24898][APAVisionOblInfoDebugPrint][119]OblType: 0, bIsMerge 0, DetectCount 100
[20240124_13:45:17_443] # [T24898][APAVisionOblInfoDebugPrint][122]CrossPointCoord: 0: 854, 9248; 1: 5598, 9827
[20240124_13:45:17_445] # [T24899][APAVisionOblInfoDebugPrint][125]OriginCrossPointCoord: 0: -2608, 4429; 1: -7507, 4686
[20240124_13:45:17_445] # [T24899][APAVisionOblInfoDebugPrint][126]VehCoordAndAng: 0, 5000, ang 0.000(0.000)
[20240124_13:45:17_445] # [T24900][APAVisionOblInfoDebugPrint][127] 
[20240124_13:45:17_445] # [T24900][APAVisionOblAdd][1323]Vision Obl merge: 0
[20240124_13:45:17_446] # [T24900][APAVisionOblAdd][1326]Receive Vision Obl CrossPointCoord: 0: 2640, 6972; 1: 7563, 7316
[20240124_13:45:17_446] # [T24901][APAVisionOblInfoDebugPrint][118]VisionOblInfo:
[20240124_13:45:17_448] # [T24901][APAVisionOblInfoDebugPrint][119]OblType: 0, bIsMerge 0, DetectCount 100
[20240124_13:45:17_448] # [T24902][APAVisionOblInfoDebugPrint][122]CrossPointCoord: 0: -3072, 6159; 1: 1399, 7591
[20240124_13:45:17_448] # [T24902][APAVisionOblInfoDebugPrint][125]OriginCrossPointCoord: 0: -2640, 1972; 1: -7563, 2316
[20240124_13:45:17_448] # [T24903][APAVisionOblInfoDebugPrint][126]VehCoordAndAng: 0, 5000, ang 0.000(0.000)
[20240124_13:45:17_448] # [T24903][APAVisionOblInfoDebugPrint][127] 
[20240124_13:45:17_449] # [T24903][APAVisionOblAdd][1323]Vision Obl merge: 0
[20240124_13:45:17_451] # [T24904][APAVisionOblAdd][1326]Receive Vision Obl CrossPointCoord: 0: -8368, 5402; 1: -4313, 7839
[20240124_13:45:17_451] # [T24904][APAVisionOblInfoDebugPrint][118]VisionOblInfo:
[20240124_13:45:17_451] # [T24904][APAVisionOblInfoDebugPrint][119]OblType: 0, bIsMerge 0, DetectCount 100
[20240124_13:45:17_452] # [T24905][APAVisionOblInfoDebugPrint][122]CrossPointCoord: 0: -3072, 6159; 1: 1399, 7591
[20240124_13:45:17_452] # [T24905][APAVisionOblInfoDebugPrint][125]OriginCrossPointCoord: 0: 8368, 402; 1: 4313, 2839
[20240124_13:45:17_452] # [T24906][APAVisionOblInfoDebugPrint][126]VehCoordAndAng: 0, 5000, ang 0.000(0.000)
[20240124_13:45:17_452] # [T24906][APAVisionOblInfoDebugPrint][127] 
[20240124_13:45:17_452] # [T24907][APAVisionOblAdd][1323]Vision Obl merge: 1
[20240124_13:45:17_453] # [T24907][APAVisionOblAdd][1326]Receive Vision Obl CrossPointCoord: 0: -8179, 8336; 1: -4421, 10594
[20240124_13:45:17_455] # [T24907][APAVisionOblInfoDebugPrint][118]VisionOblInfo:
[20240124_13:45:17_455] # [T24908][APAVisionOblInfoDebugPrint][119]OblType: 0, bIsMerge 0, DetectCount 100
[20240124_13:45:17_455] # [T24908][APAVisionOblInfoDebugPrint][122]CrossPointCoord: 0: 854, 9248; 1: 5598, 9827
[20240124_13:45:17_455] # [T24909][APAVisionOblInfoDebugPrint][125]OriginCrossPointCoord: 0: 8179, 3336; 1: 4421, 5594
[20240124_13:45:17_456] # [T24909][APAVisionOblInfoDebugPrint][126]VehCoordAndAng: 0, 5000, ang 0.000(0.000)
[20240124_13:45:17_457] # [T24910][APAVisionOblInfoDebugPrint][127] 
[20240124_13:45:17_459] # [T24910][VisionSlotAddValidCheck][893]Vision slot Length: 2375,2376, Depth 4905,4905
[20240124_13:45:17_459] # [T24910][VisionSlotAdd][1521]Added Vision Slot[1][1] Num 2 OriCoord: 0: -2608, 4429; 1: -7507, 4686; 2: -7632, 2313; 3: -2733, 2057
[20240124_13:45:17_461] # [T24911][VisionSlotAdd][1522]VehCoordAndAngle: 0, 5000, ang 0.000 (0.000)
[20240124_13:45:17_461] # [T24911][VisionSlotAdd][1523]Current VehPos: 0, 5000, ang -0.000 (-0.000)
[20240124_13:45:17_461] # [T24912][VisionSlotAd][1528]Convert Vision Slot[1][1] Coord: 0: 2608, 9429; 1: 7507, 9686; 2: 7632, 7313; 3: 2733, 7057
[20240124_13:45:17_461] # [T24913][VisionSlotAdd][1533]Old Vision Slot[1][1] Coord: 0: 2579, 9422; 1: 7513, 9681; 2: 7639, 7277; 3: 2705, 7019
[20240124_13:45:17_461] # [T24913][VisionSlotAddSlotWeightCal][1014]u32Weight: 1, CentreY: 3243.000, DisY: 1955.000, SlotAng: 177.003
[20240124_13:45:17_462] # [T24914][VisionSlotAdd][1576]New Vision Slot[1][1] Coord: 0: 2579, 9422; 1: 7513, 9681; 2: 7639, 7278; 3: 2705, 7019
[20240124_13:45:17_462] # [T24914][VisionSlotAdd][1600]vision slot [1][1], u32Weight: 1, Sum: 107, SlotAng: 3.000, CurSlotAng: 2.997
[20240124_13:45:17_462] # [T24915][VisionSlotAddValidCheck][893]Vision slot Length: 2341,2341, Depth 4935,4935
[20240124_13:45:17_462] # [T24916][VisionSlotAdd][1521]Added Vision Slot[1][0] Num 2 OriCoord: 0: -2640, 1972; 1: -7563, 2316; 2: -7726, -20; 3: -2803, -364
[20240124_13:45:17_462] # [T24916][VisionSlotAdd][1522]VehCoordAndAngle: 0, 5000, ang 0.000 (0.000)
[20240124_13:45:17_464] # [T24917][VisionSlotAdd][1523]Current VehPos: 0, 5000, ang -0.000 (-0.000)
[20240124_13:45:17_464] # [T24917][VisionSlotAdd][1528]Convert Vision Slot[1][0] Coord: 0: 2640, 6972; 1: 7563, 7316; 2: 7726, 4980; 3: 2803, 4636
[20240124_13:45:17_465] # [T24918][VisionSlotAdd][1533]Old Vision Slot[1][0] Coord: 0: 2679, 6974; 1: 7568, 7298; 2: 7723, 4964; 3: 2834, 4639
[20240124_13:45:17_465] # [T24918][VisionSlotAddSlotWeightCal][1014]u32Weight: 17, CentreY: 804.000, DisY: 484.000, SlotAng: 176.003
[20240124_13:45:17_465] # [T24919][VisionSlotAdd][1576]New Vision Slot[1][0] Coord: 0: 2679, 6973; 1: 7568, 7298; 2: 7723, 4964; 3: 2834, 4639
[20240124_13:45:17_466] # [T24920][VisionSlotAdd][1600]vision slot [1][0], u32Weight: 17, Sum: 1625, SlotAng: 3.802, CurSlotAng: 3.997
[20240124_13:45:17_468] # [T24920][VisionSlotAddValidCheck][893]Vision slot Length: 2621,2620, Depth 4730,4730
[20240124_13:45:17_468] # [T24921][VisionSlotAdd][1521]Added Vision Slot[0][0] Num 2 OriCoord: 0: 4313, 2839; 1: 8368, 402; 2: 7018, -1844; 3: 2963, 592
[20240124_13:45:17_468] # [T24921][VisionSlotAdd][1522]VehCoordAndAngle: 0, 5000, ang 0.000 (0.000)
[20240124_13:45:17_468] # [T24922][VisionSlotAdd][1523]Current VehPos: 0, 5000, ang -0.000 (-0.000)
[20240124_13:45:17_469] # [T24922][VisionSlotAdd][1528]Convert Vision Slot[0][0] Coord: 0: -4313, 7839; 1: -8368, 5402; 2: -7018, 3156; 3: -2963, 5592
[20240124_13:45:17_469] # [T24923][VisionSlotAdd][1533]Old Vision Slot[0][0] Coord: 0: -4295, 7851; 1: -8379, 5405; 2: -7034, 3160; 3: -2950, 5605
[20240124_13:45:17_471] # [T24924][VisionSlotAddSlotWeightCal][1014]u32Weight: 18, CentreY: 1715.500, DisY: 427.500, SlotAng: -31.000
[20240124_13:45:17_471] # [T24924][VisionSlotAdd][1576]New Vision Slot[0][0] Coord: 0: -4295, 7851; 1: -8379, 5405; 2: -7034, 3160; 3: -2950, 5605
[20240124_13:45:17_471] # [T24925][VisionSlotAdd][1600]vision slot [0][0], u32Weight: 18, Sum: 1767, SlotAng: -149.089, CurSlotAng: -149.000
[20240124_13:45:17_471] # [T24926][VisionSlotAddValidCheck][893]Vision slot Length: 2439,2439, Depth 4384,4385
[20240124_13:45:17_474] # [T24926][VisionSlotAdd][1521]Added Vision Slot[0][1] Num 2 OriCoord: 0: 4421, 5594; 1: 8179, 3336; 2: 6923, 1245; 3: 3164, 3503
[20240124_13:45:17_474] # [T24927][VisionSlotAdd][1522]VehCoordAndAngle: 0, 5000, ang 0.000 (0.000)
[20240124_13:45:17_474] # [T24927][VisionSlotAdd][1523]Current VehPos: 0, 5000, ang -0.000 (-0.000)
[20240124_13:45:17_474] # [T24928][VisionSlotAdd][1528]Convert Vision Slot[0][1] Coord: 0: -4421, 10594; 1: -8179, 8336; 2: -6923, 6245; 3: -3164, 8503
[20240124_13:45:17_475] # [T24928][VisionSlotAdd][1533]Old Vision Slot[0][1] Coord: 0: -4443, 10581; 1: -8203, 8322; 2: -6947, 6231; 3: -3187, 8491
[20240124_13:45:17_475] # [T24929][VisionSlotAddSlotWeightCal][1014]u32Weight: 1, CentreY: 4548.500, DisY: 3260.500, SlotAng: -30.996
[20240124_13:45:17_490] # [T24930][VisionSlotAdd][1576]New Vision Slot[0][1] Coord: 0: -4442, 10582; 1: -8202, 8322; 2: -6946, 6232; 3: -3186, 8491
[20240124_13:45:17_490] # [T24930][VisionSlotAdd][1600]vision slot [0][1], u32Weight: 1, Sum: 17, SlotAng: -149.001, CurSlotAng: -149.004
[20240124_13:45:17_524] # [T24979][APAVisionOblAdd][1323]Vision Obl merge: 1
[20240124_13:45:17_524] # [T24979][APAVisionOblAdd][1326]Receive Vision Obl CrossPointCoord: 0: 2594, 9446; 1: 7522, 9704
[20240124_13:45:17_524] # [T24979][APAVisionOblInfoDebugPrint][118]VisionOblInfo:
[20240124_13:45:17_524] # [T24980][APAVisionOblInfoDebugPrint][119]OblType: 0, bIsMerge 0, DetectCount 100
[20240124_13:45:17_524] # [T24980][APAVisionOblInfoDebugPrint][122]CrossPointCoord: 0: 854, 9248; 1: 5598, 9827
[20240124_13:45:17_526] # [T24981][APAVisonOblInfoDebugPrint][125]OriginCrossPointCoord: 0: -2594, 4446; 1: -7522, 4704
[20240124_13:45:17_526] # [T24981][APAVisionOblInfoDebugPrint][126]VehCoordAndAng: 0, 5000, ang 0.000(0.000)
[20240124_13:45:17_526] # [T24981][APAVisionOblInfoDebugPrint][127] 
[20240124_13:45:17_526] # [T24982][APAVisionOblAdd][1323]Vision Obl merge: 0
[20240124_13:45:17_527] # [T24982][APAVisionOblAdd][1326]Receive Vision Obl CrossPointCoord: 0: -8364, 5418; 1: -4296, 7862
[20240124_13:45:17_529] # [T24983][APAVisionOblInfoDebugPrint][118]VisionOblInfo:
[20240124_13:45:17_529] # [T24983][APAVisionOblInfoDebugPrint][119]OblType: 0, bIsMerge 0, DetectCount 100
[20240124_13:45:17_529] # [T24983][APAVisionOblInfoDeb  24984-task_radar-118: RadarCaptureCnt is 115 
[20240124_13:45:17_529] # 
[20240124_13:45:17_529] # ugPrint][122]CrossPointCoord: 0: -3072, 6159; 1: 1399, 7591
[20240124_13:45:17_530] # [T24984][APAVisionOblInfoDebugPrint][125]OriginCrossPointCoord: 0: 8364, 418; 1: 4296, 2862
[20240124_13:45:17_530] # [T24985][APAVisionOblInfoDebugPrint][126]VehCoordAndAng: 0, 5000, ang 0.000(0.000)
[20240124_13:45:17_530] # [T24985][APAVisionOblInfoDebugPrint][127] 
[20240124_13:45:17_532] # [T24985][APAVisionOblAdd][1323]Vision Obl merge: 0
[20240124_13:45:17_532] # [T24986][APAVisionOblAdd][1326]Receive Vision Obl CrossPointCoord: 0: 2630, 6975; 1: 7583, 7322
[20240124_13:45:17_533] # [T24986][APAVisionOblInfoDebugPrint][118]VisionOblInfo:
[20240124_13:45:17_533] # [T24986][APAVisionOblInfoDebugPrint][119]OblType: 0, bIsMerge 0, DetectCount 100
[20240124_13:45:17_534] # [T24987][APAVisionOblInfoDebugPrint][122]CrossPointCoord: 0: -3072, 6159; 1: 1399, 7591
[20240124_13:45:17_534] # [T24987][APAVisionOblInfoDebugPrint][125]OriginCrossPointCoord: 0: -2630, 1975; 1: -7583, 2322
[20240124_13:45:17_534] # [T24988][APAVisionOblInfoDebugPrint][126]VehCoordAndAng: 0, 5000, ang 0.000(0.000)
[20240124_13:45:17_534] # [T24988][APAVisionOblInfoDebugPrint][127] 
[20240124_13:45:17_536] # [T24989][VisionSlotAddValidCheck][893]Vision slot Length: 2416,2416, Depth 4934,4935
[20240124_13:45:17_536] # [T24989][VisionSlotAdd][1521]Added Vision Slot[1][1] Num 2 OriCoord: 0: -2594, 4446; 1: -7522, 4704; 2: -7649, 2291; 3: -2720, 2033
[20240124_13:45:17_537] # [T24990][VisionSlotAdd][1522]VehCoordAndAngle: 0, 5000, ang 0.000 (0.000)
[20240124_13:45:17_537] # [T24990][VisionSlotAdd][1523]Current VehPos: 0, 5000, ang -0.000 (-0.000)
[20240124_13:45:17_537] # [T24991][VisionSlotAdd][1528]Convert Vision Slot[1][1] Coord: 0: 2594, 9446; 1: 7522, 9704; 2: 7649, 7291; 3: 2720, 7033
[20240124_13:45:17_537] # [T24991][VisionSlotAdd][1533]Old Vision Slot[1][1] Coord: 0: 2579, 9422; 1: 7513, 9681; 2: 7639, 7278; 3: 2705, 7019
[20240124_13:45:17_538] # [T24992][VisionSlotAddSlotWeightCal][1014]u32Weight: 1, CentreY: 3239.500, DisY: 1951.500, SlotAng: 177.003
[20240124_13:45:17_538] # [T24993][VisionSlotAdd][1576]New Vision Slot[1][1] Coord: 0: 2580, 9422; 1: 7513, 9681; 2: 7639, 7278; 3: 2705, 7019
[20240124_13:45:17_539] # [T24993][VisionSlotAdd][1600]vision slot [1][1], u32Weight: 1, Sum: 108, SlotAng: 3.000, CurSlotAng: 2.997
[20240124_13:45:17_540] # [T24994][VisionSlotAddValidCheck][893]Vision slot Length: 2627,2626, Depth 4745,4745
[20240124_13:45:17_540] # [T24994][VisionSlotAdd][1521]Added Vision Slot[0][0] Num 2 OriCoord: 0: 4296, 2862; 1: 8364, 418; 2: 7011, -1833; 3: 2943, 610
[20240124_13:45:17_540] # [T24995][VisionSlotAdd][1522]VehCoordAndAngle: 0, 5000, ang 0.000 (0.000)
[20240124_13:45:17_540] # [T24995][VisionSlotAdd][1523]Current VehPos: 0, 5000, ang -0.000 (-0.000)
[20240124_13:45:17_543] # [T24996][VisionSlotAdd][1528]Convert Vision Slot[0][0] Coord: 0: -4296, 7862; 1: -8364, 5418; 2: -7011, 3167; 3: -2943, 5610
[20240124_13:45:17_546] # [T24997][VisionSlotAdd][1533]Old Vision Slot[0][0] Coord: 0: -4295, 7851; 1: -8379, 5405; 2: -7034, 3160; 3: -2950, 5605
[20240124_13:45:17_546] # [T24997][VisionSlotAddSlotWeightCal][1014]u32Weight: 18, CentreY: 1736.000, DisY: 448.000, SlotAng: -30.992
[20240124_13:45:17_547] # [T24998][VisionSlotAdd][1576]New Vision Slot[0][0] Coord: 0: -4295, 7851; 1: -8379, 5405; 2: -7034, 3160; 3: -2950, 5605
[20240124_13:45:17_547] # [T24999][VisionSlotAdd][1600]vision slot [0][0], u32Weight: 18, Sum: 1785, SlotAng: -149.088, CurSlotAng: -149.008
[20240124_13:45:17_547] # [T24999][VisionSlotAddValidCheck][893]Vision slot Length: 2359,2360, Depth 4965,4964
[20240124_13:45:17_549] # [T25000][VisionSlotAdd][1521]Added Vision Slot[1][0] Num 2 OriCoord: 0: -2630, 1975; 1: -7583, 2322; 2: -7747, -33; 3: -2795, -379
[20240124_13:45:17_549] # [T25000][VisionSlotAdd][1522]VehCoordAndAngle: 0, 5000, ang 0.000 (0.000)
[20240124_13:45:17_549] # [T25001][VisionSlotAdd][1523]Current VehPos: 0, 5000, ang -0.000 (-0.000)
[20240124_13:45:17_549] # [T25001][VisionSlotAdd][1528]Convert Vision Slot[1][0] Coord: 0: 2630, 6975; 1: 7583, 7322; 2: 7747, 4967; 3: 2795, 4621
[20240124_13:45:17_549] # [T25002][VisionSlotAdd][1533]Old Vision Slot[1][0] Coord: 0: 2679, 6973; 1: 7568, 7298; 2: 7723, 4964; 3: 2834, 4639
[20240124_13:45:17_549] # [T25003][VisionSlotAddSlotWeightCal][1014]u32Weight: 17, CentreY: 798.000, DisY: 490.000, SlotAng: 175.998
[20240124_13:45:17_550] # [T25003][VisionSlotAdd][1576]New Vision Slot[1][0] Coord: 0: 2678, 6973; 1: 7568, 7299; 2: 7723, 4964; 3: 2834, 4639
[20240124_13:45:17_567] # [T25004][VisionSlotAdd][1600]vision slot [1][0], u32Weight: 17, Sum: 1642, SlotAng: 3.804, CurSlotAng: 4.002
[20240124_13:45:17_604] # [T25060][APAVisionOblAdd][1323]Vision Obl merge: 1
[20240124_13:45:17_605] # [T25060][APAVisionOblAdd][1326]Receive Vision Obl CrossPointCoord: 0: 2569, 9422; 1: 7474, 9679
[20240124_13:45:17_605] # [T25060][APAVisionOblInfoDebugPrint][118]VisionOblInfo:
[20240124_13:45:17_605] # [T25061][APAVisionOblInfoDebugPrint][119]OblType: 0, bIsMerge 0, DetectCount 100
[20240124_13:45:17_605] # [T25061][APAVisionOblInfoDebugPrint][122]CrossPointCoord: 0: 854, 9248; 1: 5598, 9827
[20240124_13:45:17_607] # [T25061][APAVisionOblInfoDebugPrint][125]OriginCrossPointCoord: 0: -2569, 4422; 1: -7474, 4679
[20240124_13:45:17_607] # [T25062][APAVisionOblInfoDebugPrint][126]VehCoordAndAng: 0, 5000, ang 0.000(0.000)
[20240124_13:45:17_607] # [T25062][APAVisionOblInfoDebugPrint][127] 
[20240124_13:45:17_607] # [T25063][APAVisionOblAdd][1323]Vision Obl merge: 0
[20240124_13:45:17_607] # [T25063][APAVisionOblAdd][1326]Receive Vision Obl CrossPointCoord: 0: -8377, 5388; 1: -4283, 7848
[20240124_13:45:17_609] # [T25064][APAVisionOblInfoDebugPrint][118]VisionOblInfo:
[20240124_13:45:17_609] # [T25064][APAVisionOblInfoDebugPrint][119]OblType: 0, bIsMerge 0, DetectCount 100
[20240124_13:45:17_610] # [T25064][APAVisionOblInfoDebugPrint][122]CrossPointCoord: 0: -3072, 6159; 1: 1399, 7591
[20240124_13:45:17_610] # [T25065][APAVisionOblInfoDebugPrint][125]OriginCrossPointCoord: 0: 8377, 388; 1: 4283, 2848
[20240124_13:45:17_612] # [T25065][APAVisionOblInfoDebugPrint][126]VehCoordAndAng: 0, 5000, ang 0.000(0.000)
[20240124_13:45:17_612] # [T25066][APAVisionOblInfoDebugPrint][127] 
[20240124_13:45:17_612] # [T25066][APAVisionOblAdd][1323]Vision Obl merge: 0
[20240124_13:45:17_612] # [T25066][APAVisionOblAdd][1326]Receive Vision Obl CrossPointCoord: 0: 2666, 6981; 1: 7553, 7323
[20240124_13:45:17_613] # [T25067][APAVisionOblInfoDebugPrint][118]VisionOblInfo:
[20240124_13:45:17_613] # [T25067][APAVisionOblInfoDebugPrint][119]OblType: 0, bIsMerge 0, DetectCount 100
[20240124_13:45:17_613] # [T25068][APAVisionOblInfoDebugPrint][122]CrossPointCoord: 0: -3072, 6159; 1: 1399, 7591
[20240124_13:45:17_616] # [T25068][APAVisionOblInfoDebugPrint][125]OriginCrossPointCoord: 0: -2666, 1981; 1: -7553, 2323
[20240124_13:45:17_617] # [T25069][APAVisionOblInfoDebugPrint][126]VehCoordAndAng: 0, 5000, ang 0.000(0.000)
[20240124_13:45:17_617] # [T25069][APAVisionOblInfoDebugPrint][127] 
[20240124_13:45:17_617] # [T25069][VisionSlotAddValidCheck][893]Vision slot Length: 2393,2393, Depth 4911,4911
[20240124_13:45:17_617] # [T25070][VisionSlotAdd][1521]Added Vision Slot[1][1] Num 2 OriCoord: 0: -2569, 4422; 1: -7474, 4679; 2: -7599, 2289; 3: -2694, 2032
[20240124_13:45:17_617] # [T25070][VisionSlotAdd][1522]VehCoordAndAngle: 0, 5000, ang 0.000 (0.000)
[20240124_13:45:17_618] # [T25071][VisionSlotAdd][1523]Current VehPos: 0, 5000, ang -0.000 (-0.000)
[20240124_13:45:17_618] # [T25071][VisionSlotAdd][1528]Convert Vision Slot[1][1] Coord: 0: 2569, 9422; 1: 7474, 9679; 2: 7599, 7289; 3: 2694, 7032
[20240124_13:45:17_618] # [T25072][VisionSlotAdd][1533]Old Vision Slot[1][1] Coord: 0: 2580, 9422; 1: 7513, 9681; 2: 7639, 7278; 3: 2705, 7019
[20240124_13:45:17_620] # [T25073][VisionSlotAddSlotWeightCal][1014]u32Weight: 1, CentreY: 3227.000, DisY: 1939.000, SlotAng: 177.001
[20240124_13:45:17_620] # [T25073][VisionSlotAdd][1576]New Vision Slot[1][1] Coord: 0: 2579, 9422; 1: 7512, 9681; 2: 7638, 7278; 3: 2705, 7019
[20240124_13:45:17_620] # [T25074][VisionSlotAdd][1600]vision slot [1][1], u32Weight: 1, Sum: 109, SlotAng: 3.000, CurSlotAng: 2.999
[20240124_13:45:17_620] # [T25075][VisionSlotAddValidCheck][893]Vision slot Length: 2607,2606, Depth 4776,4776
[20240124_13:45:17_621] # [T25075][VisionSlotAdd][1521]Added Vision Slot[0][0] Num 2 OriCoord: 0: 4283, 2848; 1: 8377, 388; 2: 7035, -1846; 3: 2940, 613
[20240124_13:45:17_621] # [T25076][VisionSlotAdd][1522]VehCoordAndAngle: 0, 5000, ang 0.000 (0.000)
[20240124_13:45:17_623] # [T25076][VisionSlotAdd][1523]Current VehPos: 0, 5000, ang -0.000 (-0.000)
[20240124_13:45:17_623] # [T25076][VisionSlotAdd][1528]Convert Vision Slot[0][0] Coord: 0: -4283, 7848; 1: -8377, 5388; 2: -7035, 3154; 3: -2940, 5613
[20240124_13:45:17_623] # [T25077][VisionSlotAdd][1533]Old Vision Slot[0][0] Coord: 0: -4295, 7851; 1: -8379, 5405; 2: -7034, 3160; 3: -2950, 5605
[20240124_13:45:17_624] # [T25078][VisionSlotAddSlotWeightCal][1014]u32Weight: 18, CentreY: 1730.500, DisY: 442.500, SlotAng: -30.993
[20240124_13:45:17_625] # [T25078][VisionSlotAdd][1576]New Vision Slot[0][0] Coord: 0: -4295, 7851; 1: -8379, 5405; 2: -7034, 3160; 3: -2950, 5605
[20240124_13:45:17_626] # [T25079][VisionSlotAdd][1600]vision slot [0][0], u32Weight: 18, Sum: 1803, SlotAng: -149.087, CurSlotAng: -149.007
[20240124_13:45:17_626] # [T25080][VisionSlotAddValidCheck][893]Vision slot Length: 2345,2346, Depth 4898,4899
[20240124_13:45:17_626] # [T25080][VisionSlotAdd][1521]Added Vision Slot[1][0] Num 2 OriCoord: 0: -2666, 1981; 1: -7553, 2323; 2: -7717, -18; 3: -2829, -359
[20240124_13:45:17_626] # [T25081][VisionSlotAdd][1522]VehCoordAndAngle: 0, 5000, ang 0.000 (0.000)
[20240124_13:45:17_627] # [T25081][VisionSlotAdd][1523]Current VehPos: 0, 5000, ang -0.000 (-0.000)
[20240124_13:45:17_629] # [T25082][VisionSlotAdd][1528]Convert Vision Slot[1][0] Coord: 0: 2666, 6981; 1: 7553, 7323; 2: 7717, 4982; 3: 2829, 4641
[20240124_13:45:17_629] # [T25082][VisionSlotAdd][1533]Old Vision Slot[1][0] Coord: 0: 2678, 6973; 1: 7568, 7299; 2: 7723, 4964; 3: 2834, 4639
[20240124_13:45:17_629] # [T25083][VisionSlotAddSlotWeightCal][1014]u32Weight: 18, CentreY: 811.000, DisY: 477.000, SlotAng: 176.003
[20240124_13:45:17_630] # [T25084][VisionSlotAdd][1576]New Vision Slot[1][0] Coord: 0: 2678, 6974; 1: 7568, 7299; 2: 7723, 4964; 3: 2834, 4639
[20240124_13:45:17_646] # [T25084][VisionSlotAdd][1600]vision slot [1][0], u32Weight: 18, Sum: 1660, SlotAng: 3.806, CurSlotAng: 3.997
[20240124_13:45:17_696] # [T25151][APAVisionOblAdd][1323]Vision Obl merge: 1
[20240124_13:45:17_696] # [T25151][APAVisionOblAdd][1326]Receive Vision Obl CrossPointCoord: 0: 2575, 9413; 1: 7550, 9674
[20240124_13:45:17_697] # [T25151][APAVisionOblInfoDebugPrint][118]VisionOblInfo:
[20240124_13:45:17_697] # [T25152][APAVisionOblInfoDebugPrint][119]OblType: 0, bIsMerge 0, DetectCount 100
[20240124_13:45:17_697] # [T25152][APAVisionOblInfoDebugPrint][122]CrossPointCoord: 0: 854, 9248; 1: 5598, 9827
[20240124_13:45:17_698] # [T25153][APAVisionOblInfoDebugPrint][125]OriginCrossPointCoord: 0: -2575, 4413; 1: -7550, 4674
[20240124_13:45:17_699] # [T25153][APAVisionOblInfoDebugPrint][126]VehCoordAndAng: 0, 5000, ang 0.000(0.000)
[20240124_13:45:17_699] # [T25154][APAVisionOblInfoDebugPrint][127] 
[20240124_13:45:17_699] # [T25154][APAVisionOblAdd][1323]Vision Obl merge: 0
[20240124_13:45:17_699] # [T25154][APAVisionOblAdd][1326]Receive Vision Obl CrossPointCoord: 0: 2645, 6960; 1: 7558, 7304
[20240124_13:45:17_700] # [T25155][APAVisionOblInfoDebugPrint][118]VisionOblInfo:
[20240124_13:45:17_700] # [T25155][APAVisionOblInfoDebugPrint][119]OblType: 0, bIsMerge 0, DetectCount 100
[20240124_13:45:17_701] # [T25155][APAVisionOblInfoDebugPrint][122]CrossPointCoord: 0: -3072, 6159; 1: 1399, 7591
[20240124_13:45:17_701] # [T25156][APAVisionOblInfoDebugPrint][125]OriginCrossPointCoord: 0: -2645, 1960; 1: -7558, 2304
[20240124_13:45:17_707] # [T25156][APAVisionOblInfoDebugPrint][126]VehCoordAndAng: 0, 5000, ang 0.000(0.000)
[20240124_13:45:17_707] # [T25157][APAVisionOblInfoDebugPrint][127] 
[20240124_13:45:17_708] # [T25157][APAVisionOblAdd][1323]Vision Obl merge: 0
[20240124_13:45:17_708] # [T25157][APAVisionOblAdd][1326]Receive Vision Obl CrossPointCoord: 0: -8362, 5407; 1: -4306, 7844
[20240124_13:45:17_708] # [T25158][APAVisionOblInfoDebugPrint][118]VisionOblInfo:
[20240124_13:45:17_708] # [T25158][APAVisionOblInfoDebugPrint][119]OblType: 0, bIsMerge 0, DetectCount 100
[20240124_13:45:17_708] # [T25159][APAVisionOblInfoDebugPrint][122]CrossPointCoord: 0: -3072, 6159; 1: 1399, 7591
[20240124_13:45:17_709] # [T25159][APAVisionOblInfoDebugPrint][125]OriginCrossPointCoord: 0: 8362, 407; 1: 4306, 2844
[20240124_13:45:17_709] # [T25160][APAVisionOblInfoDebugPrint][126]VehCoordAndAng: 0, 5000, ang 0.000(0.000)
[20240124_13:45:17_709] # [T25160][APAVisionOblInfoDebugPrint][127] 
[20240124_13:45:17_709] # [T25161][VisionSlotAddValidCheck][893]Vision slot Length: 2398,2398, Depth 4981,4982
[20240124_13:45:17_709] # [T25161][VisionSlotAdd][1521]Added Vision Slot[1][1] Num 2 OriCoord: 0: -2575, 4413; 1: -7550, 4674; 2: -7676, 2279; 3: -2700, 2018
[20240124_13:45:17_709] # [T25162][VisionSlotAdd][1522]VehCoordAndAngle: 0, 5000, ang 0.000 (0.000)
[20240124_13:45:17_709] # [T25162][VisionSlotAdd][1523]Current VehPos: 0, 5000, ang -0.000 (-0.000)
[20240124_13:45:17_711] # [T25163][VisionSlotAdd][1528]Convert Vision Slot[1][1] Coord: 0: 2575, 9413; 1: 7550, 9674; 2: 7676, 7279; 3: 2700, 7018
[20240124_13:45:17_711] # [T25163][VisionSlotAdd][1533]Old Vision Slot[1][1] Coord: 0: 2579, 9422; 1: 7512, 9681; 2: 7638, 7278; 3: 2705, 7019
[20240124_13:45:17_712] # [T25164][VisionSlotAddSlotWeightCal][1014]u32Weight: 1, CentreY: 3215.500, DisY: 1927.500, SlotAng: 176.997
[20240124_13:45:17_712] # [T25165][VisionSlotAdd][1576]New Vision Slot[1][1] Coord: 0: 2579, 9422; 1: 7513, 9681; 2: 7639, 7278; 3: 2705, 7019
[20240124_13:45:17_712] # [T25165][VisionSlotAdd][1600]vision slot [1][1], u32Weight: 1, Sum: 110, SlotAng: 3.000, CurSlotAng: 3.003
[20240124_13:45:17_712] # [T25166][VisionSlotAddValidCheck][893]Vision slot Length: 2324,2324, Depth 4925,4925
[20240124_13:45:17_713] # [T25166][VisionSlotAdd][1521]Added Vision Slot[1][0] Num 2 OriCoord: 0: -2645, 1960; 1: -7558, 2304; 2: -7720, -15; 3: -2807, -359
[20240124_13:45:17_713] # [T25167][VisionSlotAdd][1522]VehCoordAndAngle: 0, 5000, ang 0.000 (0.000)
[20240124_13:45:17_715] # [T25167][VisionSlotAdd][1523]Current VehPos: 0, 5000, ang -0.000 (-0.000)
[20240124_13:45:17_716] # [T25168][VisionSlotAdd][1528]Convert Vision Slot[1][0] Coord: 0: 2645, 6960; 1: 7558, 7304; 2: 7720, 4985; 3: 2807, 4641
[20240124_13:45:17_716] # [T25169][VisionSlotAdd][1533]Old Vision Slot[1][0] Coord: 0: 2678, 6974; 1: 7568, 7299; 2: 7723, 4964; 3: 2834, 4639
[20240124_13:45:17_716] # [T25169][VisionSlotAddSlotWeightCal][1014]u32Weight: 17, CentreY: 800.500, DisY: 487.500, SlotAng: 175.995
[20240124_13:45:17_717] # [T25170][VisionSlotAdd][1576]New Vision Slot[1][0] Coord: 0: 2678, 6973; 1: 7567, 7299; 2: 7723, 494; 3: 2833, 4639
[20240124_13:45:17_717] # [T25170][VisionSlotAdd][1600]vision slot [1][0], u32Weight: 17, Sum: 1677, SlotAng: 3.808, CurSlotAng: 4.005
[20240124_13:45:17_717] # [T25171][VisionSlotAddValidCheck][893]Vision slot Length: 2616,2615, Depth 4731,4731
[20240124_13:45:17_720] # [T25172][VisionSlotAdd][1521]Added Vision Slot[0][0] Num 2 OriCoord: 0: 4306, 2844; 1: 8362, 407; 2: 7014, -1834; 3: 2958, 602
[20240124_13:45:17_720] # [T25172][VisionSlotAdd][1522]VehCoordAndAngle: 0, 5000, ang 0.000 (0.000)
[20240124_13:45:17_720] # [T25173][VisionSlotAdd][1523]Current VehPos: 0, 5000, ang -0.000 (-0.000)
[20240124_13:45:17_720] # [T25173][VisionSlotAdd][1528]Convert Vision Slot[0][0] Coord: 0: -4306, 7844; 1: -8362, 5407; 2: -7014, 3166; 3: -2958, 5602
[20240124_13:45:17_721] # [T25174][VisionSlotAdd][1533]Old Vision Slot[0][0] Coord: 0: -4295, 7851; 1: -8379, 5405; 2: -7034, 3160; 3: -2950, 5605
[20240124_13:45:17_721] # [T25174][VisionSlotAddSlotWeightCal][1014]u32Weight: 18, CentreY: 1723.000, DisY: 435.000, SlotAng: -30.994
[20240124_13:45:17_721] # [T25175][VisionSlotAdd][1576]New Vision Slot[0][0] Coord: 0: -4295, 7851; 1: -8379, 5405; 2: -7034, 3160; 3: -2950, 5605
[20240124_13:45:17_739] # [T25176][VisionSlotAdd][1600]vision slot [0][0], u32Weight: 18, Sum: 1821, SlotAng: -149.087, CurSlotAng: -149.006
[20240124_13:45:17_777] # [T25231][APAVisionOblAdd][1323]Vision Obl merge: 1
[20240124_13:45:17_777] # [T25231][APAVisionOblAdd][1326]Receive Vision Obl CrossPointCoord: 0: 2577, 9435; 1: 7456, 9691
[20240124_13:45:17_777] # [T25231][APAVisionOblInfoDebugPrint][118]VisionOblInfo:
[20240124_13:45:17_778] # [T25232][APAVisionOblInfoDebugPrint][119]OblType: 0, bIsMerge 0, DetectCount 100
[20240124_13:45:17_778] # [T25232][APAVisionOblInfoDebugPrint][122]CrossPointCoord: 0: 854, 9248; 1: 5598, 9827
[20240124_13:45:17_780] # [T25233][APAVisionOblInfoDebugPrint][125]OriginCrossPointCoord: 0: -2577, 4435; 1: -7456, 4691
[20240124_13:45:17_780] # [T25233][APAVisionOblInfoDebugPrint][126]VehCoordAndAng: 0, 5000, ang 0.000(0.000)
[20240124_13:45:17_780] # [T25234][APAVisionOblInfoDebugPrint][127] 
[20240124_13:45:17_780] # [T25234][APAVisionOblAdd][1323]Vision Obl merge: 0
[20240124_13:45:17_780] # [T25234][APAVisionOblAdd][1326]Receive Vision Obl CrossPointCoord: 0: -8355, 5407; 1: -4296, 7845
[20240124_13:45:17_781] # [T25235][APAVisionOblInfoDebugPrint][118]VisionOblInfo:
[20240124_13:45:17_781] # [T25235][APAVisionOblInfoDebugPrint][119]OblType: 0, bIsMerge 0, DetectCount 100
[20240124_13:45:17_781] # [T25235][APAVisionOblInfoDebugPrint][122]CrossPointCoord: 0: -3072, 6159; 1: 1399, 7591
[20240124_13:45:17_783] # [T25236][APAVisionOblInfoDebugPrint][125]OriginCrossPointCoord: 0: 8355, 407; 1: 4296, 2845
[20240124_13:45:17_783] # [T25236][APAVisionOblInfoDebugPrint][126]VehCoordAndAng: 0, 5000, ang 0.000(0.000)
[20240124_13:45:17_783] # [T25237][APAVisionOblInfoDebugPrint][127] 
[20240124_13:45:17_783] # [T25237][APAVisionOblAdd][1323]Vision Obl merge: 0
[20240124_13:45:17_783] # [T25237][APAVisionOblAdd][1326]Receive Vision Obl CrossPointCoord: 0: 2668, 6974; 1: 7579, 7318
[20240124_13:45:17_784] # [T25238][APAVisionOblInfoDebugPrit][118]VisionOblInfo:
[20240124_13:45:17_784] # [T25238][APAVisionOblInfoDebugPrint][119]OblType: 0, bIsMerge 0, DetectCount 100
[20240124_13:45:17_787] # [T25239][APAVisionOblInfoDebugPrint][122]CrossPointCoord: 0: -3072, 6159; 1: 1399, 7591
[20240124_13:45:17_788] # [T25239][APAVisionOblInfoDebugPrint][125]OriginCrossPointCoord: 0: -2668, 1974; 1: -7579, 2318
[20240124_13:45:17_788] # [T25240][APAVisionOblInfoDebugPrint][126]VehCoordAndAng: 0, 5000, ang 0.000(0.000)
[20240124_13:45:17_788] # [T25240][APAVisionOblInfoDebugPrint][127] 
[20240124_13:45:17_788] # [T25240][VisionSlotAddValidCheck][893]Vision slot Length: 2376,2376, Depth 4885,4886
[20240124_13:45:17_789] # [T25241][VisionSlotAdd][1521]Added Vision Slot[1][1] Num 2 OriCoord: 0: -2577, 4435; 1: -7456, 4691; 2: -7581, 2318; 3: -2701, 2062
[20240124_13:45:17_789] # [T25242][VisionSlotAdd][1522]VehCoordAndAngle: 0, 5000, ang 0.000 (0.000)
[20240124_13:45:17_789] # [T25242][VisionSlotAdd][1523]Current VehPos: 0, 5000, ang -0.000 (-0.000)
[20240124_13:45:17_790] # [T25242][VisionSlotAdd][1528]Convert Vision Slot[1][1] Coord: 0: 2577, 9435; 1: 7456, 9691; 2: 7581, 7318; 3: 2701, 7062
[20240124_13:45:17_790] # [T25243][VisionSlotAdd][1533]Old Vision Slot[1][1] Coord: 0: 2579, 9422; 1: 7513, 9681; 2: 7639, 7278; 3: 2705, 7019
[20240124_13:45:17_791] # [T25244][VisionSlotAddSlotWeightCal][1014]u32Weight: 1, CentreY: 3248.500, DisY: 1960.500, SlotAng: 176.997
[20240124_13:45:17_792] # [T25244][VisionSlotAdd][1576]New Vision Slot[1][1] Coord: 0: 2579, 9422; 1: 7512, 9681; 2: 7638, 7278; 3: 2705, 7020
[20240124_13:45:17_792] # [T25245][VisionSlotAdd][1600]vision slot [1][1], u32Weight: 1, Sum: 111, SlotAng: 3.000, CurSlotAng: 3.003
[20240124_13:45:17_792] # [T25246][VisionSlotAddValidCheck][893]Vision slot Length: 2616,2616, Depth 4734,4733
[20240124_13:45:17_792] # [T25246][VisionSlotAdd][1521]Added Vision Slot[0][0] Num 2 OriCoord: 0: 4296, 2845; 1: 8355, 407; 2: 7007, -1835; 3: 2949, 602
[20240124_13:45:17_792] # [T25247][VisionSlotAdd][1522]VehCoordAndAngle: 0, 5000, ang 0.000 (0.000)
[20240124_13:45:17_793] # [T25247][VisionSlotAdd][1523]Current VehPos: 0, 5000, ang -0.000 (-0.000)
[20240124_13:45:17_795] # [T25248][VisionSlotAdd][1528]Convert Vision Slot[0][0] Coord: 0: -4296, 7845; 1: -8355, 5407; 2: -7007, 3165; 3: -2949, 5602
[20240124_13:45:17_795] # [T25248][VisionSlotAdd][1533]Old Vision Slot[0][0] Coord: 0: -4295, 7851; 1: -8379, 5405; 2: -7034, 3160; 3: -2950, 5605
[20240124_13:45:17_796] # [T25249][VisionSlotAddSlotWeightCal][1014]u32Weight: 18, CentreY: 1723.500, DisY: 435.500, SlotAng: -30.989
[20240124_13:45:17_796] # [T25250][VisionSlotAdd][1576]New Vision Slot[0][0] Coord: 0: -4295, 7851; 1: -8379, 5405; 2: -7033, 3160; 3: -2950, 5605
[20240124_13:45:17_799] # [T25250][VisionSlotAdd][1600]vision slot [0][0], u32Weight: 18, Sum: 1839, SlotAng: -149.086, CurSlotAng: -149.011
[20240124_13:45:17_800] # [T25251][VisionSlotAddValidCheck][893]Vision slot Length: 2336,2337, Depth 4923,4921
[20240124_13:45:17_801] # [T25251][VisionSlotAdd][1521]Added Vision Slot[1][0] Num 2 OriCoord: 0: -2668, 1974; 1: -7579, 2318; 2: -7742, -14; 3: -2832, -357
[20240124_13:45:17_801] # [T25252][VisionSlotAdd][1522]VehCoordAndAngle: 0, 5000, ang 0.000 (0.000)
[20240124_13:45:17_801] # [T25252][VisionSlotAdd][1523]Current VehPos: 0, 5000, ang -0.000 (-0.000)
[20240124_13:45:17_801] # [T25253][VisionSlotAdd][1528]Convert Vision Slot[1][0] Coord: 0: 2668, 6974; 1: 7579, 7318; 2: 7742, 4986; 3: 2832, 4643
[20240124_13:45:17_801] # [T25254][VisionSlotAdd][1533]Old Vision Slot[1][0] Coord: 0: 2678, 6973; 1: 7567, 7299; 2: 7723, 4964;3: 2833, 4639
[20240124_13:45:17_802] # [T25254][VisionSlotAddSlotWeightCal][1014]u32Weight: 17, CentreY: 808.500, DisY: 479.500, SlotAng: 175.999
[20240124_13:45:17_802] # [T25255][VisionSlotAdd][1576]New Vision Slot[1][0] Coord: 0: 2678, 6973; 1: 7568, 7299; 2: 7723, 4965; 3: 2833, 4639
[20240124_13:45:17_816] # [T25255][VisionSlotAdd][1600]vision slot [1][0], u32Weight: 17, Sum: 1694, SlotAng: 3.810, CurSlotAng: 4.001
[20240124_13:45:17_832] # [T25274][AX70CM_SetVehicleBrakePedalSts][942]Brake Sts:1
[20240124_13:45:17_861] # [T25315][VisionSlotAddValidCheck][893]Vision slot Length: 2401,2401, Depth 4882,4882
[20240124_13:45:17_861] # [T25315][VisionSlotAdd][1521]Added Vision Slot[1][1] Num 2 OriCoord: 0: -2627, 4445; 1: -7503, 4701; 2: -7629, 2303; 3: -2753, 2047
[20240124_13:45:17_861] # [T25316][VisionSlotAdd][1522]VehCoordAndAngle: 0, 5000, ang 0.000 (0.000)
[20240124_13:45:17_861] # [T25316][VisionSlotAdd][1523]Current VehPos: 0, 5000, ang -0.000 (-0.000)
[20240124_13:45:17_863] # [T25317][VisionSlotAdd][1528]Convert Vision Slot[1][1] Coord: 0: 2627, 9445; 1: 7503, 9701; 2: 7629, 7303; 3: 2753, 7047
[20240124_13:45:17_863] # [T25318][VisionSlotAdd][1533]Old Vision Slot[1][1] Coord: 0: 2579, 9422; 1: 7512, 9681; 2: 7638, 7278; 3: 2705, 7020
[20240124_13:45:17_863] # [T25318][VisionSlotAddSlotWeightCal][1014]u32Weight: 1, CentreY: 3246.000, DisY: 1958.000, SlotAng: 176.995
[20240124_13:45:17_865] # [T25319][VisionSlotAdd][1576]New Vision Slot[1][1] Coord: 0: 2580, 9423; 1: 7512, 9681; 2: 7638, 7279; 3: 2706, 7020
[20240124_13:45:17_865] # [T25319][VisionSlotAdd][1600]vision slot [1][1], u32Weight: 1, Sum: 112, SlotAng: 3.000, CurSlotAng: 3.005
[20240124_13:45:17_866] # [T25320][VisionSlotAddValidCheck][893]Vision slot Length: 2597,2595, Depth 4757,4757
[20240124_13:45:17_866] # [T25321][VisionSlotAdd][1521]Added Vision Slot[0][0] Num 2 OriCoord: 0: 4281, 2838; 1: 8359, 388; 2: 7022, -1837; 3: 2943, 612
[20240124_13:45:17_866] # [T25321][VisionSlotAdd][1522]VehCoordAndAngle: 0, 5000, ang 0.000 (0.000)
[20240124_13:45:17_868] # [T25322][VisionSlotAdd][1523]Current VehPos: 0, 5000, ang -0.000 (-0.000)
[20240124_13:45:17_868] # [T25322][VisionSlotAdd][1528]Convert Vision Slot[0][0] Coord: 0: -4281, 7838; 1: -8359, 5388; 2: -7022, 3163; 3: -2943, 5612
[20240124_13:45:17_868] # [T25323][VisionSlotAdd][1533]Old Vision Slot[0][0] Coord: 0: -4295, 7851; 1: -8379, 5405; 2: -7033, 3160; 3: -2950, 5605
[20240124_13:45:17_870] # [T25323][VisionSlotAddSlotWeightCal][1014]u32Weight: 18, CentreY: 1725.000, DisY: 437.000, SlotAng: -30.989
[20240124_13:45:17_871] # [T25324][VisionSlotAdd][1576]New Vision Slot[0][0] Coord: 0: -4295, 7851; 1: -8378, 5405; 2: -7033, 3160; 3: -2950, 5605
[20240124_13:45:17_871] # [T25325][VisionSlotAdd][1600]vision slot [0][0], u32Weight: 18, Sum: 1857, SlotAng: -149.085, CurSlotAng: -149.011
[20240124_13:45:17_871] # [T25325][VisionSlotAddValidCheck][893]Vision slot Length: 2376,2376, Depth 5014,5014
[20240124_13:45:17_872] # [T25326][VisionSlotAdd][1521]Added Vision Slot[1][0] Num 2 OriCoord: 0: -2626, 2000; 1: -7628, 2350; 2: -7794, -21; 3: -2792, -371
[20240124_13:45:17_874] # [T25327][VisionSlotAdd][1522]VehCoordAndAngle: 0, 5000, ang 0.000 (0.000)
[20240124_13:45:17_875] # [T25327][VisionSlotAdd][1523]Current VehPos: 0, 5000, ang -0.000 (-0.000)
[20240124_13:45:17_875] # [T25327][VisionSlotAdd][1528]Convert Vision Slot[1][0] Coord: 0: 2626, 7000; 1: 7628, 7350; 2: 7794, 4979; 3: 2792, 4629
[20240124_13:45:17_875] # [T25328][VisionSlotAdd][1533]Old Vision Slot[1][0] Coord: 0: 2678, 6973; 1: 7568, 7299; 2: 7723, 4965; 3: 2833, 4639
[20240124_13:45:17_875] # [T25329][VisionSlotAddSlotWeightCal][1014]u32Weight: 18, CentreY: 814.500, DisY: 473.500, SlotAng: 175.997
[20240124_13:45:17_875] # [T25329][VisionSlotAdd][1576]New Vision Slot[1][0] Coord: 0: 2677, 6974; 1: 7568, 7300; 2: 7724, 4965; 3: 2833, 4639
[20240124_13:45:17_875] # [T25330][VisionSlotAdd][1600]vision slot [1][0], u32Weight: 18, Sum: 1712, SlotAng: 3.812, CurSlotAng: 4.003
[20240124_13:45:17_875] # [T25331][VisionSlotAddValidCheck][893]Vision slot Length: 2429,2429, Depth 4386,4386
[20240124_13:45:17_880] # [T25331][VisionSlotAdd][1521]Added Vision Slot[0][1] Num 2 OriCoord: 0: 4423, 5593; 1: 8183, 3333; 2: 6932, 1250; 3: 3172, 3510
[20240124_13:45:17_880] # [T25332][VisionSlotAdd][1522]VehCoordAndAngle: 0, 5000, ang 0.000 (0.000)
[20240124_13:45:17_880] # [T25332][VisionSlotAdd][1523]Current VehPos: 0, 5000, ang -0.000 (-0.000)
[20240124_13:45:17_880] # [T25333][VisionSlotAdd][1528]Convert Vision Slot[0][1] Coord: 0: -4423, 10593; 1: -8183, 8333; 2: -6932, 6250; 3: -3172, 8510
[20240124_13:45:17_881] # [T25333][VisionSlotAdd][1533]Old Vision Slot[0][1] Coord: 0: -4442, 10582; 1: -8202, 8322; 2: -6946, 6232; 3: -3186, 8491
[20240124_13:45:17_881] # [T25334][VisionSlotAddSlotWeightCal][1014]u32Weight: 1, CentreY: 4551.500, DisY: 3263.500, SlotAng: -31.009
[20240124_13:45:17_881] # [T25335][VisionSlotAdd][1576]New Vision Slot[0][1] Coord: 0: -4441, 10582; 1: -8201, 8323; 2: -6945, 6233; 3: -3185, 8492
[20240124_13:45:17_881] # [T25335][VisionSlotAdd][1600]vision slot [0][1], u32Weight: 1, Sum: 18, SlotAng: -149.000, CurSlotAng: -148.991
[20240124_13:45:17_883] # [T25336][PAVisionOblAdd][1323]Vision Obl merge: 1
[20240124_13:45:17_883] # [T25336][APAVisionOblAdd][1326]Receive Vision Obl CrossPointCoord: 0: 2627, 9445; 1: 7503, 9701
[20240124_13:45:17_883] # [T25337][APAVisionOblInfoDebugPrint][118]VisionOblInfo:
[20240124_13:45:17_884] # [T25337][APAVisionOblInfoDebugPrint][119]OblType: 0, bIsMerge 0, DetectCount 100
[20240124_13:45:17_884] # [T25337][APAVisionOblInfoDebugPrint][122]CrossPointCoord: 0: 854, 9248; 1: 5598, 9827
[20240124_13:45:17_884] # [T25338][APAVisionOblInfoDebugPrint][125]OriginCrossPointCoord: 0: -2627, 4445; 1: -7503, 4701
[20240124_13:45:17_884] # [T25338][APAVisionOblInfoDebugPrint][126]VehCoordAndAng: 0, 5000, ang 0.000(0.000)
[20240124_13:45:17_884] # [T25339][APAVisionOblInfoDebugPrint][127] 
[20240124_13:45:17_885] # [T25339][APAVisionOblAdd][1323]Vision Obl merge: 0
[20240124_13:45:17_886] # [T25339][APAVisionOblAdd][1326]Receive Vision Obl CrossPointCoord: 0: -8359, 5388; 1: -4281, 7838
[20240124_13:45:17_887] # [T25340][APAVisionOblInfoDebugPrint][118]VisionOblInfo:
[20240124_13:45:17_887] # [T25340][APAVisionOblInfoDebugPrint][119]OblType: 0, bIsMerge 0, DetectCount 100
[20240124_13:45:17_887] # [T25341][APAVisionOblInfoDebugPrint][122]CrossPointCoord: 0: -3072, 6159; 1: 1399, 7591
[20240124_13:45:17_887] # [T25341][APAVisionOblInfoDebugPrint][125]OriginCrossPointCoord: 0: 8359, 388; 1: 4281, 2838
[20240124_13:45:17_887] # [T25342][APAVisionOblInfoDebugPrint][126]VehCoordAndAng: 0, 5000, ang 0.000(0.000)
[20240124_13:45:17_888] # [T25342][APAVisionOblInfoDebugPrint][127] 
[20240124_13:45:17_888] # [T25342][APAVisionOblAdd][1323]Vision Obl merge: 0
[20240124_13:45:17_890] # [T25343][APAVisionOblAdd][1326]Receive Vision Obl CrossPointCoord: 0: 2626, 7000; 1: 7628, 7350
[20240124_13:45:17_890] # [T25343][APAVisionOblInfoDebugPrint][118]VisionOblInfo:
[20240124_13:45:17_890] # [T25344][APAVisionOblInfoDebugPrint][119]OblType: 0, bIsMerge 0, DetectCount 100
[20240124_13:45:17_890] # [T25344][APAVisionOblInfoDebugPrint][122]CrossPointCoord: 0: -3072, 6159; 1: 1399, 7591
[20240124_13:45:17_891] # [T25345][APAVisionOblInfoDebugPrint][125]OriginCrossPointCoord: 0: -2626, 2000; 1: -7628, 2350
[20240124_13:45:17_891] # [T25345][APAVisionOblInfoDebugPrint][126]VehCoordAndAng: 0, 5000, ang 0.000(0.000)
[20240124_13:45:17_891] # [T25345][APAVisionOblInfoDebugPrint][127] 
[20240124_13:45:17_891] # [T25346][APAVisionOblAdd][1323]Vision Obl merge: 1
[20240124_13:45:17_891] # [T25346][APAVisionOblAdd][1326]Receive Vision Obl CrossPointCoord: 0: -8183, 8333; 1: -4423, 10593
[20240124_13:45:17_894] # [T25347][APAVisionOblInfoDebugPrint][118]VisionOblInfo:
[20240124_13:45:17_894] # [T25347][APAVisionOblInfoDebugPrint][119]OblType: 0, bIsMerge 0, DetectCount 100
[20240124_13:45:17_894] # [T25347][APAVisionOblInfoDebugPrint][122]CrossPointCoord: 0: 854, 9248; 1: 5598, 9827
[20240124_13:45:17_894] # [T25348][APAVisionOblInfoDebugPrint][125]OriginCrossPointCoord: 0: 8183, 3333; 1: 4423, 5593
[20240124_13:45:17_910] # [T25348][APAVisionOblInfoDebugPrint][126]VehCoordAndAng: 0, 5000, ang 0.000(0.000)
[20240124_13:45:17_910] # [T25349][APAVisionOblInfoDebugPrint][127] 
[20240124_13:45:17_957] # [T25414][VisionSlotAddValidCheck][893]Vision slot Length: 2420,2421, Depth 4980,4981
[20240124_13:45:17_959] # [T25414][VisionSlotAdd][1521]Added Vision Slot[1][1] Num 2 OriCoord: 0: -2567, 4423; 1: -7541, 4684; 2: -7668, 2266; 3: -2693, 2006
[20240124_13:45:17_959] # [T25415][VisionSlotAdd][1522]VehCoordAndAngle: 0, 5000, ang 0.000 (0.000)
[20240124_13:45:17_959] # [T25415][VisionSlotAdd][1523]Current VehPos: 0, 5000, ang -0.000 (-0.000)
[20240124_13:45:17_962] # [T25416][VisionSlotAdd][1528]Cnvert Vision Slot[1][1] Coord: 0: 2567, 9423; 1: 7541, 9684; 2: 7668, 7266; 3: 2693, 7006
[20240124_13:45:17_962] # [T25416][VisionSlotAdd][1533]Old Vision Slot[1][1] Coord: 0: 2580, 9423; 1: 7512, 9681; 2: 7638, 7279; 3: 2706, 7020
[20240124_13:45:17_962] # [T25417][VisionSlotAddSlotWeightCal][1014]u32Weight: 1, CentreY: 3214.500, DisY: 1926.500, SlotAng: 177.002
[20240124_13:45:17_964] # [T25417][VisionSlotAdd][1576]New Vision Slot[1][1] Coord: 0: 2580, 9423; 1: 7512, 9681; 2: 7638, 7278; 3: 2706, 7020
[20240124_13:45:17_964] # [T25418][VisionSlotAdd][1600]vision slot [1][1], u32Weight: 1, Sum: 113, SlotAng: 3.000, CurSlotAng: 2.998
[20240124_13:45:17_964] # [T25419][VisionSlotAddValidCheck][893]Vision slot Length: 2622,2621, Depth 4739,4738
[20240124_13:45:17_966] # [T25419][VisionSlotAdd][1521]Added Vision Slot[0][0] Num 2 OriCoord: 0: 4302, 2850; 1: 8365, 409; 2: 7014, -1838; 3: 2952, 602
[20240124_13:45:17_967] # [T25420][VisionSlotAdd][1522]VehCoordAndAngle: 0, 5000, ang 0.000 (0.000)
[20240124_13:45:17_967] # [T25420][VisionSlotAdd][1523]Current VehPos: 0, 5000, ang -0.000 (-0.000)
[20240124_13:45:17_967] # [T25421][VisionSlotAdd][1528]Convert Vision Slot[0][0] Coord: 0: -4302, 7850; 1: -8365, 5409; 2: -7014, 3162; 3: -2952, 5602
[20240124_13:45:17_968] # [T25421][VisionSlotAdd][1533]Old Vision Slot[0][0] Coord: 0: -4295, 7851; 1: -8378, 5405; 2: -7033, 3160; 3: -2950, 5605
[20240124_13:45:17_969] # [T25422][VisionSlotAddSlotWeightCal][1014]u32Weight: 18, CentreY: 1726.000, DisY: 438.000, SlotAng: -30.995
[20240124_13:45:17_971] # [T25423][VisionSlotAdd][1576]New Vision Slot[0][0] Coord: 0: -4295, 7851; 1: -8378, 5405; 2: -7033, 3160; 3: -2950, 5605
[20240124_13:45:17_971] # [T25423][VisionSlotAdd][1600]vision slot [0][0], u32Weight: 18, Sum: 1875, SlotAng: -149.084, CurSlotAng: -149.005
[20240124_13:45:17_971] # [T25424][VisionSlotAddValidCheck][893]Vision slot Length: 2322,2323, Depth 4911,4912
[20240124_13:45:17_971] # [T25424][VisionSlotAdd][1521]Added Vision Slot[1][0] Num 2 OriCoord: 0: -2714, 1998; 1: -7619, 2256; 2: -7741, -64; 3: -2835, -321
[20240124_13:45:17_971] # [T25425][VisionSlotAdd][1522]VehCoordAndAngle: 0, 5000, ang 0.000 (0.000)
[20240124_13:45:17_972] # [T25426][VisionSlotAdd][1523]Current VehPos: 0, 5000, ang -0.000 (-0.000)
[20240124_13:45:17_972] # [T25426][VisionSlotAdd][1528]Convert Vision Slot[1][0] Coord: 0: 2714, 6998; 1: 7619, 7256; 2: 7741, 4936; 3: 2835, 4679
[20240124_13:45:17_974] # [T25427][VisionSlotAdd][1533]Old Vision Slot[1][0] Coord: 0: 2677, 6974; 1: 7568, 7300; 2: 7724, 4965; 3: 2833, 4639
[20240124_13:45:17_974] # [T25427][VisionSlotAddSlotWeightCal][1014]u32Weight: 18, CentreY: 838.500, DisY: 449.500, SlotAng: 176.995
[20240124_13:45:17_974] # [T25428][VisionSlotAdd][1576]New Vision Slo[1][0] Coord: 0: 2678, 6974; 1: 7569, 7299; 2: 7724, 4964; 3: 2833, 4639
[20240124_13:45:17_975] # [T25429][VisionSlotAdd][1600]vision slot [1][0], u32Weight: 18, Sum: 1730, SlotAng: 3.804, CurSlotAng: 3.005
[20240124_13:45:17_975] # [T25430][APAVisionOblAdd][1323]Vision Obl merge: 1
[20240124_13:45:17_976] # [T25430][APAVisionOblAdd][1326]Receive Vision Obl CrossPointCoord: 0: 2567, 9423; 1: 7541, 9684
[20240124_13:45:17_976] # [T25430][APAVisionOblInfoDebugPrint][118]VisionOblInfo:
[20240124_13:45:17_976] # [T25431][APAVisionOblInfoDebugPrint][119]OblType: 0, bIsMerge 0, DetectCount 100
[20240124_13:45:17_976] # [T25431][APAVisionOblInfoDebugPrint][122]CrossPointCoord: 0: 854, 9248; 1: 5598, 9827
[20240124_13:45:17_976] # [T25432][APAVisionOblInfoDebugPrint][125]OriginCrossPointCoord: 0: -2567, 4423; 1: -7541, 4684
[20240124_13:45:17_978] # [T25432][APAVisionOblInfoDebugPrint][126]VehCoordAndAng: 0, 5000, ang 0.000(0.000)
[20240124_13:45:17_979] # [T25433][APAVisionOblInfoDebugPrint][127] 
[20240124_13:45:17_979] # [T25433][APAVisionOblAdd][1323]Vision Obl merge: 0
[20240124_13:45:17_979] # [T25433][APAVisionOblAdd][1326]Receive Vision Obl CrossPointCoord: 0: -8365, 5409; 1: -4302, 7850
[20240124_13:45:17_979] # [T25434][APAVisionOblInfoDebugPrint][118]VisionOblInfo:
[20240124_13:45:17_979] # [T25434][APAVisionOblInfoDebugPrint][119]OblType: 0, bIsMerge 0, DetectCount 100
[20240124_13:45:17_979] # [T25434][APAVisionOblInfoDebugPrint][122]CrossPointCoord: 0: -3072, 6159; 1: 1399, 7591
[20240124_13:45:17_982] # [T25435][APAVisionOblInfoDebugPrint][125]OriginCrossPointCoord: 0: 8365, 409; 1: 4302, 2850
[20240124_13:45:17_983] # [T25435][APAVisionOblInfoDebugPrint][126]VehCoordAndAng: 0, 5000, ang 0.000(0.000)
[20240124_13:45:17_983] # [T25436][APAVisionOblInfoDebugPrint][127] 
[20240124_13:45:17_983] # [T25436][APAVisionOblAdd][1323]Vision Obl merge: 0
[20240124_13:45:17_983] # [T25436][APAVisionOblAdd][1326]Receive Vision Obl CrossPointCoord: 0: 2714, 6998; 1: 7619, 7256
[20240124_13:45:17_983] # [T25437][APAVisionOblInfoDebugPrint][118]VisionOblInfo:
[20240124_13:45:17_983] # [T25437][APAVisionOblInfoDebugPrint][119]OblType: 0, bIsMerge 0, DetectCount 100
[20240124_13:45:17_984] # [T25438][APAVisionOblInfoDebugPrint][122]CrossPointCoord: 0: -3072, 6159; 1: 1399, 7591
[20240124_13:45:17_985] # [T25438][APAVisionOblInfoDebugPrint][125]OriginCrossPointCoord: 0: -2714, 1998; 1: -7619, 2256
[20240124_13:45:17_985] # [T25439][APAVisionOblInfoDebugPrint][126]VehCoordAndAng: 0, 5000, ang 0.000(0.000)
[20240124_13:45:18_003] # [T25439][APAVisionOblInfoDebugPrint][127] 
[20240124_13:45:18_033] #   25482-task_radar-118: RadarCaptureCnt is 117 
[20240124_13:45:18_033] # 
[20240124_13:45:18_040] # [T25496][APAVisionOblAdd][1323]Vision Obl merge: 1
[20240124_13:45:18_042] # [T25496][APAVisionOblAdd][1326]Receive Vision Obl CrossPointCoord: 0: 2530, 9447; 1: 7581, 9712
[20240124_13:45:18_042] # [T25496][APAVisionOblInfoDebugPrint][118]VisionOblInfo:
[20240124_13:45:18_042] # [T25497][APAVisionOblInfoDebugPrint][119]OblType: 0, bIsMerge 0, DetectCount 100
[20240124_13:45:18_042] # [T25497][APAVisionOblInfoDebugPrint][122]CrossPointCoord: 0: 854, 9248; 1: 5598, 9827
[20240124_13:45:18_043] # [T25498][APAVisionOblInfoDebugPrint][125]OriginCrossPointCoord: 0: -2530, 4447; 1: -7581, 4712
[20240124_13:45:18_044] # [T25498][APAVisionOblInfoDebugPrint][126]VehCoordAndAng: 0, 5000, ang 0.000(0.000)
[20240124_13:45:18_044] # [T25499][APAVisionOblInfoDebugPrint][127] 
[20240124_13:45:18_045] # [T25499][APAVisionOblAdd][1323]Vision Obl merge: 0
[20240124_13:45:18_045] # [T25499][APAVisionOblAdd][1326]Receive Vision Obl CrossPointCoord: 0: -8378, 5391; 1: -4290, 7847
[20240124_13:45:18_045] # [T25500][APAVisionOblInfoDebugPrint][118]VisionOblInfo:
[20240124_13:45:18_045] # [T25500][APAVisionOblInfoDebugPrint][119]OblType: 0, bIsMerge 0, DetectCount 100
[20240124_13:45:18_048] # [T25500][APAVisionOblInfoDebugPrint][122]CrossPointCoord: 0: -3072, 6159; 1: 1399, 7591
[20240124_13:45:18_048] # [T25501][APAVisionOblInfoDebugPrint][125]OriginCrossPointCoord: 0: 8378, 391; 1: 4290, 2847
[20240124_13:45:18_048] # [T25501][APAVisionOblInfoDebugPrint][126]VehCoordAndAng: 0, 5000, ang 0.000(0.000)
[20240124_13:45:18_049] # [T25502][APAVisionOblInfoDebugPrint][127] 
[20240124_13:45:18_049] # [T25502][APAVisionOblAdd][1323]Vision Obl merge: 0
[20240124_13:45:18_050] # [T25502][APAVisionOblAdd][1326]Receive Vision Obl CrossPointCoord: 0: 2687, 6973; 1: 7655, 7233
[20240124_13:45:18_051] # [T25503][APAVisionOblInfoDebugPrint][118]VisionOblInfo:
[20240124_13:45:18_051] # [T25503][APAVisionOblInfoDebugPrint][119]OblType: 0, bIsMerge 0, DetectCount 100
[20240124_13:45:18_051] # [T25504][APAVisionOblInfoDebugPrint][122]CrossPointCoord: 0: -3072, 6159; 1: 1399, 7591
[20240124_13:45:18_051] # [T25504][APAVisionOblInfoDebugPrint][125]OriginCrossPointCoord: 0: -2687, 1973; 1: -7655, 2233
[20240124_13:45:18_052] # [T25505][APAVisionOblInfoDebugPrint][126]VehCoordAndAng: 0, 5000, ang 0.000(0.000)
[20240124_13:45:18_052] # [T25505][APAVisionOblInfoDebugPrint][127] 
[20240124_13:45:18_052] # [T25505][VisionSlotAddValidCheck][893]Vision slot Length: 2433,2433, Depth 5057,5056
[20240124_13:45:18_054] # [T25506][VisionSlotAdd][1521]Added Vision Slot[1][1] Num 2 OriCoord: 0: -2530, 4447; 1: -7581, 4712; 2: -7708, 2282; 3: -2658, 2017
[20240124_13:45:18_054] # [T25507][VisionSlotAdd][1522]VehCoordAndAngle: 0, 5000, ang 0.000 (0.000)
[20240124_13:45:18_054] # [T25507][VisionSlotAdd][1523]Current VehPos: 0, 5000, ang -0.000 (-0.000)
[20240124_13:45:18_054] # [T25508][VisionSlotAdd][1528]Convert Vision Slot[1][1] Coord: 0: 2530, 9447; 1: 7581, 9712; 2: 7708, 7282; 3: 2658, 7017
[20240124_13:45:18_054] # [T25508][VisionSlotAdd][1533]Old Vision Slot[1][1] Coord: 0: 2580, 9423; 1: 7512, 9681; 2: 7638, 7278; 3: 2706, 7020
[20240124_13:45:18_055] # [T25509][VisionSlotAddSlotWeightCal][1014]u32Weight: 1, CentreY: 3232.000, DisY: 1944.000, SlotAng: 176.996
[20240124_13:45:18_057] # [T25509][VisionSlotAdd][1576]New Vision Slot[1][1] Coord: 0: 2579, 9423; 1: 7513, 9681; 2: 7639, 7278; 3: 2705, 7020
[20240124_13:45:18_059] # [T25510][VisionSlotAdd][1600]vision slot [1][1], u32Weight: 1, Sum: 114, SlotAng: 3.000, CurSlotAng: 3.004
[20240124_13:45:18_060] # [T25511][VisionSlotAddValidCheck][893]Vision slot Length: 2611,2611, Depth 4769,4767
[20240124_13:45:18_060] # [T25511][VisionSlotAdd][1521]Added Vision Slot[0][0] Num 2 OriCoord: 0: 4290, 2847; 1: 8378, 391; 2: 7032, -1847; 3: 2945, 608
[20240124_13:45:18_060] # [T25512][VisionSlotAdd][1522]VehCoordAndAngle: 0, 5000, ang 0.000 (0.000)
[20240124_13:45:18_060] # [T25512][VisionSlotAdd][1523]Current VehPos: 0, 5000, ang -0.000 (-0.000)
[20240124_13:45:18_063] # [T25513][VisionSlotAdd][1528]Convert Vision Slot[0][0] Coord: 0: -4290, 7847; 1: -8378, 5391; 2: -7032, 3153; 3: -2945, 5608
[20240124_13:45:18_063] # [T25513][VisionSlotAdd][1533]Old Vision Slot[0][0] Coord: 0: -4295, 7851; 1: -8378, 5405; 2: -7033, 3160; 3: -2950, 5605
[20240124_13:45:18_063] # [T25514][VisionSlotAddSlotWeightCal][1014]u32Weight: 18, CentreY: 1727.500, DisY: 439.500, SlotAng: -30.995
[20240124_13:45:18_063] # [T25515][VisionSlotAdd][1576]New Vision Slot[0][0] Coord: 0: -4295, 7851; 1: -8378, 5405; 2: -7033, 3160; 3: -2950, 5605
[20240124_13:45:18_063] # [T25515][VisionSlotAdd][1600]vision slot [0][0], u32Weight: 18, Sum: 1893, SlotAng: -149.084, CurSlotAng: -149.005
[20240124_13:45:18_063] # [T25516][VisionSlotAddValidCheck][893]Vision slot Length: 2331,2331, Depth 4974,4974
[20240124_13:45:18_064] # [T25516][VisionSlotAdd][1521]Added Vision Slot[1][0] Num 2 OriCoord: 0: -2687, 1973; 1: -7655, 2233; 2: -7777, -95; 3: -2809, -355
[20240124_13:45:18_064] # [T25517][VisionSlotAdd][1522]VehCoordAndAngle: 0, 5000, ang 0.000 (0.000)
[20240124_13:45:18_064] # [T25518][VisionSlotAdd][1523]Current VehPos: 0, 5000, ang -0.000 (-0.000)
[20240124_13:45:18_064] # [T25518][VisionSlotAdd][1528]Convert Vision Slot[1][0] Coord: 0: 2687, 6973; 1: 7655, 7233; 2: 7777, 4905; 3: 2809, 4645
[20240124_13:45:18_066] # [T25519][VisionSlotAdd][1533]Old Vision Slot[1][0] Coord: 0: 2678, 6974; 1: 7569, 7299; 2: 7724, 4964; 3: 2833, 4639
[20240124_13:45:18_066] # [T25519][VisionSlotAddSlotWeightCal][1014]u32Weight: 17, CentreY: 809.000, DisY: 479.000, SlotAng: 177.004
[20240124_13:45:18_066] # [T25520][VisionSlotAdd][1576]New Vision Slot[1][0] Coord: 0: 2678, 6974; 1: 7570, 7299; 2: 7724, 4964; 3: 2833, 4639
[20240124_13:45:18_079] # [T25521][VisionSlotAdd][1600]vision slot [1][0], u32Weight: 17, Sum: 1747, SlotAng: 3.796, CurSlotAng: 2.996
[20240124_13:45:18_123] # [T25577][APAVisionOblAdd][1323]Vision Obl merge: 0
[20240124_13:45:18_123] # [T25577][APAVisionOblAdd][1326]Receive Vision Obl CrossPointCoord: 0: -8372, 5422; 1: -4309, 7863
[20240124_13:45:18_123] # [T25577][APAVisionOblInfoDebugPrint][118]VisionOblInfo:
[20240124_13:45:18_124] # [T25578][APAVisionOblInfoDebugPrint][119]OblType: 0, bIsMerge 0, DetectCount 100
[20240124_13:45:18_124] # [T25578][APAVisionOblInfoDebugPrint][122]CrossPointCoord: 0: -3072, 6159; 1: 1399, 7591
[20240124_13:45:18_124] # [T25578][APAVisionOblInfoDebugPrint][125]OriginCrossPointCoord: 0: 8372, 422; 1: 4309, 2863
[20240124_13:45:18_126] # [T25579][APAVisionOblInfoDebugPrint][126]VehCoordAndAng: 0, 5000, ang 0.000(0.000)
[20240124_13:45:18_126] # [T25579][APAVisionOblInfoDebugPrint][127] 
[20240124_13:45:18_126] # [T25580][APAVisionOblAdd][1323]Vision Obl merge: 1
[20240124_13:45:18_126] # [T25580][APAVisionOblAdd][1326]Receive Vision Obl CrossPointCoord: 0: 2598, 9443; 1: 7529, 9702
[20240124_13:45:18_127] # [T25581][APAVisionOblInfoDebugPrint][118]VisionOblInfo:
[20240124_13:45:18_127] # [T25581][APAVisionOblInfoDebugPrint][119]OblType: 0, bIsMerge 0, DetectCount 100
[20240124_13:45:18_127] # [T25581][APAVisionOblInfoDebugPrint][122]CrossPointCoord: 0: 854, 9248; 1: 5598, 9827
[20240124_13:45:18_128] # [T25582][APAVisionOblInfoDebugPrint][125]OriginCrossPointCoord: 0: -2598, 4443; 1: -7529, 4702
[20240124_13:45:18_128] # [T25582][APAVisionOblInfoDebugPrint][126]VehCoordAndAng: 0, 5000, ang 0.000(0.000)
[20240124_13:45:18_128] # [T25583][APAVisionOblInfoDebugPrint][127] 
[20240124_13:45:18_128] # [T25583][APAVisionOblAdd][1323]Vision Obl merge: 0
[20240124_13:45:18_129] # [T25583][APAVisionOblAdd][1326]Receive Vision Obl CrossPointCoord: 0: 2687, 7009; 1: 7632, 7268
[20240124_13:45:18_129] # [T25584][APAVisionOblInfoDebugPrint][118]VisionOblInfo:
[20240124_13:45:18_129] # [T25584][APAVisionOblInfoDebugPrint][119]OblType: 0, bIsMerge 0, DetectCount 100
[20240124_13:45:18_130] # [T25585][APAVisionOblInfoDebugPrint][122]CrossPointCoord: 0: -3072, 6159; 1: 1399, 7591
[20240124_13:45:18_132] # [T25585][APAVisionOblInfoDebugPrint][125]OriginCrossPointCoord: 0: -2687, 2009; 1: -7632, 2268
[20240124_13:45:18_132] # [T25586][APAVisionOblInfoDebugPrint][126]VehCoordAndAng: 0, 5000, ang 0.000(0.000)
[20240124_13:45:18_132] # [T25586][APAVisionOblInfoDebugPrint][127] 
[20240124_13:45:18_132] # [T25586][VisionSlotAddValidCheck][893]Vision slot Length: 2633,2632, Depth 4739,4739
[20240124_13:45:18_134] # [T25587][VisionSlotAdd][1521]Added Vision Slot[0][0] Num 2 OriCoord: 0: 4309, 2863; 1: 8372, 422; 2: 7016, -1834; 3: 2953, 606
[20240124_13:45:18_135] # [T25587][VisionSlotAdd][1522]VehCoordAndAngle: 0, 5000, ang 0.000 (0.000)
[20240124_13:45:18_135] # [T25588][VisionSlotAdd][1523]Current VehPos: 0, 5000, ang -0.000 (-0.000)
[20240124_13:45:18_136] # [T25588][VisionSlotAdd][1528]Convert Vision Slot[0][0] Coord: 0: -4309, 7863; 1: -8372, 5422; 2: -7016, 3166; 3: -2953, 5606
[20240124_13:45:18_136] # [T25589][VisionSlotAdd][1533]Old Vision Slot[0][0] Coord: 0: -4295, 7851; 1: -8378, 5405; 2: -7033, 3160; 3: -2950, 5605
[20240124_13:45:18_140] # [T25590][VisionSlotAddSlotWeightCal][1014]u32Weight: 18, CentreY: 1734.500, DisY: 446.500, SlotAng: -30.992
[20240124_13:45:18_140] # [T25590][VisionSlotAdd][1576]New Vision Slot[0][0] Coord: 0: -4295, 7851; 1: -8378, 5405; 2: -7033, 3160; 3: -2950, 5605
[20240124_13:45:18_140] # [T25591][VisionSlotAdd][1600]vision slot [0][0], u32Weight: 18, Sum: 1911, SlotAng: -149.083, CurSlotAng: -149.008
[20240124_13:45:18_141] # [T25592][VisionSlotAddValidCheck][893]Vision slot Length: 2409,2410, Depth 4937,4937
[20240124_13:45:18_141] # [T25592][VisionSlotAdd][1521]Added Vision Slot[1][1] Num 2 OriCoord: 0: -2598, 4443; 1: -7529, 4702; 2: -7655, 2295; 3: -2724, 2037
[20240124_13:45:18_142] # [T25593][VisionSlotAdd][1522]VehCoordAndAngle: 0, 5000, ang 0.000 (0.000)
[20240124_13:45:18_142] # [T25593][VisionSlotAdd][1523]Current VehPos: 0, 5000, ang -0.000 (-0.000)
[20240124_13:45:18_144] # [T25594][VisionSlotAdd][1528]Convert Vision Slot[1][1] Coord: 0: 2598, 9443; 1: 7529, 9702; 2: 7655, 7295; 3: 2724, 7037
[20240124_13:45:18_145] # [T25594][VisionSlotAdd][1533]Old Vision Slot[1][1] Coord: 0: 2579, 9423; 1: 7513, 9681; 2: 7639, 7278; 3: 2705, 7020
[20240124_13:45:18_145] # [T25595][VisionSlotAddSlotWeightCal][1014]u32Weight: 1, CentreY: 3240.000, DisY: 1952.000, SlotAng: 176.999
[20240124_13:45:18_145] # [T25596][VisionSlotAdd][1576]New Vision Slot[1][1] Coord: 0: 2579, 9423; 1: 7513, 9682; 2: 7639, 7279; 3: 2705, 7020
[20240124_13:45:18_145] # [T25596][VisionSlotAdd][1600]vision slot [1][1], u32Weight: 1, Sum: 115, SlotAng: 3.000, CurSlotAng: 3.001
[20240124_13:45:18_146] # [T25597][VisionSlotAddValidCheck][893]Vision slot Length: 2338,2338, Depth 4951,4951
[20240124_13:45:18_146] # [T25597][VisionSlotAdd][1521]Added Vision Slot[1][0] Num 2 OriCoord: 0: -2687, 2009; 1: -7632, 2268; 2: -7755, -67; 3: -2810, -326
[20240124_13:45:18_146] # [T25598][VisionSlotAdd][1522]VehCoordAndAngle: 0, 5000, ang 0.000 (0.000)
[20240124_13:45:18_146] # [T25598][VisionSlotAdd][1523]Current VehPos: 0, 5000, ang -0.000 (-0.000)
[20240124_13:45:18_146] # [T25599][VisionSlotAdd][1528]Convert Vision Slot[1][0] Coord: 0: 2687, 7009; 1: 7632, 7268; 2: 7755, 4933; 3: 2810, 4674
[20240124_13:45:18_146] # [T25599][VisionSlotAdd][1533]Old Vision Slot[1][0] Coord: 0: 2678, 6974; 1: 7570, 7299; 2: 7724, 4964; 3: 2833, 4639
[20240124_13:45:18_148] # [T25600][VisionSlotAddSlotWeightCal][1014]u32Weight: 18, CentreY: 841.500, DisY: 446.500, SlotAng: 177.002
[20240124_13:45:18_148] # [T25601][VisionSlotAdd][1576]New Vision Slot[1][0] Coord: 0: 2678, 6974; 1: 7570, 7298; 2: 7725, 4964; 3: 2832, 4640
[20240124_13:45:18_154] # [T25601][VisionSlotAdd][1600]vision slot [1][0], u32Weight: 18, Sum: 1765, SlotAng: 3.788, CurSlotAng: 2.998
[20240124_13:45:18_203] # [T25657][APAVisionOblAdd][1323]Vision Obl merge: 1
[20240124_13:45:18_203] # [T25657][APAVisionOblAdd][1326]Receive Vision Obl CrossPointCoord: 0: 2565, 9447; 1: 7540, 9708
[20240124_13:45:18_203] # [T25657][APAVisionOblInfoDebugPrint][118]VisionOblInfo:
[20240124_13:45:18_203] # [T25658][APAVisionOblInfoDebugPrint][119]OblType: 0, bIsMerge 0, DetectCount 100
[20240124_13:45:18_203] # [T25658][APAVisionOblInfoDebugPrint][122]CrossPointCoord: 0: 854, 9248; 1: 5598, 9827
[20240124_13:45:18_203] # [T25658][APAVisionOblInfoDebugPrint][125]OriginCrossPointCoord: 0: -2565, 4447; 1: -7540, 4708
[20240124_13:45:18_206] # [T25659][APAVisionOblInfoDebugPrint][126]VehCoordAndAng: 0, 5000, ang 0.000(0.000)
[20240124_13:45:18_206] # [T25659][APAVisionOblInfoDebugPrint][127] 
[20240124_13:45:18_206] # [T25660][APAVisionOblAdd][1323]Vision Obl merge: 0
[20240124_13:45:18_206] # [T25660][APAVisionOblAdd][1326]Receive Vision Obl CrossPointCoord: 0: -8362, 5429; 1: -4294, 7874
[20240124_13:45:18_206] # [T25661][APAVisionOblInfoDebugPrint][118]VisionOblInfo:
[20240124_13:45:18_207] # [T25661][APAVisionOblInfoDebugPrint][119]OblType: 0, bIsMerge 0, DetectCount 100
[20240124_13:45:18_209] # [T25661][APAVisionOblInfoDebugPrint][122]CrossPointCoord: 0: -3072, 6159; 1: 1399, 7591
[20240124_13:45:18_211] # [T25662][APAVisionOblInfoDebugPrint][125]OriginCrossPointCoord: 0: 8362, 429; 1: 4294, 2874
[20240124_13:45:18_212] # [T25662][APAVisionOblInfoDebugPrint][126]VehCoordAndAng: 0, 5000, ang 0.000(0.000)
[20240124_13:45:18_212] # [T25663][APAVisionOblInfoDebugPrint][127] 
[20240124_13:45:18_212] # [T25663][APAVisionOblAdd][1323]Vision Obl merge: 0
[20240124_13:45:18_212] # [T25663][APAVisionOblAdd][1326]Receive Vision Obl CrossPointCoord: 0: 2667, 6934; 1: 7495, 7271
[20240124_13:45:18_212] # [T25664][APAVisionOblInfoDebugPrint][118]VisionOblInfo:
[20240124_13:45:18_215] # [T25664][APAVisionOblInfoDebugPrint][119]OblType: 0, bIsMerge 0, DetectCount 100
[20240124_13:45:18_215] # [T25665][APAVisionOblInfoDebugPrint][122]CrossPointCoord: 0: -3072, 6159; 1: 1399, 7591
[20240124_13:45:18_215] # [T25665][APAVisionOblInfoDebugPrint][125]OriginCrossPointCoord: 0: -2667, 1934; 1: -7495, 2271
[20240124_13:45:18_215] # [T25666][APAVisionOblInfoDebugPrint][126]VehCoordAndAng: 0, 5000, ang 0.000(0.000)
[20240124_13:45:18_216] # [T25666][APAVisionOblInfoDebugPrint][127] 
[20240124_13:45:18_216] # [T25666][VisionSlotAddValidCheck][893]Vision slot Length: 2431,2431, Depth 4981,4981
[20240124_13:45:18_216] # [T25667][VisionSlotAdd][1521]Added Vision Slot[1][1] Num 2 OriCoord: 0: -2565, 4447; 1: -7540, 4708; 2: -7667, 2280; 3: -2692, 2019
[20240124_13:45:18_216] # [T25668][VisionSlotAdd][1522]VehCoordAndAngle: 0, 5000, ang 0.000 (0.000)
[20240124_13:45:18_216] # [T25668][VisionSlotAdd][1523]Current VehPos: 0, 5000, ang -0.000 (-0.000)
[20240124_13:45:18_216] # [T25668][VisionSlotAdd][1528]Convert Vision Slot[1][1] Coord: 0: 2565, 9447; 1: 7540, 9708; 2: 7667, 7280; 3: 2692, 7019
[20240124_13:45:18_217] # [T25669][VisionSlotAdd][1533]Old Vision Slot[1][1] Coord: 0: 2579, 9423; 1: 7513, 9682; 2: 7639, 7279; 3: 2705, 7020
[20240124_13:45:18_217] # [T25670][VisionSlotAddSlotWeightCal][1014]u32Weight: 1, CentreY: 3233.000, DisY: 1945.000, SlotAng: 176.997
[20240124_13:45:18_217] # [T25670][VisionSlotAdd][1576]New Vision Slot[1][1] Coord: 0: 2579, 9423; 1: 7513, 9682; 2: 7639, 7279; 3: 2705, 7020
[20240124_13:45:18_219] # [T25671][VisionSlotAdd][1600]vision slot [1][1], u32Weight: 1, Sum: 116, SlotAng: 3.000, CurSlotAng: 3.003
[20240124_13:45:18_219] # [T25672][VisionSlotAddValidCheck][893]Vision slot Length: 2628,2626, Depth 4746,4745
[20240124_13:45:18_219] # [T25672][VisionSlotAdd][1521]Added Vision Slot[0][0] Num 2 OriCoord: 0: 4294, 2874; 1: 8362, 429; 2: 7009, -1822; 3: 2941, 621
[20240124_13:45:18_220] # [T25673][VisionSlotAdd][1522]VehCoordAndAngle: 0, 5000, ang 0.000 (0.000)
[20240124_13:45:18_220] # [T25673][VisionSlotAdd][1523]Current VehPos: 0, 5000, ang -0.000 (-0.000)
[20240124_13:45:18_220] # [T25673][VisionSlotAdd][1528]Convert Vision Slot[0][0] Coord: 0: -4294, 7874; 1: -8362, 5429; 2: -7009, 3178; 3: -2941, 5621
[20240124_13:45:18_220] # [T25674][VisionSlotAdd][1533]Old Vision Slot[0][0] Coord: 0: -4295, 7851; 1: -8378, 5405; 2: -7033, 3160; 3: -2950, 5605
[20240124_13:45:18_222] # [T25675][VisionSlotAddSlotWeightCal][1014]u32Weight: 18, CentreY: 1747.500, DisY: 459.500, SlotAng: -30.997
[20240124_13:45:18_222] # [T25675][VisionSlotAdd][1576]New Vision Slot[0][0] Coord: 0: -4295, 7851; 1: -8378, 5405; 2: -7033, 3160; 3: -2950, 5605
[20240124_13:45:18_222] # [T25676][VisionSlotAdd][1600]vision slot [0][0], u32Weight: 18, Sum: 1929, SlotAng: -149.082, CurSlotAng: -149.003
[20240124_13:45:18_224] # [T25677][VisionSlotAddValidCheck][893]Vision slot Length: 2318,2318, Depth 4839,4839
[20240124_13:45:18_224] # [T25677][VisionSlotAdd][1521]Added Vision Slot[1][0] Num 2 OriCoord: 0: -2667, 1934; 1: -7495, 2271; 2: -7656, -42; 3: -2828, -379
[20240124_13:45:18_226] # [T25678][VisionSlotAdd][1522]VehCoordAndAngle: 0, 5000, ang 0.000 (0.000)
[20240124_13:45:18_226] # [T25678][VisionSlotAdd][1523]Current VehPos: 0, 5000, ang -0.000 (-0.000)
[20240124_13:45:18_226] # [T25679][VisionSlotAdd][1528]Convert Vision Slot[1][0] Coord: 0: 2667, 6934; 1: 7495, 7271; 2: 7656, 4958; 3: 2828, 4621
[20240124_13:45:18_226] # [T25679][VisionSlotAdd][1533]Old Vision Slot[1][0] Coord: 0: 2678, 6974; 1: 7570, 7298; 2: 7725, 4964; 3: 2832, 4640
[20240124_13:45:18_226] # [T25680][VisionSlotAddSlotWeightCal][1014]u32Weight: 17, CentreY: 777.500, DisY: 510.500, SlotAng: 176.007
[20240124_13:45:18_228] # [T25681][VisionSlotAdd][1576]New Vision Slot[1][0] Coord: 0: 2678, 6974; 1: 7569, 7298; 2: 7724, 4963; 3: 2832, 4639
[20240124_13:45:18_248] # [T25681][VisionSlotAdd][1600]vision slot [1][0], u32Weight: 17, Sum: 1782, SlotAng: 3.790, CurSlotAng: 3.993
[20240124_13:45:18_295] # [T25749][APAVisionOblAdd][1323]Vision Obl merge: 1
[20240124_13:45:18_295] # [T25749][APAVisionOblAdd][1326]Receive Vision Obl CrossPointCoord: 0: 2575, 9417; 1: 7461, 9673
[20240124_13:45:18_295] # [T25749][APAVisionOblInfoDebugPrint][118]VisionOblInfo:
[20240124_13:45:18_296] # [T25750][APAVisionOblInfoDebugPrint][119]OblType: 0, bIsMerge 0, DetectCount 100
[20240124_13:45:18_296] # [T25750][APAVisionOblInfoDebugPrint][122]CrossPointCoord: 0: 854, 9248; 1: 5598, 9827
[20240124_13:45:18_296] # [T25751][APAVisonOblInfoDebugPrint][125]OriginCrossPointCoord: 0: -2575, 4417; 1: -7461, 4673
[20240124_13:45:18_297] # [T25751][APAVisionOblInfoDebugPrint][126]VehCoordAndAng: 0, 5000, ang 0.000(0.000)
[20240124_13:45:18_298] # [T25752][APAVisionOblInfoDebugPrint][127] 
[20240124_13:45:18_298] # [T25752][APAVisionOblAdd][1323]Vision Obl merge: 0
[20240124_13:45:18_298] # [T25752][APAVisionOblAdd][1326]Receive Vision Obl CrossPointCoord: 0: -8367, 5409; 1: -4296, 7856
[20240124_13:45:18_298] # [T25753][APAVisionOblInfoDebugPrint][118]VisionOblInfo:
[20240124_13:45:18_298] # [T25753][APAVisionOblInfoDebugPrint][119]OblType: 0, bIsMerge 0, DetectCount 100
[20240124_13:45:18_300] # [T25753][APAVisionOblInfoDebugPrint][122]CrossPointCoord: 0: -3072, 6159; 1: 1399, 7591
[20240124_13:45:18_301] # [T25754][APAVisionOblInfoDebugPrint][125]OriginCrossPointCoord: 0: 8367, 409; 1: 4296, 2856
[20240124_13:45:18_301] # [T25754][APAVisionOblInfoDebugPrint][126]VehCoordAndAng: 0, 5000, ang 0.000(0.000)
[20240124_13:45:18_301] # [T25755][APAVisionOblInfoDebugPrint][127] 
[20240124_13:45:18_301] # [T25755][VisionSlotAddValidCheck][893]Vision slot Length: 2380,2380, Depth 4892,4891
[20240124_13:45:18_303] # [T25756][VisionSlotAdd][1521]Added Vision Slot[1][1] Num 2 OriCoord: 0: -2575, 4417; 1: -7461, 4673; 2: -7585, 2296; 3: -2700, 2040
[20240124_13:45:18_304] # [T25756][VisionSlotAdd][1522]VehCoordAndAngle: 0, 5000, ang 0.000 (0.000)
[20240124_13:45:18_304] # [T25757][VisionSlotAdd][1523]Current VehPos: 0, 5000, ang -0.000 (-0.000)
[20240124_13:45:18_304] # [T25757][VisionSlotAdd][1528]Convert Vision Slot[1][1] Coord: 0: 2575, 9417; 1: 7461, 9673; 2: 7585, 7296; 3: 2700, 7040
[20240124_13:45:18_304] # [T25758][VisionSlotAdd][1533]Old Vision Slot[1][1] Coord: 0: 2579, 9423; 1: 7513, 9682; 2: 7639, 7279; 3: 2705, 7020
[20240124_13:45:18_304] # [T25758][VisionSlotAddSlotWeightCal][1014]u32Weight: 1, CentreY: 3228.500, DisY: 1940.500, SlotAng: 177.000
[20240124_13:45:18_305] # [T25759][VisionSlotAdd][1576]New Vision Slot[1][1] Coord: 0: 2579, 9423; 1: 7513, 9682; 2: 7639, 7279; 3: 2705, 7020
[20240124_13:45:18_307] # [T25760][VisionSlotAdd][1600]vision slot [1][1], u32Weight: 1, Sum: 117, SlotAng: 3.000, CurSlotAng: 3.000
[20240124_13:45:18_307] # [T25760][VisionSlotAddValidCheck][893]Vision slot Length: 2633,2631, Depth 4749,4748
[20240124_13:45:18_307] # [T25761][VisionSlotAdd][1521]Added Vision Slot[0][0] Num 2 OriCoord: 0: 4296, 2856; 1: 8367, 409; 2: 7011, -1846; 3: 2940, 599
[20240124_13:45:18_307] # [T25762][VisionSlotAdd][1522]VehCoordAndAngle: 0, 5000, ang 0.000 (0.000)
[20240124_13:45:18_307] # [T25762][VisionSlotAdd][1523]Current VehPos: 0, 5000, ang -0.000 (-0.000)
[20240124_13:45:18_310] # [T25762][VisionSlotAdd][1528]Convert Vision Slot[0][0] Coord: 0: -4296, 7856; 1: -8367, 5409; 2: -7011, 3154; 3: -2940, 5599
[20240124_13:45:18_310] # [T25763][VisionSlotAdd][1533]Old Vision Slot[0][0] Coord: 0: -4295, 7851; 1: -8378, 5405; 2: -7033, 3160; 3: -2950, 5605
[20240124_13:45:18_311] # [T25764][VisionSlotAddSlotWeightCal][1014]u32Weight: 18, CentreY: 1727.500, DisY: 439.500, SlotAng: -30.999
[20240124_13:45:18_311] # [T25764][VisionSlotAdd][1576]New Vision Slot[0][0] Coord: 0: -4295, 7851; 1: -8378, 5405; 2: -7032, 3160; 3: -2950, 5605
[20240124_13:45:18_325] # [T25765][VisionSlotAdd][1600]vision slot [0][0], u32Weight: 18, Sum: 1947, SlotAng: -149.081, CurSlotAng: -149.001
[20240124_13:45:18_375] # [T25831][VisionSlotAddValidCheck][893]Vision slot Length: 2411,2412, Depth 4921,4921
[20240124_13:45:18_376] # [T25831][VisionSlotAdd][1521]Added Vision Slot[1][1] Num 2 OriCoord: 0: -2562, 4407; 1: -7477, 4665; 2: -7603, 2256; 3: -2688, 1999
[20240124_13:45:18_379] # [T25832][VisionSlotAdd][1522]VehCoordAndAngle: 0, 5000, ang 0.000 (0.000)
[20240124_13:45:18_379] # [T25832][VisionSlotAdd][1523]Current VehPos: 0, 5000, ang -0.000 (-0.000)
[20240124_13:45:18_380] # [T25832][VisionSlotAdd][1528]Convert Vision Slot[1][1] Coord: 0: 2562, 9407; 1: 7477, 9665; 2: 7603, 7256; 3: 2688, 6999
[20240124_13:45:18_380] # [T25833][VisionSlotAdd][1533]Old Vision Slot[1][1] Coord: 0: 2579, 9423; 1: 7513, 9682; 2: 7639, 7279; 3: 2705, 7020
[20240124_13:45:18_380] # [T25834][VisionSlotAddSlotWeightCal][1014]u32Weight: 1, CentreY: 3203.000, DisY: 1915.000, SlotAng: 177.001
[20240124_13:45:18_382] # [T25834][VisionSlotAdd][1576]New Vision Slot[1][1] Coord: 0: 2579, 9423; 1: 7513, 9682; 2: 7638, 7279; 3: 2705, 7020
[20240124_13:45:18_382] # [T25835][VisionSlotAdd][1600]vision slot [1][1], u32Weight: 1, Sum: 118, SlotAng: 3.000, CurSlotAng: 2.999
[20240124_13:45:18_382] # [T25836][VisionSlotAddValidCheck][893]Vision slot Length: 2628,2627, Depth 4739,4739
[20240124_13:45:18_382] # [T25836][VisionSlotAdd][1521]Added Vision Slot[0][0] Num 2 OriCoord: 0: 4300, 2842; 1: 8362, 401; 2: 7009, -1851; 3: 2946, 589
[20240124_13:45:18_383] # [T25837][VisionSlotAdd][1522]VehCoordAndAngle: 0, 5000, ang 0.000 (0.000)
[20240124_13:45:18_384] # [T25837][VisionSlotAdd][1523]Current VehPos: 0, 5000, ang -0.000 (-0.000)
[20240124_13:45:18_385] # [T25838][VisionSlotAdd][1528]Convert Vision Slot[0][0] Coord: 0: -4300, 7842; 1: -8362, 5401; 2: -7009, 3149; 3: -2946, 5589
[20240124_13:45:18_385] # [T25839][VisionSlotAdd][1533]Old Vision Slot[0][0] Coord: 0: -4295, 7851; 1: -8378, 5405; 2: -7032, 3160; 3: -2950, 5605
[20240124_13:45:18_385] # [T25839][VisionSlotAddSlotWeightCal][1014]u32Weight: 18, CentreY: 1715.500, DisY: 427.500, SlotAng: -30.995
[20240124_13:45:18_386] # [T25840][VisionSlotAdd][1576]New Vision Slot[0][0] Coord: 0: -4295, 7851; 1: -8378, 5405; 2: -7032, 3160; 3: -2950, 5605
[20240124_13:45:18_390] # [T25840][VsionSlotAdd][1600]vision slot [0][0], u32Weight: 18, Sum: 1965, SlotAng: -149.081, CurSlotAng: -149.005
[20240124_13:45:18_390] # [T25841][VisionSlotAddValidCheck][893]Vision slot Length: 2314,2314, Depth 4829,4830
[20240124_13:45:18_391] # [T25842][VisionSlotAdd][1521]Added Vision Slot[1][0] Num 2 OriCoord: 0: -2685, 1930; 1: -7503, 2267; 2: -7665, -42; 3: -2846, -379
[20240124_13:45:18_391] # [T25842][VisionSlotAdd][1522]VehCoordAndAngle: 0, 5000, ang 0.000 (0.000)
[20240124_13:45:18_391] # [T25843][VisionSlotAdd][1523]Current VehPos: 0, 5000, ang -0.000 (-0.000)
[20240124_13:45:18_391] # [T25843][VisionSlotAdd][1528]Convert Vision Slot[1][0] Coord: 0: 2685, 6930; 1: 7503, 7267; 2: 7665, 4958; 3: 2846, 4621
[20240124_13:45:18_392] # [T25844][VisionSlotAdd][1533]Old Vision Slot[1][0] Coord: 0: 2678, 6974; 1: 7569, 7298; 2: 7724, 4963; 3: 2832, 4639
[20240124_13:45:18_392] # [T25844][VisionSlotAddSlotWeightCal][1014]u32Weight: 17, CentreY: 775.500, DisY: 512.500, SlotAng: 175.999
[20240124_13:45:18_392] # [T25845][VisionSlotAdd][1576]New Vision Slot[1][0] Coord: 0: 2678, 6973; 1: 7569, 7298; 2: 7723, 4963; 3: 2832, 4639
[20240124_13:45:18_394] # [T25846][VisionSlotAdd][1600]vision slot [1][0], u32Weight: 17, Sum: 1799, SlotAng: 3.792, CurSlotAng: 4.001
[20240124_13:45:18_394] # [T25846][VisionSlotAddValidCheck][893]Vision slot Length: 2439,2439, Depth 4376,4376
[20240124_13:45:18_395] # [T25847][VisionSlotAdd][1521]Added Vision Slot[0][1] Num 2 OriCoord: 0: 4413, 5580; 1: 8165, 3326; 2: 6908, 1235; 3: 3157, 3489
[20240124_13:45:18_395] # [T25848][VisionSlotAdd][1522]VehCoordAndAngle: 0, 5000, ang 0.000 (0.000)
[20240124_13:45:18_395] # [T25848][VisionSlotAdd][1523]Current VehPos: 0, 5000, ang -0.000 (-0.000)
[20240124_13:45:18_395] # [T25848][VisionSlotAdd][1528]Convert Vision Slot[0][1] Coord: 0: -4413, 10580; 1: -8165, 8326; 2: -6908, 6235; 3: -3157, 8489
[20240124_13:45:18_395] # [T25849][VisionSlotAdd][1533]Old Vision Slot[0][1] Coord: 0: -4441, 10582; 1: -8201, 8323; 2: -6945, 6233; 3: -3185, 8492
[20240124_13:45:18_396] # [T25850][VisionSlotAddSlotWeightCal][1014]u32Weight: 1, CentreY: 4534.500, DisY: 3246.500, SlotAng: -30.999
[20240124_13:45:18_397] # [T25850][VisionSlotAdd][1576]New Vision Slot[0][1] Coord: 0: -4439, 10582; 1: -8199, 8323; 2: -6943, 6233; 3: -3184, 8492
[20240124_13:45:18_398] # [T25851][VisionSlotAdd][1600]vision slot [0][1], u32Weight: 1, Sum: 19, SlotAng: -149.000, CurSlotAng: -149.001
[20240124_13:45:18_398] # [T25852][APAVisionOblAdd][1323]Vision Obl merge: 1
[20240124_13:45:18_398] # [T25852][APAVisionOblAdd][1326]Receive Vision Obl CrossPointCoord: 0: 2562, 9407; 1: 7477, 9665
[20240124_13:45:18_398] # [T25852][APAVisionOblInfoDebugPrint][118]VisionOblInfo:
[20240124_13:45:18_398] # [T25853][APAVisionOblInfoDebugPrint][119]OblType: 0, bIsMerge 0, DetectCount 100
[20240124_13:45:18_403] # [T25853][APAVisionOblInfoDebugPrint][122]CrossPointCoord: 0: 854, 9248; 1: 5598, 9827
[20240124_13:45:18_406] # [T25854][APAVisionOblInfoDebugPrint][125]OriginCrossPointCoord: 0: -2562, 4407; 1: -7477, 4665
[20240124_13:45:18_406] # [T25854][APAVisionOblInfoDebugPrint][126]VehCoordAndAng: 0, 5000, ang 0.000(0.000)
[20240124_13:45:18_406] # [T25855][APAVisionOblInfoDebugPrint][127] 
[20240124_13:45:18_406] # [T25855][APAVisionOblAdd][1323]Vision Obl merge: 0
[20240124_13:45:18_406] # [T25855][APAVisionOblAdd][1326]Receive Vision Obl CrossPointCoord: 0: -8362, 5401; 1: -4300, 7842
[20240124_13:45:18_406] # [T25856][APAVisionOblInfoDebugPrint][118]VisionOblInfo:
[20240124_13:45:18_406] # [T25856][APAVisionOblInfoDebugPrint][119]OblType: 0, bIsMerge 0, DetectCount 100
[20240124_13:45:18_406] # [T25857][APAVisionOblInfoDebugPrint][122]CrossPointCoord: 0: -3072, 6159; 1: 1399, 7591
[20240124_13:45:18_406] # [T25857][APAVisionOblInfoDebugPrint][125]OriginCrossPointCoord: 0: 8362, 401; 1: 4300, 2842
[20240124_13:45:18_406] # [T25858][APAVisionOblInfoDebugPrint][126]VehCoordAndAng: 0, 5000, ang 0.000(0.000)
[20240124_13:45:18_406] # [T25858][APAVisionOblInfoDebugPrint][127] 
[20240124_13:45:18_406] # [T25858][APAVisionOblAdd][1323]Vision Obl merge: 0
[20240124_13:45:18_407] # [T25859][APAVisionOblAdd][1326]Receive Vision Obl CrossPointCoord: 0: 2685, 6930; 1: 7503, 7267
[20240124_13:45:18_407] # [T25859][APAVisionOblInfoDebugPrint][118]VisionOblInfo:
[20240124_13:45:18_407] # [T25859][APAVisionOblInfoDebugPrint][119]OblType: 0, bIsMerge 0, DetectCount 100
[20240124_13:45:18_407] # [T25860][APAVisionOblInfoDebugPrint][122]CrossPointCoord: 0: -3072, 6159; 1: 1399, 7591
[20240124_13:45:18_407] # [T25860][APAVisionOblInfoDebugPrint][125]OriginCrossPointCoord: 0: -2685, 1930; 1: -7503, 2267
[20240124_13:45:18_408] # [T25861][APAVisionOblInfoDebugPrint][126]VehCoordAndAng: 0, 5000, ang 0.000(0.000)
[20240124_13:45:18_408] # [T25861][APAVisionOblInfoDebugPrint][127] 
[20240124_13:45:18_412] # [T25862][APAVisionOblAdd][1323]Vision Obl merge: 1
[20240124_13:45:18_412] # [T25862][APAVisionOblAdd][1326]Receive Vision Obl CrossPointCoord: 0: -8165, 8326; 1: -4413, 10580
[20240124_13:45:18_412] # [T25862][APAVisionOblInfoDebugPrint][118]VisionOblInfo:
[20240124_13:45:18_413] # [T25863][APAVisionOblInfoDebugPrint][119]OblType: 0, bIsMerge 0, DetectCount 100
[20240124_13:45:18_413] # [T25863][APAVisionOblInfoDebugPrint][122]CrossPointCoord: 0: 854, 9248; 1: 5598, 9827
[20240124_13:45:18_413] # [T25864][APAVisionOblInfoDebugPrint][125]OriginCrossPointCoord: 0: 8165, 3326; 1: 4413, 5580
[20240124_13:45:18_421] # [T25864][APAVisionOblInfoDebugPrint][126]VehCoordAndAng: 0, 5000, ang 0.000(0.000)
[20240124_13:45:18_421] # [T25865][APAVisionOblInfoDebugPrint][127] 
[20240124_13:45:18_457] # [T25912][APAVisionOblAdd][1323]Vision Obl merge: 0
[20240124_13:45:18_463] # [T25912][APAVisionOblAdd][1326]Receive Vision Obl CrossPointCoord: 0: -8371, 5412; 1: -4303, 7856
[20240124_13:45:18_463] # [T25913][APAVisionOblInfoDebugPrint][118]VisionOblInfo:
[20240124_13:45:18_463] # [T25913][APAVisionOblInfoDebugPrint][119]OblType: 0, bIsMerge 0, DetectCount 100
[20240124_13:45:18_464] # [T25913][APAVisionOblInfoDebugPrint][122]CrossPointCoord: 0: -3072, 6159; 1: 1399, 7591
[20240124_13:45:18_464] # [T25914][APAVisionOblInfoDebugPrint][125]OriginCrossPointCoord: 0: 8371, 412; 1: 4303, 2856
[20240124_13:45:18_464] # [T25914][APAVisionOblInfoDebugPrint][126]VehCoordAndAng: 0, 5000, ang 0.000(0.000)
[20240124_13:45:18_464] # [T25915][APAVisionOblInfoDebugPrint][127] 
[20240124_13:45:18_464] # [T25915][APAVisionOblAdd][1323]Vision Obl merge: 1
[20240124_13:45:18_464] # [T25915][APAVisionOblAdd][1326]Receive Vision Obl CrossPointCoord: 0: 2569, 9370; 1: 7526, 9629
[20240124_13:45:18_464] # [T25916][APAVisionOblInfoDebugPrint][118]VisionOblInfo:
[20240124_13:45:18_466] # [T25916][APAVisionOblInfoDebugPrint][119]OblType: 0, bIsMerge 0, DetectCount 100
[20240124_13:45:18_466] # [T25917][APAVisionOblInfoDebugPrint][122]CrossPointCoord: 0: 854, 9248; 1: 5598, 9827
[20240124_13:45:18_466] # [T25917][APAVisionOblInfoDebugPrint][125]OriginCrossPointCoord: 0: -2569, 4370; 1: -7526, 4629
[20240124_13:45:18_466] # [T25918][APAVisionOblInfoDebugPrint][126]VehCoordAndAng: 0, 5000, ang 0.000(0.000)
[20240124_13:45:18_466] # [T25918][APAVisionOblInfoDebugPrint][127] 
[20240124_13:45:18_466] # [T25918][APAVisionOblAdd][1323]Vision Obl merge: 0
[20240124_13:45:18_468] # [T25919][APAVisionOblAdd][1326]Receive Vision Obl CrossPointCoord: 0: 2666, 6983; 1: 7547, 7324
[20240124_13:45:18_468] # [T25919][APAVisionOblInfoDebugPrint][118]VisionOblInfo:
[20240124_13:45:18_472] # [T25919][APAVisionOblInfoDebugPrint][119]OblType: 0, bIsMerge 0, DetectCount 100
[20240124_13:45:18_472] # [T25920][APAVisionOblInfoDebugPrint][122]CrossPointCoord: 0: -3072, 6159; 1: 1399, 7591
[20240124_13:45:18_472] # [T25920][APAVisionOblInfoDebugPrint][125]OriginCrossPointCoord: 0: -2666, 1983; 1: -7547, 2324
[20240124_13:45:18_472] # [T25921][APAVisionOblInfoDebugPrint][126]VehCoordAndAng: 0, 5000, ang 0.000(0.000)
[20240124_13:45:18_473] # [T25921][APAVision[T25922][UIInteractionLevel3CallBack][2867]CurL3Cmd[1]
[20240124_13:45:18_473] # OblInfoDebugPrint][127] 
[20240124_13:45:18_473] # [T25922][VisionSlotAddValidCheck][893]Vision slot Length: 2632,2632, Depth 4745,4745
[20240124_13:45:18_473] # [T25923][VisionSlotAdd][1521]Added Vision Slot[0][0] Num 2 OriCoord: 0: 4303, 2856; 1: 8371, 412; 2: 7015, -1844; 3: 2947, 600
[20240124_13:45:18_473] # [T25923][VisionSlotAdd][1522]VehCoordAndAngle: 0, 5000, ang 0.000 (0.000)
[20240124_13:45:18_477] # [T25924][VisionSlotAdd][1523]Current VehPos: 0, 5000, ang -0.000 (-0.000)
[20240124_13:45:18_477] # [T25924][VisionSlotAdd][1528]Convert Vision Slot[0][0] Coord: 0: -4303, 7856; 1: -8371, 5412; 2: -7015, 3156; 3: -2947, 5600
[20240124_13:45:18_478] # [T25925][VisionSlotAdd][1533]Old Vision Slot[0][0] Coord: 0: -4295, 7851; 1: -8378, 5405; 2: -7032, 3160; 3: -2950, 5605
[20240124_13:45:18_478] # [T25926][VisionSlotAddSlotWeightCal][1014]u32Weight: 18, CentreY: 1728.000, DisY: 440.000, SlotAng: -30.997
[20240124_13:45:18_478] # [T25926][VisionSlotAdd][1576]New Vision Slot[0][0] Coord: 0: -4295, 7851; 1: -8378, 5405; 2: -7032, 3160; 3: -2950, 5605
[20240124_13:45:18_478] # [T25927][VisionSlotAdd][1600]vision slot [0][0], u32Weight: 18, Sum: 1983, SlotAng: -149.080, CurSlotAng: -149.003
[20240124_13:45:18_478] # [T25927][VisionSlotAddValidCheck][893]Vision slot Length: 2399,2398, Depth 4963,4963
[20240124_13:45:18_478] # [T25928][VisionSlotAdd][1521]Added Vision Slot[1][1] Num 2 OriCoord: 0: -2569, 4370; 1: -7526, 4629; 2: -7652, 2234; 3: -2695, 1974
[20240124_13:45:18_479] # [T25929][VisionSlotAdd][1522]VehCoordAndAngle: 0, 5000, ang 0.000 (0.000)
[20240124_13:45:18_479] # [T25929][VisionSlotAdd][1523]Current VehPos: 0, 5000, ang -0.000 (-0.000)
[20240124_13:45:18_479] # [T25929][VisionSlotAdd][1528]Convert Vision Slot[1][1] Coord: 0: 2569, 9370; 1: 7526, 9629; 2: 7652, 7234; 3: 2695, 6974
[20240124_13:45:18_479] # [T25930][VisionSlotAdd][1533]Old Vision Slot[1][1] Coord: 0: 2579, 9423; 1: 7513, 9682; 2: 7638, 7279; 3: 2705, 7020
[20240124_13:45:18_479] # [T25931][VisionSlotAddSlotWeightCal][1014]u32Weight: 2, CentreY: 3172.000, DisY: 1884.000, SlotAng: 177.003
[20240124_13:45:18_480] # [T25931][VisionSlotAdd][1576]New Vision Slot[1][1] Coord: 0: 2579, 9422; 1: 7513, 9681; 2: 7639, 7278; 3: 2705, 7019
[20240124_13:45:18_480] # [T25932][VisionSlotAdd][1600]vision slot [1][1], u32Weight: 2, Sum: 120, SlotAng: 3.000, CurSlotAng: 2.997
[20240124_13:45:18_484] # [T25933][VisionSlotAddValidCheck][893]Vision slot Length: 2349,2349, Depth 4892,4892
[20240124_13:45:18_484] # [T25933][VisionSlotAdd][1521]Added Vision Slot[1][0] Num 2 OriCoord: 0: -2666, 1983; 1: -7547, 2324; 2: -7711, -20; 3: -2830, -361
[20240124_13:45:18_485] # [T25934][VisionSlotAdd][1522]VehCoordAndAngle: 0, 5000, ang 0.000 (0.000)
[20240124_13:45:18_485] # [T25934][VisionSlotAdd][1523]Current VehPos: 0, 5000, ang -0.000 (-0.000)
[20240124_13:45:18_485] # [T25935][VisionSlotAdd][1528]Convert Vision Slot[1][0] Coord: 0: 2666, 6983; 1: 7547, 7324; 2: 7711, 4980; 3: 2830, 4639
[20240124_13:45:18_485] # [T25935][VisionSlotAdd][1533]Old Vision Slot[1][0] Coord: 0: 2678, 6973; 1: 7569, 7298; 2: 7723, 4963; 3: 2832, 4639
[20240124_13:45:18_485] # [T25936][VisionSlotAddSlotWeightCal][1014]u32Weight: 18 CentreY: 811.000, DisY: 477.000, SlotAng: 176.004
[20240124_13:45:18_485] # [T25937][VisionSlotAdd][1576]New Vision Slot[1][0] Coord: 0: 2678, 6974; 1: 7569, 7298; 2: 7723, 4964; 3: 2832, 4639
[20240124_13:45:18_486] # [T25937][VisionSlotAdd][1600]vision slot [1][0], u32Weight: 18, Sum: 1817, SlotAng: 3.794, CurSlotAng: 3.996
[20240124_13:45:18_486] # [T25938][Dispatch_ParkingMode_Handle][2575]Start Parking Soft Key Press.
[20240124_13:45:18_486] # [T25938][DecisionFirstSearchSlotCalPath][3602]SlotId[2], ReqCmd[1]
[20240124_13:45:18_486] # [T25939][DebugInfoStartSearchForSlot][11209]req-1
[20240124_13:45:18_486] # [T25939][DebugInfoStartSearchForSlot][11212]***** path planning slot *****id[0]****[1] (0-right, 1-left) ****[0  5000]****
[20240124_13:45:18_486] # [T25940][DebugInfoStartSearchForSlot][11213]TargetDriveDirection = 0
[20240124_13:45:18_488] # [T25940][DebugInfoStartSearchForSlot][11214]obl1 = 0 0 obl2 = 0 0
[20240124_13:45:18_488] # [T25940][DebugInfoStartSearchForSlot][11215]endpos = 0 0  veh*10: 0
[20240124_13:45:18_488] # [T25941][locate_position_set][337]locate reset pos@25941: 0  -0.000, 5000.000, -0.0, minus: 0.000
[20240124_13:45:18_488] # 
[20240124_13:45:18_492] # [T25941][VT_APAPathPlanningHandle][2326]222 0 [0-left 1-right  0]
[20240124_13:45:18_493] # [T25942][VT_APAPathPlanningHandle][2333]Slot Searching PathPlanningResult = 0
[20240124_13:45:18_493] # [T25947][ParkingIn_Dispatch_Handle][1728]APAParkManaParkingFailedByPathPlanningTimeOut
[20240124_13:45:18_503] # [T25947][APAUISendOprStateAndL2ModeData][295]ApaUIComData: OperatingState[9]
[20240124_13:45:18_503] # [T25948][UI_ODIDisplay][269]ApaUIComData: Cmd[54] CurParkMode[1], CurOprSts[9]
[20240124_13:45:18_503] # [T25957][Dispatch_Data_Print][146]UIInteractiveLevel2ManaAddr[10dc0c], Size[1]
[20240124_13:45:18_504] # [T25957][Dispatch_Data_Print][147]OprtSta Change: APAState=[3]; OperatingState[9]; Gear[0]
[20240124_13:45:18_504] # [T25958][Dispatch_Data_Print][168]FailedCauses: [17]
[20240124_13:45:18_505] # [T25958][AX70VC_SetApaCtrlWorkState][1497]Apa work Stat:5!
[20240124_13:45:18_506] # [T25959][AX70VC_SetApaCtrlWorkState][1625]Vehicle Ctrl logic error!
[20240124_13:45:18_512] # [T25960][AX70VC_VehicleCtrlTask][1868]err resume, enter init state! [1 1 0]
[20240124_13:45:18_544] #   25983-task_radar-118: RadarCaptureCnt is 124 
[20240124_13:45:18_544] # 
[20240124_13:45:18_744] # [T26184][VT_PreRadarInfoDebug][276]InpOtcUPARadarInpOtcDisInfo[1][0]212
[20240124_13:45:18_744] # 
[20240124_13:45:18_838] # [T26283][VT_PreRadarInfoDebug][276]InpOtcUPARadarInpOtcDisInfo[1][0]212
[20240124_13:45:18_838] # 
[20240124_13:45:18_947] # [T26385][VT_PreRadarInfoDebug][276]InpOtcUPARadarInpOtcDisInfo[1][0]212
[20240124_13:45:18_947] # 
[20240124_13:45:19_028] #   26481-task_radar-118: RadarCaptureCnt is 134 
[20240124_13:45:19_028] # 
[20240124_13:45:19_028] # [T26484][VT_PreRadarInfoDebug][276]InpOtcUPARadarInpOtcDisInfo[1][0]212
[20240124_13:45:19_028] # 
[20240124_13:45:19_041] # [T26484][VT_PreRadarInfoDebug][276]InpOtcUPARadarInpOtcDisInfo[1][0]212
[20240124_13:45:19_041] # 
[20240124_13:45:19_130] # [T26583][VT_PreRadarInfoDebug][276]InpOtcUPARadarInpOtcDisInfo[1][0]212
[20240124_13:45:19_130] # 
[20240124_13:45:19_148] # [T26583][VT_PreRadarInfoDebug][276]InpOtcUPARadarInpOtcDisInfo[1][0]212
[20240124_13:45:19_148] # 
[20240124_13:45:19_228] # [T26682][VT_PreRadarInfoDebug][276]InpOtcUPARadarInpOtcDisInfo[1][0]212
[20240124_13:45:19_228] # 
[20240124_13:45:19_241] # [T26682][VT_PreRadarInfoDebug][276]InpOtcUPARadarInpOtcDisInfo[1][0]212
[20240124_13:45:19_241] # 
[20240124_13:45:19_331] # [T26784][VT_PreRadarInfoDebug][276]InpOtcUPARadarInpOtcDisInfo[1][0]212
[20240124_13:45:19_331] # 
[20240124_13:45:19_350] # [T26784][VT_PreRadarInfoDebug][276]InpOtcUPARadarInpOtcDisInfo[1][0]212
[20240124_13:45:19_350] # 
[20240124_13:45:19_444] # [T26883][VT_PreRadarInfoDebug][276]InpOtcUPARadarInpOtcDisInfo[1][0]212
[20240124_13:45:19_444] # 
[20240124_13:45:19_538] # [T26982][VT_PreRadarInfoDebug][276]InpOtcUPARadarInpOtcDisInfo[1][0]212
[20240124_13:45:19_538] # 
[20240124_13:45:19_538] #   26982-task_radar-118: RadarCaptureCnt is 141 
[20240124_13:45:19_538] # 
[20240124_13:45:20_038] #   27480-task_radar-118: RadarCaptureCnt is 144 
[20240124_13:45:20_038] # 
[20240124_13:45:20_363] # [T27815][CornerInfoMsg30ToPerceptionSend][862]CornerCoord: 0: -7723, -35; 1: -2832, -360; 2: -2678, 1974; 3: -7569, 2298
[20240124_13:45:20_379] # [T27816][CornerInfoMsg30ToPerceptionSend][864]VehLocation 0, Gear 3, OperatingState 9
[20240124_13:45:20_541] #   27981-task_radar-118: RadarCaptureCnt is 147 
[20240124_13:45:20_541] # 
[20240124_13:45:21_046] #   28479-task_radar-118: RadarCaptureCnt is 152 
[20240124_13:45:21_046] # 
[20240124_13:45:21_535] #   28980-task_radar-118: RadarCaptureCnt is 156 
[20240124_13:45:21_535] # 
[20240124_13:45:22_033] #   29478-task_radar-118: RadarCaptureCnt is 159 
[20240124_13:45:22_033] # 
